meaning_id,english,ne_formal,ne_informal,roman_formal,roman_informal,provenance,source_file,source_rights,register_applicability,reviewer_correction_ne_formal,reviewer_correction_ne_informal,reviewer_correction_roman_formal,reviewer_correction_roman_informal,reviewer_decision,reviewer,reviewer_date,exclusion_reason,correction_note
core_grammar_00001,This is good.,यो राम्रो छ।,यो राम्रो छ।,yo ramro chha.,yo ramro chha.,hand_priority_seed,training/data/meaning_bank.jsonl,,neutral_until_reviewed,,,,,,,,,
core_grammar_00002,That is not right.,त्यो ठिक होइन।,त्यो ठिक होइन।,tyo thik hoina.,tyo thik hoina.,hand_priority_seed,training/data/meaning_bank.jsonl,,neutral_until_reviewed,,,,,,,,,
core_grammar_00005,I am sorry.,म क्षमा चाहन्छु।,म क्षमा चाहन्छु।,ma kshama chahanchhau.,ma kshama chahanchhau.,assistant_curated,training/data/meaning_bank.jsonl,,neutral_until_reviewed,,,,,,,,,
core_grammar_00006,Yes.,हो।,हो।,ho.,ho.,assistant_curated,training/data/meaning_bank.jsonl,,neutral_until_reviewed,,,,,,,,,
core_grammar_00007,No.,होइन।,होइन।,hoina.,hoina.,assistant_curated,training/data/meaning_bank.jsonl,,neutral_until_reviewed,,,,,,,,,
core_grammar_00010,Turn left.,बायाँ मोड।,बायाँ मोड।,bayan moda.,bayan moda.,assistant_curated,training/data/meaning_bank.jsonl,,neutral_until_reviewed,,,,,,,,,
core_grammar_00012,Turn right.,दायाँ मोड।,दायाँ मोड।,dayan moda.,dayan moda.,assistant_curated,training/data/meaning_bank.jsonl,,neutral_until_reviewed,,,,,,,,,
core_grammar_00013,Go straight.,सिधा जानुहोस्।,सिधा जा।,sidha januhos.,sidha ja.,assistant_curated,training/data/meaning_bank.jsonl,,distinct_until_reviewed,,,,,,,,,
core_grammar_00014,Go straight.,सिधा जानुहोस्।,सिधा जाऊ।,sidha januhos.,sidha jau.,assistant_curated,training/data/meaning_bank.jsonl,,distinct_until_reviewed,,,,,,,,,ne_formal taken from core_grammar_00013
core_grammar_00016,I do not want this.,मलाई यो चाहिँदैन।,मलाई यो चाहिँदैन।,malai yo chahindaina.,malai yo chahindaina.,assistant_curated,training/data/meaning_bank.jsonl,,neutral_until_reviewed,,,,,,,,,
core_grammar_00017,I do not eat meat.,म मासु खाँदिनँ।,म मासु खाँदिनँ।,ma masu khandinn.,ma masu khandinn.,assistant_curated,training/data/meaning_bank.jsonl,,neutral_until_reviewed,,,,,,,,,
core_grammar_00018,I have an allergy.,मलाई एलर्जी छ।,मलाई एलर्जी छ।,malai elarji chha.,malai elarji chha.,assistant_curated,training/data/meaning_bank.jsonl,,neutral_until_reviewed,,,,,,,,,
core_grammar_00019,I am sick.,म बिरामी छु।,म बिरामी छु।,ma birami chhau.,ma birami chhau.,assistant_curated,training/data/meaning_bank.jsonl,,neutral_until_reviewed,,,,,,,,,
core_grammar_00020,I will come tomorrow.,म भोलि आउनेछु।,म भोलि आउनेछु।,ma bholi aaunechhau.,ma bholi aaunechhau.,assistant_curated,training/data/meaning_bank.jsonl,,neutral_until_reviewed,,,,,,,,,
core_grammar_00021,I will come tomorrow.,म भोलि आउँछु।,म भोलि आउँछु।,ma bholi aaunchhau.,ma bholi aaunchhau.,assistant_curated,training/data/meaning_bank.jsonl,,neutral_until_reviewed,,,,,,,,,
core_grammar_00022,I came yesterday.,म हिजो आएको थिएँ।,म हिजो आएको थिएँ।,ma hijo aaeko thien.,ma hijo aaeko thien.,assistant_curated,training/data/meaning_bank.jsonl,,neutral_until_reviewed,,,,,,,,,
core_grammar_00023,I live in Kathmandu.,म काठमाडौंमा बस्छु।,म काठमाडौंमा बस्छु।,ma kathamadaunma baschhau.,ma kathamadaunma baschhau.,assistant_curated,training/data/meaning_bank.jsonl,,neutral_until_reviewed,,,,,,,,,
core_grammar_00024,Send me a message.,मलाई सन्देश पठाऊ न।,मलाई सन्देश पठाऊ न।,malai sandesha pathau na.,malai sandesha pathau na.,assistant_curated,training/data/meaning_bank.jsonl,,neutral_until_reviewed,,,,,,,,,
core_grammar_00025,The network is not working.,नेटवर्कले काम गरिरहेको छैन।,नेटवर्कले काम गरिरहेको छैन।,netawarkale kama gariraheko chhaaina.,netawarkale kama gariraheko chhaaina.,assistant_curated,training/data/meaning_bank.jsonl,,neutral_until_reviewed,,,,,,,,,
core_grammar_00026,The network is not working.,नेटवर्क चलेको छैन।,नेटवर्क चलेको छैन।,netawarka chaleko chhaaina.,netawarka chaleko chhaaina.,assistant_curated,training/data/meaning_bank.jsonl,,neutral_until_reviewed,,,,,,,,,
core_grammar_00029,I have finished speaking.,मैले बोलिसकेँ।,मैले बोलिसकेँ।,maile bolisaken.,maile bolisaken.,assistant_curated,training/data/meaning_bank.jsonl,,neutral_until_reviewed,,,,,,,,,
core_grammar_00030,The translation is loading.,अनुवाद तयार हुँदैछ।,अनुवाद तयार हुँदैछ।,anuwada tayara hundaichha.,anuwada tayara hundaichha.,assistant_curated,training/data/meaning_bank.jsonl,,neutral_until_reviewed,,,,,,,,,
core_grammar_00031,The translation is loading.,अनुवाद लोड हुँदैछ।,अनुवाद लोड हुँदैछ।,anuwada loda hundaichha.,anuwada loda hundaichha.,assistant_curated,training/data/meaning_bank.jsonl,,neutral_until_reviewed,,,,,,,,,
core_grammar_00032,That translation is wrong.,त्यो अनुवाद गलत छ।,त्यो अनुवाद गलत छ।,tyo anuwada galata chha.,tyo anuwada galata chha.,assistant_curated,training/data/meaning_bank.jsonl,,neutral_until_reviewed,,,,,,,,,
core_grammar_00033,That translation is correct.,त्यो अनुवाद सही छ।,त्यो अनुवाद सही छ।,tyo anuwada sahi chha.,tyo anuwada sahi chha.,assistant_curated,training/data/meaning_bank.jsonl,,neutral_until_reviewed,,,,,,,,,
pronouns_honorifics_00001,Where are you going?,तपाईं कहाँ जाँदै हुनुहुन्छ?,तिमी कहाँ जाँदै छौ?,tapai kaha jadai hunuhunchha?,timi kaha jadai chhaau?,hand_priority_seed,training/data/meaning_bank.jsonl,,distinct_until_reviewed,,,,,,,,,
pronouns_honorifics_00002,Please come in.,कृपया भित्र आउनुहोस्।,भित्र आ।,kripya bhitra aaunuhos.,bhitra aa.,hand_priority_seed,training/data/meaning_bank.jsonl,,distinct_until_reviewed,,,,,,,,,
pronouns_honorifics_00003,Would you like some tea?,के तपाईं चिया खानुहुन्छ?,के तिमी चिया खान्छौ?,ke tapai chiya khanuhunchha?,ke timi chiya khanchhaau?,hand_priority_seed,training/data/meaning_bank.jsonl,,distinct_until_reviewed,,,,,,,,,
pronouns_honorifics_00004,After you.,तपाईं पहिले।,तिमी पहिले।,tapai pahile.,timi pahile.,hand_priority_seed,training/data/meaning_bank.jsonl,,distinct_until_reviewed,,,,,,,,,
questions_requests_00001,Please wait here.,कृपया यहाँ पर्खनुहोस्।,यहाँ पर्ख न।,kripya yahan parkhanuhos.,yahan parkha na.,hand_priority_seed,training/data/meaning_bank.jsonl,,distinct_until_reviewed,,,,,,,,,
questions_requests_00002,Do you understand?,के तपाईं बुझ्नुहुन्छ?,के तिमी बुझ्छौ?,ke tapai bujhnuhunchha?,ke timi bujhchhaau?,hand_priority_seed,training/data/meaning_bank.jsonl,,distinct_until_reviewed,,,,,,,,,
questions_requests_00003,What does this mean?,यसको अर्थ के हो?,यसको अर्थ के हो?,yasako artha ke ho?,yasako artha ke ho?,hand_priority_seed,training/data/meaning_bank.jsonl,,neutral_until_reviewed,,,,,,,,,
questions_requests_00004,Could you write it down?,के तपाईं लेखिदिन सक्नुहुन्छ?,के तिमी लेखिदिन सक्छौ?,ke tapai lekhidina saknuhunchha?,ke timi lekhidina sakchhaau?,hand_priority_seed,training/data/meaning_bank.jsonl,,distinct_until_reviewed,,,,,,,,,
questions_requests_00006,Please.,कृपया।,कृपया।,kripya.,kripya.,assistant_curated,training/data/meaning_bank.jsonl,,neutral_until_reviewed,,,,,,,,,
questions_requests_00009,Do you have a smaller size?,के तपाईंसँग योभन्दा सानो आकार छ?,के तिमीसँग योभन्दा सानो आकार छ?,ke tapaisnga yobhanda sano aakara chha?,ke timisnga yobhanda sano aakara chha?,assistant_curated,training/data/meaning_bank.jsonl,,distinct_until_reviewed,,,,,,,,,
questions_requests_00010,Do you have a smaller size?,के तपाईंसँग योभन्दा सानो साइज छ?,के तिमीसँग योभन्दा सानो साइज छ?,ke tapaisnga yobhanda sano saija chha?,ke timisnga yobhanda sano saija chha?,assistant_curated,training/data/meaning_bank.jsonl,,distinct_until_reviewed,,,,,,,,,
questions_requests_00011,Please give me a receipt.,कृपया मलाई रसिद दिनुहोस्।,मलाई रसिद देऊ।,kripya malai rasida dinuhos.,malai rasida deu.,assistant_curated,training/data/meaning_bank.jsonl,,distinct_until_reviewed,,,,,,,,,
questions_requests_00012,Please give me a receipt.,कृपया मलाई रसिद दिनुहोस्।,मलाई रसिद देऊ न।,kripya malai rasida dinuhos.,malai rasida deu na.,assistant_curated,training/data/meaning_bank.jsonl,,distinct_until_reviewed,,,,,,,,,ne_formal taken from questions_requests_00011
questions_requests_00013,Is this vegetarian?,के यो शाकाहारी हो?,के यो शाकाहारी हो?,ke yo shakahari ho?,ke yo shakahari ho?,assistant_curated,training/data/meaning_bank.jsonl,,neutral_until_reviewed,,,,,,,,,
questions_requests_00014,Is this vegetarian?,यो शाकाहारी हो?,यो शाकाहारी हो?,yo shakahari ho?,yo shakahari ho?,assistant_curated,training/data/meaning_bank.jsonl,,neutral_until_reviewed,,,,,,,,,
questions_requests_00015,Where does it hurt?,तपाईंलाई कहाँ दुखेको छ?,तिमीलाई कहाँ दुखेको छ?,tapailai kaha dukheko chha?,timilai kaha dukheko chha?,assistant_curated,training/data/meaning_bank.jsonl,,distinct_until_reviewed,,,,,,,,,
questions_requests_00016,Please come with me.,कृपया मसँग आउनुहोस्।,मसँग आउ।,kripya masnga aaunuhos.,masnga aau.,assistant_curated,training/data/meaning_bank.jsonl,,distinct_until_reviewed,,,,,,,,,
questions_requests_00017,Please come with me.,कृपया मसँग आउनुहोस्।,मसँग आऊ न।,kripya masnga aaunuhos.,masnga aau na.,assistant_curated,training/data/meaning_bank.jsonl,,distinct_until_reviewed,,,,,,,,,ne_formal taken from questions_requests_00016
questions_requests_00020,When will it arrive?,यो कहिले आइपुग्छ?,यो कहिले आइपुग्छ?,yo kahile aaipugchha?,yo kahile aaipugchha?,assistant_curated,training/data/meaning_bank.jsonl,,neutral_until_reviewed,,,,,,,,,
questions_requests_00024,Please pass the phone.,कृपया फोन अर्को व्यक्तिलाई दिनुहोस्।,फोन अर्को व्यक्तिलाई देऊ।,kripya phona arko wyaktilai dinuhos.,phona arko wyaktilai deu.,assistant_curated,training/data/meaning_bank.jsonl,,distinct_until_reviewed,,,,,,,,,
questions_requests_00025,Please pass the phone.,कृपया फोन अर्को व्यक्तिलाई दिनुहोस्।,फोन अर्कोलाई देऊ न।,kripya phona arko wyaktilai dinuhos.,phona arkolai deu na.,assistant_curated,training/data/meaning_bank.jsonl,,distinct_until_reviewed,,,,,,,,,ne_formal taken from questions_requests_00024
questions_requests_00026,Please try again.,कृपया फेरि प्रयास गर्नुहोस्।,फेरि प्रयास गर।,kripya pheri prayasa garnuhos.,pheri prayasa gara.,assistant_curated,training/data/meaning_bank.jsonl,,distinct_until_reviewed,,,,,,,,,
questions_requests_00027,Please try again.,फेरि प्रयास गर।,फेरि प्रयास गर।,pheri prayasa gara.,pheri prayasa gara.,assistant_curated,training/data/meaning_bank.jsonl,,neutral_until_reviewed,,,,,,,,,
questions_requests_00031,Do you have a smaller size?,के तपाईंसँग योभन्दा सानो साइज छ?,के तिमीसँग योभन्दा सानो साइज छ?,ke tapaisnga yobhanda sano saija chha?,ke timisnga yobhanda sano saija chha?,user_conv_seed,training/data/meaning_bank.jsonl,,distinct_until_reviewed,,,,,,,,,
questions_requests_00032,Where does it hurt?,तपाईंलाई कहाँ दुखेको छ?,तिमीलाई कहाँ दुखेको छ?,tapailai kaha dukheko chha?,timilai kaha dukheko chha?,user_conv_seed,training/data/meaning_bank.jsonl,,distinct_until_reviewed,,,,,,,,,
travel_00001,How far is it?,यो कति टाढा छ?,यो कति टाढा छ?,yo kati tadha chha?,yo kati tadha chha?,hand_priority_seed,training/data/meaning_bank.jsonl,,neutral_until_reviewed,,,,,,,,,
travel_00002,Please take me to the bus station.,कृपया मलाई बस स्टेशन लैजानुहोस्।,मलाई बस स्टेशन लगिदे।,kripya malai basa steshana laijanuhos.,malai basa steshana lagide.,hand_priority_seed,training/data/meaning_bank.jsonl,,distinct_until_reviewed,,,,,,,,,
travel_00003,Is this the way to Thamel?,के यो ठमेल जाने बाटो हो?,के यो ठमेल जाने बाटो हो?,ke yo thamela jane bato ho?,ke yo thamela jane bato ho?,hand_priority_seed,training/data/meaning_bank.jsonl,,neutral_until_reviewed,,,,,,,,,
travel_00004,I need a taxi.,मलाई ट्याक्सी चाहियो।,मलाई ट्याक्सी चाहियो।,malai tyaksi chahiyo.,malai tyaksi chahiyo.,hand_priority_seed,training/data/meaning_bank.jsonl,,neutral_until_reviewed,,,,,,,,,
travel_00005,Which bus goes to Patan?,कुन बस पाटन जान्छ?,कुन बस पाटन जान्छ?,kuna basa patana janchha?,kuna basa patana janchha?,hand_priority_seed,training/data/meaning_bank.jsonl,,neutral_until_reviewed,,,,,,,,,
travel_00006,Is there a cheaper hotel nearby?,नजिकै सस्तो होटल छ?,नजिकै सस्तो होटल छ?,najikai sasto hotala chha?,najikai sasto hotala chha?,hand_priority_seed,training/data/meaning_bank.jsonl,,neutral_until_reviewed,,,,,,,,,
travel_00007,Where can I buy a SIM card?,सिम कार्ड कहाँ किन्न सकिन्छ?,सिम कार्ड कहाँ किन्न सकिन्छ?,sima karda kaha kinna sakinchha?,sima karda kaha kinna sakinchha?,hand_priority_seed,training/data/meaning_bank.jsonl,,neutral_until_reviewed,,,,,,,,,
travel_00008,The flight is delayed.,उडान ढिलो भयो।,उडान ढिलो भयो।,udana dhilo bhayo.,udana dhilo bhayo.,hand_priority_seed,training/data/meaning_bank.jsonl,,neutral_until_reviewed,,,,,,,,,
health_00001,I have a fever.,मलाई ज्वरो आएको छ।,मलाई ज्वरो आएको छ।,malai jwaro aaeko chha.,malai jwaro aaeko chha.,hand_priority_seed,training/data/meaning_bank.jsonl,,neutral_until_reviewed,,,,,,,,,
health_00002,I feel dizzy.,मलाई टाउको घुमेको छ।,मलाई टाउको घुमेको छ।,malai tauko ghumeko chha.,malai tauko ghumeko chha.,hand_priority_seed,training/data/meaning_bank.jsonl,,neutral_until_reviewed,,,,,,,,,
health_00003,I need medicine for a headache.,मलाई टाउको दुखाइको औषधि चाहियो।,मलाई टाउको दुखाइको औषधि चाहियो।,malai tauko dukhaiko aushadhi chahiyo.,malai tauko dukhaiko aushadhi chahiyo.,hand_priority_seed,training/data/meaning_bank.jsonl,,neutral_until_reviewed,,,,,,,,,
health_00004,Does it hurt here?,के यहाँ दुख्छ?,के यहाँ दुख्छ?,ke yahan dukhchha?,ke yahan dukhchha?,hand_priority_seed,training/data/meaning_bank.jsonl,,neutral_until_reviewed,,,,,,,,,
health_00005,I am pregnant.,म गर्भवती छु।,म गर्भवती छु।,ma garbhawati chhau.,ma garbhawati chhau.,hand_priority_seed,training/data/meaning_bank.jsonl,,neutral_until_reviewed,,,,,,,,,
shopping_00001,That is too expensive.,त्यो धेरै महँगो छ।,त्यो धेरै महँगो छ।,tyo dherai mahngo chha.,tyo dherai mahngo chha.,hand_priority_seed,training/data/meaning_bank.jsonl,,neutral_until_reviewed,,,,,,,,,
shopping_00003,Can I try this on?,के म यो लगाएर हेर्न सक्छु?,म यो लगाएर हेर्न सक्छु?,ke ma yo lagaera herna sakchhau?,ma yo lagaera herna sakchhau?,hand_priority_seed,training/data/meaning_bank.jsonl,,distinct_until_reviewed,,,,,,,,,
shopping_00004,Do you have a smaller size?,साना साइज छ?,साना साइज छ?,sana saija chha?,sana saija chha?,hand_priority_seed,training/data/meaning_bank.jsonl,,neutral_until_reviewed,,,,,,,,,
shopping_00005,I will pay in cash.,म नगद तिर्छु।,म नगद तिर्छु।,ma nagada tirchhau.,ma nagada tirchhau.,hand_priority_seed,training/data/meaning_bank.jsonl,,neutral_until_reviewed,,,,,,,,,
government_00001,This is my passport.,यो मेरो पासपोर्ट हो।,यो मेरो पासपोर्ट हो।,yo mero pasaporta ho.,yo mero pasaporta ho.,hand_priority_seed,training/data/meaning_bank.jsonl,,neutral_until_reviewed,,,,,,,,,
government_00003,Introduction,परिचय,परिचय,parichaya,parichaya,recovered_site_labels_and_manual_normalization,training/data/meaning_bank.jsonl,,neutral_until_reviewed,,,,,,,,,
government_00004,Vision and Mission,परिदृश्य र परिलक्ष्य,परिदृश्य र परिलक्ष्य,paridashya ra parilakshya,paridashya ra parilakshya,recovered_site_labels_and_manual_normalization,training/data/meaning_bank.jsonl,,neutral_until_reviewed,,,,,,,,,
government_00005,Duties and Powers,"काम, कर्तव्य र अधिकार","काम, कर्तव्य र अधिकार","kama, kartawya ra adhikara","kama, kartawya ra adhikara",recovered_site_labels_and_manual_normalization,training/data/meaning_bank.jsonl,,neutral_until_reviewed,,,,,,,,,
government_00006,Organization Structure,सङ्गठन संरचना,सङ्गठन संरचना,sanggathana snrachana,sanggathana snrachana,recovered_site_labels_and_manual_normalization,training/data/meaning_bank.jsonl,,neutral_until_reviewed,,,,,,,,,
government_00007,Officials and Employees,पदाधिकारी र कर्मचारी,पदाधिकारी र कर्मचारी,padadhikari ra karmachari,padadhikari ra karmachari,recovered_site_labels_and_manual_normalization,training/data/meaning_bank.jsonl,,neutral_until_reviewed,,,,,,,,,
government_00008,Former Chairpersons,पूर्व अध्यक्षहरू,पूर्व अध्यक्षहरू,purwa adhyakshaharu,purwa adhyakshaharu,recovered_site_labels_and_manual_normalization,training/data/meaning_bank.jsonl,,neutral_until_reviewed,,,,,,,,,
government_00009,Services,सेवाहरू,सेवाहरू,sewaharu,sewaharu,recovered_site_labels_and_manual_normalization,training/data/meaning_bank.jsonl,,neutral_until_reviewed,,,,,,,,,
government_00010,Law Drafting,कानून तर्जुमा,कानून तर्जुमा,kanuna tarjuma,kanuna tarjuma,recovered_site_labels_and_manual_normalization,training/data/meaning_bank.jsonl,,neutral_until_reviewed,,,,,,,,,
government_00011,Research and Study,खोज तथा अध्ययन,खोज तथा अध्ययन,khoja tatha adhyayana,khoja tatha adhyayana,recovered_site_labels_and_manual_normalization,training/data/meaning_bank.jsonl,,neutral_until_reviewed,,,,,,,,,
government_00012,Existing Laws,मौजुदा कानून,मौजुदा कानून,maujuda kanuna,maujuda kanuna,recovered_site_labels_and_manual_normalization,training/data/meaning_bank.jsonl,,neutral_until_reviewed,,,,,,,,,
government_00013,Constitution,संविधान,संविधान,snwidhana,snwidhana,recovered_site_labels_and_manual_normalization,training/data/meaning_bank.jsonl,,neutral_until_reviewed,,,,,,,,,
government_00014,Acts,ऐन,ऐन,aina,aina,recovered_site_labels_and_manual_normalization,training/data/meaning_bank.jsonl,,neutral_until_reviewed,,,,,,,,,
government_00015,Recent Acts,हालसालैका ऐन,हालसालैका ऐन,halasalaika aina,halasalaika aina,recovered_site_labels_and_manual_normalization,training/data/meaning_bank.jsonl,,neutral_until_reviewed,,,,,,,,,
government_00016,By Volume,खण्ड अनुसार,खण्ड अनुसार,khanda anusara,khanda anusara,recovered_site_labels_and_manual_normalization,training/data/meaning_bank.jsonl,,neutral_until_reviewed,,,,,,,,,
government_00017,Alphabetical List,वर्णानुक्रम अनुसारको सूची,वर्णानुक्रम अनुसारको सूची,warnanukrama anusarako suchi,warnanukrama anusarako suchi,recovered_site_labels_and_manual_normalization,training/data/meaning_bank.jsonl,,neutral_until_reviewed,,,,,,,,,
government_00018,Ordinances,अध्यादेश,अध्यादेश,adhyadesha,adhyadesha,recovered_site_labels_and_manual_normalization,training/data/meaning_bank.jsonl,,neutral_until_reviewed,,,,,,,,,
government_00019,Regulations,नियमावली,नियमावली,niyamawali,niyamawali,recovered_site_labels_and_manual_normalization,training/data/meaning_bank.jsonl,,neutral_until_reviewed,,,,,,,,,
government_00020,Formation Orders,गठन आदेश,गठन आदेश,gathana aadesha,gathana aadesha,recovered_site_labels_and_manual_normalization,training/data/meaning_bank.jsonl,,neutral_until_reviewed,,,,,,,,,
government_00022,Repealed Acts,खारेज भएका ऐन,खारेज भएका ऐन,khareja bhaeka aina,khareja bhaeka aina,recovered_site_labels_and_manual_normalization,training/data/meaning_bank.jsonl,,neutral_until_reviewed,,,,,,,,,
government_00023,Repealed Ordinances,खारेज भएका अध्यादेश,खारेज भएका अध्यादेश,khareja bhaeka adhyadesha,khareja bhaeka adhyadesha,recovered_site_labels_and_manual_normalization,training/data/meaning_bank.jsonl,,neutral_until_reviewed,,,,,,,,,
government_00024,Repealed Regulations,खारेज भएका नियमावली,खारेज भएका नियमावली,khareja bhaeka niyamawali,khareja bhaeka niyamawali,recovered_site_labels_and_manual_normalization,training/data/meaning_bank.jsonl,,neutral_until_reviewed,,,,,,,,,
government_00025,Policies,नीति,नीति,niti,niti,recovered_site_labels_and_manual_normalization,training/data/meaning_bank.jsonl,,neutral_until_reviewed,,,,,,,,,
government_00027,Historical Documents,ऐतिहासिक दस्तावेज,ऐतिहासिक दस्तावेज,aitihasika dastaweja,aitihasika dastaweja,recovered_site_labels_and_manual_normalization,training/data/meaning_bank.jsonl,,neutral_until_reviewed,,,,,,,,,
government_00028,Other,अन्य,अन्य,anya,anya,recovered_site_labels_and_manual_normalization,training/data/meaning_bank.jsonl,,neutral_until_reviewed,,,,,,,,,
government_00029,Information Center,सूचना केन्द्र,सूचना केन्द्र,suchana kendra,suchana kendra,recovered_site_labels_and_manual_normalization,training/data/meaning_bank.jsonl,,neutral_until_reviewed,,,,,,,,,
government_00030,Annual Report,वार्षिक प्रतिवेदन,वार्षिक प्रतिवेदन,warshika pratiwedana,warshika pratiwedana,recovered_site_labels_and_manual_normalization,training/data/meaning_bank.jsonl,,neutral_until_reviewed,,,,,,,,,
government_00031,Contact,सम्पर्क,सम्पर्क,samparka,samparka,recovered_site_labels_and_manual_normalization,training/data/meaning_bank.jsonl,,neutral_until_reviewed,,,,,,,,,
government_00032,Contact Address,सम्पर्क ठेगाना,सम्पर्क ठेगाना,samparka thegana,samparka thegana,recovered_site_labels_and_manual_normalization,training/data/meaning_bank.jsonl,,neutral_until_reviewed,,,,,,,,,
government_00033,Suggestions and Complaints,सुझाव र गुनासो,सुझाव र गुनासो,sujhawa ra gunaso,sujhawa ra gunaso,recovered_site_labels_and_manual_normalization,training/data/meaning_bank.jsonl,,neutral_until_reviewed,,,,,,,,,
government_00034,Frequently Asked Questions,बारम्बार सोधिने प्रश्न र उत्तर,बारम्बार सोधिने प्रश्न र उत्तर,barambara sodhine prashna ra uttara,barambara sodhine prashna ra uttara,recovered_site_labels_and_manual_normalization,training/data/meaning_bank.jsonl,,neutral_until_reviewed,,,,,,,,,
government_00035,Government of Nepal,नेपाल सरकार,नेपाल सरकार,nepala sarakara,nepala sarakara,recovered_site_labels_and_manual_normalization,training/data/meaning_bank.jsonl,,neutral_until_reviewed,,,,,,,,,
government_00036,Nepal Law Commission,नेपाल कानून आयोग,नेपाल कानून आयोग,nepala kanuna aayoga,nepala kanuna aayoga,recovered_site_labels_and_manual_normalization,training/data/meaning_bank.jsonl,,neutral_until_reviewed,,,,,,,,,
government_00037,"New Baneshwor, Kathmandu","नयाँ बानेश्वर, काठमाडौं","नयाँ बानेश्वर, काठमाडौं","nayan baneshwara, kathamadaun","nayan baneshwara, kathamadaun",recovered_site_labels_and_manual_normalization,training/data/meaning_bank.jsonl,,neutral_until_reviewed,,,,,,,,,
government_00038,Select Language,भाषा चयन गर्नुहोस्,भाषा चयन गर,bhasha chayana garnuhos,bhasha chayana gara,recovered_site_labels_and_manual_normalization,training/data/meaning_bank.jsonl,,distinct_until_reviewed,,,,,,,,,
government_00040,Important Notice,महत्त्वपूर्ण सूचना,महत्त्वपूर्ण सूचना,mahattwapurna suchana,mahattwapurna suchana,recovered_site_labels_and_manual_normalization,training/data/meaning_bank.jsonl,,neutral_until_reviewed,,,,,,,,,
government_00041,Office Hours,कार्यालय समय,कार्यालय समय,karyalaya samaya,karyalaya samaya,recovered_site_labels_and_manual_normalization,training/data/meaning_bank.jsonl,,neutral_until_reviewed,,,,,,,,,
government_00042,Home,गृहपृष्ठ,गृहपृष्ठ,gahapashtha,gahapashtha,recovered_site_labels_and_manual_normalization,training/data/meaning_bank.jsonl,,neutral_until_reviewed,,,,,,,,,
government_00043,Download,डाउनलोड गर्नुहोस्,डाउनलोड गर,daunaloda garnuhos,daunaloda gara,recovered_site_labels_and_manual_normalization,training/data/meaning_bank.jsonl,,distinct_until_reviewed,,,,,,,,,
government_00045,Previous,अघिल्लो,अघिल्लो,aghillo,aghillo,recovered_site_labels_and_manual_normalization,training/data/meaning_bank.jsonl,,neutral_until_reviewed,,,,,,,,,
government_00046,Next,अर्को,अर्को,arko,arko,recovered_site_labels_and_manual_normalization,training/data/meaning_bank.jsonl,,neutral_until_reviewed,,,,,,,,,
government_00047,Submit,पेश गर्नुहोस्,पेश गर,pesha garnuhos,pesha gara,recovered_site_labels_and_manual_normalization,training/data/meaning_bank.jsonl,,distinct_until_reviewed,,,,,,,,,
government_00048,Cancel,रद्द गर्नुहोस्,रद्द गर,radda garnuhos,radda gara,recovered_site_labels_and_manual_normalization,training/data/meaning_bank.jsonl,,distinct_until_reviewed,,,,,,,,,
government_00050,Back,पछाडि,पछाडि,pachhaadi,pachhaadi,recovered_site_labels_and_manual_normalization,training/data/meaning_bank.jsonl,,neutral_until_reviewed,,,,,,,,,
government_00052,Please use formal language.,कृपया औपचारिक भाषा प्रयोग गर्नुहोस्।,औपचारिक भाषा प्रयोग गर।,kripya aupacharika bhasha prayoga garnuhos.,aupacharika bhasha prayoga gara.,assistant_curated,training/data/meaning_bank.jsonl,,distinct_until_reviewed,,,,,,,,,
government_00053,Please use formal language.,औपचारिक भाषा प्रयोग गर।,औपचारिक भाषा प्रयोग गर।,aupacharika bhasha prayoga gara.,aupacharika bhasha prayoga gara.,assistant_curated,training/data/meaning_bank.jsonl,,neutral_until_reviewed,,,,,,,,,
family_00001,This is my family.,यो मेरो परिवार हो।,यो मेरो परिवार हो।,yo mero pariwara ho.,yo mero pariwara ho.,hand_priority_seed,training/data/meaning_bank.jsonl,,neutral_until_reviewed,,,,,,,,,
family_00002,How is your mother?,तपाईंकी आमालाई कस्तो छ?,तिम्री आमालाई कस्तो छ?,tapaiki aamalai kasto chha?,timri aamalai kasto chha?,hand_priority_seed,training/data/meaning_bank.jsonl,,distinct_until_reviewed,,,,,,,,,
family_00003,This is my brother.,यो मेरो भाइ हो।,यो मेरो भाइ हो।,yo mero bhai ho.,yo mero bhai ho.,hand_priority_seed,training/data/meaning_bank.jsonl,,neutral_until_reviewed,,,,,,,,,
family_00005,You are welcome.,हजुरलाई स्वागत छ।,हजुरलाई स्वागत छ।,hajuralai swagata chha.,hajuralai swagata chha.,assistant_curated,training/data/meaning_bank.jsonl,,neutral_until_reviewed,,,,,,,,,
numbers_money_00001,It is two hundred rupees.,दुई सय रुपैयाँ हो।,दुई सय रुपैयाँ हो।,dui saya rupaiyan ho.,dui saya rupaiyan ho.,hand_priority_seed,training/data/meaning_bank.jsonl,,neutral_until_reviewed,,,,,,,,,
numbers_money_00003,It is half past three.,साढे तीन बज्यो।,साढे तीन बज्यो।,sadhe tina bajyo.,sadhe tina bajyo.,hand_priority_seed,training/data/meaning_bank.jsonl,,neutral_until_reviewed,,,,,,,,,
numbers_money_00004,One thousand rupees.,एक हजार रुपैयाँ।,एक हजार रुपैयाँ।,eka hajara rupaiyan.,eka hajara rupaiyan.,hand_priority_seed,training/data/meaning_bank.jsonl,,neutral_until_reviewed,,,,,,,,,
code_switch_names_00002,Is Wi-Fi free here?,के यहाँ वाइफाइ निःशुल्क छ?,यहाँ वाइफाइ फ्री छ?,ke yahan waiphai nishulka chha?,yahan waiphai phri chha?,hand_priority_seed,training/data/meaning_bank.jsonl,,distinct_until_reviewed,,,,,,,,,
code_switch_names_00003,My name is Cooper.,मेरो नाम कुपर हो।,मेरो नाम कुपर हो।,mero nama kupara ho.,mero nama kupara ho.,hand_priority_seed,training/data/meaning_bank.jsonl,,neutral_until_reviewed,,,,,,,,,
code_switch_names_00004,Meet me at Durbar Square.,दरबार स्क्वायरमा भेटौं।,दरबार स्क्वायरमा भेटौं।,darabara skwayarama bhetaun.,darabara skwayarama bhetaun.,hand_priority_seed,training/data/meaning_bank.jsonl,,neutral_until_reviewed,,,,,,,,,
code_switch_names_00005,Open Google Maps.,गुगल म्याप्स खोल्नुहोस्।,गुगल म्याप्स खोल।,gugala myapsa kholnuhos.,gugala myapsa khola.,hand_priority_seed,training/data/meaning_bank.jsonl,,distinct_until_reviewed,,,,,,,,,
asr_noise_00001,Please help me.,कृपया मलाई मद्दत गर्नुहोस्।,मलाई मद्दत गर।,kripya malai maddata garnuhos.,malai maddata gara.,hand_priority_seed,training/data/meaning_bank.jsonl,,distinct_until_reviewed,,,,,,,,,
2,Introduction,परिचय,,,,law-gov,training/data/train_law_gov_en_ne.jsonl,,neutral_until_reviewed,,,,,,,,,
3,Vision and Mission,परिदृश्य र परिलक्ष्य,,,,law-gov,training/data/train_law_gov_en_ne.jsonl,,neutral_until_reviewed,,,,,,,,,
4,Duties and Powers,"काम, कर्तव्य र अधिकार",,,,law-gov,training/data/train_law_gov_en_ne.jsonl,,neutral_until_reviewed,,,,,,,,,
5,Organization Structure,सङ्गठन संरचना,,,,law-gov,training/data/train_law_gov_en_ne.jsonl,,neutral_until_reviewed,,,,,,,,,
6,Officials and Employees,पदाधिकारी र कर्मचारी,,,,law-gov,training/data/train_law_gov_en_ne.jsonl,,neutral_until_reviewed,,,,,,,,,
7,Former Chairpersons,पूर्व अध्यक्षहरू,,,,law-gov,training/data/train_law_gov_en_ne.jsonl,,neutral_until_reviewed,,,,,,,,,
8,Services,सेवाहरू,,,,law-gov,training/data/train_law_gov_en_ne.jsonl,,neutral_until_reviewed,,,,,,,,,
9,Law Drafting,कानून तर्जुमा,,,,law-gov,training/data/train_law_gov_en_ne.jsonl,,neutral_until_reviewed,,,,,,,,,
10,Research and Study,खोज तथा अध्ययन,,,,law-gov,training/data/train_law_gov_en_ne.jsonl,,neutral_until_reviewed,,,,,,,,,
11,Existing Laws,मौजुदा कानून,,,,law-gov,training/data/train_law_gov_en_ne.jsonl,,neutral_until_reviewed,,,,,,,,,
12,Constitution,संविधान,,,,law-gov,training/data/train_law_gov_en_ne.jsonl,,neutral_until_reviewed,,,,,,,,,
13,Acts,ऐन,,,,law-gov,training/data/train_law_gov_en_ne.jsonl,,neutral_until_reviewed,,,,,,,,,
14,Recent Acts,हालसालैका ऐन,,,,law-gov,training/data/train_law_gov_en_ne.jsonl,,neutral_until_reviewed,,,,,,,,,
15,By Volume,खण्ड अनुसार,,,,law-gov,training/data/train_law_gov_en_ne.jsonl,,neutral_until_reviewed,,,,,,,,,
16,Alphabetical List,वर्णानुक्रम अनुसारको सूची,,,,law-gov,training/data/train_law_gov_en_ne.jsonl,,neutral_until_reviewed,,,,,,,,,
17,Ordinances,अध्यादेश,,,,law-gov,training/data/train_law_gov_en_ne.jsonl,,neutral_until_reviewed,,,,,,,,,
18,Regulations,नियमावली,,,,law-gov,training/data/train_law_gov_en_ne.jsonl,,neutral_until_reviewed,,,,,,,,,
19,Formation Orders,गठन आदेश,,,,law-gov,training/data/train_law_gov_en_ne.jsonl,,neutral_until_reviewed,,,,,,,,,
21,Repealed Acts,खारेज भएका ऐन,,,,law-gov,training/data/train_law_gov_en_ne.jsonl,,neutral_until_reviewed,,,,,,,,,
22,Repealed Ordinances,खारेज भएका अध्यादेश,,,,law-gov,training/data/train_law_gov_en_ne.jsonl,,neutral_until_reviewed,,,,,,,,,
23,Repealed Regulations,खारेज भएका नियमावली,,,,law-gov,training/data/train_law_gov_en_ne.jsonl,,neutral_until_reviewed,,,,,,,,,
24,Policies,नीति,,,,law-gov,training/data/train_law_gov_en_ne.jsonl,,neutral_until_reviewed,,,,,,,,,
26,Historical Documents,ऐतिहासिक दस्तावेज,,,,law-gov,training/data/train_law_gov_en_ne.jsonl,,neutral_until_reviewed,,,,,,,,,
27,Other,अन्य,,,,law-gov,training/data/train_law_gov_en_ne.jsonl,,neutral_until_reviewed,,,,,,,,,
28,Information Center,सूचना केन्द्र,,,,law-gov,training/data/train_law_gov_en_ne.jsonl,,neutral_until_reviewed,,,,,,,,,
29,Annual Report,वार्षिक प्रतिवेदन,,,,law-gov,training/data/train_law_gov_en_ne.jsonl,,neutral_until_reviewed,,,,,,,,,
30,Contact,सम्पर्क,,,,law-gov,training/data/train_law_gov_en_ne.jsonl,,neutral_until_reviewed,,,,,,,,,
31,Contact Address,सम्पर्क ठेगाना,,,,law-gov,training/data/train_law_gov_en_ne.jsonl,,neutral_until_reviewed,,,,,,,,,
32,Suggestions and Complaints,सुझाव र गुनासो,,,,law-gov,training/data/train_law_gov_en_ne.jsonl,,neutral_until_reviewed,,,,,,,,,
33,Frequently Asked Questions,बारम्बार सोधिने प्रश्न र उत्तर,,,,law-gov,training/data/train_law_gov_en_ne.jsonl,,neutral_until_reviewed,,,,,,,,,
34,Government of Nepal,नेपाल सरकार,,,,law-gov,training/data/train_law_gov_en_ne.jsonl,,neutral_until_reviewed,,,,,,,,,
35,Nepal Law Commission,नेपाल कानून आयोग,,,,law-gov,training/data/train_law_gov_en_ne.jsonl,,neutral_until_reviewed,,,,,,,,,
36,"New Baneshwor, Kathmandu","नयाँ बानेश्वर, काठमाडौं",,,,law-gov,training/data/train_law_gov_en_ne.jsonl,,neutral_until_reviewed,,,,,,,,,
37,Select Language,भाषा चयन गर्नुहोस्,,,,law-gov,training/data/train_law_gov_en_ne.jsonl,,neutral_until_reviewed,,,,,,,,,
38,Search,खोज्नुहोस्,,,,law-gov,training/data/train_law_gov_en_ne.jsonl,,neutral_until_reviewed,,,,,,,,,
39,Important Notice,महत्त्वपूर्ण सूचना,,,,law-gov,training/data/train_law_gov_en_ne.jsonl,,neutral_until_reviewed,,,,,,,,,
40,Office Hours,कार्यालय समय,,,,law-gov,training/data/train_law_gov_en_ne.jsonl,,neutral_until_reviewed,,,,,,,,,
41,Home,गृहपृष्ठ,,,,law-gov,training/data/train_law_gov_en_ne.jsonl,,neutral_until_reviewed,,,,,,,,,
42,Download,डाउनलोड गर्नुहोस्,,,,law-gov,training/data/train_law_gov_en_ne.jsonl,,neutral_until_reviewed,,,,,,,,,
43,Read More,थप पढ्नुहोस्,,,,law-gov,training/data/train_law_gov_en_ne.jsonl,,neutral_until_reviewed,,,,,,,,,
44,Previous,अघिल्लो,,,,law-gov,training/data/train_law_gov_en_ne.jsonl,,neutral_until_reviewed,,,,,,,,,
45,Next,अर्को,,,,law-gov,training/data/train_law_gov_en_ne.jsonl,,neutral_until_reviewed,,,,,,,,,
46,Submit,पेश गर्नुहोस्,,,,law-gov,training/data/train_law_gov_en_ne.jsonl,,neutral_until_reviewed,,,,,,,,,
47,Cancel,रद्द गर्नुहोस्,,,,law-gov,training/data/train_law_gov_en_ne.jsonl,,neutral_until_reviewed,,,,,,,,,
49,Back,पछाडि,,,,law-gov,training/data/train_law_gov_en_ne.jsonl,,neutral_until_reviewed,,,,,,,,,
51,"The Nepal Law Commission (NLC) was first constituted by an executive decision in 1953, immediately after the dawn of multiparty democracy. The second, third, fourth and fifth Commissions were constituted in 1960, 1963, 1972 and 1979 respectively. All those Commissions were temporary in nature. The NLC was given permanent status only in 1984. After the restoration of multiparty democracy in 1990, the NLC was restructured with the mandate commensurate to the changed context. It was again restructured in 2003 with timely changes in its mandate and composition. Now, the Commission is a statutory body under the Nepal Law Commission Act, 2007, which was promulgated on 14th January, 2007. It is to","(क) ल कमिशन, २०१०ः नेपालमा सर्वप्रथम २०१०।९।६।१ को मन्त्रिमण्डलको निर्णय बमोजिम पहिलो ल कमिशनको गठन भएको हो । उक्त कमिशनको गठनविधि, कार्य प्रणाली, कार्यावधि आदिका सम्बन्धमा मिति २०१०।११।११ मा नेपाल गजेटमा प्रकाशित सरकारको विज्ञप्तिमा उल्लेख गरिएको थियो ।",,,,law-gov,training/data/train_law_gov_en_ne.jsonl,,neutral_until_reviewed,,,,,,,,,
52,"The Commission consists of nine members including the Chairperson, Vice-chairperson and seven members.","(ख) ल कमिशन, २०१७ः श्री ५ को सरकारको मिति २०१७।६।२७।४ को निर्णय अनुसार (नेपाल राजपत्रमा प्रकाशित मिति २०१७।७।१५) देहाय बमोजिमको ७ सदस्यीय दोश्रो ल कमिशन गठन गरियो । १. सर्वोच्च अदालतका माननीय न्यायाधीश श्री नयनबहादुर खत्री — अध्यक्ष २. मध्यमाञ्चल उच्च अदालतका मुख्य न्यायाधीश — सदस्य ३. एटर्नी जनरल श्री शम्भुप्रसाद ज्ञवाली — सदस्य ४. कानून सचिव — सदस्य ५. श्री ५ को सरकारबाट मनोनित गैर—सरकारी व्यक्ति जना ३ — सदस्य",,,,law-gov,training/data/train_law_gov_en_ne.jsonl,,neutral_until_reviewed,,,,,,,,,
53,The Chairperson and the Vice-chairperson are appointed by the Government of Nepal for five years. Other three members consisting of at least one woman are nominated by the same for two years. Retired judge of the Supreme Court or one who is qualified for the same is eligible to be appointed as the Chairperson. Person retired from the post of special class of Nepal Judicial Service or a person having fifteen years of experience as a law practitioner or law teacher or working in the field of law and justice including legal drafting may be eligible for the post of Vice-chairperson or member of the commission.,मिति २०१८।७।१४ मा प्रकाशित सूचना अनुसार सर्वोच्च अदालतको न्यायाधीशलाई झिकी एटर्नी जनरललाई अध्यक्ष बनाइएको थियो । उक्त सूचना अनुसूची ३ मा राखिएको छ । कमिशनको बैठक कम्तिमा महिनाको ४ पटक वस्नुपर्ने र ४ जना सदस्यहरु उपस्थित हुनुपर्ने गरी गणपूरक संख्या तोकिएकोमा मिति २०१८।७।१४ को राजपत्रमा प्रकाशित सूचना अनुसार गणपूरक संख्या ३ बनाइएको थियो । कमिशनले आफ्नो कार्यविधि व्यवस्थित गर्न नियम बनाउन सक्ने तथा सो नियम कानून मन्त्रालयबाट स्वीकृत हुनुपर्ने व्यवस्था थियो । कानून मन्त्रालयको उप—सचिवलाई सेक्रेटरी तोकिएको उक्त कमिशनले २ वर्ष भित्रमा काम सम्पन्न गरी रिपोर्ट श्री ५ को सरकार समक्ष पेश गर्नुपर्ने थियो । २०२० सालको मुलुकी ऐन यस आयोगको सक्रियतामा बनेको हो ।,,,,law-gov,training/data/train_law_gov_en_ne.jsonl,,neutral_until_reviewed,,,,,,,,,
54,"The Secretary at the Ministry of Law, Justice and Parliamentary Affairs, Secretary (Law) at the Office of the Prime Minister and Council of Ministers, Deputy Attorney General nominated by the Attorney General of Nepal and the Secretary at the NLC, who also serves as a Member-Secretary, are ex-officio members.","(ग) कानून आयोग, २०२०ः श्री ५ को सरकारको मिति २०२०।१०।८।४ को निर्णय बमोजिम (राजपत्रमा सूचना प्रकाशित मिति २०२०।१२।१०) गठन भएको उक्त आयोगको गठनविधि यस प्रकार थियोः— १. श्री विनोदप्रसाद धिताल सह—सचिव, कानून मन्त्रालय — पदेन अध्यक्ष २. श्री नीरकुमार क्षेत्री — सदस्य ३. श्री टोप बहादुर सिंह — सदस्य ४. श्री हेरम्बराज — सदस्य ५. श्री विश्वनाथ उपाध्याय उप—सचिव, कानून मन्त्रालय —सदस्य—सचिव",,,,law-gov,training/data/train_law_gov_en_ne.jsonl,,neutral_until_reviewed,,,,,,,,,
55,The Government may appoint up to five members as honorary members to the Commission from amongst outstanding experts in the pertinent field.,शुरुमा यसको कार्यकाल एक वर्ष तोकिएको भए तापनि पटक पटक म्याद थप भई २०२७ सालसम्म कायम भएको थियो ।,,,,law-gov,training/data/train_law_gov_en_ne.jsonl,,neutral_until_reviewed,,,,,,,,,
56,"There is a provision of a Recommendation Committee composed of the Minister for Law, Justice and Parliamentary Affairs, Chairperson of the Law, Justice and Parliamentary Committee of the House of Representatives* and Chairperson of the Nepal Bar Association to recommend to the Government for appointment in the post of Chairperson, Vice-chairperson and members of the Commission.","(घ) कानून आयोग, २०२९ः श्री ५ महाराजाधिराजबाट मिति २०२९।२।१९ मा प्रचलित नेपाल कानूनमा विशेष गरी फौजदारी, देवानी, बाणिज्य तथा प्रमाण सम्बन्धी कानूनहरुमा भइरहेको अभाव र त्रुटीहरु हटाई भरिसक्य सरल, बैज्ञानिक र व्यवहारिक रुप दिई छुटृाछुटृै ऐनहरुको तर्जुमा गर्न न्यायिक समितिका अध्यक्ष एवं सर्वोच्च अदालतका माननीय न्यायाधीश श्री नयनबहादुर खत्रीको अध्यक्षतामा ५ सदस्यीय चौथौ कानून आयोगको गठन गरिबक्सियो । उक्त आयोग गठनको सूचना अनुसूची – ४ मा राखिएको छ । उक्त आयोगमा सर्वोच्च अदालतका अस्थायी माननीय न्यायाधीश श्री विश्वनाथ उपाध्याय— १, महान्यायाधिवक्ता श्री रमानन्दप्रसाद सिंह —१, न्यायिक समितिका सदस्य श्री कृष्णप्रसाद पन्त— १ समेतलाई सदस्य तथा कानून सचिव श्री चूडामणिराज सिंहलाई सदस्य—सचिव तोकिएको थियो । यस आयोगले प्रमाण ऐन तथा अपराध संहिता मसौदा र तत्सम्बन्धी प्रतिवेदन तयार गरी श्री ५ समक्ष पेश गरेको थि",,,,law-gov,training/data/train_law_gov_en_ne.jsonl,,neutral_until_reviewed,,,,,,,,,
58,"1 Initiation of tasks: The commission may initiate drafting and law reform process either on referral of the concerned ministry or on its own. It may also receive a proposal from stakeholders, i.e. individual, non-governmental organization, civil society and community organization.","(च) नेपाल कानून सुधार आयोग, २०४१ः यस अघिका आयोगको आवधिक वा तदर्थ रुपमा गठन विघटन हुंदै आएकोमा श्री ५ को सरकारको मिति २०४१।८।२१ को निर्णयले नेपाल कानून सुधार आयोग नामक एक स्थायी प्रकृतिको आयोगको स्थापना गरी पदाधिकारीहरु नियुक्ति गर्ने व्यवस्था गर्यो । श्री ५ को सरकारको यो निर्णयले कानून तर्जुमाका क्षेत्रमा आयोगको स्थायी भूमिका एवं सक्रियताको अपेक्षा राख्दै संस्थागत रुपमा नै आयोगको अस्तित्व स्थापित गर्ने काम ग¥यो । आयोगको इतिहासमा यो सर्वाधिक महत्वको निर्णय थियो भन्न सकिन्छ । जस अनुसार ५ वर्षे कार्यावधि सहित गठन भएको आयोगको गठनविधि एवं काम कर्तव्यहरुको व्यवस्था गरिएको थियो । पछि श्री ५ को सरकारले मिति २०४६।८।२१ मा पदावधि समाप्त भएका उक्त आयोगका सदस्य तथा सह—सदस्यहरुलाई यथावत कायम राख्ने निर्णय गरेको थियो ।",,,,law-gov,training/data/train_law_gov_en_ne.jsonl,,neutral_until_reviewed,,,,,,,,,
59,"2 Formation of Working Team: The Commission decides annual program on the basis of the priority and forms working team (WT) involving experts to work on approved area by providing clear mandate and time frame. Generally, one member of the Commission heads the WT or it is headed by any reputed personality in the relevant field.","श्री ५ को सरकारले मिति २०४७।१२।१८ को निर्णयानुसार नेपाल कानून सुधार आयोगलाई पुनर्गठन गरी कार्यविधि समेत तोकेको थियो । यो आयोगले २०४८ सालमा एक कार्यदलको गठन गरी नेपाल अधिराज्यको संविधान, २०४७ बमोजिम तर्जुमा गर्नुपर्ने ऐनहरुको मस्यौदा तयार गर्यो ।",,,,law-gov,training/data/train_law_gov_en_ne.jsonl,,neutral_until_reviewed,,,,,,,,,
60,"3 Preparation of Consultation Paper: The WT carries out in-depth study of the issue under review. For this purpose, WT may invite expert, stakeholder and government official for consultation as an invitee member. The WT prepares a consultation/issue paper and it is made available to any person interested. WT can also opt appropriate methods of research for data collection.","यस आयोगले निम्न विषयमा विशेषज्ञहरुबाट कार्यक्रम तयार गर्न लगाई तत्सम्बन्धी कानूनको तर्जुमामा अध्ययन, अनुसन्धान गरेको देखिन्छ ।",,,,law-gov,training/data/train_law_gov_en_ne.jsonl,,neutral_until_reviewed,,,,,,,,,
55,You are welcome.,हजुरलाई स्वागत छ।,,,,conversation-seed,training/data/train_user_conversation_seeds.jsonl,,neutral_until_reviewed,,,,,,,,,
59,I am sorry.,म क्षमा चाहन्छु।,,,,conversation-seed,training/data/train_user_conversation_seeds.jsonl,,neutral_until_reviewed,,,,,,,,,
61,Yes.,हो।,,,,conversation-seed,training/data/train_user_conversation_seeds.jsonl,,neutral_until_reviewed,,,,,,,,,
62,Yes.,हो।,,,,conversation-seed,training/data/train_user_conversation_seeds.jsonl,,neutral_until_reviewed,,,,,,,,,
63,No.,होइन।,,,,conversation-seed,training/data/train_user_conversation_seeds.jsonl,,neutral_until_reviewed,,,,,,,,,
64,No.,होइन।,,,,conversation-seed,training/data/train_user_conversation_seeds.jsonl,,neutral_until_reviewed,,,,,,,,,
65,Please.,कृपया।,,,,conversation-seed,training/data/train_user_conversation_seeds.jsonl,,neutral_until_reviewed,,,,,,,,,
66,Please.,कृपया।,,,,conversation-seed,training/data/train_user_conversation_seeds.jsonl,,neutral_until_reviewed,,,,,,,,,
89,What does this mean?,यसको अर्थ के हो?,,,,conversation-seed,training/data/train_user_conversation_seeds.jsonl,,neutral_until_reviewed,,,,,,,,,
90,What does this mean?,यसको अर्थ के हो?,,,,conversation-seed,training/data/train_user_conversation_seeds.jsonl,,neutral_until_reviewed,,,,,,,,,
109,How far is it?,यो कति टाढा छ?,,,,conversation-seed,training/data/train_user_conversation_seeds.jsonl,,neutral_until_reviewed,,,,,,,,,
110,How far is it?,यो कति टाढा छ?,,,,conversation-seed,training/data/train_user_conversation_seeds.jsonl,,neutral_until_reviewed,,,,,,,,,
113,Turn left.,बायाँ मोड्नुहोस्।,,,,conversation-seed,training/data/train_user_conversation_seeds.jsonl,,neutral_until_reviewed,,,,,,,,,
114,Turn left.,बायाँ मोड।,,,,conversation-seed,training/data/train_user_conversation_seeds.jsonl,,neutral_until_reviewed,,,,,,,,,
115,Turn right.,दायाँ मोड्नुहोस्।,,,,conversation-seed,training/data/train_user_conversation_seeds.jsonl,,neutral_until_reviewed,,,,,,,,,
116,Turn right.,दायाँ मोड।,,,,conversation-seed,training/data/train_user_conversation_seeds.jsonl,,neutral_until_reviewed,,,,,,,,,
117,Go straight.,सिधा जानुहोस्।,,,,conversation-seed,training/data/train_user_conversation_seeds.jsonl,,neutral_until_reviewed,,,,,,,,,
118,Go straight.,सिधा जानुहोस्।,,sidha januhos.,,conversation-seed,training/data/train_user_conversation_seeds.jsonl,,neutral_until_reviewed,,,,,,,,,ne_formal taken from core_grammar_00013
123,That is too expensive.,त्यो धेरै महँगो छ।,,,,conversation-seed,training/data/train_user_conversation_seeds.jsonl,,neutral_until_reviewed,,,,,,,,,
124,That is too expensive.,त्यो धेरै महँगो छ।,,,,conversation-seed,training/data/train_user_conversation_seeds.jsonl,,neutral_until_reviewed,,,,,,,,,
125,Do you have a smaller size?,के तपाईंसँग योभन्दा सानो आकार छ?,,,,conversation-seed,training/data/train_user_conversation_seeds.jsonl,,neutral_until_reviewed,,,,,,,,,
129,I do not want this.,मलाई यो चाहिँदैन।,,,,conversation-seed,training/data/train_user_conversation_seeds.jsonl,,neutral_until_reviewed,,,,,,,,,
130,I do not want this.,मलाई यो चाहिँदैन।,,,,conversation-seed,training/data/train_user_conversation_seeds.jsonl,,neutral_until_reviewed,,,,,,,,,
133,Please give me a receipt.,कृपया मलाई रसिद दिनुहोस्।,,,,conversation-seed,training/data/train_user_conversation_seeds.jsonl,,neutral_until_reviewed,,,,,,,,,
134,Please give me a receipt.,कृपया मलाई रसिद दिनुहोस्।,,kripya malai rasida dinuhos.,,conversation-seed,training/data/train_user_conversation_seeds.jsonl,,neutral_until_reviewed,,,,,,,,,ne_formal taken from questions_requests_00011
139,I do not eat meat.,म मासु खाँदिनँ।,,,,conversation-seed,training/data/train_user_conversation_seeds.jsonl,,neutral_until_reviewed,,,,,,,,,
140,I do not eat meat.,म मासु खाँदिनँ।,,,,conversation-seed,training/data/train_user_conversation_seeds.jsonl,,neutral_until_reviewed,,,,,,,,,
141,Is this vegetarian?,के यो शाकाहारी हो?,,,,conversation-seed,training/data/train_user_conversation_seeds.jsonl,,neutral_until_reviewed,,,,,,,,,
142,Is this vegetarian?,यो शाकाहारी हो?,,,,conversation-seed,training/data/train_user_conversation_seeds.jsonl,,neutral_until_reviewed,,,,,,,,,
147,I have an allergy.,मलाई एलर्जी छ।,,,,conversation-seed,training/data/train_user_conversation_seeds.jsonl,,neutral_until_reviewed,,,,,,,,,
148,I have an allergy.,मलाई एलर्जी छ।,,,,conversation-seed,training/data/train_user_conversation_seeds.jsonl,,neutral_until_reviewed,,,,,,,,,
149,I am sick.,म बिरामी छु।,,,,conversation-seed,training/data/train_user_conversation_seeds.jsonl,,neutral_until_reviewed,,,,,,,,,
150,I am sick.,म बिरामी छु।,,,,conversation-seed,training/data/train_user_conversation_seeds.jsonl,,neutral_until_reviewed,,,,,,,,,
151,I have a fever.,मलाई ज्वरो आएको छ।,,,,conversation-seed,training/data/train_user_conversation_seeds.jsonl,,neutral_until_reviewed,,,,,,,,,
152,I have a fever.,मलाई ज्वरो आएको छ।,,,,conversation-seed,training/data/train_user_conversation_seeds.jsonl,,neutral_until_reviewed,,,,,,,,,
155,Where does it hurt?,तपाईंलाई कहाँ दुखेको छ?,,,,conversation-seed,training/data/train_user_conversation_seeds.jsonl,,neutral_until_reviewed,,,,,,,,,
156,Where does it hurt?,तपाईंलाई कहाँ दुखेको छ?,,tapailai kaha dukheko chha?,,conversation-seed,training/data/train_user_conversation_seeds.jsonl,,neutral_until_reviewed,,,,,,,,,ne_formal taken from questions_requests_00015
159,Please come with me.,कृपया मसँग आउनुहोस्।,,,,conversation-seed,training/data/train_user_conversation_seeds.jsonl,,neutral_until_reviewed,,,,,,,,,
160,Please come with me.,कृपया मसँग आउनुहोस्।,,kripya masnga aaunuhos.,,conversation-seed,training/data/train_user_conversation_seeds.jsonl,,neutral_until_reviewed,,,,,,,,,ne_formal taken from questions_requests_00016
167,When will it arrive?,यो कहिले आइपुग्छ?,,,,conversation-seed,training/data/train_user_conversation_seeds.jsonl,,neutral_until_reviewed,,,,,,,,,
168,When will it arrive?,यो कहिले आइपुग्छ?,,,,conversation-seed,training/data/train_user_conversation_seeds.jsonl,,neutral_until_reviewed,,,,,,,,,
169,I will come tomorrow.,म भोलि आउनेछु।,,,,conversation-seed,training/data/train_user_conversation_seeds.jsonl,,neutral_until_reviewed,,,,,,,,,
170,I will come tomorrow.,म भोलि आउँछु।,,,,conversation-seed,training/data/train_user_conversation_seeds.jsonl,,neutral_until_reviewed,,,,,,,,,
171,I came yesterday.,म हिजो आएको थिएँ।,,,,conversation-seed,training/data/train_user_conversation_seeds.jsonl,,neutral_until_reviewed,,,,,,,,,
172,I came yesterday.,म हिजो आएको थिएँ।,,,,conversation-seed,training/data/train_user_conversation_seeds.jsonl,,neutral_until_reviewed,,,,,,,,,
175,I live in Kathmandu.,म काठमाडौंमा बस्छु।,,,,conversation-seed,training/data/train_user_conversation_seeds.jsonl,,neutral_until_reviewed,,,,,,,,,
176,I live in Kathmandu.,म काठमाडौंमा बस्छु।,,,,conversation-seed,training/data/train_user_conversation_seeds.jsonl,,neutral_until_reviewed,,,,,,,,,
179,Send me a message.,कृपया मलाई सन्देश पठाउनुहोस्।,,,,conversation-seed,training/data/train_user_conversation_seeds.jsonl,,neutral_until_reviewed,,,,,,,,,
180,Send me a message.,मलाई सन्देश पठाऊ न।,,,,conversation-seed,training/data/train_user_conversation_seeds.jsonl,,neutral_until_reviewed,,,,,,,,,
181,The network is not working.,नेटवर्कले काम गरिरहेको छैन।,,,,conversation-seed,training/data/train_user_conversation_seeds.jsonl,,neutral_until_reviewed,,,,,,,,,
182,The network is not working.,नेटवर्क चलेको छैन।,,,,conversation-seed,training/data/train_user_conversation_seeds.jsonl,,neutral_until_reviewed,,,,,,,,,
185,Please pass the phone.,कृपया फोन अर्को व्यक्तिलाई दिनुहोस्।,,,,conversation-seed,training/data/train_user_conversation_seeds.jsonl,,neutral_until_reviewed,,,,,,,,,
186,Please pass the phone.,कृपया फोन अर्को व्यक्तिलाई दिनुहोस्।,,kripya phona arko wyaktilai dinuhos.,,conversation-seed,training/data/train_user_conversation_seeds.jsonl,,neutral_until_reviewed,,,,,,,,,ne_formal taken from questions_requests_00024
187,I have finished speaking.,मैले बोलिसकेँ।,,,,conversation-seed,training/data/train_user_conversation_seeds.jsonl,,neutral_until_reviewed,,,,,,,,,
188,I have finished speaking.,मैले बोलिसकेँ।,,,,conversation-seed,training/data/train_user_conversation_seeds.jsonl,,neutral_until_reviewed,,,,,,,,,
189,Please try again.,कृपया फेरि प्रयास गर्नुहोस्।,,,,conversation-seed,training/data/train_user_conversation_seeds.jsonl,,neutral_until_reviewed,,,,,,,,,
190,Please try again.,फेरि प्रयास गर।,,,,conversation-seed,training/data/train_user_conversation_seeds.jsonl,,neutral_until_reviewed,,,,,,,,,
191,The translation is loading.,अनुवाद तयार हुँदैछ।,,,,conversation-seed,training/data/train_user_conversation_seeds.jsonl,,neutral_until_reviewed,,,,,,,,,
192,The translation is loading.,अनुवाद लोड हुँदैछ।,,,,conversation-seed,training/data/train_user_conversation_seeds.jsonl,,neutral_until_reviewed,,,,,,,,,
195,That translation is wrong.,त्यो अनुवाद गलत छ।,,,,conversation-seed,training/data/train_user_conversation_seeds.jsonl,,neutral_until_reviewed,,,,,,,,,
196,That translation is wrong.,त्यो अनुवाद गलत छ।,,,,conversation-seed,training/data/train_user_conversation_seeds.jsonl,,neutral_until_reviewed,,,,,,,,,
197,That translation is correct.,त्यो अनुवाद सही छ।,,,,conversation-seed,training/data/train_user_conversation_seeds.jsonl,,neutral_until_reviewed,,,,,,,,,
198,That translation is correct.,त्यो अनुवाद सही छ।,,,,conversation-seed,training/data/train_user_conversation_seeds.jsonl,,neutral_until_reviewed,,,,,,,,,
199,Please use formal language.,कृपया औपचारिक भाषा प्रयोग गर्नुहोस्।,,,,conversation-seed,training/data/train_user_conversation_seeds.jsonl,,neutral_until_reviewed,,,,,,,,,
200,Please use formal language.,औपचारिक भाषा प्रयोग गर।,,,,conversation-seed,training/data/train_user_conversation_seeds.jsonl,,neutral_until_reviewed,,,,,,,,,
numbers_money_00003,It is half past three.,साढे तीन बज्यो।,,,,hand_priority_seed,training/data/train_clean_en-ne.jsonl,,neutral_until_reviewed,,,,,,,,,
questions_requests_00024,Please pass the phone.,कृपया फोन अर्को व्यक्तिलाई दिनुहोस्।,,kripya phona arko wyaktilai dinuhos.,,assistant_curated,training/data/train_clean_en-ne.jsonl,,neutral_until_reviewed,,,,,,,,,ne_formal taken from questions_requests_00024
travel_00005,Which bus goes to Patan?,कुन बस पाटन जान्छ?,,,,hand_priority_seed,training/data/train_clean_en-ne.jsonl,,neutral_until_reviewed,,,,,,,,,
core_grammar_00022,I came yesterday.,म हिजो आएको थिएँ।,,,,assistant_curated,training/data/train_clean_en-ne.jsonl,,neutral_until_reviewed,,,,,,,,,
government_00040,Important Notice,महत्त्वपूर्ण सूचना,,,,recovered_site_labels_and_manual_normalization,training/data/train_clean_en-ne.jsonl,,neutral_until_reviewed,,,,,,,,,
questions_requests_00009,Do you have a smaller size?,के तपाईंसँग योभन्दा सानो आकार छ?,,,,assistant_curated,training/data/train_clean_en-ne.jsonl,,neutral_until_reviewed,,,,,,,,,
government_00004,Vision and Mission,परिदृश्य र परिलक्ष्य,,,,recovered_site_labels_and_manual_normalization,training/data/train_clean_en-ne.jsonl,,neutral_until_reviewed,,,,,,,,,
government_00062,"2 Formation of Working Team: The Commission decides annual program on the basis of the priority and forms working team (WT) involving experts to work on approved area by providing clear mandate and time frame. Generally, one member of the Commission heads the WT or it is headed by any reputed personality in the relevant field.","श्री ५ को सरकारले मिति २०४७।१२।१८ को निर्णयानुसार नेपाल कानून सुधार आयोगलाई पुनर्गठन गरी कार्यविधि समेत तोकेको थियो । यो आयोगले २०४८ सालमा एक कार्यदलको गठन गरी नेपाल अधिराज्यको संविधान, २०४७ बमोजिम तर्जुमा गर्नुपर्ने ऐनहरुको मस्यौदा तयार गर्यो ।",,,,law_gov,training/data/train_clean_en-ne.jsonl,,neutral_until_reviewed,,,,,,,,,
government_00047,Submit,पेश गर्नुहोस्,,,,recovered_site_labels_and_manual_normalization,training/data/train_clean_en-ne.jsonl,,neutral_until_reviewed,,,,,,,,,
code_switch_names_00003,My name is Cooper.,मेरो नाम कुपर हो।,,,,hand_priority_seed,training/data/train_clean_en-ne.jsonl,,neutral_until_reviewed,,,,,,,,,
travel_00001,How far is it?,यो कति टाढा छ?,,,,hand_priority_seed,training/data/train_clean_en-ne.jsonl,,neutral_until_reviewed,,,,,,,,,
government_00008,Former Chairpersons,पूर्व अध्यक्षहरू,,,,recovered_site_labels_and_manual_normalization,training/data/train_clean_en-ne.jsonl,,neutral_until_reviewed,,,,,,,,,
core_grammar_00020,I will come tomorrow.,म भोलि आउनेछु।,,,,assistant_curated,training/data/train_clean_en-ne.jsonl,,neutral_until_reviewed,,,,,,,,,
government_00001,This is my passport.,यो मेरो पासपोर्ट हो।,,,,hand_priority_seed,training/data/train_clean_en-ne.jsonl,,neutral_until_reviewed,,,,,,,,,
questions_requests_00001,Please wait here.,यहाँ पर्ख न।,,,,hand_priority_seed,training/data/train_clean_en-ne.jsonl,,neutral_until_reviewed,,,,,,,,,
code_switch_names_00002,Is Wi-Fi free here?,यहाँ वाइफाइ फ्री छ?,,,,hand_priority_seed,training/data/train_clean_en-ne.jsonl,,neutral_until_reviewed,,,,,,,,,
questions_requests_00014,Is this vegetarian?,यो शाकाहारी हो?,,,,assistant_curated,training/data/train_clean_en-ne.jsonl,,neutral_until_reviewed,,,,,,,,,
government_00006,Organization Structure,सङ्गठन संरचना,,,,recovered_site_labels_and_manual_normalization,training/data/train_clean_en-ne.jsonl,,neutral_until_reviewed,,,,,,,,,
government_00016,By Volume,खण्ड अनुसार,,,,recovered_site_labels_and_manual_normalization,training/data/train_clean_en-ne.jsonl,,neutral_until_reviewed,,,,,,,,,
core_grammar_00007,No.,होइन।,,,,assistant_curated,training/data/train_clean_en-ne.jsonl,,neutral_until_reviewed,,,,,,,,,
questions_requests_00020,When will it arrive?,यो कहिले आइपुग्छ?,,,,assistant_curated,training/data/train_clean_en-ne.jsonl,,neutral_until_reviewed,,,,,,,,,
government_00019,Regulations,नियमावली,,,,recovered_site_labels_and_manual_normalization,training/data/train_clean_en-ne.jsonl,,neutral_until_reviewed,,,,,,,,,
government_00063,"3 Preparation of Consultation Paper: The WT carries out in-depth study of the issue under review. For this purpose, WT may invite expert, stakeholder and government official for consultation as an invitee member. The WT prepares a consultation/issue paper and it is made available to any person interested. WT can also opt appropriate methods of research for data collection.","यस आयोगले निम्न विषयमा विशेषज्ञहरुबाट कार्यक्रम तयार गर्न लगाई तत्सम्बन्धी कानूनको तर्जुमामा अध्ययन, अनुसन्धान गरेको देखिन्छ ।",,,,law_gov,training/data/train_clean_en-ne.jsonl,,neutral_until_reviewed,,,,,,,,,
code_switch_names_00005,Open Google Maps.,गुगल म्याप्स खोल्नुहोस्।,,,,hand_priority_seed,training/data/train_clean_en-ne.jsonl,,neutral_until_reviewed,,,,,,,,,
numbers_money_00001,It is two hundred rupees.,दुई सय रुपैयाँ हो।,,,,hand_priority_seed,training/data/train_clean_en-ne.jsonl,,neutral_until_reviewed,,,,,,,,,
government_00056,"The Commission consists of nine members including the Chairperson, Vice-chairperson and seven members.","(ख) ल कमिशन, २०१७ः श्री ५ को सरकारको मिति २०१७।६।२७।४ को निर्णय अनुसार (नेपाल राजपत्रमा प्रकाशित मिति २०१७।७।१५) देहाय बमोजिमको ७ सदस्यीय दोश्रो ल कमिशन गठन गरियो । १. सर्वोच्च अदालतका माननीय न्यायाधीश श्री नयनबहादुर खत्री — अध्यक्ष २. मध्यमाञ्चल उच्च अदालतका मुख्य न्यायाधीश — सदस्य ३. एटर्नी जनरल श्री शम्भुप्रसाद ज्ञवाली — सदस्य ४. कानून सचिव — सदस्य ५. श्री ५ को सरकारबाट मनोनित गैर—सरकारी व्यक्ति जना ३ — सदस्य",,,,law_gov,training/data/train_clean_en-ne.jsonl,,neutral_until_reviewed,,,,,,,,,
core_grammar_00025,The network is not working.,नेटवर्कले काम गरिरहेको छैन।,,,,assistant_curated,training/data/train_clean_en-ne.jsonl,,neutral_until_reviewed,,,,,,,,,
core_grammar_00029,I have finished speaking.,मैले बोलिसकेँ।,,,,assistant_curated,training/data/train_clean_en-ne.jsonl,,neutral_until_reviewed,,,,,,,,,
government_00058,"The Secretary at the Ministry of Law, Justice and Parliamentary Affairs, Secretary (Law) at the Office of the Prime Minister and Council of Ministers, Deputy Attorney General nominated by the Attorney General of Nepal and the Secretary at the NLC, who also serves as a Member-Secretary, are ex-officio members.","(ग) कानून आयोग, २०२०ः श्री ५ को सरकारको मिति २०२०।१०।८।४ को निर्णय बमोजिम (राजपत्रमा सूचना प्रकाशित मिति २०२०।१२।१०) गठन भएको उक्त आयोगको गठनविधि यस प्रकार थियोः— १. श्री विनोदप्रसाद धिताल सह—सचिव, कानून मन्त्रालय — पदेन अध्यक्ष २. श्री नीरकुमार क्षेत्री — सदस्य ३. श्री टोप बहादुर सिंह — सदस्य ४. श्री हेरम्बराज — सदस्य ५. श्री विश्वनाथ उपाध्याय उप—सचिव, कानून मन्त्रालय —सदस्य—सचिव",,,,law_gov,training/data/train_clean_en-ne.jsonl,,neutral_until_reviewed,,,,,,,,,
government_00048,Cancel,रद्द गर्नुहोस्,,,,recovered_site_labels_and_manual_normalization,training/data/train_clean_en-ne.jsonl,,neutral_until_reviewed,,,,,,,,,
government_00030,Annual Report,वार्षिक प्रतिवेदन,,,,recovered_site_labels_and_manual_normalization,training/data/train_clean_en-ne.jsonl,,neutral_until_reviewed,,,,,,,,,
government_00043,Download,डाउनलोड गर्नुहोस्,,,,recovered_site_labels_and_manual_normalization,training/data/train_clean_en-ne.jsonl,,neutral_until_reviewed,,,,,,,,,
government_00015,Recent Acts,हालसालैका ऐन,,,,recovered_site_labels_and_manual_normalization,training/data/train_clean_en-ne.jsonl,,neutral_until_reviewed,,,,,,,,,
government_00031,Contact,सम्पर्क,,,,recovered_site_labels_and_manual_normalization,training/data/train_clean_en-ne.jsonl,,neutral_until_reviewed,,,,,,,,,
shopping_00005,I will pay in cash.,म नगद तिर्छु।,,,,hand_priority_seed,training/data/train_clean_en-ne.jsonl,,neutral_until_reviewed,,,,,,,,,
shopping_00004,Do you have a smaller size?,साना साइज छ?,,,,hand_priority_seed,training/data/train_clean_en-ne.jsonl,,neutral_until_reviewed,,,,,,,,,
questions_requests_00004,Could you write it down?,के तपाईं लेखिदिन सक्नुहुन्छ?,,,,hand_priority_seed,training/data/train_clean_en-ne.jsonl,,neutral_until_reviewed,,,,,,,,,
government_00012,Existing Laws,मौजुदा कानून,,,,recovered_site_labels_and_manual_normalization,training/data/train_clean_en-ne.jsonl,,neutral_until_reviewed,,,,,,,,,
core_grammar_00009,Turn left.,बायाँ मोड्नुहोस्।,,,,assistant_curated,training/data/train_clean_en-ne.jsonl,,neutral_until_reviewed,,,,,,,,,
questions_requests_00023,Send me a message.,मलाई सन्देश पठाउनुहोस्।,,,,assistant_curated,training/data/train_clean_en-ne.jsonl,,neutral_until_reviewed,,,,,,,,,
shopping_00003,Can I try this on?,म यो लगाएर हेर्न सक्छु?,,,,hand_priority_seed,training/data/train_clean_en-ne.jsonl,,neutral_until_reviewed,,,,,,,,,
health_00001,I have a fever.,मलाई ज्वरो आएको छ।,,,,hand_priority_seed,training/data/train_clean_en-ne.jsonl,,neutral_until_reviewed,,,,,,,,,
government_00022,Repealed Acts,खारेज भएका ऐन,,,,recovered_site_labels_and_manual_normalization,training/data/train_clean_en-ne.jsonl,,neutral_until_reviewed,,,,,,,,,
core_grammar_00007,No.,होइन।,,,,assistant_curated,training/data/train_clean_en-ne.jsonl,,neutral_until_reviewed,,,,,,,,,
government_00028,Other,अन्य,,,,recovered_site_labels_and_manual_normalization,training/data/train_clean_en-ne.jsonl,,neutral_until_reviewed,,,,,,,,,
government_00008,Former Chairpersons,पूर्व अध्यक्षहरू,,,,recovered_site_labels_and_manual_normalization,training/data/train_clean_en-ne.jsonl,,neutral_until_reviewed,,,,,,,,,
core_grammar_00012,Turn right.,दायाँ मोड।,,,,assistant_curated,training/data/train_clean_en-ne.jsonl,,neutral_until_reviewed,,,,,,,,,
health_00004,Does it hurt here?,के यहाँ दुख्छ?,,,,hand_priority_seed,training/data/train_clean_en-ne.jsonl,,neutral_until_reviewed,,,,,,,,,
questions_requests_00027,Please try again.,फेरि प्रयास गर।,,,,assistant_curated,training/data/train_clean_en-ne.jsonl,,neutral_until_reviewed,,,,,,,,,
government_00023,Repealed Ordinances,खारेज भएका अध्यादेश,,,,recovered_site_labels_and_manual_normalization,training/data/train_clean_en-ne.jsonl,,neutral_until_reviewed,,,,,,,,,
government_00052,Please use formal language.,कृपया औपचारिक भाषा प्रयोग गर्नुहोस्।,,,,assistant_curated,training/data/train_clean_en-ne.jsonl,,neutral_until_reviewed,,,,,,,,,
travel_00006,Is there a cheaper hotel nearby?,नजिकै सस्तो होटल छ?,,,,hand_priority_seed,training/data/train_clean_en-ne.jsonl,,neutral_until_reviewed,,,,,,,,,
core_grammar_00013,Go straight.,सिधा जा।,,,,assistant_curated,training/data/train_clean_en-ne.jsonl,,neutral_until_reviewed,,,,,,,,,
government_00056,"The Commission consists of nine members including the Chairperson, Vice-chairperson and seven members.","(ख) ल कमिशन, २०१७ः श्री ५ को सरकारको मिति २०१७।६।२७।४ को निर्णय अनुसार (नेपाल राजपत्रमा प्रकाशित मिति २०१७।७।१५) देहाय बमोजिमको ७ सदस्यीय दोश्रो ल कमिशन गठन गरियो । १. सर्वोच्च अदालतका माननीय न्यायाधीश श्री नयनबहादुर खत्री — अध्यक्ष २. मध्यमाञ्चल उच्च अदालतका मुख्य न्यायाधीश — सदस्य ३. एटर्नी जनरल श्री शम्भुप्रसाद ज्ञवाली — सदस्य ४. कानून सचिव — सदस्य ५. श्री ५ को सरकारबाट मनोनित गैर—सरकारी व्यक्ति जना ३ — सदस्य",,,,law_gov,training/data/train_clean_en-ne.jsonl,,neutral_until_reviewed,,,,,,,,,
pronouns_honorifics_00003,Would you like some tea?,के तपाईं चिया खानुहुन्छ?,,ke tapai chiya khanuhunchha?,,hand_priority_seed,training/data/train_clean_en-ne.jsonl,,neutral_until_reviewed,,,,,,,,,ne_formal taken from pronouns_honorifics_00003
government_00023,Repealed Ordinances,खारेज भएका अध्यादेश,,,,recovered_site_labels_and_manual_normalization,training/data/train_clean_en-ne.jsonl,,neutral_until_reviewed,,,,,,,,,
government_00032,Contact Address,सम्पर्क ठेगाना,,,,recovered_site_labels_and_manual_normalization,training/data/train_clean_en-ne.jsonl,,neutral_until_reviewed,,,,,,,,,
questions_requests_00003,What does this mean?,यसको अर्थ के हो?,,,,hand_priority_seed,training/data/train_clean_en-ne.jsonl,,neutral_until_reviewed,,,,,,,,,
government_00047,Submit,पेश गर,,,,recovered_site_labels_and_manual_normalization,training/data/train_clean_en-ne.jsonl,,neutral_until_reviewed,,,,,,,,,
core_grammar_00011,Turn right.,दायाँ मोड्नुहोस्।,,,,assistant_curated,training/data/train_clean_en-ne.jsonl,,neutral_until_reviewed,,,,,,,,,
pronouns_honorifics_00004,After you.,तपाईं पहिले।,,tapai pahile.,,hand_priority_seed,training/data/train_clean_en-ne.jsonl,,neutral_until_reviewed,,,,,,,,,ne_formal taken from pronouns_honorifics_00004
government_00032,Contact Address,सम्पर्क ठेगाना,,,,recovered_site_labels_and_manual_normalization,training/data/train_clean_en-ne.jsonl,,neutral_until_reviewed,,,,,,,,,
pronouns_honorifics_00001,Where are you going?,तपाईं कहाँ जाँदै हुनुहुन्छ?,,tapai kaha jadai hunuhunchha?,,hand_priority_seed,training/data/train_clean_en-ne.jsonl,,neutral_until_reviewed,,,,,,,,,ne_formal taken from pronouns_honorifics_00001
government_00009,Services,सेवाहरू,,,,recovered_site_labels_and_manual_normalization,training/data/train_clean_en-ne.jsonl,,neutral_until_reviewed,,,,,,,,,
core_grammar_00030,The translation is loading.,अनुवाद तयार हुँदैछ।,,,,assistant_curated,training/data/train_clean_en-ne.jsonl,,neutral_until_reviewed,,,,,,,,,
pronouns_honorifics_00004,After you.,तपाईं पहिले।,,,,hand_priority_seed,training/data/train_clean_en-ne.jsonl,,neutral_until_reviewed,,,,,,,,,
government_00039,Search,खोज्नुहोस्,,,,recovered_site_labels_and_manual_normalization,training/data/train_clean_en-ne.jsonl,,neutral_until_reviewed,,,,,,,,,
core_grammar_00030,The translation is loading.,अनुवाद तयार हुँदैछ।,,,,assistant_curated,training/data/train_clean_en-ne.jsonl,,neutral_until_reviewed,,,,,,,,,
shopping_00003,Can I try this on?,के म यो लगाएर हेर्न सक्छु?,,,,hand_priority_seed,training/data/train_clean_en-ne.jsonl,,neutral_until_reviewed,,,,,,,,,
questions_requests_00020,When will it arrive?,यो कहिले आइपुग्छ?,,,,assistant_curated,training/data/train_clean_en-ne.jsonl,,neutral_until_reviewed,,,,,,,,,
core_grammar_00031,The translation is loading.,अनुवाद लोड हुँदैछ।,,,,assistant_curated,training/data/train_clean_en-ne.jsonl,,neutral_until_reviewed,,,,,,,,,
core_grammar_00019,I am sick.,म बिरामी छु।,,,,assistant_curated,training/data/train_clean_en-ne.jsonl,,neutral_until_reviewed,,,,,,,,,
health_00004,Does it hurt here?,के यहाँ दुख्छ?,,,,hand_priority_seed,training/data/train_clean_en-ne.jsonl,,neutral_until_reviewed,,,,,,,,,
government_00034,Frequently Asked Questions,बारम्बार सोधिने प्रश्न र उत्तर,,,,recovered_site_labels_and_manual_normalization,training/data/train_clean_en-ne.jsonl,,neutral_until_reviewed,,,,,,,,,
core_grammar_00033,That translation is correct.,त्यो अनुवाद सही छ।,,,,assistant_curated,training/data/train_clean_en-ne.jsonl,,neutral_until_reviewed,,,,,,,,,
government_00034,Frequently Asked Questions,बारम्बार सोधिने प्रश्न र उत्तर,,,,recovered_site_labels_and_manual_normalization,training/data/train_clean_en-ne.jsonl,,neutral_until_reviewed,,,,,,,,,
government_00059,"There is a provision of a Recommendation Committee composed of the Minister for Law, Justice and Parliamentary Affairs, Chairperson of the Law, Justice and Parliamentary Committee of the House of Representatives* and Chairperson of the Nepal Bar Association to recommend to the Government for appointment in the post of Chairperson, Vice-chairperson and members of the Commission.","(घ) कानून आयोग, २०२९ः श्री ५ महाराजाधिराजबाट मिति २०२९।२।१९ मा प्रचलित नेपाल कानूनमा विशेष गरी फौजदारी, देवानी, बाणिज्य तथा प्रमाण सम्बन्धी कानूनहरुमा भइरहेको अभाव र त्रुटीहरु हटाई भरिसक्य सरल, बैज्ञानिक र व्यवहारिक रुप दिई छुटृाछुटृै ऐनहरुको तर्जुमा गर्न न्यायिक समितिका अध्यक्ष एवं सर्वोच्च अदालतका माननीय न्यायाधीश श्री नयनबहादुर खत्रीको अध्यक्षतामा ५ सदस्यीय चौथौ कानून आयोगको गठन गरिबक्सियो । उक्त आयोग गठनको सूचना अनुसूची – ४ मा राखिएको छ । उक्त आयोगमा सर्वोच्च अदालतका अस्थायी माननीय न्यायाधीश श्री विश्वनाथ उपाध्याय— १, महान्यायाधिवक्ता श्री रमानन्दप्रसाद सिंह —१, न्यायिक समितिका सदस्य श्री कृष्णप्रसाद पन्त— १ समेतलाई सदस्य तथा कानून सचिव श्री चूडामणिराज सिंहलाई सदस्य—सचिव तोकिएको थियो । यस आयोगले प्रमाण ऐन तथा अपराध संहिता मसौदा र तत्सम्बन्धी प्रतिवेदन तयार गरी श्री ५ समक्ष पेश गरेको थि",,,,law_gov,training/data/train_clean_en-ne.jsonl,,neutral_until_reviewed,,,,,,,,,
questions_requests_00015,Where does it hurt?,तपाईंलाई कहाँ दुखेको छ?,,tapailai kaha dukheko chha?,,assistant_curated,training/data/train_clean_en-ne.jsonl,,neutral_until_reviewed,,,,,,,,,ne_formal taken from questions_requests_00015
travel_00005,Which bus goes to Patan?,कुन बस पाटन जान्छ?,,,,hand_priority_seed,training/data/train_clean_en-ne.jsonl,,neutral_until_reviewed,,,,,,,,,
travel_00004,I need a taxi.,मलाई ट्याक्सी चाहियो।,,,,hand_priority_seed,training/data/train_clean_en-ne.jsonl,,neutral_until_reviewed,,,,,,,,,
government_00061,"1 Initiation of tasks: The commission may initiate drafting and law reform process either on referral of the concerned ministry or on its own. It may also receive a proposal from stakeholders, i.e. individual, non-governmental organization, civil society and community organization.","(च) नेपाल कानून सुधार आयोग, २०४१ः यस अघिका आयोगको आवधिक वा तदर्थ रुपमा गठन विघटन हुंदै आएकोमा श्री ५ को सरकारको मिति २०४१।८।२१ को निर्णयले नेपाल कानून सुधार आयोग नामक एक स्थायी प्रकृतिको आयोगको स्थापना गरी पदाधिकारीहरु नियुक्ति गर्ने व्यवस्था गर्यो । श्री ५ को सरकारको यो निर्णयले कानून तर्जुमाका क्षेत्रमा आयोगको स्थायी भूमिका एवं सक्रियताको अपेक्षा राख्दै संस्थागत रुपमा नै आयोगको अस्तित्व स्थापित गर्ने काम ग¥यो । आयोगको इतिहासमा यो सर्वाधिक महत्वको निर्णय थियो भन्न सकिन्छ । जस अनुसार ५ वर्षे कार्यावधि सहित गठन भएको आयोगको गठनविधि एवं काम कर्तव्यहरुको व्यवस्था गरिएको थियो । पछि श्री ५ को सरकारले मिति २०४६।८।२१ मा पदावधि समाप्त भएका उक्त आयोगका सदस्य तथा सह—सदस्यहरुलाई यथावत कायम राख्ने निर्णय गरेको थियो ।",,,,law_gov,training/data/train_clean_en-ne.jsonl,,neutral_until_reviewed,,,,,,,,,
government_00007,Officials and Employees,पदाधिकारी र कर्मचारी,,,,recovered_site_labels_and_manual_normalization,training/data/train_clean_en-ne.jsonl,,neutral_until_reviewed,,,,,,,,,
code_switch_names_00004,Meet me at Durbar Square.,दरबार स्क्वायरमा भेटौं।,,,,hand_priority_seed,training/data/train_clean_en-ne.jsonl,,neutral_until_reviewed,,,,,,,,,
code_switch_names_00004,Meet me at Durbar Square.,दरबार स्क्वायरमा भेटौं।,,,,hand_priority_seed,training/data/train_clean_en-ne.jsonl,,neutral_until_reviewed,,,,,,,,,
family_00002,How is your mother?,तिम्री आमालाई कस्तो छ?,,,,hand_priority_seed,training/data/train_clean_en-ne.jsonl,,neutral_until_reviewed,,,,,,,,,
government_00041,Office Hours,कार्यालय समय,,,,recovered_site_labels_and_manual_normalization,training/data/train_clean_en-ne.jsonl,,neutral_until_reviewed,,,,,,,,,
government_00035,Government of Nepal,नेपाल सरकार,,,,recovered_site_labels_and_manual_normalization,training/data/train_clean_en-ne.jsonl,,neutral_until_reviewed,,,,,,,,,
questions_requests_00017,Please come with me.,कृपया मसँग आउनुहोस्।,,kripya masnga aaunuhos.,,assistant_curated,training/data/train_clean_en-ne.jsonl,,neutral_until_reviewed,,,,,,,,,ne_formal taken from questions_requests_00016
government_00057,The Chairperson and the Vice-chairperson are appointed by the Government of Nepal for five years. Other three members consisting of at least one woman are nominated by the same for two years. Retired judge of the Supreme Court or one who is qualified for the same is eligible to be appointed as the Chairperson. Person retired from the post of special class of Nepal Judicial Service or a person having fifteen years of experience as a law practitioner or law teacher or working in the field of law and justice including legal drafting may be eligible for the post of Vice-chairperson or member of the commission.,मिति २०१८।७।१४ मा प्रकाशित सूचना अनुसार सर्वोच्च अदालतको न्यायाधीशलाई झिकी एटर्नी जनरललाई अध्यक्ष बनाइएको थियो । उक्त सूचना अनुसूची ३ मा राखिएको छ । कमिशनको बैठक कम्तिमा महिनाको ४ पटक वस्नुपर्ने र ४ जना सदस्यहरु उपस्थित हुनुपर्ने गरी गणपूरक संख्या तोकिएकोमा मिति २०१८।७।१४ को राजपत्रमा प्रकाशित सूचना अनुसार गणपूरक संख्या ३ बनाइएको थियो । कमिशनले आफ्नो कार्यविधि व्यवस्थित गर्न नियम बनाउन सक्ने तथा सो नियम कानून मन्त्रालयबाट स्वीकृत हुनुपर्ने व्यवस्था थियो । कानून मन्त्रालयको उप—सचिवलाई सेक्रेटरी तोकिएको उक्त कमिशनले २ वर्ष भित्रमा काम सम्पन्न गरी रिपोर्ट श्री ५ को सरकार समक्ष पेश गर्नुपर्ने थियो । २०२० सालको मुलुकी ऐन यस आयोगको सक्रियतामा बनेको हो ।,,,,law_gov,training/data/train_clean_en-ne.jsonl,,neutral_until_reviewed,,,,,,,,,
government_00019,Regulations,नियमावली,,,,recovered_site_labels_and_manual_normalization,training/data/train_clean_en-ne.jsonl,,neutral_until_reviewed,,,,,,,,,
government_00016,By Volume,खण्ड अनुसार,,,,recovered_site_labels_and_manual_normalization,training/data/train_clean_en-ne.jsonl,,neutral_until_reviewed,,,,,,,,,
questions_requests_00011,Please give me a receipt.,कृपया मलाई रसिद दिनुहोस्।,,,,assistant_curated,training/data/train_clean_en-ne.jsonl,,neutral_until_reviewed,,,,,,,,,
government_00038,Select Language,भाषा चयन गर,,,,recovered_site_labels_and_manual_normalization,training/data/train_clean_en-ne.jsonl,,neutral_until_reviewed,,,,,,,,,
government_00042,Home,गृहपृष्ठ,,,,recovered_site_labels_and_manual_normalization,training/data/train_clean_en-ne.jsonl,,neutral_until_reviewed,,,,,,,,,
government_00036,Nepal Law Commission,नेपाल कानून आयोग,,,,recovered_site_labels_and_manual_normalization,training/data/train_clean_en-ne.jsonl,,neutral_until_reviewed,,,,,,,,,
travel_00006,Is there a cheaper hotel nearby?,नजिकै सस्तो होटल छ?,,,,hand_priority_seed,training/data/train_clean_en-ne.jsonl,,neutral_until_reviewed,,,,,,,,,
questions_requests_00024,Please pass the phone.,कृपया फोन अर्को व्यक्तिलाई दिनुहोस्।,,,,assistant_curated,training/data/train_clean_en-ne.jsonl,,neutral_until_reviewed,,,,,,,,,
government_00036,Nepal Law Commission,नेपाल कानून आयोग,,,,recovered_site_labels_and_manual_normalization,training/data/train_clean_en-ne.jsonl,,neutral_until_reviewed,,,,,,,,,
government_00059,"There is a provision of a Recommendation Committee composed of the Minister for Law, Justice and Parliamentary Affairs, Chairperson of the Law, Justice and Parliamentary Committee of the House of Representatives* and Chairperson of the Nepal Bar Association to recommend to the Government for appointment in the post of Chairperson, Vice-chairperson and members of the Commission.","(घ) कानून आयोग, २०२९ः श्री ५ महाराजाधिराजबाट मिति २०२९।२।१९ मा प्रचलित नेपाल कानूनमा विशेष गरी फौजदारी, देवानी, बाणिज्य तथा प्रमाण सम्बन्धी कानूनहरुमा भइरहेको अभाव र त्रुटीहरु हटाई भरिसक्य सरल, बैज्ञानिक र व्यवहारिक रुप दिई छुटृाछुटृै ऐनहरुको तर्जुमा गर्न न्यायिक समितिका अध्यक्ष एवं सर्वोच्च अदालतका माननीय न्यायाधीश श्री नयनबहादुर खत्रीको अध्यक्षतामा ५ सदस्यीय चौथौ कानून आयोगको गठन गरिबक्सियो । उक्त आयोग गठनको सूचना अनुसूची – ४ मा राखिएको छ । उक्त आयोगमा सर्वोच्च अदालतका अस्थायी माननीय न्यायाधीश श्री विश्वनाथ उपाध्याय— १, महान्यायाधिवक्ता श्री रमानन्दप्रसाद सिंह —१, न्यायिक समितिका सदस्य श्री कृष्णप्रसाद पन्त— १ समेतलाई सदस्य तथा कानून सचिव श्री चूडामणिराज सिंहलाई सदस्य—सचिव तोकिएको थियो । यस आयोगले प्रमाण ऐन तथा अपराध संहिता मसौदा र तत्सम्बन्धी प्रतिवेदन तयार गरी श्री ५ समक्ष पेश गरेको थि",,,,law_gov,training/data/train_clean_en-ne.jsonl,,neutral_until_reviewed,,,,,,,,,
government_00041,Office Hours,कार्यालय समय,,,,recovered_site_labels_and_manual_normalization,training/data/train_clean_en-ne.jsonl,,neutral_until_reviewed,,,,,,,,,
core_grammar_00024,Send me a message.,मलाई सन्देश पठाऊ न।,,,,assistant_curated,training/data/train_clean_en-ne.jsonl,,neutral_until_reviewed,,,,,,,,,
core_grammar_00023,I live in Kathmandu.,म काठमाडौंमा बस्छु।,,,,assistant_curated,training/data/train_clean_en-ne.jsonl,,neutral_until_reviewed,,,,,,,,,
family_00005,You are welcome.,हजुरलाई स्वागत छ।,,,,assistant_curated,training/data/train_clean_en-ne.jsonl,,neutral_until_reviewed,,,,,,,,,
core_grammar_00006,Yes.,हो।,,,,assistant_curated,training/data/train_clean_en-ne.jsonl,,neutral_until_reviewed,,,,,,,,,
questions_requests_00025,Please pass the phone.,कृपया फोन अर्को व्यक्तिलाई दिनुहोस्।,,kripya phona arko wyaktilai dinuhos.,,assistant_curated,training/data/train_clean_en-ne.jsonl,,neutral_until_reviewed,,,,,,,,,ne_formal taken from questions_requests_00024
numbers_money_00001,It is two hundred rupees.,दुई सय रुपैयाँ हो।,,,,hand_priority_seed,training/data/train_clean_en-ne.jsonl,,neutral_until_reviewed,,,,,,,,,
shopping_00001,That is too expensive.,त्यो धेरै महँगो छ।,,,,hand_priority_seed,training/data/train_clean_en-ne.jsonl,,neutral_until_reviewed,,,,,,,,,
government_00044,Read More,थप पढ्नुहोस्,,,,recovered_site_labels_and_manual_normalization,training/data/train_clean_en-ne.jsonl,,neutral_until_reviewed,,,,,,,,,
questions_requests_00016,Please come with me.,मसँग आउ।,,,,assistant_curated,training/data/train_clean_en-ne.jsonl,,neutral_until_reviewed,,,,,,,,,
government_00028,Other,अन्य,,,,recovered_site_labels_and_manual_normalization,training/data/train_clean_en-ne.jsonl,,neutral_until_reviewed,,,,,,,,,
core_grammar_00005,I am sorry.,म क्षमा चाहन्छु।,,,,assistant_curated,training/data/train_clean_en-ne.jsonl,,neutral_until_reviewed,,,,,,,,,
questions_requests_00001,Please wait here.,कृपया यहाँ पर्खनुहोस्।,,,,hand_priority_seed,training/data/train_clean_en-ne.jsonl,,neutral_until_reviewed,,,,,,,,,
government_00058,"The Secretary at the Ministry of Law, Justice and Parliamentary Affairs, Secretary (Law) at the Office of the Prime Minister and Council of Ministers, Deputy Attorney General nominated by the Attorney General of Nepal and the Secretary at the NLC, who also serves as a Member-Secretary, are ex-officio members.","(ग) कानून आयोग, २०२०ः श्री ५ को सरकारको मिति २०२०।१०।८।४ को निर्णय बमोजिम (राजपत्रमा सूचना प्रकाशित मिति २०२०।१२।१०) गठन भएको उक्त आयोगको गठनविधि यस प्रकार थियोः— १. श्री विनोदप्रसाद धिताल सह—सचिव, कानून मन्त्रालय — पदेन अध्यक्ष २. श्री नीरकुमार क्षेत्री — सदस्य ३. श्री टोप बहादुर सिंह — सदस्य ४. श्री हेरम्बराज — सदस्य ५. श्री विश्वनाथ उपाध्याय उप—सचिव, कानून मन्त्रालय —सदस्य—सचिव",,,,law_gov,training/data/train_clean_en-ne.jsonl,,neutral_until_reviewed,,,,,,,,,
government_00009,Services,सेवाहरू,,,,recovered_site_labels_and_manual_normalization,training/data/train_clean_en-ne.jsonl,,neutral_until_reviewed,,,,,,,,,
government_00057,The Chairperson and the Vice-chairperson are appointed by the Government of Nepal for five years. Other three members consisting of at least one woman are nominated by the same for two years. Retired judge of the Supreme Court or one who is qualified for the same is eligible to be appointed as the Chairperson. Person retired from the post of special class of Nepal Judicial Service or a person having fifteen years of experience as a law practitioner or law teacher or working in the field of law and justice including legal drafting may be eligible for the post of Vice-chairperson or member of the commission.,मिति २०१८।७।१४ मा प्रकाशित सूचना अनुसार सर्वोच्च अदालतको न्यायाधीशलाई झिकी एटर्नी जनरललाई अध्यक्ष बनाइएको थियो । उक्त सूचना अनुसूची ३ मा राखिएको छ । कमिशनको बैठक कम्तिमा महिनाको ४ पटक वस्नुपर्ने र ४ जना सदस्यहरु उपस्थित हुनुपर्ने गरी गणपूरक संख्या तोकिएकोमा मिति २०१८।७।१४ को राजपत्रमा प्रकाशित सूचना अनुसार गणपूरक संख्या ३ बनाइएको थियो । कमिशनले आफ्नो कार्यविधि व्यवस्थित गर्न नियम बनाउन सक्ने तथा सो नियम कानून मन्त्रालयबाट स्वीकृत हुनुपर्ने व्यवस्था थियो । कानून मन्त्रालयको उप—सचिवलाई सेक्रेटरी तोकिएको उक्त कमिशनले २ वर्ष भित्रमा काम सम्पन्न गरी रिपोर्ट श्री ५ को सरकार समक्ष पेश गर्नुपर्ने थियो । २०२० सालको मुलुकी ऐन यस आयोगको सक्रियतामा बनेको हो ।,,,,law_gov,training/data/train_clean_en-ne.jsonl,,neutral_until_reviewed,,,,,,,,,
questions_requests_00013,Is this vegetarian?,के यो शाकाहारी हो?,,,,assistant_curated,training/data/train_clean_en-ne.jsonl,,neutral_until_reviewed,,,,,,,,,
government_00018,Ordinances,अध्यादेश,,,,recovered_site_labels_and_manual_normalization,training/data/train_clean_en-ne.jsonl,,neutral_until_reviewed,,,,,,,,,
questions_requests_00010,Do you have a smaller size?,के तपाईंसँग योभन्दा सानो साइज छ?,,,,assistant_curated,training/data/train_clean_en-ne.jsonl,,neutral_until_reviewed,,,,,,,,,
government_00024,Repealed Regulations,खारेज भएका नियमावली,,,,recovered_site_labels_and_manual_normalization,training/data/train_clean_en-ne.jsonl,,neutral_until_reviewed,,,,,,,,,
pronouns_honorifics_00002,Please come in.,कृपया भित्र आउनुहोस्।,,,,hand_priority_seed,training/data/train_clean_en-ne.jsonl,,neutral_until_reviewed,,,,,,,,,
family_00003,This is my brother.,यो मेरो भाइ हो।,,,,hand_priority_seed,training/data/train_clean_en-ne.jsonl,,neutral_until_reviewed,,,,,,,,,
government_00003,Introduction,परिचय,,,,recovered_site_labels_and_manual_normalization,training/data/train_clean_en-ne.jsonl,,neutral_until_reviewed,,,,,,,,,
pronouns_honorifics_00002,Please come in.,भित्र आ।,,,,hand_priority_seed,training/data/train_clean_en-ne.jsonl,,neutral_until_reviewed,,,,,,,,,
government_00027,Historical Documents,ऐतिहासिक दस्तावेज,,,,recovered_site_labels_and_manual_normalization,training/data/train_clean_en-ne.jsonl,,neutral_until_reviewed,,,,,,,,,
government_00020,Formation Orders,गठन आदेश,,,,recovered_site_labels_and_manual_normalization,training/data/train_clean_en-ne.jsonl,,neutral_until_reviewed,,,,,,,,,
government_00040,Important Notice,महत्त्वपूर्ण सूचना,,,,recovered_site_labels_and_manual_normalization,training/data/train_clean_en-ne.jsonl,,neutral_until_reviewed,,,,,,,,,
code_switch_names_00005,Open Google Maps.,गुगल म्याप्स खोल।,,,,hand_priority_seed,training/data/train_clean_en-ne.jsonl,,neutral_until_reviewed,,,,,,,,,
travel_00002,Please take me to the bus station.,कृपया मलाई बस स्टेशन लैजानुहोस्।,,,,hand_priority_seed,training/data/train_clean_en-ne.jsonl,,neutral_until_reviewed,,,,,,,,,
questions_requests_00032,Where does it hurt?,तपाईंलाई कहाँ दुखेको छ?,,tapailai kaha dukheko chha?,,user_conv_seed,training/data/train_clean_en-ne.jsonl,,neutral_until_reviewed,,,,,,,,,ne_formal taken from questions_requests_00015
government_00033,Suggestions and Complaints,सुझाव र गुनासो,,,,recovered_site_labels_and_manual_normalization,training/data/train_clean_en-ne.jsonl,,neutral_until_reviewed,,,,,,,,,
government_00054,The Government may appoint up to five members as honorary members to the Commission from amongst outstanding experts in the pertinent field.,शुरुमा यसको कार्यकाल एक वर्ष तोकिएको भए तापनि पटक पटक म्याद थप भई २०२७ सालसम्म कायम भएको थियो ।,,,,law_gov,training/data/train_clean_en-ne.jsonl,,neutral_until_reviewed,,,,,,,,,
questions_requests_00002,Do you understand?,के तपाईं बुझ्नुहुन्छ?,,,,hand_priority_seed,training/data/train_clean_en-ne.jsonl,,neutral_until_reviewed,,,,,,,,,
government_00001,This is my passport.,यो मेरो पासपोर्ट हो।,,,,hand_priority_seed,training/data/train_clean_en-ne.jsonl,,neutral_until_reviewed,,,,,,,,,
questions_requests_00011,Please give me a receipt.,कृपया मलाई रसिद दिनुहोस्।,,kripya malai rasida dinuhos.,,assistant_curated,training/data/train_clean_en-ne.jsonl,,neutral_until_reviewed,,,,,,,,,ne_formal taken from questions_requests_00011
core_grammar_00010,Turn left.,बायाँ मोड।,,,,assistant_curated,training/data/train_clean_en-ne.jsonl,,neutral_until_reviewed,,,,,,,,,
core_grammar_00031,The translation is loading.,अनुवाद लोड हुँदैछ।,,,,assistant_curated,training/data/train_clean_en-ne.jsonl,,neutral_until_reviewed,,,,,,,,,
family_00003,This is my brother.,यो मेरो भाइ हो।,,,,hand_priority_seed,training/data/train_clean_en-ne.jsonl,,neutral_until_reviewed,,,,,,,,,
government_00038,Select Language,भाषा चयन गर्नुहोस्,,,,recovered_site_labels_and_manual_normalization,training/data/train_clean_en-ne.jsonl,,neutral_until_reviewed,,,,,,,,,
government_00031,Contact,सम्पर्क,,,,recovered_site_labels_and_manual_normalization,training/data/train_clean_en-ne.jsonl,,neutral_until_reviewed,,,,,,,,,
core_grammar_00033,That translation is correct.,त्यो अनुवाद सही छ।,,,,assistant_curated,training/data/train_clean_en-ne.jsonl,,neutral_until_reviewed,,,,,,,,,
questions_requests_00016,Please come with me.,कृपया मसँग आउनुहोस्।,,,,assistant_curated,training/data/train_clean_en-ne.jsonl,,neutral_until_reviewed,,,,,,,,,
government_00044,Read More,थप पढ्नुहोस्,,,,recovered_site_labels_and_manual_normalization,training/data/train_clean_en-ne.jsonl,,neutral_until_reviewed,,,,,,,,,
core_grammar_00011,Turn right.,दायाँ मोड्नुहोस्।,,,,assistant_curated,training/data/train_clean_en-ne.jsonl,,neutral_until_reviewed,,,,,,,,,
government_00029,Information Center,सूचना केन्द्र,,,,recovered_site_labels_and_manual_normalization,training/data/train_clean_en-ne.jsonl,,neutral_until_reviewed,,,,,,,,,
government_00007,Officials and Employees,पदाधिकारी र कर्मचारी,,,,recovered_site_labels_and_manual_normalization,training/data/train_clean_en-ne.jsonl,,neutral_until_reviewed,,,,,,,,,
questions_requests_00017,Please come with me.,कृपया मसँग आउनुहोस्।,,kripya masnga aaunuhos.,,assistant_curated,training/data/train_clean_en-ne.jsonl,,neutral_until_reviewed,,,,,,,,,ne_formal taken from questions_requests_00016
government_00020,Formation Orders,गठन आदेश,,,,recovered_site_labels_and_manual_normalization,training/data/train_clean_en-ne.jsonl,,neutral_until_reviewed,,,,,,,,,
numbers_money_00003,It is half past three.,साढे तीन बज्यो।,,,,hand_priority_seed,training/data/train_clean_en-ne.jsonl,,neutral_until_reviewed,,,,,,,,,
core_grammar_00024,Send me a message.,मलाई सन्देश पठाऊ न।,,,,assistant_curated,training/data/train_clean_en-ne.jsonl,,neutral_until_reviewed,,,,,,,,,
core_grammar_00022,I came yesterday.,म हिजो आएको थिएँ।,,,,assistant_curated,training/data/train_clean_en-ne.jsonl,,neutral_until_reviewed,,,,,,,,,
government_00005,Duties and Powers,"काम, कर्तव्य र अधिकार",,,,recovered_site_labels_and_manual_normalization,training/data/train_clean_en-ne.jsonl,,neutral_until_reviewed,,,,,,,,,
government_00053,Please use formal language.,औपचारिक भाषा प्रयोग गर।,,,,assistant_curated,training/data/train_clean_en-ne.jsonl,,neutral_until_reviewed,,,,,,,,,
government_00063,"3 Preparation of Consultation Paper: The WT carries out in-depth study of the issue under review. For this purpose, WT may invite expert, stakeholder and government official for consultation as an invitee member. The WT prepares a consultation/issue paper and it is made available to any person interested. WT can also opt appropriate methods of research for data collection.","यस आयोगले निम्न विषयमा विशेषज्ञहरुबाट कार्यक्रम तयार गर्न लगाई तत्सम्बन्धी कानूनको तर्जुमामा अध्ययन, अनुसन्धान गरेको देखिन्छ ।",,,,law_gov,training/data/train_clean_en-ne.jsonl,,neutral_until_reviewed,,,,,,,,,
questions_requests_00012,Please give me a receipt.,कृपया मलाई रसिद दिनुहोस्।,,kripya malai rasida dinuhos.,,assistant_curated,training/data/train_clean_en-ne.jsonl,,neutral_until_reviewed,,,,,,,,,ne_formal taken from questions_requests_00011
government_00015,Recent Acts,हालसालैका ऐन,,,,recovered_site_labels_and_manual_normalization,training/data/train_clean_en-ne.jsonl,,neutral_until_reviewed,,,,,,,,,
questions_requests_00006,Please.,कृपया।,,,,assistant_curated,training/data/train_clean_en-ne.jsonl,,neutral_until_reviewed,,,,,,,,,
government_00013,Constitution,संविधान,,,,recovered_site_labels_and_manual_normalization,training/data/train_clean_en-ne.jsonl,,neutral_until_reviewed,,,,,,,,,
government_00005,Duties and Powers,"काम, कर्तव्य र अधिकार",,,,recovered_site_labels_and_manual_normalization,training/data/train_clean_en-ne.jsonl,,neutral_until_reviewed,,,,,,,,,
government_00006,Organization Structure,सङ्गठन संरचना,,,,recovered_site_labels_and_manual_normalization,training/data/train_clean_en-ne.jsonl,,neutral_until_reviewed,,,,,,,,,
travel_00007,Where can I buy a SIM card?,सिम कार्ड कहाँ किन्न सकिन्छ?,,,,hand_priority_seed,training/data/train_clean_en-ne.jsonl,,neutral_until_reviewed,,,,,,,,,
government_00027,Historical Documents,ऐतिहासिक दस्तावेज,,,,recovered_site_labels_and_manual_normalization,training/data/train_clean_en-ne.jsonl,,neutral_until_reviewed,,,,,,,,,
health_00003,I need medicine for a headache.,मलाई टाउको दुखाइको औषधि चाहियो।,,,,hand_priority_seed,training/data/train_clean_en-ne.jsonl,,neutral_until_reviewed,,,,,,,,,
government_00004,Vision and Mission,परिदृश्य र परिलक्ष्य,,,,recovered_site_labels_and_manual_normalization,training/data/train_clean_en-ne.jsonl,,neutral_until_reviewed,,,,,,,,,
shopping_00001,That is too expensive.,त्यो धेरै महँगो छ।,,,,hand_priority_seed,training/data/train_clean_en-ne.jsonl,,neutral_until_reviewed,,,,,,,,,
core_grammar_00002,That is not right.,त्यो ठिक होइन।,,,,hand_priority_seed,training/data/train_clean_en-ne.jsonl,,neutral_until_reviewed,,,,,,,,,
core_grammar_00017,I do not eat meat.,म मासु खाँदिनँ।,,,,assistant_curated,training/data/train_clean_en-ne.jsonl,,neutral_until_reviewed,,,,,,,,,
government_00050,Back,पछाडि,,,,recovered_site_labels_and_manual_normalization,training/data/train_clean_en-ne.jsonl,,neutral_until_reviewed,,,,,,,,,
travel_00001,How far is it?,यो कति टाढा छ?,,,,hand_priority_seed,training/data/train_clean_en-ne.jsonl,,neutral_until_reviewed,,,,,,,,,
questions_requests_00012,Please give me a receipt.,कृपया मलाई रसिद दिनुहोस्।,,kripya malai rasida dinuhos.,,assistant_curated,training/data/train_clean_en-ne.jsonl,,neutral_until_reviewed,,,,,,,,,ne_formal taken from questions_requests_00011
questions_requests_00025,Please pass the phone.,कृपया फोन अर्को व्यक्तिलाई दिनुहोस्।,,kripya phona arko wyaktilai dinuhos.,,assistant_curated,training/data/train_clean_en-ne.jsonl,,neutral_until_reviewed,,,,,,,,,ne_formal taken from questions_requests_00024
numbers_money_00004,One thousand rupees.,एक हजार रुपैयाँ।,,,,hand_priority_seed,training/data/train_clean_en-ne.jsonl,,neutral_until_reviewed,,,,,,,,,
government_00017,Alphabetical List,वर्णानुक्रम अनुसारको सूची,,,,recovered_site_labels_and_manual_normalization,training/data/train_clean_en-ne.jsonl,,neutral_until_reviewed,,,,,,,,,
questions_requests_00014,Is this vegetarian?,यो शाकाहारी हो?,,,,assistant_curated,training/data/train_clean_en-ne.jsonl,,neutral_until_reviewed,,,,,,,,,
health_00001,I have a fever.,मलाई ज्वरो आएको छ।,,,,hand_priority_seed,training/data/train_clean_en-ne.jsonl,,neutral_until_reviewed,,,,,,,,,
shopping_00004,Do you have a smaller size?,साना साइज छ?,,,,hand_priority_seed,training/data/train_clean_en-ne.jsonl,,neutral_until_reviewed,,,,,,,,,
government_00046,Next,अर्को,,,,recovered_site_labels_and_manual_normalization,training/data/train_clean_en-ne.jsonl,,neutral_until_reviewed,,,,,,,,,
government_00013,Constitution,संविधान,,,,recovered_site_labels_and_manual_normalization,training/data/train_clean_en-ne.jsonl,,neutral_until_reviewed,,,,,,,,,
government_00018,Ordinances,अध्यादेश,,,,recovered_site_labels_and_manual_normalization,training/data/train_clean_en-ne.jsonl,,neutral_until_reviewed,,,,,,,,,
government_00055,"The Nepal Law Commission (NLC) was first constituted by an executive decision in 1953, immediately after the dawn of multiparty democracy. The second, third, fourth and fifth Commissions were constituted in 1960, 1963, 1972 and 1979 respectively. All those Commissions were temporary in nature. The NLC was given permanent status only in 1984. After the restoration of multiparty democracy in 1990, the NLC was restructured with the mandate commensurate to the changed context. It was again restructured in 2003 with timely changes in its mandate and composition. Now, the Commission is a statutory body under the Nepal Law Commission Act, 2007, which was promulgated on 14th January, 2007. It is to","(क) ल कमिशन, २०१०ः नेपालमा सर्वप्रथम २०१०।९।६।१ को मन्त्रिमण्डलको निर्णय बमोजिम पहिलो ल कमिशनको गठन भएको हो । उक्त कमिशनको गठनविधि, कार्य प्रणाली, कार्यावधि आदिका सम्बन्धमा मिति २०१०।११।११ मा नेपाल गजेटमा प्रकाशित सरकारको विज्ञप्तिमा उल्लेख गरिएको थियो ।",,,,law_gov,training/data/train_clean_en-ne.jsonl,,neutral_until_reviewed,,,,,,,,,
government_00055,"The Nepal Law Commission (NLC) was first constituted by an executive decision in 1953, immediately after the dawn of multiparty democracy. The second, third, fourth and fifth Commissions were constituted in 1960, 1963, 1972 and 1979 respectively. All those Commissions were temporary in nature. The NLC was given permanent status only in 1984. After the restoration of multiparty democracy in 1990, the NLC was restructured with the mandate commensurate to the changed context. It was again restructured in 2003 with timely changes in its mandate and composition. Now, the Commission is a statutory body under the Nepal Law Commission Act, 2007, which was promulgated on 14th January, 2007. It is to","(क) ल कमिशन, २०१०ः नेपालमा सर्वप्रथम २०१०।९।६।१ को मन्त्रिमण्डलको निर्णय बमोजिम पहिलो ल कमिशनको गठन भएको हो । उक्त कमिशनको गठनविधि, कार्य प्रणाली, कार्यावधि आदिका सम्बन्धमा मिति २०१०।११।११ मा नेपाल गजेटमा प्रकाशित सरकारको विज्ञप्तिमा उल्लेख गरिएको थियो ।",,,,law_gov,training/data/train_clean_en-ne.jsonl,,neutral_until_reviewed,,,,,,,,,
questions_requests_00004,Could you write it down?,के तपाईं लेखिदिन सक्नुहुन्छ?,,ke tapai lekhidina saknuhunchha?,,hand_priority_seed,training/data/train_clean_en-ne.jsonl,,neutral_until_reviewed,,,,,,,,,ne_formal taken from questions_requests_00004
government_00048,Cancel,रद्द गर,,,,recovered_site_labels_and_manual_normalization,training/data/train_clean_en-ne.jsonl,,neutral_until_reviewed,,,,,,,,,
pronouns_honorifics_00003,Would you like some tea?,के तपाईं चिया खानुहुन्छ?,,,,hand_priority_seed,training/data/train_clean_en-ne.jsonl,,neutral_until_reviewed,,,,,,,,,
core_grammar_00018,I have an allergy.,मलाई एलर्जी छ।,,,,assistant_curated,training/data/train_clean_en-ne.jsonl,,neutral_until_reviewed,,,,,,,,,
travel_00007,Where can I buy a SIM card?,सिम कार्ड कहाँ किन्न सकिन्छ?,,,,hand_priority_seed,training/data/train_clean_en-ne.jsonl,,neutral_until_reviewed,,,,,,,,,
government_00017,Alphabetical List,वर्णानुक्रम अनुसारको सूची,,,,recovered_site_labels_and_manual_normalization,training/data/train_clean_en-ne.jsonl,,neutral_until_reviewed,,,,,,,,,
core_grammar_00032,That translation is wrong.,त्यो अनुवाद गलत छ।,,,,assistant_curated,training/data/train_clean_en-ne.jsonl,,neutral_until_reviewed,,,,,,,,,
health_00002,I feel dizzy.,मलाई टाउको घुमेको छ।,,,,hand_priority_seed,training/data/train_clean_en-ne.jsonl,,neutral_until_reviewed,,,,,,,,,
travel_00003,Is this the way to Thamel?,के यो ठमेल जाने बाटो हो?,,,,hand_priority_seed,training/data/train_clean_en-ne.jsonl,,neutral_until_reviewed,,,,,,,,,
government_00030,Annual Report,वार्षिक प्रतिवेदन,,,,recovered_site_labels_and_manual_normalization,training/data/train_clean_en-ne.jsonl,,neutral_until_reviewed,,,,,,,,,
government_00022,Repealed Acts,खारेज भएका ऐन,,,,recovered_site_labels_and_manual_normalization,training/data/train_clean_en-ne.jsonl,,neutral_until_reviewed,,,,,,,,,
government_00037,"New Baneshwor, Kathmandu","नयाँ बानेश्वर, काठमाडौं",,,,recovered_site_labels_and_manual_normalization,training/data/train_clean_en-ne.jsonl,,neutral_until_reviewed,,,,,,,,,
numbers_money_00004,One thousand rupees.,एक हजार रुपैयाँ।,,,,hand_priority_seed,training/data/train_clean_en-ne.jsonl,,neutral_until_reviewed,,,,,,,,,
questions_requests_00002,Do you understand?,के तपाईं बुझ्नुहुन्छ?,,ke tapai bujhnuhunchha?,,hand_priority_seed,training/data/train_clean_en-ne.jsonl,,neutral_until_reviewed,,,,,,,,,ne_formal taken from questions_requests_00002
core_grammar_00032,That translation is wrong.,त्यो अनुवाद गलत छ।,,,,assistant_curated,training/data/train_clean_en-ne.jsonl,,neutral_until_reviewed,,,,,,,,,
health_00005,I am pregnant.,म गर्भवती छु।,,,,hand_priority_seed,training/data/train_clean_en-ne.jsonl,,neutral_until_reviewed,,,,,,,,,
government_00033,Suggestions and Complaints,सुझाव र गुनासो,,,,recovered_site_labels_and_manual_normalization,training/data/train_clean_en-ne.jsonl,,neutral_until_reviewed,,,,,,,,,
core_grammar_00001,This is good.,यो राम्रो छ।,,,,hand_priority_seed,training/data/train_clean_en-ne.jsonl,,neutral_until_reviewed,,,,,,,,,
family_00001,This is my family.,यो मेरो परिवार हो।,,,,hand_priority_seed,training/data/train_clean_en-ne.jsonl,,neutral_until_reviewed,,,,,,,,,
questions_requests_00026,Please try again.,कृपया फेरि प्रयास गर्नुहोस्।,,,,assistant_curated,training/data/train_clean_en-ne.jsonl,,neutral_until_reviewed,,,,,,,,,
government_00045,Previous,अघिल्लो,,,,recovered_site_labels_and_manual_normalization,training/data/train_clean_en-ne.jsonl,,neutral_until_reviewed,,,,,,,,,
government_00042,Home,गृहपृष्ठ,,,,recovered_site_labels_and_manual_normalization,training/data/train_clean_en-ne.jsonl,,neutral_until_reviewed,,,,,,,,,
pronouns_honorifics_00001,Where are you going?,तपाईं कहाँ जाँदै हुनुहुन्छ?,,,,hand_priority_seed,training/data/train_clean_en-ne.jsonl,,neutral_until_reviewed,,,,,,,,,
core_grammar_00020,I will come tomorrow.,म भोलि आउनेछु।,,,,assistant_curated,training/data/train_clean_en-ne.jsonl,,neutral_until_reviewed,,,,,,,,,
core_grammar_00005,I am sorry.,म क्षमा चाहन्छु।,,,,assistant_curated,training/data/train_clean_en-ne.jsonl,,neutral_until_reviewed,,,,,,,,,
government_00045,Previous,अघिल्लो,,,,recovered_site_labels_and_manual_normalization,training/data/train_clean_en-ne.jsonl,,neutral_until_reviewed,,,,,,,,,
government_00011,Research and Study,खोज तथा अध्ययन,,,,recovered_site_labels_and_manual_normalization,training/data/train_clean_en-ne.jsonl,,neutral_until_reviewed,,,,,,,,,
core_grammar_00012,Turn right.,दायाँ मोड।,,,,assistant_curated,training/data/train_clean_en-ne.jsonl,,neutral_until_reviewed,,,,,,,,,
government_00037,"New Baneshwor, Kathmandu","नयाँ बानेश्वर, काठमाडौं",,,,recovered_site_labels_and_manual_normalization,training/data/train_clean_en-ne.jsonl,,neutral_until_reviewed,,,,,,,,,
family_00001,This is my family.,यो मेरो परिवार हो।,,,,hand_priority_seed,training/data/train_clean_en-ne.jsonl,,neutral_until_reviewed,,,,,,,,,
core_grammar_00017,I do not eat meat.,म मासु खाँदिनँ।,,,,assistant_curated,training/data/train_clean_en-ne.jsonl,,neutral_until_reviewed,,,,,,,,,
government_00035,Government of Nepal,नेपाल सरकार,,,,recovered_site_labels_and_manual_normalization,training/data/train_clean_en-ne.jsonl,,neutral_until_reviewed,,,,,,,,,
government_00046,Next,अर्को,,,,recovered_site_labels_and_manual_normalization,training/data/train_clean_en-ne.jsonl,,neutral_until_reviewed,,,,,,,,,
core_grammar_00029,I have finished speaking.,मैले बोलिसकेँ।,,,,assistant_curated,training/data/train_clean_en-ne.jsonl,,neutral_until_reviewed,,,,,,,,,
questions_requests_00032,Where does it hurt?,तपाईंलाई कहाँ दुखेको छ?,,,,user_conv_seed,training/data/train_clean_en-ne.jsonl,,neutral_until_reviewed,,,,,,,,,
core_grammar_00023,I live in Kathmandu.,म काठमाडौंमा बस्छु।,,,,assistant_curated,training/data/train_clean_en-ne.jsonl,,neutral_until_reviewed,,,,,,,,,
government_00054,The Government may appoint up to five members as honorary members to the Commission from amongst outstanding experts in the pertinent field.,शुरुमा यसको कार्यकाल एक वर्ष तोकिएको भए तापनि पटक पटक म्याद थप भई २०२७ सालसम्म कायम भएको थियो ।,,,,law_gov,training/data/train_clean_en-ne.jsonl,,neutral_until_reviewed,,,,,,,,,
government_00025,Policies,नीति,,,,recovered_site_labels_and_manual_normalization,training/data/train_clean_en-ne.jsonl,,neutral_until_reviewed,,,,,,,,,
questions_requests_00026,Please try again.,फेरि प्रयास गर।,,,,assistant_curated,training/data/train_clean_en-ne.jsonl,,neutral_until_reviewed,,,,,,,,,
core_grammar_00014,Go straight.,सिधा जानुहोस्।,,sidha januhos.,,assistant_curated,training/data/train_clean_en-ne.jsonl,,neutral_until_reviewed,,,,,,,,,ne_formal taken from core_grammar_00013
core_grammar_00021,I will come tomorrow.,म भोलि आउँछु।,,,,assistant_curated,training/data/train_clean_en-ne.jsonl,,neutral_until_reviewed,,,,,,,,,
government_00010,Law Drafting,कानून तर्जुमा,,,,recovered_site_labels_and_manual_normalization,training/data/train_clean_en-ne.jsonl,,neutral_until_reviewed,,,,,,,,,
government_00011,Research and Study,खोज तथा अध्ययन,,,,recovered_site_labels_and_manual_normalization,training/data/train_clean_en-ne.jsonl,,neutral_until_reviewed,,,,,,,,,
core_grammar_00013,Go straight.,सिधा जानुहोस्।,,,,assistant_curated,training/data/train_clean_en-ne.jsonl,,neutral_until_reviewed,,,,,,,,,
travel_00002,Please take me to the bus station.,मलाई बस स्टेशन लगिदे।,,,,hand_priority_seed,training/data/train_clean_en-ne.jsonl,,neutral_until_reviewed,,,,,,,,,
questions_requests_00027,Please try again.,फेरि प्रयास गर।,,,,assistant_curated,training/data/train_clean_en-ne.jsonl,,neutral_until_reviewed,,,,,,,,,
government_00062,"2 Formation of Working Team: The Commission decides annual program on the basis of the priority and forms working team (WT) involving experts to work on approved area by providing clear mandate and time frame. Generally, one member of the Commission heads the WT or it is headed by any reputed personality in the relevant field.","श्री ५ को सरकारले मिति २०४७।१२।१८ को निर्णयानुसार नेपाल कानून सुधार आयोगलाई पुनर्गठन गरी कार्यविधि समेत तोकेको थियो । यो आयोगले २०४८ सालमा एक कार्यदलको गठन गरी नेपाल अधिराज्यको संविधान, २०४७ बमोजिम तर्जुमा गर्नुपर्ने ऐनहरुको मस्यौदा तयार गर्यो ।",,,,law_gov,training/data/train_clean_en-ne.jsonl,,neutral_until_reviewed,,,,,,,,,
family_00002,How is your mother?,तपाईंकी आमालाई कस्तो छ?,,,,hand_priority_seed,training/data/train_clean_en-ne.jsonl,,neutral_until_reviewed,,,,,,,,,
core_grammar_00021,I will come tomorrow.,म भोलि आउँछु।,,,,assistant_curated,training/data/train_clean_en-ne.jsonl,,neutral_until_reviewed,,,,,,,,,
questions_requests_00006,Please.,कृपया।,,,,assistant_curated,training/data/train_clean_en-ne.jsonl,,neutral_until_reviewed,,,,,,,,,
government_00024,Repealed Regulations,खारेज भएका नियमावली,,,,recovered_site_labels_and_manual_normalization,training/data/train_clean_en-ne.jsonl,,neutral_until_reviewed,,,,,,,,,
government_00061,"1 Initiation of tasks: The commission may initiate drafting and law reform process either on referral of the concerned ministry or on its own. It may also receive a proposal from stakeholders, i.e. individual, non-governmental organization, civil society and community organization.","(च) नेपाल कानून सुधार आयोग, २०४१ः यस अघिका आयोगको आवधिक वा तदर्थ रुपमा गठन विघटन हुंदै आएकोमा श्री ५ को सरकारको मिति २०४१।८।२१ को निर्णयले नेपाल कानून सुधार आयोग नामक एक स्थायी प्रकृतिको आयोगको स्थापना गरी पदाधिकारीहरु नियुक्ति गर्ने व्यवस्था गर्यो । श्री ५ को सरकारको यो निर्णयले कानून तर्जुमाका क्षेत्रमा आयोगको स्थायी भूमिका एवं सक्रियताको अपेक्षा राख्दै संस्थागत रुपमा नै आयोगको अस्तित्व स्थापित गर्ने काम ग¥यो । आयोगको इतिहासमा यो सर्वाधिक महत्वको निर्णय थियो भन्न सकिन्छ । जस अनुसार ५ वर्षे कार्यावधि सहित गठन भएको आयोगको गठनविधि एवं काम कर्तव्यहरुको व्यवस्था गरिएको थियो । पछि श्री ५ को सरकारले मिति २०४६।८।२१ मा पदावधि समाप्त भएका उक्त आयोगका सदस्य तथा सह—सदस्यहरुलाई यथावत कायम राख्ने निर्णय गरेको थियो ।",,,,law_gov,training/data/train_clean_en-ne.jsonl,,neutral_until_reviewed,,,,,,,,,
family_00005,You are welcome.,हजुरलाई स्वागत छ।,,,,assistant_curated,training/data/train_clean_en-ne.jsonl,,neutral_until_reviewed,,,,,,,,,
government_00014,Acts,ऐन,,,,recovered_site_labels_and_manual_normalization,training/data/train_clean_en-ne.jsonl,,neutral_until_reviewed,,,,,,,,,
travel_00008,The flight is delayed.,उडान ढिलो भयो।,,,,hand_priority_seed,training/data/train_clean_en-ne.jsonl,,neutral_until_reviewed,,,,,,,,,
core_grammar_00009,Turn left.,बायाँ मोड्नुहोस्।,,,,assistant_curated,training/data/train_clean_en-ne.jsonl,,neutral_until_reviewed,,,,,,,,,
core_grammar_00016,I do not want this.,मलाई यो चाहिँदैन।,,,,assistant_curated,training/data/train_clean_en-ne.jsonl,,neutral_until_reviewed,,,,,,,,,
core_grammar_00002,That is not right.,त्यो ठिक होइन।,,,,hand_priority_seed,training/data/train_clean_en-ne.jsonl,,neutral_until_reviewed,,,,,,,,,
government_00053,Please use formal language.,औपचारिक भाषा प्रयोग गर।,,,,assistant_curated,training/data/train_clean_en-ne.jsonl,,neutral_until_reviewed,,,,,,,,,
health_00005,I am pregnant.,म गर्भवती छु।,,,,hand_priority_seed,training/data/train_clean_en-ne.jsonl,,neutral_until_reviewed,,,,,,,,,
shopping_00005,I will pay in cash.,म नगद तिर्छु।,,,,hand_priority_seed,training/data/train_clean_en-ne.jsonl,,neutral_until_reviewed,,,,,,,,,
core_grammar_00006,Yes.,हो।,,,,assistant_curated,training/data/train_clean_en-ne.jsonl,,neutral_until_reviewed,,,,,,,,,
core_grammar_00014,Go straight.,सिधा जानुहोस्।,,sidha januhos.,,assistant_curated,training/data/train_clean_en-ne.jsonl,,neutral_until_reviewed,,,,,,,,,ne_formal taken from core_grammar_00013
questions_requests_00003,What does this mean?,यसको अर्थ के हो?,,,,hand_priority_seed,training/data/train_clean_en-ne.jsonl,,neutral_until_reviewed,,,,,,,,,
core_grammar_00025,The network is not working.,नेटवर्कले काम गरिरहेको छैन।,,,,assistant_curated,training/data/train_clean_en-ne.jsonl,,neutral_until_reviewed,,,,,,,,,
travel_00008,The flight is delayed.,उडान ढिलो भयो।,,,,hand_priority_seed,training/data/train_clean_en-ne.jsonl,,neutral_until_reviewed,,,,,,,,,
questions_requests_00031,Do you have a smaller size?,के तपाईंसँग योभन्दा सानो साइज छ?,,,,user_conv_seed,training/data/train_clean_en-ne.jsonl,,neutral_until_reviewed,,,,,,,,,
questions_requests_00023,Send me a message.,कृपया मलाई सन्देश पठाउनुहोस्।,,,,assistant_curated,training/data/train_clean_en-ne.jsonl,,neutral_until_reviewed,,,,,,,,,
government_00014,Acts,ऐन,,,,recovered_site_labels_and_manual_normalization,training/data/train_clean_en-ne.jsonl,,neutral_until_reviewed,,,,,,,,,
government_00025,Policies,नीति,,,,recovered_site_labels_and_manual_normalization,training/data/train_clean_en-ne.jsonl,,neutral_until_reviewed,,,,,,,,,
health_00003,I need medicine for a headache.,मलाई टाउको दुखाइको औषधि चाहियो।,,,,hand_priority_seed,training/data/train_clean_en-ne.jsonl,,neutral_until_reviewed,,,,,,,,,
asr_noise_00001,Please help me.,कृपया मलाई मद्दत गर्नुहोस्।,,,,hand_priority_seed,training/data/train_clean_en-ne.jsonl,,neutral_until_reviewed,,,,,,,,,
government_00003,Introduction,परिचय,,,,recovered_site_labels_and_manual_normalization,training/data/train_clean_en-ne.jsonl,,neutral_until_reviewed,,,,,,,,,
government_00050,Back,पछाडि,,,,recovered_site_labels_and_manual_normalization,training/data/train_clean_en-ne.jsonl,,neutral_until_reviewed,,,,,,,,,
travel_00003,Is this the way to Thamel?,के यो ठमेल जाने बाटो हो?,,,,hand_priority_seed,training/data/train_clean_en-ne.jsonl,,neutral_until_reviewed,,,,,,,,,
government_00012,Existing Laws,मौजुदा कानून,,,,recovered_site_labels_and_manual_normalization,training/data/train_clean_en-ne.jsonl,,neutral_until_reviewed,,,,,,,,,
core_grammar_00026,The network is not working.,नेटवर्क चलेको छैन।,,,,assistant_curated,training/data/train_clean_en-ne.jsonl,,neutral_until_reviewed,,,,,,,,,
core_grammar_00026,The network is not working.,नेटवर्क चलेको छैन।,,,,assistant_curated,training/data/train_clean_en-ne.jsonl,,neutral_until_reviewed,,,,,,,,,
health_00002,I feel dizzy.,मलाई टाउको घुमेको छ।,,,,hand_priority_seed,training/data/train_clean_en-ne.jsonl,,neutral_until_reviewed,,,,,,,,,
core_grammar_00016,I do not want this.,मलाई यो चाहिँदैन।,,,,assistant_curated,training/data/train_clean_en-ne.jsonl,,neutral_until_reviewed,,,,,,,,,
travel_00004,I need a taxi.,मलाई ट्याक्सी चाहियो।,,,,hand_priority_seed,training/data/train_clean_en-ne.jsonl,,neutral_until_reviewed,,,,,,,,,
core_grammar_00019,I am sick.,म बिरामी छु।,,,,assistant_curated,training/data/train_clean_en-ne.jsonl,,neutral_until_reviewed,,,,,,,,,
core_grammar_00018,I have an allergy.,मलाई एलर्जी छ।,,,,assistant_curated,training/data/train_clean_en-ne.jsonl,,neutral_until_reviewed,,,,,,,,,
code_switch_names_00002,Is Wi-Fi free here?,के यहाँ वाइफाइ निःशुल्क छ?,,,,hand_priority_seed,training/data/train_clean_en-ne.jsonl,,neutral_until_reviewed,,,,,,,,,
questions_requests_00013,Is this vegetarian?,के यो शाकाहारी हो?,,,,assistant_curated,training/data/train_clean_en-ne.jsonl,,neutral_until_reviewed,,,,,,,,,
government_00039,Search,खोज्नुहोस्,,,,recovered_site_labels_and_manual_normalization,training/data/train_clean_en-ne.jsonl,,neutral_until_reviewed,,,,,,,,,
government_00043,Download,डाउनलोड गर,,,,recovered_site_labels_and_manual_normalization,training/data/train_clean_en-ne.jsonl,,neutral_until_reviewed,,,,,,,,,
government_00052,Please use formal language.,औपचारिक भाषा प्रयोग गर।,,,,assistant_curated,training/data/train_clean_en-ne.jsonl,,neutral_until_reviewed,,,,,,,,,
core_grammar_00010,Turn left.,बायाँ मोड।,,,,assistant_curated,training/data/train_clean_en-ne.jsonl,,neutral_until_reviewed,,,,,,,,,
government_00010,Law Drafting,कानून तर्जुमा,,,,recovered_site_labels_and_manual_normalization,training/data/train_clean_en-ne.jsonl,,neutral_until_reviewed,,,,,,,,,
core_grammar_00001,This is good.,यो राम्रो छ।,,,,hand_priority_seed,training/data/train_clean_en-ne.jsonl,,neutral_until_reviewed,,,,,,,,,
questions_requests_00015,Where does it hurt?,तपाईंलाई कहाँ दुखेको छ?,,,,assistant_curated,training/data/train_clean_en-ne.jsonl,,neutral_until_reviewed,,,,,,,,,
government_00029,Information Center,सूचना केन्द्र,,,,recovered_site_labels_and_manual_normalization,training/data/train_clean_en-ne.jsonl,,neutral_until_reviewed,,,,,,,,,
asr_noise_00001,Please help me.,मलाई मद्दत गर।,,,,hand_priority_seed,training/data/train_clean_en-ne.jsonl,,neutral_until_reviewed,,,,,,,,,
code_switch_names_00003,My name is Cooper.,मेरो नाम कुपर हो।,,,,hand_priority_seed,training/data/train_clean_en-ne.jsonl,,neutral_until_reviewed,,,,,,,,,
family_00002,How is your mother?,तपाईंकी आमालाई कस्तो छ?,,,,hand_priority_seed,training/data/train_clean_ne-en.jsonl,,neutral_until_reviewed,,,,,,,,,
travel_00003,Is this the way to Thamel?,के यो ठमेल जाने बाटो हो?,,,,hand_priority_seed,training/data/train_clean_ne-en.jsonl,,neutral_until_reviewed,,,,,,,,,
travel_00002,Please take me to the bus station.,कृपया मलाई बस स्टेशन लैजानुहोस्।,,,,hand_priority_seed,training/data/train_clean_ne-en.jsonl,,neutral_until_reviewed,,,,,,,,,
questions_requests_00002,Do you understand?,के तपाईं बुझ्नुहुन्छ?,,ke tapai bujhnuhunchha?,,hand_priority_seed,training/data/train_clean_ne-en.jsonl,,neutral_until_reviewed,,,,,,,,,ne_formal taken from questions_requests_00002
questions_requests_00017,Please come with me.,कृपया मसँग आउनुहोस्।,,kripya masnga aaunuhos.,,assistant_curated,training/data/train_clean_ne-en.jsonl,,neutral_until_reviewed,,,,,,,,,ne_formal taken from questions_requests_00016
government_00062,"2 Formation of Working Team: The Commission decides annual program on the basis of the priority and forms working team (WT) involving experts to work on approved area by providing clear mandate and time frame. Generally, one member of the Commission heads the WT or it is headed by any reputed personality in the relevant field.","श्री ५ को सरकारले मिति २०४७।१२।१८ को निर्णयानुसार नेपाल कानून सुधार आयोगलाई पुनर्गठन गरी कार्यविधि समेत तोकेको थियो । यो आयोगले २०४८ सालमा एक कार्यदलको गठन गरी नेपाल अधिराज्यको संविधान, २०४७ बमोजिम तर्जुमा गर्नुपर्ने ऐनहरुको मस्यौदा तयार गर्यो ।",,,,law_gov,training/data/train_clean_ne-en.jsonl,,neutral_until_reviewed,,,,,,,,,
core_grammar_00011,Turn right.,दायाँ मोड्नुहोस्।,,,,assistant_curated,training/data/train_clean_ne-en.jsonl,,neutral_until_reviewed,,,,,,,,,
government_00011,Research and Study,खोज तथा अध्ययन,,,,recovered_site_labels_and_manual_normalization,training/data/train_clean_ne-en.jsonl,,neutral_until_reviewed,,,,,,,,,
core_grammar_00001,This is good.,यो राम्रो छ।,,,,hand_priority_seed,training/data/train_clean_ne-en.jsonl,,neutral_until_reviewed,,,,,,,,,
core_grammar_00007,No.,होइन।,,,,assistant_curated,training/data/train_clean_ne-en.jsonl,,neutral_until_reviewed,,,,,,,,,
core_grammar_00005,I am sorry.,म क्षमा चाहन्छु।,,,,assistant_curated,training/data/train_clean_ne-en.jsonl,,neutral_until_reviewed,,,,,,,,,
government_00037,"New Baneshwor, Kathmandu","नयाँ बानेश्वर, काठमाडौं",,,,recovered_site_labels_and_manual_normalization,training/data/train_clean_ne-en.jsonl,,neutral_until_reviewed,,,,,,,,,
family_00002,How is your mother?,तिम्री आमालाई कस्तो छ?,,,,hand_priority_seed,training/data/train_clean_ne-en.jsonl,,neutral_until_reviewed,,,,,,,,,
government_00057,The Chairperson and the Vice-chairperson are appointed by the Government of Nepal for five years. Other three members consisting of at least one woman are nominated by the same for two years. Retired judge of the Supreme Court or one who is qualified for the same is eligible to be appointed as the Chairperson. Person retired from the post of special class of Nepal Judicial Service or a person having fifteen years of experience as a law practitioner or law teacher or working in the field of law and justice including legal drafting may be eligible for the post of Vice-chairperson or member of the commission.,मिति २०१८।७।१४ मा प्रकाशित सूचना अनुसार सर्वोच्च अदालतको न्यायाधीशलाई झिकी एटर्नी जनरललाई अध्यक्ष बनाइएको थियो । उक्त सूचना अनुसूची ३ मा राखिएको छ । कमिशनको बैठक कम्तिमा महिनाको ४ पटक वस्नुपर्ने र ४ जना सदस्यहरु उपस्थित हुनुपर्ने गरी गणपूरक संख्या तोकिएकोमा मिति २०१८।७।१४ को राजपत्रमा प्रकाशित सूचना अनुसार गणपूरक संख्या ३ बनाइएको थियो । कमिशनले आफ्नो कार्यविधि व्यवस्थित गर्न नियम बनाउन सक्ने तथा सो नियम कानून मन्त्रालयबाट स्वीकृत हुनुपर्ने व्यवस्था थियो । कानून मन्त्रालयको उप—सचिवलाई सेक्रेटरी तोकिएको उक्त कमिशनले २ वर्ष भित्रमा काम सम्पन्न गरी रिपोर्ट श्री ५ को सरकार समक्ष पेश गर्नुपर्ने थियो । २०२० सालको मुलुकी ऐन यस आयोगको सक्रियतामा बनेको हो ।,,,,law_gov,training/data/train_clean_ne-en.jsonl,,neutral_until_reviewed,,,,,,,,,
government_00047,Submit,पेश गर्नुहोस्,,,,recovered_site_labels_and_manual_normalization,training/data/train_clean_ne-en.jsonl,,neutral_until_reviewed,,,,,,,,,
asr_noise_00001,Please help me.,मलाई मद्दत गर।,,,,hand_priority_seed,training/data/train_clean_ne-en.jsonl,,neutral_until_reviewed,,,,,,,,,
core_grammar_00014,Go straight.,सिधा जानुहोस्।,,sidha januhos.,,assistant_curated,training/data/train_clean_ne-en.jsonl,,neutral_until_reviewed,,,,,,,,,ne_formal taken from core_grammar_00013
questions_requests_00016,Please come with me.,कृपया मसँग आउनुहोस्।,,,,assistant_curated,training/data/train_clean_ne-en.jsonl,,neutral_until_reviewed,,,,,,,,,
code_switch_names_00005,Open Google Maps.,गुगल म्याप्स खोल।,,,,hand_priority_seed,training/data/train_clean_ne-en.jsonl,,neutral_until_reviewed,,,,,,,,,
questions_requests_00023,Send me a message.,कृपया मलाई सन्देश पठाउनुहोस्।,,,,assistant_curated,training/data/train_clean_ne-en.jsonl,,neutral_until_reviewed,,,,,,,,,
pronouns_honorifics_00001,Where are you going?,तपाईं कहाँ जाँदै हुनुहुन्छ?,,,,hand_priority_seed,training/data/train_clean_ne-en.jsonl,,neutral_until_reviewed,,,,,,,,,
core_grammar_00029,I have finished speaking.,मैले बोलिसकेँ।,,,,assistant_curated,training/data/train_clean_ne-en.jsonl,,neutral_until_reviewed,,,,,,,,,
questions_requests_00015,Where does it hurt?,तपाईंलाई कहाँ दुखेको छ?,,,,assistant_curated,training/data/train_clean_ne-en.jsonl,,neutral_until_reviewed,,,,,,,,,
government_00028,Other,अन्य,,,,recovered_site_labels_and_manual_normalization,training/data/train_clean_ne-en.jsonl,,neutral_until_reviewed,,,,,,,,,
government_00029,Information Center,सूचना केन्द्र,,,,recovered_site_labels_and_manual_normalization,training/data/train_clean_ne-en.jsonl,,neutral_until_reviewed,,,,,,,,,
government_00013,Constitution,संविधान,,,,recovered_site_labels_and_manual_normalization,training/data/train_clean_ne-en.jsonl,,neutral_until_reviewed,,,,,,,,,
pronouns_honorifics_00002,Please come in.,कृपया भित्र आउनुहोस्।,,,,hand_priority_seed,training/data/train_clean_ne-en.jsonl,,neutral_until_reviewed,,,,,,,,,
questions_requests_00024,Please pass the phone.,कृपया फोन अर्को व्यक्तिलाई दिनुहोस्।,,,,assistant_curated,training/data/train_clean_ne-en.jsonl,,neutral_until_reviewed,,,,,,,,,
government_00006,Organization Structure,सङ्गठन संरचना,,,,recovered_site_labels_and_manual_normalization,training/data/train_clean_ne-en.jsonl,,neutral_until_reviewed,,,,,,,,,
health_00002,I feel dizzy.,मलाई टाउको घुमेको छ।,,,,hand_priority_seed,training/data/train_clean_ne-en.jsonl,,neutral_until_reviewed,,,,,,,,,
government_00024,Repealed Regulations,खारेज भएका नियमावली,,,,recovered_site_labels_and_manual_normalization,training/data/train_clean_ne-en.jsonl,,neutral_until_reviewed,,,,,,,,,
government_00054,The Government may appoint up to five members as honorary members to the Commission from amongst outstanding experts in the pertinent field.,शुरुमा यसको कार्यकाल एक वर्ष तोकिएको भए तापनि पटक पटक म्याद थप भई २०२७ सालसम्म कायम भएको थियो ।,,,,law_gov,training/data/train_clean_ne-en.jsonl,,neutral_until_reviewed,,,,,,,,,
core_grammar_00002,That is not right.,त्यो ठिक होइन।,,,,hand_priority_seed,training/data/train_clean_ne-en.jsonl,,neutral_until_reviewed,,,,,,,,,
government_00016,By Volume,खण्ड अनुसार,,,,recovered_site_labels_and_manual_normalization,training/data/train_clean_ne-en.jsonl,,neutral_until_reviewed,,,,,,,,,
government_00038,Select Language,भाषा चयन गर,,,,recovered_site_labels_and_manual_normalization,training/data/train_clean_ne-en.jsonl,,neutral_until_reviewed,,,,,,,,,
numbers_money_00004,One thousand rupees.,एक हजार रुपैयाँ।,,,,hand_priority_seed,training/data/train_clean_ne-en.jsonl,,neutral_until_reviewed,,,,,,,,,
core_grammar_00018,I have an allergy.,मलाई एलर्जी छ।,,,,assistant_curated,training/data/train_clean_ne-en.jsonl,,neutral_until_reviewed,,,,,,,,,
core_grammar_00032,That translation is wrong.,त्यो अनुवाद गलत छ।,,,,assistant_curated,training/data/train_clean_ne-en.jsonl,,neutral_until_reviewed,,,,,,,,,
government_00042,Home,गृहपृष्ठ,,,,recovered_site_labels_and_manual_normalization,training/data/train_clean_ne-en.jsonl,,neutral_until_reviewed,,,,,,,,,
health_00005,I am pregnant.,म गर्भवती छु।,,,,hand_priority_seed,training/data/train_clean_ne-en.jsonl,,neutral_until_reviewed,,,,,,,,,
travel_00002,Please take me to the bus station.,मलाई बस स्टेशन लगिदे।,,,,hand_priority_seed,training/data/train_clean_ne-en.jsonl,,neutral_until_reviewed,,,,,,,,,
travel_00005,Which bus goes to Patan?,कुन बस पाटन जान्छ?,,,,hand_priority_seed,training/data/train_clean_ne-en.jsonl,,neutral_until_reviewed,,,,,,,,,
questions_requests_00014,Is this vegetarian?,यो शाकाहारी हो?,,,,assistant_curated,training/data/train_clean_ne-en.jsonl,,neutral_until_reviewed,,,,,,,,,
questions_requests_00011,Please give me a receipt.,कृपया मलाई रसिद दिनुहोस्।,,,,assistant_curated,training/data/train_clean_ne-en.jsonl,,neutral_until_reviewed,,,,,,,,,
questions_requests_00009,Do you have a smaller size?,के तपाईंसँग योभन्दा सानो आकार छ?,,,,assistant_curated,training/data/train_clean_ne-en.jsonl,,neutral_until_reviewed,,,,,,,,,
government_00009,Services,सेवाहरू,,,,recovered_site_labels_and_manual_normalization,training/data/train_clean_ne-en.jsonl,,neutral_until_reviewed,,,,,,,,,
core_grammar_00030,The translation is loading.,अनुवाद तयार हुँदैछ।,,,,assistant_curated,training/data/train_clean_ne-en.jsonl,,neutral_until_reviewed,,,,,,,,,
pronouns_honorifics_00004,After you.,तपाईं पहिले।,,tapai pahile.,,hand_priority_seed,training/data/train_clean_ne-en.jsonl,,neutral_until_reviewed,,,,,,,,,ne_formal taken from pronouns_honorifics_00004
government_00015,Recent Acts,हालसालैका ऐन,,,,recovered_site_labels_and_manual_normalization,training/data/train_clean_ne-en.jsonl,,neutral_until_reviewed,,,,,,,,,
government_00052,Please use formal language.,कृपया औपचारिक भाषा प्रयोग गर्नुहोस्।,,,,assistant_curated,training/data/train_clean_ne-en.jsonl,,neutral_until_reviewed,,,,,,,,,
core_grammar_00006,Yes.,हो।,,,,assistant_curated,training/data/train_clean_ne-en.jsonl,,neutral_until_reviewed,,,,,,,,,
asr_noise_00001,Please help me.,कृपया मलाई मद्दत गर्नुहोस्।,,,,hand_priority_seed,training/data/train_clean_ne-en.jsonl,,neutral_until_reviewed,,,,,,,,,
questions_requests_00012,Please give me a receipt.,कृपया मलाई रसिद दिनुहोस्।,,kripya malai rasida dinuhos.,,assistant_curated,training/data/train_clean_ne-en.jsonl,,neutral_until_reviewed,,,,,,,,,ne_formal taken from questions_requests_00011
pronouns_honorifics_00001,Where are you going?,तपाईं कहाँ जाँदै हुनुहुन्छ?,,tapai kaha jadai hunuhunchha?,,hand_priority_seed,training/data/train_clean_ne-en.jsonl,,neutral_until_reviewed,,,,,,,,,ne_formal taken from pronouns_honorifics_00001
questions_requests_00027,Please try again.,फेरि प्रयास गर।,,,,assistant_curated,training/data/train_clean_ne-en.jsonl,,neutral_until_reviewed,,,,,,,,,
shopping_00005,I will pay in cash.,म नगद तिर्छु।,,,,hand_priority_seed,training/data/train_clean_ne-en.jsonl,,neutral_until_reviewed,,,,,,,,,
travel_00008,The flight is delayed.,उडान ढिलो भयो।,,,,hand_priority_seed,training/data/train_clean_ne-en.jsonl,,neutral_until_reviewed,,,,,,,,,
code_switch_names_00004,Meet me at Durbar Square.,दरबार स्क्वायरमा भेटौं।,,,,hand_priority_seed,training/data/train_clean_ne-en.jsonl,,neutral_until_reviewed,,,,,,,,,
core_grammar_00009,Turn left.,बायाँ मोड्नुहोस्।,,,,assistant_curated,training/data/train_clean_ne-en.jsonl,,neutral_until_reviewed,,,,,,,,,
government_00033,Suggestions and Complaints,सुझाव र गुनासो,,,,recovered_site_labels_and_manual_normalization,training/data/train_clean_ne-en.jsonl,,neutral_until_reviewed,,,,,,,,,
questions_requests_00015,Where does it hurt?,तपाईंलाई कहाँ दुखेको छ?,,tapailai kaha dukheko chha?,,assistant_curated,training/data/train_clean_ne-en.jsonl,,neutral_until_reviewed,,,,,,,,,ne_formal taken from questions_requests_00015
travel_00007,Where can I buy a SIM card?,सिम कार्ड कहाँ किन्न सकिन्छ?,,,,hand_priority_seed,training/data/train_clean_ne-en.jsonl,,neutral_until_reviewed,,,,,,,,,
code_switch_names_00003,My name is Cooper.,मेरो नाम कुपर हो।,,,,hand_priority_seed,training/data/train_clean_ne-en.jsonl,,neutral_until_reviewed,,,,,,,,,
government_00027,Historical Documents,ऐतिहासिक दस्तावेज,,,,recovered_site_labels_and_manual_normalization,training/data/train_clean_ne-en.jsonl,,neutral_until_reviewed,,,,,,,,,
government_00048,Cancel,रद्द गर्नुहोस्,,,,recovered_site_labels_and_manual_normalization,training/data/train_clean_ne-en.jsonl,,neutral_until_reviewed,,,,,,,,,
government_00001,This is my passport.,यो मेरो पासपोर्ट हो।,,,,hand_priority_seed,training/data/train_clean_ne-en.jsonl,,neutral_until_reviewed,,,,,,,,,
government_00019,Regulations,नियमावली,,,,recovered_site_labels_and_manual_normalization,training/data/train_clean_ne-en.jsonl,,neutral_until_reviewed,,,,,,,,,
government_00038,Select Language,भाषा चयन गर्नुहोस्,,,,recovered_site_labels_and_manual_normalization,training/data/train_clean_ne-en.jsonl,,neutral_until_reviewed,,,,,,,,,
government_00043,Download,डाउनलोड गर,,,,recovered_site_labels_and_manual_normalization,training/data/train_clean_ne-en.jsonl,,neutral_until_reviewed,,,,,,,,,
family_00005,You are welcome.,हजुरलाई स्वागत छ।,,,,assistant_curated,training/data/train_clean_ne-en.jsonl,,neutral_until_reviewed,,,,,,,,,
numbers_money_00001,It is two hundred rupees.,दुई सय रुपैयाँ हो।,,,,hand_priority_seed,training/data/train_clean_ne-en.jsonl,,neutral_until_reviewed,,,,,,,,,
core_grammar_00019,I am sick.,म बिरामी छु।,,,,assistant_curated,training/data/train_clean_ne-en.jsonl,,neutral_until_reviewed,,,,,,,,,
questions_requests_00026,Please try again.,कृपया फेरि प्रयास गर्नुहोस्।,,,,assistant_curated,training/data/train_clean_ne-en.jsonl,,neutral_until_reviewed,,,,,,,,,
core_grammar_00024,Send me a message.,मलाई सन्देश पठाऊ न।,,,,assistant_curated,training/data/train_clean_ne-en.jsonl,,neutral_until_reviewed,,,,,,,,,
core_grammar_00017,I do not eat meat.,म मासु खाँदिनँ।,,,,assistant_curated,training/data/train_clean_ne-en.jsonl,,neutral_until_reviewed,,,,,,,,,
core_grammar_00025,The network is not working.,नेटवर्कले काम गरिरहेको छैन।,,,,assistant_curated,training/data/train_clean_ne-en.jsonl,,neutral_until_reviewed,,,,,,,,,
core_grammar_00031,The translation is loading.,अनुवाद लोड हुँदैछ।,,,,assistant_curated,training/data/train_clean_ne-en.jsonl,,neutral_until_reviewed,,,,,,,,,
government_00053,Please use formal language.,औपचारिक भाषा प्रयोग गर।,,,,assistant_curated,training/data/train_clean_ne-en.jsonl,,neutral_until_reviewed,,,,,,,,,
health_00001,I have a fever.,मलाई ज्वरो आएको छ।,,,,hand_priority_seed,training/data/train_clean_ne-en.jsonl,,neutral_until_reviewed,,,,,,,,,
government_00008,Former Chairpersons,पूर्व अध्यक्षहरू,,,,recovered_site_labels_and_manual_normalization,training/data/train_clean_ne-en.jsonl,,neutral_until_reviewed,,,,,,,,,
code_switch_names_00002,Is Wi-Fi free here?,यहाँ वाइफाइ फ्री छ?,,,,hand_priority_seed,training/data/train_clean_ne-en.jsonl,,neutral_until_reviewed,,,,,,,,,
core_grammar_00026,The network is not working.,नेटवर्क चलेको छैन।,,,,assistant_curated,training/data/train_clean_ne-en.jsonl,,neutral_until_reviewed,,,,,,,,,
government_00058,"The Secretary at the Ministry of Law, Justice and Parliamentary Affairs, Secretary (Law) at the Office of the Prime Minister and Council of Ministers, Deputy Attorney General nominated by the Attorney General of Nepal and the Secretary at the NLC, who also serves as a Member-Secretary, are ex-officio members.","(ग) कानून आयोग, २०२०ः श्री ५ को सरकारको मिति २०२०।१०।८।४ को निर्णय बमोजिम (राजपत्रमा सूचना प्रकाशित मिति २०२०।१२।१०) गठन भएको उक्त आयोगको गठनविधि यस प्रकार थियोः— १. श्री विनोदप्रसाद धिताल सह—सचिव, कानून मन्त्रालय — पदेन अध्यक्ष २. श्री नीरकुमार क्षेत्री — सदस्य ३. श्री टोप बहादुर सिंह — सदस्य ४. श्री हेरम्बराज — सदस्य ५. श्री विश्वनाथ उपाध्याय उप—सचिव, कानून मन्त्रालय —सदस्य—सचिव",,,,law_gov,training/data/train_clean_ne-en.jsonl,,neutral_until_reviewed,,,,,,,,,
core_grammar_00012,Turn right.,दायाँ मोड।,,,,assistant_curated,training/data/train_clean_ne-en.jsonl,,neutral_until_reviewed,,,,,,,,,
questions_requests_00001,Please wait here.,कृपया यहाँ पर्खनुहोस्।,,,,hand_priority_seed,training/data/train_clean_ne-en.jsonl,,neutral_until_reviewed,,,,,,,,,
core_grammar_00022,I came yesterday.,म हिजो आएको थिएँ।,,,,assistant_curated,training/data/train_clean_ne-en.jsonl,,neutral_until_reviewed,,,,,,,,,
government_00003,Introduction,परिचय,,,,recovered_site_labels_and_manual_normalization,training/data/train_clean_ne-en.jsonl,,neutral_until_reviewed,,,,,,,,,
government_00056,"The Commission consists of nine members including the Chairperson, Vice-chairperson and seven members.","(ख) ल कमिशन, २०१७ः श्री ५ को सरकारको मिति २०१७।६।२७।४ को निर्णय अनुसार (नेपाल राजपत्रमा प्रकाशित मिति २०१७।७।१५) देहाय बमोजिमको ७ सदस्यीय दोश्रो ल कमिशन गठन गरियो । १. सर्वोच्च अदालतका माननीय न्यायाधीश श्री नयनबहादुर खत्री — अध्यक्ष २. मध्यमाञ्चल उच्च अदालतका मुख्य न्यायाधीश — सदस्य ३. एटर्नी जनरल श्री शम्भुप्रसाद ज्ञवाली — सदस्य ४. कानून सचिव — सदस्य ५. श्री ५ को सरकारबाट मनोनित गैर—सरकारी व्यक्ति जना ३ — सदस्य",,,,law_gov,training/data/train_clean_ne-en.jsonl,,neutral_until_reviewed,,,,,,,,,
questions_requests_00010,Do you have a smaller size?,के तपाईंसँग योभन्दा सानो साइज छ?,,,,assistant_curated,training/data/train_clean_ne-en.jsonl,,neutral_until_reviewed,,,,,,,,,
core_grammar_00021,I will come tomorrow.,म भोलि आउँछु।,,,,assistant_curated,training/data/train_clean_ne-en.jsonl,,neutral_until_reviewed,,,,,,,,,
government_00004,Vision and Mission,परिदृश्य र परिलक्ष्य,,,,recovered_site_labels_and_manual_normalization,training/data/train_clean_ne-en.jsonl,,neutral_until_reviewed,,,,,,,,,
government_00044,Read More,थप पढ्नुहोस्,,,,recovered_site_labels_and_manual_normalization,training/data/train_clean_ne-en.jsonl,,neutral_until_reviewed,,,,,,,,,
government_00023,Repealed Ordinances,खारेज भएका अध्यादेश,,,,recovered_site_labels_and_manual_normalization,training/data/train_clean_ne-en.jsonl,,neutral_until_reviewed,,,,,,,,,
shopping_00001,That is too expensive.,त्यो धेरै महँगो छ।,,,,hand_priority_seed,training/data/train_clean_ne-en.jsonl,,neutral_until_reviewed,,,,,,,,,
government_00005,Duties and Powers,"काम, कर्तव्य र अधिकार",,,,recovered_site_labels_and_manual_normalization,training/data/train_clean_ne-en.jsonl,,neutral_until_reviewed,,,,,,,,,
core_grammar_00010,Turn left.,बायाँ मोड।,,,,assistant_curated,training/data/train_clean_ne-en.jsonl,,neutral_until_reviewed,,,,,,,,,
government_00036,Nepal Law Commission,नेपाल कानून आयोग,,,,recovered_site_labels_and_manual_normalization,training/data/train_clean_ne-en.jsonl,,neutral_until_reviewed,,,,,,,,,
family_00003,This is my brother.,यो मेरो भाइ हो।,,,,hand_priority_seed,training/data/train_clean_ne-en.jsonl,,neutral_until_reviewed,,,,,,,,,
travel_00006,Is there a cheaper hotel nearby?,नजिकै सस्तो होटल छ?,,,,hand_priority_seed,training/data/train_clean_ne-en.jsonl,,neutral_until_reviewed,,,,,,,,,
shopping_00004,Do you have a smaller size?,साना साइज छ?,,,,hand_priority_seed,training/data/train_clean_ne-en.jsonl,,neutral_until_reviewed,,,,,,,,,
health_00003,I need medicine for a headache.,मलाई टाउको दुखाइको औषधि चाहियो।,,,,hand_priority_seed,training/data/train_clean_ne-en.jsonl,,neutral_until_reviewed,,,,,,,,,
shopping_00003,Can I try this on?,म यो लगाएर हेर्न सक्छु?,,,,hand_priority_seed,training/data/train_clean_ne-en.jsonl,,neutral_until_reviewed,,,,,,,,,
questions_requests_00011,Please give me a receipt.,कृपया मलाई रसिद दिनुहोस्।,,kripya malai rasida dinuhos.,,assistant_curated,training/data/train_clean_ne-en.jsonl,,neutral_until_reviewed,,,,,,,,,ne_formal taken from questions_requests_00011
government_00034,Frequently Asked Questions,बारम्बार सोधिने प्रश्न र उत्तर,,,,recovered_site_labels_and_manual_normalization,training/data/train_clean_ne-en.jsonl,,neutral_until_reviewed,,,,,,,,,
travel_00004,I need a taxi.,मलाई ट्याक्सी चाहियो।,,,,hand_priority_seed,training/data/train_clean_ne-en.jsonl,,neutral_until_reviewed,,,,,,,,,
government_00012,Existing Laws,मौजुदा कानून,,,,recovered_site_labels_and_manual_normalization,training/data/train_clean_ne-en.jsonl,,neutral_until_reviewed,,,,,,,,,
government_00018,Ordinances,अध्यादेश,,,,recovered_site_labels_and_manual_normalization,training/data/train_clean_ne-en.jsonl,,neutral_until_reviewed,,,,,,,,,
questions_requests_00032,Where does it hurt?,तपाईंलाई कहाँ दुखेको छ?,,tapailai kaha dukheko chha?,,user_conv_seed,training/data/train_clean_ne-en.jsonl,,neutral_until_reviewed,,,,,,,,,ne_formal taken from questions_requests_00015
government_00063,"3 Preparation of Consultation Paper: The WT carries out in-depth study of the issue under review. For this purpose, WT may invite expert, stakeholder and government official for consultation as an invitee member. The WT prepares a consultation/issue paper and it is made available to any person interested. WT can also opt appropriate methods of research for data collection.","यस आयोगले निम्न विषयमा विशेषज्ञहरुबाट कार्यक्रम तयार गर्न लगाई तत्सम्बन्धी कानूनको तर्जुमामा अध्ययन, अनुसन्धान गरेको देखिन्छ ।",,,,law_gov,training/data/train_clean_ne-en.jsonl,,neutral_until_reviewed,,,,,,,,,
questions_requests_00024,Please pass the phone.,कृपया फोन अर्को व्यक्तिलाई दिनुहोस्।,,kripya phona arko wyaktilai dinuhos.,,assistant_curated,training/data/train_clean_ne-en.jsonl,,neutral_until_reviewed,,,,,,,,,ne_formal taken from questions_requests_00024
questions_requests_00023,Send me a message.,मलाई सन्देश पठाउनुहोस्।,,,,assistant_curated,training/data/train_clean_ne-en.jsonl,,neutral_until_reviewed,,,,,,,,,
government_00048,Cancel,रद्द गर,,,,recovered_site_labels_and_manual_normalization,training/data/train_clean_ne-en.jsonl,,neutral_until_reviewed,,,,,,,,,
government_00045,Previous,अघिल्लो,,,,recovered_site_labels_and_manual_normalization,training/data/train_clean_ne-en.jsonl,,neutral_until_reviewed,,,,,,,,,
government_00046,Next,अर्को,,,,recovered_site_labels_and_manual_normalization,training/data/train_clean_ne-en.jsonl,,neutral_until_reviewed,,,,,,,,,
questions_requests_00031,Do you have a smaller size?,के तपाईंसँग योभन्दा सानो साइज छ?,,,,user_conv_seed,training/data/train_clean_ne-en.jsonl,,neutral_until_reviewed,,,,,,,,,
travel_00001,How far is it?,यो कति टाढा छ?,,,,hand_priority_seed,training/data/train_clean_ne-en.jsonl,,neutral_until_reviewed,,,,,,,,,
pronouns_honorifics_00002,Please come in.,भित्र आ।,,,,hand_priority_seed,training/data/train_clean_ne-en.jsonl,,neutral_until_reviewed,,,,,,,,,
government_00039,Search,खोज्नुहोस्,,,,recovered_site_labels_and_manual_normalization,training/data/train_clean_ne-en.jsonl,,neutral_until_reviewed,,,,,,,,,
government_00041,Office Hours,कार्यालय समय,,,,recovered_site_labels_and_manual_normalization,training/data/train_clean_ne-en.jsonl,,neutral_until_reviewed,,,,,,,,,
pronouns_honorifics_00003,Would you like some tea?,के तपाईं चिया खानुहुन्छ?,,ke tapai chiya khanuhunchha?,,hand_priority_seed,training/data/train_clean_ne-en.jsonl,,neutral_until_reviewed,,,,,,,,,ne_formal taken from pronouns_honorifics_00003
government_00014,Acts,ऐन,,,,recovered_site_labels_and_manual_normalization,training/data/train_clean_ne-en.jsonl,,neutral_until_reviewed,,,,,,,,,
government_00059,"There is a provision of a Recommendation Committee composed of the Minister for Law, Justice and Parliamentary Affairs, Chairperson of the Law, Justice and Parliamentary Committee of the House of Representatives* and Chairperson of the Nepal Bar Association to recommend to the Government for appointment in the post of Chairperson, Vice-chairperson and members of the Commission.","(घ) कानून आयोग, २०२९ः श्री ५ महाराजाधिराजबाट मिति २०२९।२।१९ मा प्रचलित नेपाल कानूनमा विशेष गरी फौजदारी, देवानी, बाणिज्य तथा प्रमाण सम्बन्धी कानूनहरुमा भइरहेको अभाव र त्रुटीहरु हटाई भरिसक्य सरल, बैज्ञानिक र व्यवहारिक रुप दिई छुटृाछुटृै ऐनहरुको तर्जुमा गर्न न्यायिक समितिका अध्यक्ष एवं सर्वोच्च अदालतका माननीय न्यायाधीश श्री नयनबहादुर खत्रीको अध्यक्षतामा ५ सदस्यीय चौथौ कानून आयोगको गठन गरिबक्सियो । उक्त आयोग गठनको सूचना अनुसूची – ४ मा राखिएको छ । उक्त आयोगमा सर्वोच्च अदालतका अस्थायी माननीय न्यायाधीश श्री विश्वनाथ उपाध्याय— १, महान्यायाधिवक्ता श्री रमानन्दप्रसाद सिंह —१, न्यायिक समितिका सदस्य श्री कृष्णप्रसाद पन्त— १ समेतलाई सदस्य तथा कानून सचिव श्री चूडामणिराज सिंहलाई सदस्य—सचिव तोकिएको थियो । यस आयोगले प्रमाण ऐन तथा अपराध संहिता मसौदा र तत्सम्बन्धी प्रतिवेदन तयार गरी श्री ५ समक्ष पेश गरेको थि",,,,law_gov,training/data/train_clean_ne-en.jsonl,,neutral_until_reviewed,,,,,,,,,
core_grammar_00020,I will come tomorrow.,म भोलि आउनेछु।,,,,assistant_curated,training/data/train_clean_ne-en.jsonl,,neutral_until_reviewed,,,,,,,,,
pronouns_honorifics_00003,Would you like some tea?,के तपाईं चिया खानुहुन्छ?,,,,hand_priority_seed,training/data/train_clean_ne-en.jsonl,,neutral_until_reviewed,,,,,,,,,
questions_requests_00026,Please try again.,फेरि प्रयास गर।,,,,assistant_curated,training/data/train_clean_ne-en.jsonl,,neutral_until_reviewed,,,,,,,,,
government_00043,Download,डाउनलोड गर्नुहोस्,,,,recovered_site_labels_and_manual_normalization,training/data/train_clean_ne-en.jsonl,,neutral_until_reviewed,,,,,,,,,
government_00035,Government of Nepal,नेपाल सरकार,,,,recovered_site_labels_and_manual_normalization,training/data/train_clean_ne-en.jsonl,,neutral_until_reviewed,,,,,,,,,
shopping_00003,Can I try this on?,के म यो लगाएर हेर्न सक्छु?,,,,hand_priority_seed,training/data/train_clean_ne-en.jsonl,,neutral_until_reviewed,,,,,,,,,
questions_requests_00004,Could you write it down?,के तपाईं लेखिदिन सक्नुहुन्छ?,,,,hand_priority_seed,training/data/train_clean_ne-en.jsonl,,neutral_until_reviewed,,,,,,,,,
government_00050,Back,पछाडि,,,,recovered_site_labels_and_manual_normalization,training/data/train_clean_ne-en.jsonl,,neutral_until_reviewed,,,,,,,,,
government_00047,Submit,पेश गर,,,,recovered_site_labels_and_manual_normalization,training/data/train_clean_ne-en.jsonl,,neutral_until_reviewed,,,,,,,,,
government_00052,Please use formal language.,औपचारिक भाषा प्रयोग गर।,,,,assistant_curated,training/data/train_clean_ne-en.jsonl,,neutral_until_reviewed,,,,,,,,,
core_grammar_00013,Go straight.,सिधा जा।,,,,assistant_curated,training/data/train_clean_ne-en.jsonl,,neutral_until_reviewed,,,,,,,,,
government_00007,Officials and Employees,पदाधिकारी र कर्मचारी,,,,recovered_site_labels_and_manual_normalization,training/data/train_clean_ne-en.jsonl,,neutral_until_reviewed,,,,,,,,,
government_00020,Formation Orders,गठन आदेश,,,,recovered_site_labels_and_manual_normalization,training/data/train_clean_ne-en.jsonl,,neutral_until_reviewed,,,,,,,,,
core_grammar_00016,I do not want this.,मलाई यो चाहिँदैन।,,,,assistant_curated,training/data/train_clean_ne-en.jsonl,,neutral_until_reviewed,,,,,,,,,
questions_requests_00002,Do you understand?,के तपाईं बुझ्नुहुन्छ?,,,,hand_priority_seed,training/data/train_clean_ne-en.jsonl,,neutral_until_reviewed,,,,,,,,,
questions_requests_00003,What does this mean?,यसको अर्थ के हो?,,,,hand_priority_seed,training/data/train_clean_ne-en.jsonl,,neutral_until_reviewed,,,,,,,,,
questions_requests_00016,Please come with me.,मसँग आउ।,,,,assistant_curated,training/data/train_clean_ne-en.jsonl,,neutral_until_reviewed,,,,,,,,,
questions_requests_00006,Please.,कृपया।,,,,assistant_curated,training/data/train_clean_ne-en.jsonl,,neutral_until_reviewed,,,,,,,,,
questions_requests_00032,Where does it hurt?,तपाईंलाई कहाँ दुखेको छ?,,,,user_conv_seed,training/data/train_clean_ne-en.jsonl,,neutral_until_reviewed,,,,,,,,,
government_00055,"The Nepal Law Commission (NLC) was first constituted by an executive decision in 1953, immediately after the dawn of multiparty democracy. The second, third, fourth and fifth Commissions were constituted in 1960, 1963, 1972 and 1979 respectively. All those Commissions were temporary in nature. The NLC was given permanent status only in 1984. After the restoration of multiparty democracy in 1990, the NLC was restructured with the mandate commensurate to the changed context. It was again restructured in 2003 with timely changes in its mandate and composition. Now, the Commission is a statutory body under the Nepal Law Commission Act, 2007, which was promulgated on 14th January, 2007. It is to","(क) ल कमिशन, २०१०ः नेपालमा सर्वप्रथम २०१०।९।६।१ को मन्त्रिमण्डलको निर्णय बमोजिम पहिलो ल कमिशनको गठन भएको हो । उक्त कमिशनको गठनविधि, कार्य प्रणाली, कार्यावधि आदिका सम्बन्धमा मिति २०१०।११।११ मा नेपाल गजेटमा प्रकाशित सरकारको विज्ञप्तिमा उल्लेख गरिएको थियो ।",,,,law_gov,training/data/train_clean_ne-en.jsonl,,neutral_until_reviewed,,,,,,,,,
government_00010,Law Drafting,कानून तर्जुमा,,,,recovered_site_labels_and_manual_normalization,training/data/train_clean_ne-en.jsonl,,neutral_until_reviewed,,,,,,,,,
questions_requests_00013,Is this vegetarian?,के यो शाकाहारी हो?,,,,assistant_curated,training/data/train_clean_ne-en.jsonl,,neutral_until_reviewed,,,,,,,,,
government_00022,Repealed Acts,खारेज भएका ऐन,,,,recovered_site_labels_and_manual_normalization,training/data/train_clean_ne-en.jsonl,,neutral_until_reviewed,,,,,,,,,
pronouns_honorifics_00004,After you.,तपाईं पहिले।,,,,hand_priority_seed,training/data/train_clean_ne-en.jsonl,,neutral_until_reviewed,,,,,,,,,
government_00017,Alphabetical List,वर्णानुक्रम अनुसारको सूची,,,,recovered_site_labels_and_manual_normalization,training/data/train_clean_ne-en.jsonl,,neutral_until_reviewed,,,,,,,,,
government_00030,Annual Report,वार्षिक प्रतिवेदन,,,,recovered_site_labels_and_manual_normalization,training/data/train_clean_ne-en.jsonl,,neutral_until_reviewed,,,,,,,,,
code_switch_names_00002,Is Wi-Fi free here?,के यहाँ वाइफाइ निःशुल्क छ?,,,,hand_priority_seed,training/data/train_clean_ne-en.jsonl,,neutral_until_reviewed,,,,,,,,,
core_grammar_00033,That translation is correct.,त्यो अनुवाद सही छ।,,,,assistant_curated,training/data/train_clean_ne-en.jsonl,,neutral_until_reviewed,,,,,,,,,
health_00004,Does it hurt here?,के यहाँ दुख्छ?,,,,hand_priority_seed,training/data/train_clean_ne-en.jsonl,,neutral_until_reviewed,,,,,,,,,
government_00032,Contact Address,सम्पर्क ठेगाना,,,,recovered_site_labels_and_manual_normalization,training/data/train_clean_ne-en.jsonl,,neutral_until_reviewed,,,,,,,,,
government_00031,Contact,सम्पर्क,,,,recovered_site_labels_and_manual_normalization,training/data/train_clean_ne-en.jsonl,,neutral_until_reviewed,,,,,,,,,
government_00040,Important Notice,महत्त्वपूर्ण सूचना,,,,recovered_site_labels_and_manual_normalization,training/data/train_clean_ne-en.jsonl,,neutral_until_reviewed,,,,,,,,,
government_00025,Policies,नीति,,,,recovered_site_labels_and_manual_normalization,training/data/train_clean_ne-en.jsonl,,neutral_until_reviewed,,,,,,,,,
family_00001,This is my family.,यो मेरो परिवार हो।,,,,hand_priority_seed,training/data/train_clean_ne-en.jsonl,,neutral_until_reviewed,,,,,,,,,
core_grammar_00013,Go straight.,सिधा जानुहोस्।,,,,assistant_curated,training/data/train_clean_ne-en.jsonl,,neutral_until_reviewed,,,,,,,,,
questions_requests_00004,Could you write it down?,के तपाईं लेखिदिन सक्नुहुन्छ?,,ke tapai lekhidina saknuhunchha?,,hand_priority_seed,training/data/train_clean_ne-en.jsonl,,neutral_until_reviewed,,,,,,,,,ne_formal taken from questions_requests_00004
questions_requests_00020,When will it arrive?,यो कहिले आइपुग्छ?,,,,assistant_curated,training/data/train_clean_ne-en.jsonl,,neutral_until_reviewed,,,,,,,,,
government_00061,"1 Initiation of tasks: The commission may initiate drafting and law reform process either on referral of the concerned ministry or on its own. It may also receive a proposal from stakeholders, i.e. individual, non-governmental organization, civil society and community organization.","(च) नेपाल कानून सुधार आयोग, २०४१ः यस अघिका आयोगको आवधिक वा तदर्थ रुपमा गठन विघटन हुंदै आएकोमा श्री ५ को सरकारको मिति २०४१।८।२१ को निर्णयले नेपाल कानून सुधार आयोग नामक एक स्थायी प्रकृतिको आयोगको स्थापना गरी पदाधिकारीहरु नियुक्ति गर्ने व्यवस्था गर्यो । श्री ५ को सरकारको यो निर्णयले कानून तर्जुमाका क्षेत्रमा आयोगको स्थायी भूमिका एवं सक्रियताको अपेक्षा राख्दै संस्थागत रुपमा नै आयोगको अस्तित्व स्थापित गर्ने काम ग¥यो । आयोगको इतिहासमा यो सर्वाधिक महत्वको निर्णय थियो भन्न सकिन्छ । जस अनुसार ५ वर्षे कार्यावधि सहित गठन भएको आयोगको गठनविधि एवं काम कर्तव्यहरुको व्यवस्था गरिएको थियो । पछि श्री ५ को सरकारले मिति २०४६।८।२१ मा पदावधि समाप्त भएका उक्त आयोगका सदस्य तथा सह—सदस्यहरुलाई यथावत कायम राख्ने निर्णय गरेको थियो ।",,,,law_gov,training/data/train_clean_ne-en.jsonl,,neutral_until_reviewed,,,,,,,,,
core_grammar_00023,I live in Kathmandu.,म काठमाडौंमा बस्छु।,,,,assistant_curated,training/data/train_clean_ne-en.jsonl,,neutral_until_reviewed,,,,,,,,,
numbers_money_00003,It is half past three.,साढे तीन बज्यो।,,,,hand_priority_seed,training/data/train_clean_ne-en.jsonl,,neutral_until_reviewed,,,,,,,,,
questions_requests_00025,Please pass the phone.,कृपया फोन अर्को व्यक्तिलाई दिनुहोस्।,,kripya phona arko wyaktilai dinuhos.,,assistant_curated,training/data/train_clean_ne-en.jsonl,,neutral_until_reviewed,,,,,,,,,ne_formal taken from questions_requests_00024
questions_requests_00001,Please wait here.,यहाँ पर्ख न।,,,,hand_priority_seed,training/data/train_clean_ne-en.jsonl,,neutral_until_reviewed,,,,,,,,,
code_switch_names_00005,Open Google Maps.,गुगल म्याप्स खोल्नुहोस्।,,,,hand_priority_seed,training/data/train_clean_ne-en.jsonl,,neutral_until_reviewed,,,,,,,,,
