english,devanagari,devanagari_informal,roman,roman_informal
"On Monday, scientists from the Stanford University School of Medicine announced the invention of a new diagnostic tool that can sort cells by type: a tiny printable chip that can be manufactured using standard inkjet printers for possibly about one U.S. cent each.","सोमबार, स्ट्यानफोर्ड युनिभर्सिटी स्कूल अफ मेडिसिनका वैज्ञानिकहरूले नयाँ निदान उपकरणको आविष्कारको घोषणा गरे जसले कोशिकाहरूलाई प्रकारअनुसार क्रमबद्ध गर्न सक्छः एउटा सानो छाप्न सकिने चिप जुन मानक इंकजेट प्रिन्टरहरू प्रयोग गरेर सम्भवतः एक अमेरिकी प्रतिशतका लागि निर्माण गर्न सकिन्छ।","सोमबार, स्ट्यानफोर्ड युनिभर्सिटी स्कूल अफ मेडिसिनका वैज्ञानिकहरूले नयाँ निदान उपकरणको आविष्कारको घोषणा गरे जसले कोशिकाहरूलाई प्रकारअनुसार क्रमबद्ध गर्न सक्छः एउटा सानो छाप्न सकिने चिप जुन मानक इंकजेट प्रिन्टरहरू प्रयोग गरेर सम्भवतः एक अमेरिकी प्रतिशतका लागि निर्माण गर्न सकिन्छ।","somabaara, styaanaphorda yunibharsitii skuula apha medisinakaa waijnyaanikaharuule nayaan nidaana upakaranako aawishkaarako ghoshanaa gare jasale koshikaaharuulaaii prakaaraanusaara kramabaddha garna sakchhh eutaa saano chhaapna sakine chipa juna maanaka inkajeta printaraharuu prayoga garera sambhawath eka amerikii pratishatakaa laagi nirmaana garna sakinchha.","somabaara, styaanaphorda yunibharsitii skuula apha medisinakaa waijnyaanikaharuule nayaan nidaana upakaranako aawishkaarako ghoshanaa gare jasale koshikaaharuulaaii prakaaraanusaara kramabaddha garna sakchhh eutaa saano chhaapna sakine chipa juna maanaka inkajeta printaraharuu prayoga garera sambhawath eka amerikii pratishatakaa laagi nirmaana garna sakinchha."
"Lead researchers say this may bring early detection of cancer, tuberculosis, HIV and malaria to patients in low-income countries, where the survival rates for illnesses such as breast cancer can be half those of richer countries.","प्रमुख शोधकर्ताहरू भन्छन् कि यसले कम आय भएका देशहरूमा क्यान्सर, क्षयरोग, एचआइभी र मलेरियाको प्रारम्भिक पत्ता लगाउन सक्छ, जहाँ स्तन क्यान्सर जस्ता रोगहरूका लागि बाँच्ने दर धनी देशहरूको आधा हुन सक्छ।","प्रमुख शोधकर्ताहरू भन्छन् कि यसले कम आय भएका देशहरूमा क्यान्सर, क्षयरोग, एचआइभी र मलेरियाको प्रारम्भिक पत्ता लगाउन सक्छ, जहाँ स्तन क्यान्सर जस्ता रोगहरूका लागि बाँच्ने दर धनी देशहरूको आधा हुन सक्छ।","pramukha shodhakartaaharuu bhanchhan ki yasale kama aaya bhaekaa deshaharuumaa kyaansara, kshayaroga, echaaaibhii ra maleriyaako praarambhika pattaa lagaauna sakchha, jahaan stana kyaansara jastaa rogaharuukaa laagi baanchne dara dhanii deshaharuuko aadhaa huna sakchha.","pramukha shodhakartaaharuu bhanchhan ki yasale kama aaya bhaekaa deshaharuumaa kyaansara, kshayaroga, echaaaibhii ra maleriyaako praarambhika pattaa lagaauna sakchha, jahaan stana kyaansara jastaa rogaharuukaa laagi baanchne dara dhanii deshaharuuko aadhaa huna sakchha."
"The JAS 39C Gripen crashed onto a runway at around 9:30 am local time (0230 UTC) and exploded, closing the airport to commercial flights.","जेएएस 39सी ग्रिपेन स्थानीय समयअनुसार बिहान 9ः30 बजे (0230 युटिसी) रनवेमा दुर्घटनाग्रस्त भयो र विस्फोट भयो, जसले विमानस्थललाई व्यावसायिक उडानहरूका लागि बन्द गऱ्यो।","जेएएस 39सी ग्रिपेन स्थानीय समयअनुसार बिहान 9ः30 बजे (0230 युटिसी) रनवेमा दुर्घटनाग्रस्त भयो र विस्फोट भयो, जसले विमानस्थललाई व्यावसायिक उडानहरूका लागि बन्द गऱ्यो।","jeeesa 39sii gripena sthaaniiya samayaanusaara bihaana 9h30 baje (0230 yutisii) ranawemaa durghatanaagrasta bhayo ra wisphota bhayo, jasale wimaanasthalalaaii wyaawasaayika udaanaharuukaa laagi banda garyo.","jeeesa 39sii gripena sthaaniiya samayaanusaara bihaana 9h30 baje (0230 yutisii) ranawemaa durghatanaagrasta bhayo ra wisphota bhayo, jasale wimaanasthalalaaii wyaawasaayika udaanaharuukaa laagi banda garyo."
The pilot was identified as Squadron Leader Dilokrit Pattavee.,पायलटको पहिचान स्क्वाड्रन लिडर दिलोक्रित पट्टावीका रूपमा गरिएको थियो।,पायलटको पहिचान स्क्वाड्रन लिडर दिलोक्रित पट्टावीका रूपमा गरिएको थियो।,paayalatako pahichaana skwaadrana lidara dilokrita pattaawiikaa ruupamaa garieko thiyo.,paayalatako pahichaana skwaadrana lidara dilokrita pattaawiikaa ruupamaa garieko thiyo.
Local media reports an airport fire vehicle rolled over while responding.,स्थानीय मिडियाले प्रतिक्रिया दिँदै एयरपोर्ट फायर गाडी पल्टिएको रिपोर्ट गरेको छ।,स्थानीय मिडियाले प्रतिक्रिया दिँदै एयरपोर्ट फायर गाडी पल्टिएको रिपोर्ट गरेको छ।,sthaaniiya midiyaale pratikriyaa dindai eyaraporta phaayara gaadii paltieko riporta gareko chha.,sthaaniiya midiyaale pratikriyaa dindai eyaraporta phaayara gaadii paltieko riporta gareko chha.
"28-year-old Vidal had joined Barça three seasons ago, from Sevilla.",28 वर्षीय विडाल तीन सिजनअघि सेभियाबाट बार्सामा सामेल भएका थिए।,28 वर्षीय विडाल तीन सिजनअघि सेभियाबाट बार्सामा सामेल भएका थिए।,28 warshiiya widaala tiina sijanaaghi sebhiyaabaata baarsaamaa saamela bhaekaa thie.,28 warshiiya widaala tiina sijanaaghi sebhiyaabaata baarsaamaa saamela bhaekaa thie.
"Since moving to the Catalan-capital, Vidal had played 49 games for the club.",क्याटालान-राजधानीमा सरेपछि विडालले क्लबका लागि 49 खेल खेलेका थिए।,क्याटालान-राजधानीमा सरेपछि विडालले क्लबका लागि 49 खेल खेलेका थिए।,kyaataalaana-raajadhaaniimaa sarepachhi widaalale klabakaa laagi 49 khela khelekaa thie.,kyaataalaana-raajadhaaniimaa sarepachhi widaalale klabakaa laagi 49 khela khelekaa thie.
"The protest started around 11:00 local time (UTC+1) on Whitehall opposite the police-guarded entrance to Downing Street, the Prime Minister's official residence.",विरोध प्रदर्शन स्थानीय समय (युटिसी + 1) को वरिपरि ह्वाइटहलमा प्रधानमन्त्रीको आधिकारिक निवास डाउनिङ स्ट्रिटको प्रहरी-संरक्षित प्रवेशद्वारको विपरीतमा सुरु भयो।,विरोध प्रदर्शन स्थानीय समय (युटिसी + 1) को वरिपरि ह्वाइटहलमा प्रधानमन्त्रीको आधिकारिक निवास डाउनिङ स्ट्रिटको प्रहरी-संरक्षित प्रवेशद्वारको विपरीतमा सुरु भयो।,wirodha pradarshana sthaaniiya samaya (yutisii + 1) ko waripari hwaaitahalamaa pradhaanamantriiko aadhikaarika niwaasa daauninga stritako praharii-snrakshita praweshadwaarako wipariitamaa suru bhayo.,wirodha pradarshana sthaaniiya samaya (yutisii + 1) ko waripari hwaaitahalamaa pradhaanamantriiko aadhikaarika niwaasa daauninga stritako praharii-snrakshita praweshadwaarako wipariitamaa suru bhayo.
"Just after 11:00, protesters blocked traffic on the northbound carriage in Whitehall.","11:00 पछि, प्रदर्शनकारीहरूले ह्वाइटहलमा उत्तरतर्फ जाने गाडीमा ट्राफिक अवरुद्ध गरे।","11:00 पछि, प्रदर्शनकारीहरूले ह्वाइटहलमा उत्तरतर्फ जाने गाडीमा ट्राफिक अवरुद्ध गरे।","11:00 pachhi, pradarshanakaariiharuule hwaaitahalamaa uttaratarpha jaane gaadiimaa traaphika awaruddha gare.","11:00 pachhi, pradarshanakaariiharuule hwaaitahalamaa uttaratarpha jaane gaadiimaa traaphika awaruddha gare."
"At 11:20, the police asked the protesters to move back on to the pavement, stating that they needed to balance the right to protest with the traffic building up.","11:20 मा, प्रहरीले प्रदर्शनकारीहरूलाई फुटपाथमा फर्कन आग्रह गर्यो, उनीहरूले ट्राफिक निर्माणसँग विरोध गर्ने अधिकारलाई सन्तुलनमा राख्न आवश्यक रहेको बताए।","11:20 मा, प्रहरीले प्रदर्शनकारीहरूलाई फुटपाथमा फर्कन आग्रह गर्यो, उनीहरूले ट्राफिक निर्माणसँग विरोध गर्ने अधिकारलाई सन्तुलनमा राख्न आवश्यक रहेको बताए।","11:20 maa, prahariile pradarshanakaariiharuulaaii phutapaathamaa pharkana aagraha garyo, uniiharuule traaphika nirmaanasnga wirodha garne adhikaaralaaii santulanamaa raakhna aawashyaka raheko bataae.","11:20 maa, prahariile pradarshanakaariiharuulaaii phutapaathamaa pharkana aagraha garyo, uniiharuule traaphika nirmaanasnga wirodha garne adhikaaralaaii santulanamaa raakhna aawashyaka raheko bataae."
"Around 11:29, the protest moved up Whitehall, past Trafalgar Square, along the Strand, passing by Aldwych and up Kingsway towards Holborn where the Conservative Party were holding their Spring Forum in the Grand Connaught Rooms hotel.","11:29 को वरिपरि, विरोध ह्वाइटहल, ट्राफलगर स्क्वायर पार गर्दै, स्ट्र्यान्डको छेउमा, एल्डविचबाट र किङ्सवेतिर होलबोर्नतिर पुग्यो जहाँ कन्जर्भेटिभ पार्टीले ग्रान्ड कनट रूम होटलमा आफ्नो स्प्रिङ फोरम आयोजना गरिरहेको थियो।","11:29 को वरिपरि, विरोध ह्वाइटहल, ट्राफलगर स्क्वायर पार गर्दै, स्ट्र्यान्डको छेउमा, एल्डविचबाट र किङ्सवेतिर होलबोर्नतिर पुग्यो जहाँ कन्जर्भेटिभ पार्टीले ग्रान्ड कनट रूम होटलमा आफ्नो स्प्रिङ फोरम आयोजना गरिरहेको थियो।","11:29 ko waripari, wirodha hwaaitahala, traaphalagara skwaayara paara gardai, stryaandako chheumaa, eldawichabaata ra kingsawetira holabornatira pugyo jahaan kanjarbhetibha paartiile graanda kanata ruuma hotalamaa aaphno springa phorama aayojanaa gariraheko thiyo.","11:29 ko waripari, wirodha hwaaitahala, traaphalagara skwaayara paara gardai, stryaandako chheumaa, eldawichabaata ra kingsawetira holabornatira pugyo jahaan kanjarbhetibha paartiile graanda kanata ruuma hotalamaa aaphno springa phorama aayojanaa gariraheko thiyo."
Nadal's head to head record against the Canadian is 7–2.,नाडालको क्यानडाविरुद्ध 2-7 को रेकर्ड छ।,नाडालको क्यानडाविरुद्ध 2-7 को रेकर्ड छ।,naadaalako kyaanadaawiruddha 2-7 ko rekarda chha.,naadaalako kyaanadaawiruddha 2-7 ko rekarda chha.
He recently lost against Raonic in the Brisbane Open.,उनी हालै ब्रिस्बेन ओपनमा राओनिकसँग हारेका थिए।,उनी हालै ब्रिस्बेन ओपनमा राओनिकसँग हारेका थिए।,unii haalai brisbena opanamaa raaonikasnga haarekaa thie.,unii haalai brisbena opanamaa raaonikasnga haarekaa thie.
Nadal bagged 88% net points in the match winning 76 points in the first serve.,पहिलो सर्भमा 76 अङ्क प्राप्त गर्दै नाडालले खेलमा 88 प्रतिशत नेट अङ्क प्राप्त गरे।,पहिलो सर्भमा 76 अङ्क प्राप्त गर्दै नाडालले खेलमा 88 प्रतिशत नेट अङ्क प्राप्त गरे।,pahilo sarbhamaa 76 angka praapta gardai naadaalale khelamaa 88 pratishata neta angka praapta gare.,pahilo sarbhamaa 76 angka praapta gardai naadaalale khelamaa 88 pratishata neta angka praapta gare.
"After the match, King of Clay said, ""I am just excited about being back in the final rounds of the most important events. I am here to try to win this.""","खेलपछि, किङ अफ क्लेले भने, ""म सबैभन्दा महत्त्वपूर्ण प्रतियोगिताहरूको अन्तिम चरणमा फर्किएकोमा उत्साहित छु। म यहाँ यो जित्न प्रयास गर्न आएको हुँ।""","खेलपछि, किङ अफ क्लेले भने, ""म सबैभन्दा महत्त्वपूर्ण प्रतियोगिताहरूको अन्तिम चरणमा फर्किएकोमा उत्साहित छु। म यहाँ यो जित्न प्रयास गर्न आएको हुँ।""","khelapachhi, kinga apha klele bhane, ""ma sabaibhandaa mahattwapuurna pratiyogitaaharuuko antima charanamaa pharkiekomaa utsaahita chhu. ma yahaan yo jitna prayaasa garna aaeko hun.""","khelapachhi, kinga apha klele bhane, ""ma sabaibhandaa mahattwapuurna pratiyogitaaharuuko antima charanamaa pharkiekomaa utsaahita chhu. ma yahaan yo jitna prayaasa garna aaeko hun."""
"""Panama Papers"" is an umbrella term for roughly ten million documents from Panamanian law firm Mossack Fonseca, leaked to the press in spring 2016.","""पनामा पेपर्स"" पानामाको कानुन फर्म मोस्याक फोन्सेकाबाट लगभग एक करोड कागजातहरूका लागि एउटा छत्र शब्द हो, जुन वसन्त 2016 मा प्रेसमा चुहावट भयो।","""पनामा पेपर्स"" पानामाको कानुन फर्म मोस्याक फोन्सेकाबाट लगभग एक करोड कागजातहरूका लागि एउटा छत्र शब्द हो, जुन वसन्त 2016 मा प्रेसमा चुहावट भयो।","""panaamaa peparsa"" paanaamaako kaanuna pharma mosyaaka phonsekaabaata lagabhaga eka karoda kaagajaataharuukaa laagi eutaa chhatra shabda ho, juna wasanta 2016 maa presamaa chuhaawata bhayo.","""panaamaa peparsa"" paanaamaako kaanuna pharma mosyaaka phonsekaabaata lagabhaga eka karoda kaagajaataharuukaa laagi eutaa chhatra shabda ho, juna wasanta 2016 maa presamaa chuhaawata bhayo."
The documents showed fourteen banks helped wealthy clients hide billions of US dollars of wealth to avoid taxes and other regulations.,कागजातहरूले चौधवटा ब्याङ्कहरूले धनी ग्राहकहरूलाई कर र अन्य नियमहरूबाट बच्न अरबौं अमेरिकी डलरको सम्पत्ति लुकाउन मद्दत गरेको देखाए।,कागजातहरूले चौधवटा ब्याङ्कहरूले धनी ग्राहकहरूलाई कर र अन्य नियमहरूबाट बच्न अरबौं अमेरिकी डलरको सम्पत्ति लुकाउन मद्दत गरेको देखाए।,kaagajaataharuule chaudhawataa byaangkaharuule dhanii graahakaharuulaaii kara ra anya niyamaharuubaata bachna arabaun amerikii dalarako sampatti lukaauna maddata gareko dekhaae.,kaagajaataharuule chaudhawataa byaangkaharuule dhanii graahakaharuulaaii kara ra anya niyamaharuubaata bachna arabaun amerikii dalarako sampatti lukaauna maddata gareko dekhaae.
British newspaper The Guardian suggested Deutsche Bank controlled roughly a third of the 1200 shell companies used to accomplish this.,ब्रिटिस अखबार द गार्जियनले यो पूरा गर्न प्रयोग गरिने 1200 वटा शेल कम्पनीहरू मध्ये लगभग एक तिहाइलाई डोइस ब्याङ्कले नियन्त्रण गरेको सुझाव दियो।,ब्रिटिस अखबार द गार्जियनले यो पूरा गर्न प्रयोग गरिने 1200 वटा शेल कम्पनीहरू मध्ये लगभग एक तिहाइलाई डोइस ब्याङ्कले नियन्त्रण गरेको सुझाव दियो।,britisa akhabaara da gaarjiyanale yo puuraa garna prayoga garine 1200 wataa shela kampaniiharuu madhye lagabhaga eka tihaailaaii doisa byaangkale niyantrana gareko sujhaawa diyo.,britisa akhabaara da gaarjiyanale yo puuraa garna prayoga garine 1200 wataa shela kampaniiharuu madhye lagabhaga eka tihaailaaii doisa byaangkale niyantrana gareko sujhaawa diyo.
"There were protests worldwide, several criminal prosecutions, and the leaders of the governments of Iceland and Pakistan both resigned.","विश्वव्यापी रूपमा विरोध प्रदर्शनहरू भए, धेरै आपराधिक अभियोजनहरू भए, र आइसल्याण्ड र पाकिस्तानका सरकारका नेताहरू दुवैले राजीनामा दिए।","विश्वव्यापी रूपमा विरोध प्रदर्शनहरू भए, धेरै आपराधिक अभियोजनहरू भए, र आइसल्याण्ड र पाकिस्तानका सरकारका नेताहरू दुवैले राजीनामा दिए।","wishwawyaapii ruupamaa wirodha pradarshanaharuu bhae, dherai aaparaadhika abhiyojanaharuu bhae, ra aaisalyaanda ra paakistaanakaa sarakaarakaa netaaharuu duwaile raajiinaamaa die.","wishwawyaapii ruupamaa wirodha pradarshanaharuu bhae, dherai aaparaadhika abhiyojanaharuu bhae, ra aaisalyaanda ra paakistaanakaa sarakaarakaa netaaharuu duwaile raajiinaamaa die."
"Born in Hong Kong, Ma studied at New York University and Harvard Law School and once held an American permanent resident ""green card"".","हङकङमा जन्मिएका मा न्युयोर्क युनिभर्सिटी र हार्वर्ड ल स्कुलमा पढेका थिए र एक पटक अमेरिकी स्थायी निवासी ""ग्रिन कार्ड"" राखेका थिए।","हङकङमा जन्मिएका मा न्युयोर्क युनिभर्सिटी र हार्वर्ड ल स्कुलमा पढेका थिए र एक पटक अमेरिकी स्थायी निवासी ""ग्रिन कार्ड"" राखेका थिए।","hangakangamaa janmiekaa maa nyuyorka yunibharsitii ra haarwarda la skulamaa padhekaa thie ra eka pataka amerikii sthaayii niwaasii ""grina kaarda"" raakhekaa thie.","hangakangamaa janmiekaa maa nyuyorka yunibharsitii ra haarwarda la skulamaa padhekaa thie ra eka pataka amerikii sthaayii niwaasii ""grina kaarda"" raakhekaa thie."
Hsieh implied during the election that Ma might flee the country during a time of crisis.,चुनावको समयमा सिएहले संकटको समयमा मा देशबाट भाग्न सक्ने सङ्केत गरे।,चुनावको समयमा सिएहले संकटको समयमा मा देशबाट भाग्न सक्ने सङ्केत गरे।,chunaawako samayamaa siehale snkatako samayamaa maa deshabaata bhaagna sakne sangketa gare.,chunaawako samayamaa siehale snkatako samayamaa maa deshabaata bhaagna sakne sangketa gare.
Hsieh also argued that the photogenic Ma was more style than substance.,सिहले यो पनि तर्क गरे कि फोटोजेनिक मा पदार्थ भन्दा बढी शैली थियो।,सिहले यो पनि तर्क गरे कि फोटोजेनिक मा पदार्थ भन्दा बढी शैली थियो।,sihale yo pani tarka gare ki photojenika maa padaartha bhandaa badhii shailii thiyo.,sihale yo pani tarka gare ki photojenika maa padaartha bhandaa badhii shailii thiyo.
"Despite these accusations, Ma won handily on a platform advocating closer ties with the Chinese mainland.","यी आरोपहरूका बावजुद, माओले चिनियाँ मुख्य भूमिसँग घनिष्ठ सम्बन्धको वकालत गर्ने मञ्चमा सफलतापूर्वक जिते।","यी आरोपहरूका बावजुद, माओले चिनियाँ मुख्य भूमिसँग घनिष्ठ सम्बन्धको वकालत गर्ने मञ्चमा सफलतापूर्वक जिते।","yii aaropaharuukaa baawajuda, maaole chiniyaan mukhya bhuumisnga ghanishtha sambandhako wakaalata garne manychamaa saphalataapuurwaka jite.","yii aaropaharuukaa baawajuda, maaole chiniyaan mukhya bhuumisnga ghanishtha sambandhako wakaalata garne manychamaa saphalataapuurwaka jite."
Today's Player of the Day is Alex Ovechkin of the Washington Capitals.,आजको प्लेयर अफ द डे वासिङ्टन क्यापिटल्सका एलेक्स ओभेचकिन हुन्।,आजको प्लेयर अफ द डे वासिङ्टन क्यापिटल्सका एलेक्स ओभेचकिन हुन्।,aajako pleyara apha da de waasingtana kyaapitalsakaa eleksa obhechakina hun.,aajako pleyara apha da de waasingtana kyaapitalsakaa eleksa obhechakina hun.
He had 2 goals and 2 assists in Washington's 5-3 win over the Atlanta Thrashers.,एटलान्टा थ्राशरहरूमाथि वासिङ्टनको 5-3 को जितमा उनले 2 गोल र 2 सहायता गरेका थिए।,एटलान्टा थ्राशरहरूमाथि वासिङ्टनको 5-3 को जितमा उनले 2 गोल र 2 सहायता गरेका थिए।,etalaantaa thraasharaharuumaathi waasingtanako 5-3 ko jitamaa unale 2 gola ra 2 sahaayataa garekaa thie.,etalaantaa thraasharaharuumaathi waasingtanako 5-3 ko jitamaa unale 2 gola ra 2 sahaayataa garekaa thie.
Ovechkin's first assist of the night was on the game-winning goal by rookie Nicklas Backstrom;,ओभेचकिनको रातको पहिलो सहायता नौसिखिया निकलास ब्याकस्ट्रोमको खेल-विजेता गोलमा थियो;,ओभेचकिनको रातको पहिलो सहायता नौसिखिया निकलास ब्याकस्ट्रोमको खेल-विजेता गोलमा थियो;,obhechakinako raatako pahilo sahaayataa nausikhiyaa nikalaasa byaakastromako khela-wijetaa golamaa thiyo;,obhechakinako raatako pahilo sahaayataa nausikhiyaa nikalaasa byaakastromako khela-wijetaa golamaa thiyo;
"his second goal of the night was his 60th of the season, becoming the first player to score 60 or more goals in a season since 1995-96, when Jaromir Jagr and Mario Lemieux each reached that milestone.","रातको उनको दोस्रो गोल सिजनको 60 औँ गोल थियो, जुन जारोमिर जागर र मारियो लेमिएक्स प्रत्येकले त्यो कोसेढुङ्गामा पुगेपछि 1995-96 पछि एक सिजनमा 60 वा बढी गोल गर्ने पहिलो खेलाडी बने।","रातको उनको दोस्रो गोल सिजनको 60 औँ गोल थियो, जुन जारोमिर जागर र मारियो लेमिएक्स प्रत्येकले त्यो कोसेढुङ्गामा पुगेपछि 1995-96 पछि एक सिजनमा 60 वा बढी गोल गर्ने पहिलो खेलाडी बने।","raatako unako dosro gola sijanako 60 aun gola thiyo, juna jaaromira jaagara ra maariyo lemieksa pratyekale tyo kosedhunggaamaa pugepachhi 1995-96 pachhi eka sijanamaa 60 waa badhii gola garne pahilo khelaadii bane.","raatako unako dosro gola sijanako 60 aun gola thiyo, juna jaaromira jaagara ra maariyo lemieksa pratyekale tyo kosedhunggaamaa pugepachhi 1995-96 pachhi eka sijanamaa 60 waa badhii gola garne pahilo khelaadii bane."
Batten was ranked 190th on the 2008 400 Richest Americans list with an estimated fortune of $2.3 billion.,ब्याटन सन् 2008 को 400 धनी अमेरिकीहरूको सूचीमा $2.3 बिलियनको अनुमानित सम्पत्तिको साथ 190 औँ स्थानमा थिए।,ब्याटन सन् 2008 को 400 धनी अमेरिकीहरूको सूचीमा $2.3 बिलियनको अनुमानित सम्पत्तिको साथ 190 औँ स्थानमा थिए।,byaatana san 2008 ko 400 dhanii amerikiiharuuko suuchiimaa $2.3 biliyanako anumaanita sampattiko saatha 190 aun sthaanamaa thie.,byaatana san 2008 ko 400 dhanii amerikiiharuuko suuchiimaa $2.3 biliyanako anumaanita sampattiko saatha 190 aun sthaanamaa thie.
He graduated from the College of Arts & Sciences of the University of Virginia in 1950 and was a significant donor to that institution.,उनले सन् 1950 मा भर्जिनिया विश्वविद्यालयको कला र विज्ञान कलेजबाट स्नातक गरे र त्यस संस्थानका लागि महत्त्वपूर्ण दाता थिए।,उनले सन् 1950 मा भर्जिनिया विश्वविद्यालयको कला र विज्ञान कलेजबाट स्नातक गरे र त्यस संस्थानका लागि महत्त्वपूर्ण दाता थिए।,unale san 1950 maa bharjiniyaa wishwawidyaalayako kalaa ra wijnyaana kalejabaata snaataka gare ra tyasa snsthaanakaa laagi mahattwapuurna daataa thie.,unale san 1950 maa bharjiniyaa wishwawidyaalayako kalaa ra wijnyaana kalejabaata snaataka gare ra tyasa snsthaanakaa laagi mahattwapuurna daataa thie.
Iraq's Abu Ghraib prison has been set alight during a riot.,इराकको अबु घराइब जेलमा दङ्गाको क्रममा आगो लगाइयो।,इराकको अबु घराइब जेलमा दङ्गाको क्रममा आगो लगाइयो।,iraakako abu gharaaiba jelamaa danggaako kramamaa aago lagaaiyo.,iraakako abu gharaaiba jelamaa danggaako kramamaa aago lagaaiyo.
The jail became notorious after prisoner abuse was discovered there after US forces took over.,अमेरिकी सेनाले कब्जा गरेपछि कैदी दुर्व्यवहार फेला परेपछि जेल कुख्यात भयो।,अमेरिकी सेनाले कब्जा गरेपछि कैदी दुर्व्यवहार फेला परेपछि जेल कुख्यात भयो।,amerikii senaale kabjaa garepachhi kaidii durwyawahaara phelaa parepachhi jela kukhyaata bhayo.,amerikii senaale kabjaa garepachhi kaidii durwyawahaara phelaa parepachhi jela kukhyaata bhayo.
"Piquet Jr. crashed in the 2008 Singapore Grand Prix just after an early pit stop for Fernando Alonso, bringing out the safety car.","पिकेट जुनियर सन् 2008 को सिङ्गापुर ग्रान्ड प्रिक्समा फर्नान्डो अलोंसोका लागि प्रारम्भिक पिट स्टप पछि दुर्घटना भयो, सुरक्षा कार बाहिर ल्याए।","पिकेट जुनियर सन् 2008 को सिङ्गापुर ग्रान्ड प्रिक्समा फर्नान्डो अलोंसोका लागि प्रारम्भिक पिट स्टप पछि दुर्घटना भयो, सुरक्षा कार बाहिर ल्याए।","piketa juniyara san 2008 ko singgaapura graanda priksamaa pharnaando alonsokaa laagi praarambhika pita stapa pachhi durghatanaa bhayo, surakshaa kaara baahira lyaae.","piketa juniyara san 2008 ko singgaapura graanda priksamaa pharnaando alonsokaa laagi praarambhika pita stapa pachhi durghatanaa bhayo, surakshaa kaara baahira lyaae."
"As the cars ahead of Alonso went in for fuel under the safety car, he moved up the pack to take victory.","अलोंसोभन्दा अगाडि कारहरू सुरक्षा कारमुनि इन्धनका लागि भित्र जाँदा, उनले विजय लिन प्याकलाई माथि सारे।","अलोंसोभन्दा अगाडि कारहरू सुरक्षा कारमुनि इन्धनका लागि भित्र जाँदा, उनले विजय लिन प्याकलाई माथि सारे।","alonsobhandaa agaadi kaaraharuu surakshaa kaaramuni indhanakaa laagi bhitra jaandaa, unale wijaya lina pyaakalaaii maathi saare.","alonsobhandaa agaadi kaaraharuu surakshaa kaaramuni indhanakaa laagi bhitra jaandaa, unale wijaya lina pyaakalaaii maathi saare."
Piquet Jr. was sacked after the 2009 Hungarian Grand Prix.,पिकेट जुनियरलाई सन् 2009 को हङ्गेरी ग्रान्ड प्रिक्सपछि बर्खास्त गरिएको थियो।,पिकेट जुनियरलाई सन् 2009 को हङ्गेरी ग्रान्ड प्रिक्सपछि बर्खास्त गरिएको थियो।,piketa juniyaralaaii san 2009 ko hanggerii graanda priksapachhi barkhaasta garieko thiyo.,piketa juniyaralaaii san 2009 ko hanggerii graanda priksapachhi barkhaasta garieko thiyo.
"At exactly 8:46 a.m. a hush fell across the city, marking the exact moment the first jet struck its target.","बिहान 8ः46 मा सहरभरि एउटा मौन छायाँ भयो, जुन पहिलो जेटले आफ्नो लक्ष्यमा प्रहार गरेको सही क्षण हो।","बिहान 8ः46 मा सहरभरि एउटा मौन छायाँ भयो, जुन पहिलो जेटले आफ्नो लक्ष्यमा प्रहार गरेको सही क्षण हो।","bihaana 8h46 maa saharabhari eutaa mauna chhaayaan bhayo, juna pahilo jetale aaphno lakshyamaa prahaara gareko sahii kshana ho.","bihaana 8h46 maa saharabhari eutaa mauna chhaayaan bhayo, juna pahilo jetale aaphno lakshyamaa prahaara gareko sahii kshana ho."
Two beams of light have been rigged up to point skywards overnight.,रातभरि आकाशतिर निर्देशित गर्न प्रकाशका दुई बीमहरू रिग गरिएको छ।,रातभरि आकाशतिर निर्देशित गर्न प्रकाशका दुई बीमहरू रिग गरिएको छ।,raatabhari aakaashatira nirdeshita garna prakaashakaa duii biimaharuu riga garieko chha.,raatabhari aakaashatira nirdeshita garna prakaashakaa duii biimaharuu riga garieko chha.
"Construction is ongoing for five new skyscrapers at the site, with a transportation center and memorial park in the middle.","साइटमा पाँच नयाँ गगनचुम्बी भवनहरूको निर्माण भइरहेको छ, बिचमा यातायात केन्द्र र स्मारक पार्क छ।","साइटमा पाँच नयाँ गगनचुम्बी भवनहरूको निर्माण भइरहेको छ, बिचमा यातायात केन्द्र र स्मारक पार्क छ।","saaitamaa paancha nayaan gaganachumbii bhawanaharuuko nirmaana bhairaheko chha, bichamaa yaataayaata kendra ra smaaraka paarka chha.","saaitamaa paancha nayaan gaganachumbii bhawanaharuuko nirmaana bhairaheko chha, bichamaa yaataayaata kendra ra smaaraka paarka chha."
"The PBS show has more than two-dozen Emmy awards, and its run is shorter only than Sesame Street and Mister Rogers' Neighborhood.","पीबीएस कार्यक्रममा दुई दर्जनभन्दा बढी एमी पुरस्कारहरू छन्, र यसको दौड तिल स्ट्रिट र मिस्टर रोजर्स नेबरहुड भन्दा छोटो छ।","पीबीएस कार्यक्रममा दुई दर्जनभन्दा बढी एमी पुरस्कारहरू छन्, र यसको दौड तिल स्ट्रिट र मिस्टर रोजर्स नेबरहुड भन्दा छोटो छ।","piibiiesa kaaryakramamaa duii darjanabhandaa badhii emii puraskaaraharuu chhan, ra yasako dauda tila strita ra mistara rojarsa nebarahuda bhandaa chhoto chha.","piibiiesa kaaryakramamaa duii darjanabhandaa badhii emii puraskaaraharuu chhan, ra yasako dauda tila strita ra mistara rojarsa nebarahuda bhandaa chhoto chha."
Each episode of the show would focus on a theme in a specific book and then explore that theme through multiple stories.,कार्यक्रमको प्रत्येक एपिसोडले एक विशेष पुस्तकको विषयवस्तुमा ध्यान केन्द्रित गर्नेछ र त्यसपछि धेरै कथाहरू मार्फत त्यो विषयवस्तु अन्वेषण गर्नेछ।,कार्यक्रमको प्रत्येक एपिसोडले एक विशेष पुस्तकको विषयवस्तुमा ध्यान केन्द्रित गर्नेछ र त्यसपछि धेरै कथाहरू मार्फत त्यो विषयवस्तु अन्वेषण गर्नेछ।,kaaryakramako pratyeka episodale eka wishesha pustakako wishayawastumaa dhyaana kendrita garnechha ra tyasapachhi dherai kathaaharuu maarphata tyo wishayawastu anweshana garnechha.,kaaryakramako pratyeka episodale eka wishesha pustakako wishayawastumaa dhyaana kendrita garnechha ra tyasapachhi dherai kathaaharuu maarphata tyo wishayawastu anweshana garnechha.
Each show would also provide recommendations for books that children should look for when they went to their library.,प्रत्येक कार्यक्रमले बालबालिकाहरूले आफ्नो पुस्तकालयमा जाँदा खोज्नुपर्ने पुस्तकहरूका लागि सिफारिसहरू पनि प्रदान गर्दछ।,प्रत्येक कार्यक्रमले बालबालिकाहरूले आफ्नो पुस्तकालयमा जाँदा खोज्नुपर्ने पुस्तकहरूका लागि सिफारिसहरू पनि प्रदान गर्दछ।,pratyeka kaaryakramale baalabaalikaaharuule aaphno pustakaalayamaa jaandaa khojnuparne pustakaharuukaa laagi siphaarisaharuu pani pradaana gardachha.,pratyeka kaaryakramale baalabaalikaaharuule aaphno pustakaalayamaa jaandaa khojnuparne pustakaharuukaa laagi siphaarisaharuu pani pradaana gardachha.
"John Grant, from WNED Buffalo (Reading Rainbow's home station) said ""Reading Rainbow taught kids why to read,... the love of reading — [the show] encouraged kids to pick up a book and to read.""","डब्ल्यूएनईडी बफेलो (रिडिङ रेनबोको होम स्टेसन) का जोन ग्रान्टले भने, ""रेनबो पढ्दा बच्चाहरूलाई किन पढ्न सिकाउँछ,... पढ्ने प्रेम-[सो] ले बच्चाहरूलाई पुस्तक लिन र पढ्न प्रोत्साहित गर्दछ।""","डब्ल्यूएनईडी बफेलो (रिडिङ रेनबोको होम स्टेसन) का जोन ग्रान्टले भने, ""रेनबो पढ्दा बच्चाहरूलाई किन पढ्न सिकाउँछ,... पढ्ने प्रेम-[सो] ले बच्चाहरूलाई पुस्तक लिन र पढ्न प्रोत्साहित गर्दछ।""","dablyuuenaiidii baphelo (ridinga renaboko homa stesana) kaa jona graantale bhane, ""renabo padhdaa bachchaaharuulaaii kina padhna sikaaunchha,... padhne prema-[so] le bachchaaharuulaaii pustaka lina ra padhna protsaahita gardachha.""","dablyuuenaiidii baphelo (ridinga renaboko homa stesana) kaa jona graantale bhane, ""renabo padhdaa bachchaaharuulaaii kina padhna sikaaunchha,... padhne prema-[so] le bachchaaharuulaaii pustaka lina ra padhna protsaahita gardachha."""
"It is believed by some, including John Grant, that both the funding crunch and a shift in the philosophy of educational television programming contributed to ending the series.",जोन ग्रान्टसहित केहीले यो विश्वास गर्छन् कि कोषको अभाव र शैक्षिक टेलिभिजन प्रोग्रामिङको दर्शनमा आएको परिवर्तन दुवैले शृङ्खलाको अन्त्यमा योगदान पुर्यायो।,जोन ग्रान्टसहित केहीले यो विश्वास गर्छन् कि कोषको अभाव र शैक्षिक टेलिभिजन प्रोग्रामिङको दर्शनमा आएको परिवर्तन दुवैले शृङ्खलाको अन्त्यमा योगदान पुर्यायो।,jona graantasahita kehiile yo wishwaasa garchhan ki koshako abhaawa ra shaikshika telibhijana prograamingako darshanamaa aaeko pariwartana duwaile shringkhalaako antyamaa yogadaana puryaayo.,jona graantasahita kehiile yo wishwaasa garchhan ki koshako abhaawa ra shaikshika telibhijana prograamingako darshanamaa aaeko pariwartana duwaile shringkhalaako antyamaa yogadaana puryaayo.
"The storm, situated about 645 miles (1040 km) west of the Cape Verde islands, is likely to dissipate before threatening any land areas, forecasters say.",केप वर्डे टापुबाट लगभग 645 माइल (1040 किलोमिटर) पश्चिममा अवस्थित आँधीले कुनै पनि भूमि क्षेत्रलाई खतरा निम्त्याउनुअघि नै नष्ट हुने सम्भावना रहेको पूर्वानुमानकर्ताहरूले बताएका छन्।,केप वर्डे टापुबाट लगभग 645 माइल (1040 किलोमिटर) पश्चिममा अवस्थित आँधीले कुनै पनि भूमि क्षेत्रलाई खतरा निम्त्याउनुअघि नै नष्ट हुने सम्भावना रहेको पूर्वानुमानकर्ताहरूले बताएका छन्।,kepa warde taapubaata lagabhaga 645 maaila (1040 kilomitara) pashchimamaa awasthita aandhiile kunai pani bhuumi kshetralaaii khataraa nimtyaaunuaghi nai nashta hune sambhaawanaa raheko puurwaanumaanakartaaharuule bataaekaa chhan.,kepa warde taapubaata lagabhaga 645 maaila (1040 kilomitara) pashchimamaa awasthita aandhiile kunai pani bhuumi kshetralaaii khataraa nimtyaaunuaghi nai nashta hune sambhaawanaa raheko puurwaanumaanakartaaharuule bataaekaa chhan.
Fred currently has winds of 105 miles per hour (165 km/h) and is moving towards the northwest.,फ्रेडसँग हाल 105 माइल प्रति घण्टा (165 किमी/घन्टा) को हावा छ र उत्तरपश्चिमतिर सर्दै छ।,फ्रेडसँग हाल 105 माइल प्रति घण्टा (165 किमी/घन्टा) को हावा छ र उत्तरपश्चिमतिर सर्दै छ।,phredasnga haala 105 maaila prati ghantaa (165 kimii/ghantaa) ko haawaa chha ra uttarapashchimatira sardai chha.,phredasnga haala 105 maaila prati ghantaa (165 kimii/ghantaa) ko haawaa chha ra uttarapashchimatira sardai chha.
"On September 24, 1759, Arthur Guinness signed a 9,000 year lease for the St James' Gate Brewery in Dublin, Ireland.","सेप्टेम्बर 24,1759 मा, आर्थर गिनिजले आयरल्यान्डको डबलिनमा सेन्ट जेम्स गेट ब्रुअरीका लागि 9,000 वर्षको भाडामा हस्ताक्षर गरे।","सेप्टेम्बर 24,1759 मा, आर्थर गिनिजले आयरल्यान्डको डबलिनमा सेन्ट जेम्स गेट ब्रुअरीका लागि 9,000 वर्षको भाडामा हस्ताक्षर गरे।","septembara 24,1759 maa, aarthara ginijale aayaralyaandako dabalinamaa senta jemsa geta bruariikaa laagi 9,000 warshako bhaadaamaa hastaakshara gare.","septembara 24,1759 maa, aarthara ginijale aayaralyaandako dabalinamaa senta jemsa geta bruariikaa laagi 9,000 warshako bhaadaamaa hastaakshara gare."
"250 years later, Guinness has grown to a global business that turns over 10 billion euros (US$14.7 billion) every year.","250 वर्षपछि, गिनिज एक विश्वव्यापी व्यवसायमा बढेको छ जसले प्रत्येक वर्ष 10 बिलियन युरो (युएस $14.7 बिलियन) भन्दा बढी बनाउँछ।","250 वर्षपछि, गिनिज एक विश्वव्यापी व्यवसायमा बढेको छ जसले प्रत्येक वर्ष 10 बिलियन युरो (युएस $14.7 बिलियन) भन्दा बढी बनाउँछ।","250 warshapachhi, ginija eka wishwawyaapii wyawasaayamaa badheko chha jasale pratyeka warsha 10 biliyana yuro (yuesa $14.7 biliyana) bhandaa badhii banaaunchha.","250 warshapachhi, ginija eka wishwawyaapii wyawasaayamaa badheko chha jasale pratyeka warsha 10 biliyana yuro (yuesa $14.7 biliyana) bhandaa badhii banaaunchha."
"Jonny Reid, co-driver for the A1GP New Zealand team, today made history by driving the fastest over the 48-year-old Auckland Harbour Bridge, New Zealand, legally.",ए1जिपि न्युजिल्यान्ड टोलीका सह-चालक जोनी रिडले आज न्युजिल्यान्डको 48 वर्ष पुरानो अकल्याण्ड हार्बर ब्रिजमाथि कानुनी रूपमा सबैभन्दा छिटो गाडी चलाएर इतिहास रचेका छन्।,ए1जिपि न्युजिल्यान्ड टोलीका सह-चालक जोनी रिडले आज न्युजिल्यान्डको 48 वर्ष पुरानो अकल्याण्ड हार्बर ब्रिजमाथि कानुनी रूपमा सबैभन्दा छिटो गाडी चलाएर इतिहास रचेका छन्।,e1jipi nyujilyaanda toliikaa saha-chaalaka jonii ridale aaja nyujilyaandako 48 warsha puraano akalyaanda haarbara brijamaathi kaanunii ruupamaa sabaibhandaa chhito gaadii chalaaera itihaasa rachekaa chhan.,e1jipi nyujilyaanda toliikaa saha-chaalaka jonii ridale aaja nyujilyaandako 48 warsha puraano akalyaanda haarbara brijamaathi kaanunii ruupamaa sabaibhandaa chhito gaadii chalaaera itihaasa rachekaa chhan.
"Mr Reid managed to drive the New Zealand's A1GP car, Black Beauty at speeds over 160km/h seven times over the bridge.","श्री रिडले न्युजिल्यान्डको ए1जिपि कार, ब्ल्याक ब्युटीलाई पुलमाथि सात पटक 160 किलोमिटर/घन्टा भन्दा बढी गतिमा चलाउन सफल भए।","श्री रिडले न्युजिल्यान्डको ए1जिपि कार, ब्ल्याक ब्युटीलाई पुलमाथि सात पटक 160 किलोमिटर/घन्टा भन्दा बढी गतिमा चलाउन सफल भए।","shrii ridale nyujilyaandako e1jipi kaara, blyaaka byutiilaaii pulamaathi saata pataka 160 kilomitara/ghantaa bhandaa badhii gatimaa chalaauna saphala bhae.","shrii ridale nyujilyaandako e1jipi kaara, blyaaka byutiilaaii pulamaathi saata pataka 160 kilomitara/ghantaa bhandaa badhii gatimaa chalaauna saphala bhae."
"The New Zealand police had trouble using their speed radar guns to see how fast Mr Reid was going because of how low Black Beauty is, and the only time the police managed to clock Mr Reid was when he slowed down to 160km/h.","न्युजिल्यान्ड पुलिसलाई आफ्नो स्पिड रडार गनहरू प्रयोग गर्न समस्या भयो कि मिस्टर रिड कति छिटो जाँदै थिए किनभने ब्ल्याक ब्यूटी कति कम छ, र प्रहरीले मिस्टर रिडलाई घडी लगाउन सफल भएको एक मात्र समय थियो जब उनी 160 किमी/घन्टा सम्म ढिलो भए।","न्युजिल्यान्ड पुलिसलाई आफ्नो स्पिड रडार गनहरू प्रयोग गर्न समस्या भयो कि मिस्टर रिड कति छिटो जाँदै थिए किनभने ब्ल्याक ब्यूटी कति कम छ, र प्रहरीले मिस्टर रिडलाई घडी लगाउन सफल भएको एक मात्र समय थियो जब उनी 160 किमी/घन्टा सम्म ढिलो भए।","nyujilyaanda pulisalaaii aaphno spida radaara ganaharuu prayoga garna samasyaa bhayo ki mistara rida kati chhito jaandai thie kinabhane blyaaka byuutii kati kama chha, ra prahariile mistara ridalaaii ghadii lagaauna saphala bhaeko eka maatra samaya thiyo jaba unii 160 kimii/ghantaa samma dhilo bhae.","nyujilyaanda pulisalaaii aaphno spida radaara ganaharuu prayoga garna samasyaa bhayo ki mistara rida kati chhito jaandai thie kinabhane blyaaka byuutii kati kama chha, ra prahariile mistara ridalaaii ghadii lagaauna saphala bhaeko eka maatra samaya thiyo jaba unii 160 kimii/ghantaa samma dhilo bhae."
"In the last 3 months, over 80 arrestees were released from the Central Booking facility without being formally charged.",विगत 3 महिनामा 80 जनाभन्दा बढी पक्राउ परेका व्यक्तिहरूलाई औपचारिक रूपमा आरोप नलगाएर केन्द्रीय आरक्षण सुविधाबाट रिहा गरिएको थियो।,विगत 3 महिनामा 80 जनाभन्दा बढी पक्राउ परेका व्यक्तिहरूलाई औपचारिक रूपमा आरोप नलगाएर केन्द्रीय आरक्षण सुविधाबाट रिहा गरिएको थियो।,wigata 3 mahinaamaa 80 janaabhandaa badhii pakraau parekaa wyaktiharuulaaii aupachaarika ruupamaa aaropa nalagaaera kendriiya aarakshana suwidhaabaata rihaa garieko thiyo.,wigata 3 mahinaamaa 80 janaabhandaa badhii pakraau parekaa wyaktiharuulaaii aupachaarika ruupamaa aaropa nalagaaera kendriiya aarakshana suwidhaabaata rihaa garieko thiyo.
"In April this year, a temporary restaining order was issued by Judge Glynn against the facility to enforce the release of those held more than 24 hours after their intake who did not receive a hearing by a court commissioner.","यस वर्षको अप्रिलमा, न्यायाधीश ग्लिनले अदालतको आयुक्तद्वारा सुनुवती प्राप्त नगर्ने 24 घण्टा भन्दा बढी समयपछि राखिएको कैदीहरूलाई रिहा गर्ने सुविधाको विरुद्धमा अस्थायी पुनर्स्थापना आदेश जारी गरेका थिए।","यस वर्षको अप्रिलमा, न्यायाधीश ग्लिनले अदालतको आयुक्तद्वारा सुनुवती प्राप्त नगर्ने 24 घण्टा भन्दा बढी समयपछि राखिएको कैदीहरूलाई रिहा गर्ने सुविधाको विरुद्धमा अस्थायी पुनर्स्थापना आदेश जारी गरेका थिए।","yasa warshako aprilamaa, nyaayaadhiisha glinale adaalatako aayuktadwaaraa sunuwatii praapta nagarne 24 ghantaa bhandaa badhii samayapachhi raakhieko kaidiiharuulaaii rihaa garne suwidhaako wiruddhamaa asthaayii punarsthaapanaa aadesha jaarii garekaa thie.","yasa warshako aprilamaa, nyaayaadhiisha glinale adaalatako aayuktadwaaraa sunuwatii praapta nagarne 24 ghantaa bhandaa badhii samayapachhi raakhieko kaidiiharuulaaii rihaa garne suwidhaako wiruddhamaa asthaayii punarsthaapanaa aadesha jaarii garekaa thie."
"The commissioner sets bail, if granted, and formalizes the charges filed by the arresting officer. The charges are then entered into the state's computer system where the case is tracked.",आयुक्तले जमानत दिएमा जमानत दिन्छन् र पक्राउ अधिकारीद्वारा दायर गरिएका आरोपहरूलाई औपचारिक बनाउँछन्। त्यसपछि आरोपहरू राज्यको कम्प्युटर प्रणालीमा प्रविष्ट गरिन्छ जहाँ मुद्दा ट्र्याक गरिन्छ।,आयुक्तले जमानत दिएमा जमानत दिन्छन् र पक्राउ अधिकारीद्वारा दायर गरिएका आरोपहरूलाई औपचारिक बनाउँछन्। त्यसपछि आरोपहरू राज्यको कम्प्युटर प्रणालीमा प्रविष्ट गरिन्छ जहाँ मुद्दा ट्र्याक गरिन्छ।,aayuktale jamaanata diemaa jamaanata dinchhan ra pakraau adhikaariidwaaraa daayara gariekaa aaropaharuulaaii aupachaarika banaaunchhan. tyasapachhi aaropaharuu raajyako kampyutara pranaaliimaa prawishta garinchha jahaan muddaa tryaaka garinchha.,aayuktale jamaanata diemaa jamaanata dinchhan ra pakraau adhikaariidwaaraa daayara gariekaa aaropaharuulaaii aupachaarika banaaunchhan. tyasapachhi aaropaharuu raajyako kampyutara pranaaliimaa prawishta garinchha jahaan muddaa tryaaka garinchha.
The hearing also marks the date for the suspect’s right to a speedy trial.,सुनुवाइमा संदिग्धको द्रुत मुद्दाको अधिकारको मिति पनि चिन्ह लगाइन्छ।,सुनुवाइमा संदिग्धको द्रुत मुद्दाको अधिकारको मिति पनि चिन्ह लगाइन्छ।,sunuwaaimaa sndigdhako druta muddaako adhikaarako miti pani chinha lagaainchha.,sunuwaaimaa sndigdhako druta muddaako adhikaarako miti pani chinha lagaainchha.
"Peter Costello, Australian treasurer and the man most likely to succeed Prime Minister John Howard as Liberal party leader has thrown his support behind a nuclear power industry in Australia.",अस्ट्रेलियाका खजानची र प्रधानमन्त्री जोन हावर्डको उत्तराधिकारी बन्ने सम्भावना भएका पिटर कोस्टेलोले अस्ट्रेलियामा आणविक ऊर्जा उद्योगलाई समर्थन गरेका छन्।,अस्ट्रेलियाका खजानची र प्रधानमन्त्री जोन हावर्डको उत्तराधिकारी बन्ने सम्भावना भएका पिटर कोस्टेलोले अस्ट्रेलियामा आणविक ऊर्जा उद्योगलाई समर्थन गरेका छन्।,astreliyaakaa khajaanachii ra pradhaanamantrii jona haawardako uttaraadhikaarii banne sambhaawanaa bhaekaa pitara kostelole astreliyaamaa aanawika uurjaa udyogalaaii samarthana garekaa chhan.,astreliyaakaa khajaanachii ra pradhaanamantrii jona haawardako uttaraadhikaarii banne sambhaawanaa bhaekaa pitara kostelole astreliyaamaa aanawika uurjaa udyogalaaii samarthana garekaa chhan.
"Mr Costello said that when nuclear power generation becomes economically viable, Australia should pursue its use.","श्री कोस्टेलोले भने कि जब आणविक ऊर्जा उत्पादन आर्थिक रूपमा व्यवहार्य हुन्छ, अष्ट्रेलियाले यसको प्रयोगलाई अगाडि बढाउनुपर्छ।","श्री कोस्टेलोले भने कि जब आणविक ऊर्जा उत्पादन आर्थिक रूपमा व्यवहार्य हुन्छ, अष्ट्रेलियाले यसको प्रयोगलाई अगाडि बढाउनुपर्छ।","shrii kostelole bhane ki jaba aanawika uurjaa utpaadana aarthika ruupamaa wyawahaarya hunchha, ashtreliyaale yasako prayogalaaii agaadi badhaaunuparchha.","shrii kostelole bhane ki jaba aanawika uurjaa utpaadana aarthika ruupamaa wyawahaarya hunchha, ashtreliyaale yasako prayogalaaii agaadi badhaaunuparchha."
"""If it becomes commercial, we should have it. That is, there's no in-principle objection to nuclear energy"" Mr Costello said.","""यदि यो व्यावसायिक भयो भने, हामीसँग यो हुनुपर्छ। अर्थात्, आणविक ऊर्जामा कुनै सैद्धान्तिक आपत्ति छैन"" श्री कोस्टेलोले भने।","""यदि यो व्यावसायिक भयो भने, हामीसँग यो हुनुपर्छ। अर्थात्, आणविक ऊर्जामा कुनै सैद्धान्तिक आपत्ति छैन"" श्री कोस्टेलोले भने।","""yadi yo wyaawasaayika bhayo bhane, haamiisnga yo hunuparchha. arthaat, aanawika uurjaamaa kunai saiddhaantika aapatti chhaina"" shrii kostelole bhane.","""yadi yo wyaawasaayika bhayo bhane, haamiisnga yo hunuparchha. arthaat, aanawika uurjaamaa kunai saiddhaantika aapatti chhaina"" shrii kostelole bhane."
"According to Ansa, ""police were concerned by a couple of top-level hits they feared might spark a full-blown war of succession.","अन्साका अनुसार, ""पुलिस केही शीर्ष-स्तरका हिटहरूबाट चिन्तित थिए जसले उत्तराधिकारको पूर्ण युद्ध सुरु हुन सक्छ भन्ने डर थियो।","अन्साका अनुसार, ""पुलिस केही शीर्ष-स्तरका हिटहरूबाट चिन्तित थिए जसले उत्तराधिकारको पूर्ण युद्ध सुरु हुन सक्छ भन्ने डर थियो।","ansaakaa anusaara, ""pulisa kehii shiirsha-starakaa hitaharuubaata chintita thie jasale uttaraadhikaarako puurna yuddha suru huna sakchha bhanne dara thiyo.","ansaakaa anusaara, ""pulisa kehii shiirsha-starakaa hitaharuubaata chintita thie jasale uttaraadhikaarako puurna yuddha suru huna sakchha bhanne dara thiyo."
Police said Lo Piccolo had the upper hand because he had been Provenzano's right-hand man in Palermo and his greater experience won him the respect of the older generation of bosses as they pursued Provenzano's policy of keeping as low as possible while strengthening their power network.,पुलिसले भने कि लो पिकोलोको हात माथि थियो किनभने उनी पालेर्मोमा प्रोभेन्जानोको दाहिने हातका मानिस थिए र उनको ठूलो अनुभवले उनलाई पुरानो पुस्ताका मालिकहरूको सम्मान जितायो किनकि उनीहरूले प्रोभेन्जानोको आफ्नो पावर नेटवर्कलाई बलियो पार्दै सकेसम्म कम राख्ने नीतिलाई पछ्याए।,पुलिसले भने कि लो पिकोलोको हात माथि थियो किनभने उनी पालेर्मोमा प्रोभेन्जानोको दाहिने हातका मानिस थिए र उनको ठूलो अनुभवले उनलाई पुरानो पुस्ताका मालिकहरूको सम्मान जितायो किनकि उनीहरूले प्रोभेन्जानोको आफ्नो पावर नेटवर्कलाई बलियो पार्दै सकेसम्म कम राख्ने नीतिलाई पछ्याए।,pulisale bhane ki lo pikoloko haata maathi thiyo kinabhane unii paalermomaa probhenjaanoko daahine haatakaa maanisa thie ra unako thuulo anubhawale unalaaii puraano pustaakaa maalikaharuuko sammaana jitaayo kinaki uniiharuule probhenjaanoko aaphno paawara netawarkalaaii baliyo paardai sakesamma kama raakhne niitilaaii pachhyaae.,pulisale bhane ki lo pikoloko haata maathi thiyo kinabhane unii paalermomaa probhenjaanoko daahine haatakaa maanisa thie ra unako thuulo anubhawale unalaaii puraano pustaakaa maalikaharuuko sammaana jitaayo kinaki uniiharuule probhenjaanoko aaphno paawara netawarkalaaii baliyo paardai sakesamma kama raakhne niitilaaii pachhyaae.
"These bosses had been reined in by Provenzano when he put an end to the Riina-driven war against the state that claimed the lives of Mafia crusaders Giovanni Falcone and Paolo Borsellino in 1992.""",यी मालिकहरूलाई प्रोभेन्जानोले नियन्त्रण गरेका थिए जब उनले सन् 1992 मा माफिया क्रुसेडर जियोभन्नी फाल्कोन र पाओलो बोर्सेलिनोको ज्यान लिने राज्य विरुद्ध रिना-सञ्चालित युद्धको अन्त्य गरे।,यी मालिकहरूलाई प्रोभेन्जानोले नियन्त्रण गरेका थिए जब उनले सन् 1992 मा माफिया क्रुसेडर जियोभन्नी फाल्कोन र पाओलो बोर्सेलिनोको ज्यान लिने राज्य विरुद्ध रिना-सञ्चालित युद्धको अन्त्य गरे।,yii maalikaharuulaaii probhenjaanole niyantrana garekaa thie jaba unale san 1992 maa maaphiyaa krusedara jiyobhannii phaalkona ra paaolo borselinoko jyaana line raajya wiruddha rinaa-sanychaalita yuddhako antya gare.,yii maalikaharuulaaii probhenjaanole niyantrana garekaa thie jaba unale san 1992 maa maaphiyaa krusedara jiyobhannii phaalkona ra paaolo borselinoko jyaana line raajya wiruddha rinaa-sanychaalita yuddhako antya gare.
Apple CEO Steve Jobs unveiled the device by walking onto the stage and taking the iPhone out of his jeans pocket.,एप्पलका सिइओ स्टिभ जब्सले स्टेजमा हिँडेर आफ्नो जिन्सको पकेटबाट आइफोन निकालेर उपकरणको अनावरण गरे।,एप्पलका सिइओ स्टिभ जब्सले स्टेजमा हिँडेर आफ्नो जिन्सको पकेटबाट आइफोन निकालेर उपकरणको अनावरण गरे।,eppalakaa siio stibha jabsale stejamaa hindera aaphno jinsako paketabaata aaiphona nikaalera upakaranako anaawarana gare.,eppalakaa siio stibha jabsale stejamaa hindera aaphno jinsako paketabaata aaiphona nikaalera upakaranako anaawarana gare.
"During his 2 hour speech he stated that ""Today Apple is going to reinvent the phone, We are going to make history today"".","आफ्नो 2 घण्टाको भाषणमा उनले भने, ""आज एप्पलले फोनलाई पुनः आविष्कार गर्न गइरहेको छ, हामी आज इतिहास बनाउन जाँदैछौँ।""","आफ्नो 2 घण्टाको भाषणमा उनले भने, ""आज एप्पलले फोनलाई पुनः आविष्कार गर्न गइरहेको छ, हामी आज इतिहास बनाउन जाँदैछौँ।""","aaphno 2 ghantaako bhaashanamaa unale bhane, ""aaja eppalale phonalaaii punh aawishkaara garna gairaheko chha, haamii aaja itihaasa banaauna jaandaichhaun.""","aaphno 2 ghantaako bhaashanamaa unale bhane, ""aaja eppalale phonalaaii punh aawishkaara garna gairaheko chha, haamii aaja itihaasa banaauna jaandaichhaun."""
"Brazil is the largest Roman Catholic country on Earth, and the Roman Catholic Church has consistently opposed the legalization of same-sex marriage in the country.","ब्राजिल पृथ्वीको सबैभन्दा ठुलो रोमन क्याथोलिक देश हो, र रोमन क्याथोलिक चर्चले देशमा समलिङ्गी विवाहलाई वैधानिक बनाउने लगातार विरोध गरेको छ।","ब्राजिल पृथ्वीको सबैभन्दा ठुलो रोमन क्याथोलिक देश हो, र रोमन क्याथोलिक चर्चले देशमा समलिङ्गी विवाहलाई वैधानिक बनाउने लगातार विरोध गरेको छ।","braajila prithwiiko sabaibhandaa thulo romana kyaatholika desha ho, ra romana kyaatholika charchale deshamaa samalinggii wiwaahalaaii waidhaanika banaaune lagaataara wirodha gareko chha.","braajila prithwiiko sabaibhandaa thulo romana kyaatholika desha ho, ra romana kyaatholika charchale deshamaa samalinggii wiwaahalaaii waidhaanika banaaune lagaataara wirodha gareko chha."
"The National Congress of Brazil has debated legalization for 10 years, and such civil marriages are currently only legal in Rio Grande do Sul.","ब्राजिलको राष्ट्रिय काङ्ग्रेसले 10 वर्षदेखि वैधानिकताबारे बहस गरिरहेको छ, र त्यस्ता नागरिक विवाहहरू हाल रियो ग्रान्डे डो सुलमा मात्र वैध छन्।","ब्राजिलको राष्ट्रिय काङ्ग्रेसले 10 वर्षदेखि वैधानिकताबारे बहस गरिरहेको छ, र त्यस्ता नागरिक विवाहहरू हाल रियो ग्रान्डे डो सुलमा मात्र वैध छन्।","braajilako raashtriya kaanggresale 10 warshadekhi waidhaanikataabaare bahasa gariraheko chha, ra tyastaa naagarika wiwaahaharuu haala riyo graande do sulamaa maatra waidha chhan.","braajilako raashtriya kaanggresale 10 warshadekhi waidhaanikataabaare bahasa gariraheko chha, ra tyastaa naagarika wiwaahaharuu haala riyo graande do sulamaa maatra waidha chhan."
"The original bill was drafted by former mayor of São Paulo, Marta Suplicy. The proposed legislation, after being amended, is now in the hands of Roberto Jefferson.","मूल विधेयक साओ पाउलोका पूर्व मेयर मार्टा सुप्लिसीले तयार पारेका थिए। प्रस्तावित कानून, संशोधन भएपछि, अब रोबर्टो जेफर्सनको हातमा छ।","मूल विधेयक साओ पाउलोका पूर्व मेयर मार्टा सुप्लिसीले तयार पारेका थिए। प्रस्तावित कानून, संशोधन भएपछि, अब रोबर्टो जेफर्सनको हातमा छ।","muula widheyaka saao paaulokaa puurwa meyara maartaa suplisiile tayaara paarekaa thie. prastaawita kaanuuna, snshodhana bhaepachhi, aba robarto jepharsanako haatamaa chha.","muula widheyaka saao paaulokaa puurwa meyara maartaa suplisiile tayaara paarekaa thie. prastaawita kaanuuna, snshodhana bhaepachhi, aba robarto jepharsanako haatamaa chha."
Protesters hope to collect a petition of 1.2 million signatures to present to the National Congress in November.,प्रदर्शनकारीहरूले नोभेम्बरमा राष्ट्रिय काङ्ग्रेसमा प्रस्तुत गर्न 12 लाख हस्ताक्षरको निवेदन सङ्कलन गर्ने आशा गरेका छन्।,प्रदर्शनकारीहरूले नोभेम्बरमा राष्ट्रिय काङ्ग्रेसमा प्रस्तुत गर्न 12 लाख हस्ताक्षरको निवेदन सङ्कलन गर्ने आशा गरेका छन्।,pradarshanakaariiharuule nobhembaramaa raashtriya kaanggresamaa prastuta garna 12 laakha hastaaksharako niwedana sangkalana garne aashaa garekaa chhan.,pradarshanakaariiharuule nobhembaramaa raashtriya kaanggresamaa prastuta garna 12 laakha hastaaksharako niwedana sangkalana garne aashaa garekaa chhan.
"After it became apparent that many families were seeking legal help to fight the evictions, a meeting was held on March 20 at the East Bay Community Law Center for the victims of the housing scam.","धेरै परिवारहरूले निष्कासनसँग लड्न कानुनी सहयोग खोजिरहेका छन् भन्ने स्पष्ट भएपछि, आवास घोटालाका पीडितहरूका लागि मार्च 20 मा इस्ट बे कम्युनिटी ल सेन्टरमा बैठक भएको थियो।","धेरै परिवारहरूले निष्कासनसँग लड्न कानुनी सहयोग खोजिरहेका छन् भन्ने स्पष्ट भएपछि, आवास घोटालाका पीडितहरूका लागि मार्च 20 मा इस्ट बे कम्युनिटी ल सेन्टरमा बैठक भएको थियो।","dherai pariwaaraharuule nishkaasanasnga ladna kaanunii sahayoga khojirahekaa chhan bhanne spashta bhaepachhi, aawaasa ghotaalaakaa piiditaharuukaa laagi maarcha 20 maa ista be kamyunitii la sentaramaa baithaka bhaeko thiyo.","dherai pariwaaraharuule nishkaasanasnga ladna kaanunii sahayoga khojirahekaa chhan bhanne spashta bhaepachhi, aawaasa ghotaalaakaa piiditaharuukaa laagi maarcha 20 maa ista be kamyunitii la sentaramaa baithaka bhaeko thiyo."
"When the tenants started sharing what had occurred to them, most of the families involved suddenly realized that Carolyn Wilson of the OHA had stolen their security deposits, and skipped out of town.","जब भाँडादारहरूले उनीहरूलाई के भएको थियो भनेर साझा गर्न थाले, यसमा संलग्न अधिकांश परिवारहरूले अचानक ओएचएका क्यारोलिन विल्सनले उनीहरूको सुरक्षा जम्मा चोरी गरेको महसुस गरे, र सहरबाट बाहिर निस्किए।","जब भाँडादारहरूले उनीहरूलाई के भएको थियो भनेर साझा गर्न थाले, यसमा संलग्न अधिकांश परिवारहरूले अचानक ओएचएका क्यारोलिन विल्सनले उनीहरूको सुरक्षा जम्मा चोरी गरेको महसुस गरे, र सहरबाट बाहिर निस्किए।","jaba bhaandaadaaraharuule uniiharuulaaii ke bhaeko thiyo bhanera saajhaa garna thaale, yasamaa snlagna adhikaansha pariwaaraharuule achaanaka oechaekaa kyaarolina wilsanale uniiharuuko surakshaa jammaa chorii gareko mahasusa gare, ra saharabaata baahira niskie.","jaba bhaandaadaaraharuule uniiharuulaaii ke bhaeko thiyo bhanera saajhaa garna thaale, yasamaa snlagna adhikaansha pariwaaraharuule achaanaka oechaekaa kyaarolina wilsanale uniiharuuko surakshaa jammaa chorii gareko mahasusa gare, ra saharabaata baahira niskie."
"Tenants at Lockwood Gardens believe that there may be another 40 families or more to face eviction, since they learned that OHA police are also investigating other public housing properties in Oakland that may be caught up in the housing scam.","लकवुड गार्डेनका भाडामा लिनेहरू त्यहाँ निष्कासनको सामना गर्न थप 40 वा सोभन्दा बढी परिवारहरू हुन सक्छन् भन्ने विश्वास गर्छन्, किनकि उनीहरूले थाहा पाए कि ओएचए प्रहरीले ओकल्यान्डमा अन्य सार्वजनिक आवास सम्पत्तिहरूको पनि अनुसन्धान गरिरहेको छ जुन आवास घोटालामा फस्न सक्छ।","लकवुड गार्डेनका भाडामा लिनेहरू त्यहाँ निष्कासनको सामना गर्न थप 40 वा सोभन्दा बढी परिवारहरू हुन सक्छन् भन्ने विश्वास गर्छन्, किनकि उनीहरूले थाहा पाए कि ओएचए प्रहरीले ओकल्यान्डमा अन्य सार्वजनिक आवास सम्पत्तिहरूको पनि अनुसन्धान गरिरहेको छ जुन आवास घोटालामा फस्न सक्छ।","lakawuda gaardenakaa bhaadaamaa lineharuu tyahaan nishkaasanako saamanaa garna thapa 40 waa sobhandaa badhii pariwaaraharuu huna sakchhan bhanne wishwaasa garchhan, kinaki uniiharuule thaahaa paae ki oechae prahariile okalyaandamaa anya saarwajanika aawaasa sampattiharuuko pani anusandhaana gariraheko chha juna aawaasa ghotaalaamaa phasna sakchha.","lakawuda gaardenakaa bhaadaamaa lineharuu tyahaan nishkaasanako saamanaa garna thapa 40 waa sobhandaa badhii pariwaaraharuu huna sakchhan bhanne wishwaasa garchhan, kinaki uniiharuule thaahaa paae ki oechae prahariile okalyaandamaa anya saarwajanika aawaasa sampattiharuuko pani anusandhaana gariraheko chha juna aawaasa ghotaalaamaa phasna sakchha."
"The band canceled the show at Maui's War Memorial Stadium, which was set to be attended by 9,000 people, and apologized to fans.","ब्यान्डले माउको वार मेमोरियल स्टेडियममा कार्यक्रम रद्द गर्यो, जसमा 9,000 मानिसहरूले भाग लिन तय गरिएको थियो, र प्रशंसकहरूसँग माफी माग्यो।","ब्यान्डले माउको वार मेमोरियल स्टेडियममा कार्यक्रम रद्द गर्यो, जसमा 9,000 मानिसहरूले भाग लिन तय गरिएको थियो, र प्रशंसकहरूसँग माफी माग्यो।","byaandale maauko waara memoriyala stediyamamaa kaaryakrama radda garyo, jasamaa 9,000 maanisaharuule bhaaga lina taya garieko thiyo, ra prashnsakaharuusnga maaphii maagyo.","byaandale maauko waara memoriyala stediyamamaa kaaryakrama radda garyo, jasamaa 9,000 maanisaharuule bhaaga lina taya garieko thiyo, ra prashnsakaharuusnga maaphii maagyo."
"The band's management company, HK Management Inc., gave no initial reason when they canceled on September 20, but blamed logistical reasons by the next day.","ब्यान्डको व्यवस्थापन कम्पनी, एचके म्यानेजमेन्ट इन्कले सेप्टेम्बर 20 मा रद्द गर्दा कुनै प्रारम्भिक कारण भनेन, तर भोलिपल्टसम्म रसदका कारणहरूलाई दोष दिए।","ब्यान्डको व्यवस्थापन कम्पनी, एचके म्यानेजमेन्ट इन्कले सेप्टेम्बर 20 मा रद्द गर्दा कुनै प्रारम्भिक कारण भनेन, तर भोलिपल्टसम्म रसदका कारणहरूलाई दोष दिए।","byaandako wyawasthaapana kampanii, echake myaanejamenta inkale septembara 20 maa radda gardaa kunai praarambhika kaarana bhanena, tara bholipaltasamma rasadakaa kaaranaharuulaaii dosha die.","byaandako wyawasthaapana kampanii, echake myaanejamenta inkale septembara 20 maa radda gardaa kunai praarambhika kaarana bhanena, tara bholipaltasamma rasadakaa kaaranaharuulaaii dosha die."
"The famous Greek lawyers, Sakis Kechagioglou and George Nikolakopoulos have been imprisoned in the Athens' jail of Korydallus, as they were found guilty of graft and corruption.","प्रसिद्ध ग्रिक वकिल, साकिस केचागियोग्लो र जर्ज निकोलाकोपोलोसलाई एथेन्सको कोरिडालसको जेलमा कैद गरिएको छ, किनभने तिनीहरू भ्रष्टाचार र भ्रष्टाचारको दोषी पाइएका थिए।","प्रसिद्ध ग्रिक वकिल, साकिस केचागियोग्लो र जर्ज निकोलाकोपोलोसलाई एथेन्सको कोरिडालसको जेलमा कैद गरिएको छ, किनभने तिनीहरू भ्रष्टाचार र भ्रष्टाचारको दोषी पाइएका थिए।","prasiddha grika wakila, saakisa kechaagiyoglo ra jarja nikolaakopolosalaaii ethensako koridaalasako jelamaa kaida garieko chha, kinabhane tiniiharuu bhrashtaachaara ra bhrashtaachaarako doshii paaiekaa thie.","prasiddha grika wakila, saakisa kechaagiyoglo ra jarja nikolaakopolosalaaii ethensako koridaalasako jelamaa kaida garieko chha, kinabhane tiniiharuu bhrashtaachaara ra bhrashtaachaarako doshii paaiekaa thie."
"As a result of this, a big scandal within the Greek legal community has been raised through the exposure of illegal actions that judges, lawyers, solicitors and attorneys have done during the previous years.","यसको परिणामस्वरुप, न्यायाधीश, वकिल, वकिल र वकिलहरूले अघिल्लो वर्षहरूमा गरेका अवैध कार्यहरूको एक्सपोजरको माध्यमबाट ग्रिक कानुनी समुदायभित्र एउटा ठुलो स्क्यान्डल उठेको छ।","यसको परिणामस्वरुप, न्यायाधीश, वकिल, वकिल र वकिलहरूले अघिल्लो वर्षहरूमा गरेका अवैध कार्यहरूको एक्सपोजरको माध्यमबाट ग्रिक कानुनी समुदायभित्र एउटा ठुलो स्क्यान्डल उठेको छ।","yasako parinaamaswarupa, nyaayaadhiisha, wakila, wakila ra wakilaharuule aghillo warshaharuumaa garekaa awaidha kaaryaharuuko eksapojarako maadhyamabaata grika kaanunii samudaayabhitra eutaa thulo skyaandala utheko chha.","yasako parinaamaswarupa, nyaayaadhiisha, wakila, wakila ra wakilaharuule aghillo warshaharuumaa garekaa awaidha kaaryaharuuko eksapojarako maadhyamabaata grika kaanunii samudaayabhitra eutaa thulo skyaandala utheko chha."
"A few weeks ago, after the information published by the journalist Makis Triantafylopoulos in his popular Television show ""Zoungla"" in Alpha TV, the member of Parliament and lawyer, Petros Mantouvalos was abdicated as members of his office had been involved in illegal graft and corruption.",केही हप्ताअघि पत्रकार माकिस ट्रियान्ताफिलोपोलोसले अल्फा टिभीमा आफ्नो लोकप्रिय टेलिभिजन कार्यक्रम'जोङ्ला'मा प्रकाशित जानकारीपछि सांसद तथा वकिल पेट्रोस मान्टोभालोस आफ्नो कार्यालयका सदस्यहरू अवैध भ्रष्टाचार र भ्रष्टाचारमा संलग्न भएकाले पदबाट हटाइए।,केही हप्ताअघि पत्रकार माकिस ट्रियान्ताफिलोपोलोसले अल्फा टिभीमा आफ्नो लोकप्रिय टेलिभिजन कार्यक्रम'जोङ्ला'मा प्रकाशित जानकारीपछि सांसद तथा वकिल पेट्रोस मान्टोभालोस आफ्नो कार्यालयका सदस्यहरू अवैध भ्रष्टाचार र भ्रष्टाचारमा संलग्न भएकाले पदबाट हटाइए।,kehii haptaaaghi patrakaara maakisa triyaantaaphilopolosale alphaa tibhiimaa aaphno lokapriya telibhijana kaaryakrama'jonglaa'maa prakaashita jaanakaariipachhi saansada tathaa wakila petrosa maantobhaalosa aaphno kaaryaalayakaa sadasyaharuu awaidha bhrashtaachaara ra bhrashtaachaaramaa snlagna bhaekaale padabaata hataaie.,kehii haptaaaghi patrakaara maakisa triyaantaaphilopolosale alphaa tibhiimaa aaphno lokapriya telibhijana kaaryakrama'jonglaa'maa prakaashita jaanakaariipachhi saansada tathaa wakila petrosa maantobhaalosa aaphno kaaryaalayakaa sadasyaharuu awaidha bhrashtaachaara ra bhrashtaachaaramaa snlagna bhaekaale padabaata hataaie.
"Moreover, top judge Evangelos Kalousis is imprisoned as he found guilty of corruption and degenerate behaviour.","यसबाहेक, शीर्ष न्यायाधीश इभान्जेलोस कालौसिस भ्रष्टाचार र विकृत व्यवहारको दोषी पाइएपछि जेलमा छन्।","यसबाहेक, शीर्ष न्यायाधीश इभान्जेलोस कालौसिस भ्रष्टाचार र विकृत व्यवहारको दोषी पाइएपछि जेलमा छन्।","yasabaaheka, shiirsha nyaayaadhiisha ibhaanjelosa kaalausisa bhrashtaachaara ra wikrita wyawahaarako doshii paaiepachhi jelamaa chhan.","yasabaaheka, shiirsha nyaayaadhiisha ibhaanjelosa kaalausisa bhrashtaachaara ra wikrita wyawahaarako doshii paaiepachhi jelamaa chhan."
"Roberts flatly refused to say about when he believes life begins, an important question when considering the ethics of abortion, saying that it would be unethical to comment on the specifics of likely cases.","रोबर्ट्सले जीवन कहिले सुरु हुन्छ भन्ने विश्वास गर्छन् भन्नेबारे स्पष्ट रूपमा भन्न अस्वीकार गरे, गर्भपतनको नैतिकतालाई विचार गर्दा एउटा महत्त्वपूर्ण प्रश्न, सम्भावित मामिलाहरूको विशिष्टतामा टिप्पणी गर्नु अनैतिक हुनेछ भनी भन्दै।","रोबर्ट्सले जीवन कहिले सुरु हुन्छ भन्ने विश्वास गर्छन् भन्नेबारे स्पष्ट रूपमा भन्न अस्वीकार गरे, गर्भपतनको नैतिकतालाई विचार गर्दा एउटा महत्त्वपूर्ण प्रश्न, सम्भावित मामिलाहरूको विशिष्टतामा टिप्पणी गर्नु अनैतिक हुनेछ भनी भन्दै।","robartsale jiiwana kahile suru hunchha bhanne wishwaasa garchhan bhannebaare spashta ruupamaa bhanna aswiikaara gare, garbhapatanako naitikataalaaii wichaara gardaa eutaa mahattwapuurna prashna, sambhaawita maamilaaharuuko wishishtataamaa tippanii garnu anaitika hunechha bhanii bhandai.","robartsale jiiwana kahile suru hunchha bhanne wishwaasa garchhan bhannebaare spashta ruupamaa bhanna aswiikaara gare, garbhapatanako naitikataalaaii wichaara gardaa eutaa mahattwapuurna prashna, sambhaawita maamilaaharuuko wishishtataamaa tippanii garnu anaitika hunechha bhanii bhandai."
"He did, however, reiterate his earlier statement that Roe v. Wade was the ""settled law of the land"", emphasizing the importance of consistent Supreme Court rulings.","तथापि, उनले सर्वोच्च अदालतको लगातार निर्णयहरूको महत्त्वलाई जोड दिँदै रो बनाम वेड ""देशको स्थायी कानून"" थियो भन्ने आफ्नो अघिल्लो कथन दोहोऱ्याए।","तथापि, उनले सर्वोच्च अदालतको लगातार निर्णयहरूको महत्त्वलाई जोड दिँदै रो बनाम वेड ""देशको स्थायी कानून"" थियो भन्ने आफ्नो अघिल्लो कथन दोहोऱ्याए।","tathaapi, unale sarwochcha adaalatako lagaataara nirnayaharuuko mahattwalaaii joda dindai ro banaama weda ""deshako sthaayii kaanuuna"" thiyo bhanne aaphno aghillo kathana dohoryaae.","tathaapi, unale sarwochcha adaalatako lagaataara nirnayaharuuko mahattwalaaii joda dindai ro banaama weda ""deshako sthaayii kaanuuna"" thiyo bhanne aaphno aghillo kathana dohoryaae."
He also confirmed that he believed in the implied right to privacy which the Roe decision depended upon.,उनले गोप्यताको निहित अधिकारमा विश्वास गर्ने कुरा पनि पुष्टि गरे जसमा रो निर्णय निर्भर थियो।,उनले गोप्यताको निहित अधिकारमा विश्वास गर्ने कुरा पनि पुष्टि गरे जसमा रो निर्णय निर्भर थियो।,unale gopyataako nihita adhikaaramaa wishwaasa garne kuraa pani pushti gare jasamaa ro nirnaya nirbhara thiyo.,unale gopyataako nihita adhikaaramaa wishwaasa garne kuraa pani pushti gare jasamaa ro nirnaya nirbhara thiyo.
"Maroochydore had finished on top of the ladder, six points clear of Noosa in second.",दोस्रो स्थानमा रहेको नूसाभन्दा छ अङ्क अगाडि रहेको मारुचिडोर सिँढीको शीर्ष स्थानमा समाप्त भएको थियो।,दोस्रो स्थानमा रहेको नूसाभन्दा छ अङ्क अगाडि रहेको मारुचिडोर सिँढीको शीर्ष स्थानमा समाप्त भएको थियो।,dosro sthaanamaa raheko nuusaabhandaa chha angka agaadi raheko maaruchidora sindhiiko shiirsha sthaanamaa samaapta bhaeko thiyo.,dosro sthaanamaa raheko nuusaabhandaa chha angka agaadi raheko maaruchidora sindhiiko shiirsha sthaanamaa samaapta bhaeko thiyo.
The two sides would meet in the major semi final where Noosa ran out winners by 11 points.,दुवै पक्षले प्रमुख सेमिफाइनलमा भेट्ने थिए जहाँ नुसाले 11 अङ्कले विजेताहरूलाई पराजित गरे।,दुवै पक्षले प्रमुख सेमिफाइनलमा भेट्ने थिए जहाँ नुसाले 11 अङ्कले विजेताहरूलाई पराजित गरे।,duwai pakshale pramukha semiphaainalamaa bhetne thie jahaan nusaale 11 angkale wijetaaharuulaaii paraajita gare.,duwai pakshale pramukha semiphaainalamaa bhetne thie jahaan nusaale 11 angkale wijetaaharuulaaii paraajita gare.
Maroochydore then defeated Caboolture in the Preliminary Final.,त्यसपछि मारुचिडोरले प्रारम्भिक फाइनलमा क्याबुल्चरलाई पराजित गरे।,त्यसपछि मारुचिडोरले प्रारम्भिक फाइनलमा क्याबुल्चरलाई पराजित गरे।,tyasapachhi maaruchidorale praarambhika phaainalamaa kyaabulcharalaaii paraajita gare.,tyasapachhi maaruchidorale praarambhika phaainalamaa kyaabulcharalaaii paraajita gare.
Hesperonychus elizabethae is a species of the family Dromaeosauridae and is a cousin of Velociraptor .,हेस्पेरोनिकस एलिजाबेथे ड्रोमायोसौरिडे परिवारको एक प्रजाति हो र भेलोसिराप्टरको चचेरा भाइ हो।,हेस्पेरोनिकस एलिजाबेथे ड्रोमायोसौरिडे परिवारको एक प्रजाति हो र भेलोसिराप्टरको चचेरा भाइ हो।,hesperonikasa elijaabethe dromaayosauride pariwaarako eka prajaati ho ra bhelosiraaptarako chacheraa bhaai ho.,hesperonikasa elijaabethe dromaayosauride pariwaarako eka prajaati ho ra bhelosiraaptarako chacheraa bhaai ho.
"This fully feathered, warm blooded bird of prey was believed to have walked upright on two legs with claws like the Velociraptor.","यो पूर्ण रूपमा पाखा भएको, तातो रगत भएको शिकारको चरा भेलोसिराप्टर जस्तै पन्जा लिएर दुई खुट्टामा सिधा हिँडेको विश्वास गरिएको थियो।","यो पूर्ण रूपमा पाखा भएको, तातो रगत भएको शिकारको चरा भेलोसिराप्टर जस्तै पन्जा लिएर दुई खुट्टामा सिधा हिँडेको विश्वास गरिएको थियो।","yo puurna ruupamaa paakhaa bhaeko, taato ragata bhaeko shikaarako charaa bhelosiraaptara jastai panjaa liera duii khuttaamaa sidhaa hindeko wishwaasa garieko thiyo.","yo puurna ruupamaa paakhaa bhaeko, taato ragata bhaeko shikaarako charaa bhelosiraaptara jastai panjaa liera duii khuttaamaa sidhaa hindeko wishwaasa garieko thiyo."
"Its second claw was larger, giving rise to the name Hesperonychus which means ""western claw.""","यसको दोस्रो पन्जा ठुलो थियो, जसले हेस्पेरोनिकस नामलाई जन्म दियो जसको अर्थ ""पश्चिमी पन्जा"" हो।","यसको दोस्रो पन्जा ठुलो थियो, जसले हेस्पेरोनिकस नामलाई जन्म दियो जसको अर्थ ""पश्चिमी पन्जा"" हो।","yasako dosro panjaa thulo thiyo, jasale hesperonikasa naamalaaii janma diyo jasako artha ""pashchimii panjaa"" ho.","yasako dosro panjaa thulo thiyo, jasale hesperonikasa naamalaaii janma diyo jasako artha ""pashchimii panjaa"" ho."
"In addition to the crushing ice, extreme weather conditions have been hampering rescue efforts.",बरफलाई पिट्नुका साथै चरम मौसमले उद्धार कार्यमा बाधा पुऱ्याइरहेको छ।,बरफलाई पिट्नुका साथै चरम मौसमले उद्धार कार्यमा बाधा पुऱ्याइरहेको छ।,baraphalaaii pitnukaa saathai charama mausamale uddhaara kaaryamaa baadhaa puryaairaheko chha.,baraphalaaii pitnukaa saathai charama mausamale uddhaara kaaryamaa baadhaa puryaairaheko chha.
Pittman suggested that conditions wouldn't improve until sometime next week.,पिटम्यानले अर्को हप्तासम्म स्थिति सुधार नहुने सुझाउ दिए।,पिटम्यानले अर्को हप्तासम्म स्थिति सुधार नहुने सुझाउ दिए।,pitamyaanale arko haptaasamma sthiti sudhaara nahune sujhaau die.,pitamyaanale arko haptaasamma sthiti sudhaara nahune sujhaau die.
"The amount and thickness of the pack ice, according to Pittman, is the worst it has been for sealers in the past 15 years.",पिटम्यानका अनुसार प्याक आइसको मात्रा र मोटाई विगत 15 वर्षमा सिलरहरूका लागि सबैभन्दा खराब छ।,पिटम्यानका अनुसार प्याक आइसको मात्रा र मोटाई विगत 15 वर्षमा सिलरहरूका लागि सबैभन्दा खराब छ।,pitamyaanakaa anusaara pyaaka aaisako maatraa ra motaaii wigata 15 warshamaa silaraharuukaa laagi sabaibhandaa kharaaba chha.,pitamyaanakaa anusaara pyaaka aaisako maatraa ra motaaii wigata 15 warshamaa silaraharuukaa laagi sabaibhandaa kharaaba chha.
News spread in the Red Lake community today as funerals for Jeff Weise and three of the nine victims were held that another student was arrested in connection with the school shootings of March 21.,जेफ वेइजको अन्त्येष्टि संस्कारका रूपमा आज रेड लेक समुदायमा समाचार फैलियो र मार्च 21 मा स्कूलमा गोली हानाहानको सम्बन्धमा अर्को विद्यार्थी पक्राउ गरिएको नौ जना पीडितमध्ये तिनलाई पक्राउ गरिएको थियो।,जेफ वेइजको अन्त्येष्टि संस्कारका रूपमा आज रेड लेक समुदायमा समाचार फैलियो र मार्च 21 मा स्कूलमा गोली हानाहानको सम्बन्धमा अर्को विद्यार्थी पक्राउ गरिएको नौ जना पीडितमध्ये तिनलाई पक्राउ गरिएको थियो।,jepha weijako antyeshti snskaarakaa ruupamaa aaja reda leka samudaayamaa samaachaara phailiyo ra maarcha 21 maa skuulamaa golii haanaahaanako sambandhamaa arko widyaarthii pakraau garieko nau janaa piiditamadhye tinalaaii pakraau garieko thiyo.,jepha weijako antyeshti snskaarakaa ruupamaa aaja reda leka samudaayamaa samaachaara phailiyo ra maarcha 21 maa skuulamaa golii haanaahaanako sambandhamaa arko widyaarthii pakraau garieko nau janaa piiditamadhye tinalaaii pakraau garieko thiyo.
Authorities said little officially beyond confirming today's arrest.,अधिकारीहरूले आजको गिरफ्तारीको पुष्टि गर्नभन्दा अलि आधिकारिक रूपमा भने।,अधिकारीहरूले आजको गिरफ्तारीको पुष्टि गर्नभन्दा अलि आधिकारिक रूपमा भने।,adhikaariiharuule aajako giraphtaariiko pushti garnabhandaa ali aadhikaarika ruupamaa bhane.,adhikaariiharuule aajako giraphtaariiko pushti garnabhandaa ali aadhikaarika ruupamaa bhane.
"However, a source with knowledge of the investigation told the Minneapolis Star-Tribune that it was Louis Jourdain, 16-year old son of Red Lake Tribal Chairman Floyd Jourdain.","यद्यपि, अनुसन्धानको जानकारी भएको एक स्रोतले मिनियापोलिस स्टार-ट्रिब्युनलाई रेड लेक ट्राइबलका अध्यक्ष फ्लोइड जोर्डेनका 16 वर्षीय छोरा लुइस जोर्डेन भएको बताए।","यद्यपि, अनुसन्धानको जानकारी भएको एक स्रोतले मिनियापोलिस स्टार-ट्रिब्युनलाई रेड लेक ट्राइबलका अध्यक्ष फ्लोइड जोर्डेनका 16 वर्षीय छोरा लुइस जोर्डेन भएको बताए।","yadyapi, anusandhaanako jaanakaarii bhaeko eka srotale miniyaapolisa staara-tribyunalaaii reda leka traaibalakaa adhyaksha phloida jordenakaa 16 warshiiya chhoraa luisa jordena bhaeko bataae.","yadyapi, anusandhaanako jaanakaarii bhaeko eka srotale miniyaapolisa staara-tribyunalaaii reda leka traaibalakaa adhyaksha phloida jordenakaa 16 warshiiya chhoraa luisa jordena bhaeko bataae."
It is not known at this time what charges will be laid or what led authorities to the boy but juvenile proceedings have begun in federal court.,के आरोप लगाइनेछ वा केटालाई अधिकारीहरूले के नेतृत्व गरे भन्ने यस समयमा थाहा छैन तर सङ्घीय अदालतमा किशोर कार्यवाही सुरु भएको छ।,के आरोप लगाइनेछ वा केटालाई अधिकारीहरूले के नेतृत्व गरे भन्ने यस समयमा थाहा छैन तर सङ्घीय अदालतमा किशोर कार्यवाही सुरु भएको छ।,ke aaropa lagaainechha waa ketaalaaii adhikaariiharuule ke netritwa gare bhanne yasa samayamaa thaahaa chhaina tara sangghiiya adaalatamaa kishora kaaryawaahii suru bhaeko chha.,ke aaropa lagaainechha waa ketaalaaii adhikaariiharuule ke netritwa gare bhanne yasa samayamaa thaahaa chhaina tara sangghiiya adaalatamaa kishora kaaryawaahii suru bhaeko chha.
Lodin also said officials decided to cancel the runoff in order to save Afghans the expense and security risk of another election.,लोदिनले अफगानहरूलाई अर्को चुनावको खर्च र सुरक्षा जोखिमबाट जोगाउन अधिकारीहरूले रनअफ रद्द गर्ने निर्णय गरेको पनि बताए।,लोदिनले अफगानहरूलाई अर्को चुनावको खर्च र सुरक्षा जोखिमबाट जोगाउन अधिकारीहरूले रनअफ रद्द गर्ने निर्णय गरेको पनि बताए।,lodinale aphagaanaharuulaaii arko chunaawako kharcha ra surakshaa jokhimabaata jogaauna adhikaariiharuule ranaapha radda garne nirnaya gareko pani bataae.,lodinale aphagaanaharuulaaii arko chunaawako kharcha ra surakshaa jokhimabaata jogaauna adhikaariiharuule ranaapha radda garne nirnaya gareko pani bataae.
Diplomats said that they had found enough ambiguity in the Afghan constitution to determine the runoff as unnecessary.,कूटनीतिज्ञहरूले भने कि उनीहरूले अफगान संविधानमा पर्याप्त अस्पष्टता फेला पारेका छन् जसले प्रवाहलाई अनावश्यक रूपमा निर्धारण गर्दछ।,कूटनीतिज्ञहरूले भने कि उनीहरूले अफगान संविधानमा पर्याप्त अस्पष्टता फेला पारेका छन् जसले प्रवाहलाई अनावश्यक रूपमा निर्धारण गर्दछ।,kuutaniitijnyaharuule bhane ki uniiharuule aphagaana snwidhaanamaa paryaapta aspashtataa phelaa paarekaa chhan jasale prawaahalaaii anaawashyaka ruupamaa nirdhaarana gardachha.,kuutaniitijnyaharuule bhane ki uniiharuule aphagaana snwidhaanamaa paryaapta aspashtataa phelaa paarekaa chhan jasale prawaahalaaii anaawashyaka ruupamaa nirdhaarana gardachha.
"This contradicts earlier reports, which said that cancelling the runoff would have been against the constitution.","यो पहिलेका रिपोर्टहरूको विपरित छ, जसमा भनिएको थियो कि रनअफ रद्द गर्नु संविधान विरुद्ध हुने थियो।","यो पहिलेका रिपोर्टहरूको विपरित छ, जसमा भनिएको थियो कि रनअफ रद्द गर्नु संविधान विरुद्ध हुने थियो।","yo pahilekaa riportaharuuko wiparita chha, jasamaa bhanieko thiyo ki ranaapha radda garnu snwidhaana wiruddha hune thiyo.","yo pahilekaa riportaharuuko wiparita chha, jasamaa bhanieko thiyo ki ranaapha radda garnu snwidhaana wiruddha hune thiyo."
The aircraft had been headed to Irkutsk and was being operated by interior troops.,विमान इर्कुत्स्कतर्फ गइरहेको थियो र आन्तरिक सेनाद्वारा सञ्चालन भइरहेको थियो।,विमान इर्कुत्स्कतर्फ गइरहेको थियो र आन्तरिक सेनाद्वारा सञ्चालन भइरहेको थियो।,wimaana irkutskatarpha gairaheko thiyo ra aantarika senaadwaaraa sanychaalana bhairaheko thiyo.,wimaana irkutskatarpha gairaheko thiyo ra aantarika senaadwaaraa sanychaalana bhairaheko thiyo.
An inquiry was established to investigate.,अनुसन्धानका लागि एउटा अनुसन्धान स्थापना गरिएको थियो।,अनुसन्धानका लागि एउटा अनुसन्धान स्थापना गरिएको थियो।,anusandhaanakaa laagi eutaa anusandhaana sthaapanaa garieko thiyo.,anusandhaanakaa laagi eutaa anusandhaana sthaapanaa garieko thiyo.
"The Il-76 has been a major component of both the Russian and Soviet military since the 1970s, and had already seen a serious accident in Russia last month.","आईएल-76 सन् 1970 को दशकदेखि रूसी र सोभियत सेना दुवैको प्रमुख घटक रहेको छ, र गत महिना नै रसियामा गम्भीर दुर्घटना भएको थियो।","आईएल-76 सन् 1970 को दशकदेखि रूसी र सोभियत सेना दुवैको प्रमुख घटक रहेको छ, र गत महिना नै रसियामा गम्भीर दुर्घटना भएको थियो।","aaiiela-76 san 1970 ko dashakadekhi ruusii ra sobhiyata senaa duwaiko pramukha ghataka raheko chha, ra gata mahinaa nai rasiyaamaa gambhiira durghatanaa bhaeko thiyo.","aaiiela-76 san 1970 ko dashakadekhi ruusii ra sobhiyata senaa duwaiko pramukha ghataka raheko chha, ra gata mahinaa nai rasiyaamaa gambhiira durghatanaa bhaeko thiyo."
"On October 7 an engine separated on takeoff, without injuries. Russia briefly grounded Il-76s after that accident.",अक्टोबर 7 मा टेकअफ गर्दा कुनै चोटपटकबिना एउटा इन्जिन अलग भयो। त्यो दुर्घटनापछि रुसले केही समयका लागि आइएल-76 लाई ग्राउन्ड गऱ्यो।,अक्टोबर 7 मा टेकअफ गर्दा कुनै चोटपटकबिना एउटा इन्जिन अलग भयो। त्यो दुर्घटनापछि रुसले केही समयका लागि आइएल-76 लाई ग्राउन्ड गऱ्यो।,aktobara 7 maa tekaapha gardaa kunai chotapatakabinaa eutaa injina alaga bhayo. tyo durghatanaapachhi rusale kehii samayakaa laagi aaiela-76 laaii graaunda garyo.,aktobara 7 maa tekaapha gardaa kunai chotapatakabinaa eutaa injina alaga bhayo. tyo durghatanaapachhi rusale kehii samayakaa laagi aaiela-76 laaii graaunda garyo.
"800 miles of the Trans-Alaska Pipeline System were closed down following a spill of thousands of barrels of crude oil south of Fairbanks, Alaska.",अलास्काको फेयरब्याङ्कको दक्षिणमा हजारौँ ब्यारेल कच्चा तेल फैलिसकेपछि ट्रान्स-अलास्का पाइपलाइन प्रणालीको 800 माइल बन्द गरिएको थियो।,अलास्काको फेयरब्याङ्कको दक्षिणमा हजारौँ ब्यारेल कच्चा तेल फैलिसकेपछि ट्रान्स-अलास्का पाइपलाइन प्रणालीको 800 माइल बन्द गरिएको थियो।,alaaskaako pheyarabyaangkako dakshinamaa hajaaraun byaarela kachchaa tela phailisakepachhi traansa-alaaskaa paaipalaaina pranaaliiko 800 maaila banda garieko thiyo.,alaaskaako pheyarabyaangkako dakshinamaa hajaaraun byaarela kachchaa tela phailisakepachhi traansa-alaaskaa paaipalaaina pranaaliiko 800 maaila banda garieko thiyo.
A power failure following a routine fire-command system test caused relief valves to open and crude oil overflowed near the Fort Greely pump station 9.,नियमित फायर-कमान्ड प्रणाली परीक्षणपछि बिजुलीको विफलताबाट राहत भल्भहरू खुल्यो र फोर्ट ग्रीली पम्प स्टेसन 9 नजिकै कच्चा तेल भरिएको थियो।,नियमित फायर-कमान्ड प्रणाली परीक्षणपछि बिजुलीको विफलताबाट राहत भल्भहरू खुल्यो र फोर्ट ग्रीली पम्प स्टेसन 9 नजिकै कच्चा तेल भरिएको थियो।,niyamita phaayara-kamaanda pranaalii pariikshanapachhi bijuliiko wiphalataabaata raahata bhalbhaharuu khulyo ra phorta griilii pampa stesana 9 najikai kachchaa tela bharieko thiyo.,niyamita phaayara-kamaanda pranaalii pariikshanapachhi bijuliiko wiphalataabaata raahata bhalbhaharuu khulyo ra phorta griilii pampa stesana 9 najikai kachchaa tela bharieko thiyo.
"The valves opening allowed a pressure release for the system and oil flowed on a pad to a tank that can hold 55,000 barrels (2.3 million gallons).","भल्भ खोल्दा प्रणालीका लागि दबाब मुक्त हुन अनुमति दिइयो र प्याडमा तेल 55,000 ब्यारेल (23 लाख ग्यालन) समात्न सक्ने ट्याङ्कीमा बग्छ।","भल्भ खोल्दा प्रणालीका लागि दबाब मुक्त हुन अनुमति दिइयो र प्याडमा तेल 55,000 ब्यारेल (23 लाख ग्यालन) समात्न सक्ने ट्याङ्कीमा बग्छ।","bhalbha kholdaa pranaaliikaa laagi dabaaba mukta huna anumati diiyo ra pyaadamaa tela 55,000 byaarela (23 laakha gyaalana) samaatna sakne tyaangkiimaa bagchha.","bhalbha kholdaa pranaaliikaa laagi dabaaba mukta huna anumati diiyo ra pyaadamaa tela 55,000 byaarela (23 laakha gyaalana) samaatna sakne tyaangkiimaa bagchha."
"As of Wednesday afternoon, the tank vents were still leaking probably from thermal expansion inside the tank.","बुधबार दिउँसोसम्म, ट्याङ्की भेन्टहरू अझै पनि सम्भवतः ट्याङ्की भित्र थर्मल विस्तारबाट चुहिँदै थिए।","बुधबार दिउँसोसम्म, ट्याङ्की भेन्टहरू अझै पनि सम्भवतः ट्याङ्की भित्र थर्मल विस्तारबाट चुहिँदै थिए।","budhabaara diunsosamma, tyaangkii bhentaharuu ajhai pani sambhawath tyaangkii bhitra tharmala wistaarabaata chuhindai thie.","budhabaara diunsosamma, tyaangkii bhentaharuu ajhai pani sambhawath tyaangkii bhitra tharmala wistaarabaata chuhindai thie."
"Another secondary containment area below the tanks capable of holding 104,500 barrels was not yet filled to capacity.","104, 500 ब्यारेल समात्न सक्ने ट्याङ्कीहरूभन्दा तलको अर्को माध्यमिक नियन्त्रण क्षेत्र अझै क्षमतामा भरिएको थिएन।","104, 500 ब्यारेल समात्न सक्ने ट्याङ्कीहरूभन्दा तलको अर्को माध्यमिक नियन्त्रण क्षेत्र अझै क्षमतामा भरिएको थिएन।","104, 500 byaarela samaatna sakne tyaangkiiharuubhandaa talako arko maadhyamika niyantrana kshetra ajhai kshamataamaa bharieko thiena.","104, 500 byaarela samaatna sakne tyaangkiiharuubhandaa talako arko maadhyamika niyantrana kshetra ajhai kshamataamaa bharieko thiena."
"The comments, live on television, were the first time that senior Iranian sources have admitted that the sanctions are having any effect.","टेलिभिजनमा प्रत्यक्ष रूपमा प्रसारण गरिएका टिप्पणीहरू, वरिष्ठ इरानी स्रोतहरूले प्रतिबन्धहरूले कुनै प्रभाव पारेको स्वीकार गरेको पहिलो पटक थियो।","टेलिभिजनमा प्रत्यक्ष रूपमा प्रसारण गरिएका टिप्पणीहरू, वरिष्ठ इरानी स्रोतहरूले प्रतिबन्धहरूले कुनै प्रभाव पारेको स्वीकार गरेको पहिलो पटक थियो।","telibhijanamaa pratyaksha ruupamaa prasaarana gariekaa tippaniiharuu, warishtha iraanii srotaharuule pratibandhaharuule kunai prabhaawa paareko swiikaara gareko pahilo pataka thiyo.","telibhijanamaa pratyaksha ruupamaa prasaarana gariekaa tippaniiharuu, warishtha iraanii srotaharuule pratibandhaharuule kunai prabhaawa paareko swiikaara gareko pahilo pataka thiyo."
"They include financial restrictions and a ban by the European Union on the export of crude oil, from which the Iranian economy receives 80% of its foreign income.","यसमा वित्तीय प्रतिबन्ध र युरोपेली सङ्घद्वारा कच्चा तेलको निर्यातमा प्रतिबन्ध समावेश छ, जसबाट इरानी अर्थतन्त्रले आफ्नो विदेशी आम्दानीको 80 प्रतिशत प्राप्त गर्दछ।","यसमा वित्तीय प्रतिबन्ध र युरोपेली सङ्घद्वारा कच्चा तेलको निर्यातमा प्रतिबन्ध समावेश छ, जसबाट इरानी अर्थतन्त्रले आफ्नो विदेशी आम्दानीको 80 प्रतिशत प्राप्त गर्दछ।","yasamaa wittiiya pratibandha ra yuropelii sangghadwaaraa kachchaa telako niryaatamaa pratibandha samaawesha chha, jasabaata iraanii arthatantrale aaphno wideshii aamdaaniiko 80 pratishata praapta gardachha.","yasamaa wittiiya pratibandha ra yuropelii sangghadwaaraa kachchaa telako niryaatamaa pratibandha samaawesha chha, jasabaata iraanii arthatantrale aaphno wideshii aamdaaniiko 80 pratishata praapta gardachha."
"In its most recent monthly report, OPEC said exports of crude had fallen to their lowest level for two decades at 2.8 million barrels per day.",आफ्नो सबैभन्दा भर्खरको मासिक रिपोर्टमा ओपेकले कच्चा तेलको निर्यात दुई दशकको सबैभन्दा न्यून स्तरमा झरेर दैनिक 28 लाख ब्यारेलमा झरेको बताएको छ।,आफ्नो सबैभन्दा भर्खरको मासिक रिपोर्टमा ओपेकले कच्चा तेलको निर्यात दुई दशकको सबैभन्दा न्यून स्तरमा झरेर दैनिक 28 लाख ब्यारेलमा झरेको बताएको छ।,aaphno sabaibhandaa bharkharako maasika riportamaa opekale kachchaa telako niryaata duii dashakako sabaibhandaa nyuuna staramaa jharera dainika 28 laakha byaarelamaa jhareko bataaeko chha.,aaphno sabaibhandaa bharkharako maasika riportamaa opekale kachchaa telako niryaata duii dashakako sabaibhandaa nyuuna staramaa jharera dainika 28 laakha byaarelamaa jhareko bataaeko chha.
"The country's supreme leader, Ayatollah Ali Khamenei, has described the dependency on oil as ""a trap"" dating from before Iran's Islamic revolution in 1979 and from which the country should free itself.",देशका सर्वोच्च नेता अयातुल्ला अली खामेनीले तेलमा निर्भरतालाई सन् 1979 मा इरानको इस्लामिक क्रान्तिभन्दा पहिलेको एउटा जाल र यसबाट देशले आफूलाई मुक्त गरिनु पर्ने भएको बताए।,देशका सर्वोच्च नेता अयातुल्ला अली खामेनीले तेलमा निर्भरतालाई सन् 1979 मा इरानको इस्लामिक क्रान्तिभन्दा पहिलेको एउटा जाल र यसबाट देशले आफूलाई मुक्त गरिनु पर्ने भएको बताए।,deshakaa sarwochcha netaa ayaatullaa alii khaameniile telamaa nirbharataalaaii san 1979 maa iraanako islaamika kraantibhandaa pahileko eutaa jaala ra yasabaata deshale aaphuulaaii mukta garinu parne bhaeko bataae.,deshakaa sarwochcha netaa ayaatullaa alii khaameniile telamaa nirbharataalaaii san 1979 maa iraanako islaamika kraantibhandaa pahileko eutaa jaala ra yasabaata deshale aaphuulaaii mukta garinu parne bhaeko bataae.
"When the capsule gets to Earth and enters the atmosphere, at about 5am (eastern time), it is expected to put on quite a light show for folks in Northern California, Oregon, Nevada, and Utah.","जब क्याप्सुल पृथ्वीमा पुग्छ र लगभग 5 बजे (पूर्वी समय) वायुमण्डलमा प्रवेश गर्दछ, यसले उत्तरी क्यालिफोर्निया, ओरेगन, नेभाडा र उटाहका मानिसहरूका लागि एकदम हल्का प्रदर्शन गर्ने अपेक्षा गरिएको छ।","जब क्याप्सुल पृथ्वीमा पुग्छ र लगभग 5 बजे (पूर्वी समय) वायुमण्डलमा प्रवेश गर्दछ, यसले उत्तरी क्यालिफोर्निया, ओरेगन, नेभाडा र उटाहका मानिसहरूका लागि एकदम हल्का प्रदर्शन गर्ने अपेक्षा गरिएको छ।","jaba kyaapsula prithwiimaa pugchha ra lagabhaga 5 baje (puurwii samaya) waayumandalamaa prawesha gardachha, yasale uttarii kyaaliphorniyaa, oregana, nebhaadaa ra utaahakaa maanisaharuukaa laagi ekadama halkaa pradarshana garne apekshaa garieko chha.","jaba kyaapsula prithwiimaa pugchha ra lagabhaga 5 baje (puurwii samaya) waayumandalamaa prawesha gardachha, yasale uttarii kyaaliphorniyaa, oregana, nebhaadaa ra utaahakaa maanisaharuukaa laagi ekadama halkaa pradarshana garne apekshaa garieko chha."
The capsule will look much like a shooting star going across the sky.,क्याप्सुल आकाशमा चलिरहेको सुटिङ स्टार जस्तै देखिनेछ।,क्याप्सुल आकाशमा चलिरहेको सुटिङ स्टार जस्तै देखिनेछ।,kyaapsula aakaashamaa chaliraheko sutinga staara jastai dekhinechha.,kyaapsula aakaashamaa chaliraheko sutinga staara jastai dekhinechha.
"The capsule will be traveling at about 12.8 km or 8 miles per second, fast enough to go from San Francisco to Los Angeles in one minute.","क्याप्सुल लगभग 12.8 किलोमिटर वा 8 माइल प्रति सेकेन्डको गतिमा यात्रा गर्नेछ, एक मिनेटमा सान फ्रान्सिस्कोबाट लस एन्जलस जान पर्याप्त छिटो।","क्याप्सुल लगभग 12.8 किलोमिटर वा 8 माइल प्रति सेकेन्डको गतिमा यात्रा गर्नेछ, एक मिनेटमा सान फ्रान्सिस्कोबाट लस एन्जलस जान पर्याप्त छिटो।","kyaapsula lagabhaga 12.8 kilomitara waa 8 maaila prati sekendako gatimaa yaatraa garnechha, eka minetamaa saana phraansiskobaata lasa enjalasa jaana paryaapta chhito.","kyaapsula lagabhaga 12.8 kilomitara waa 8 maaila prati sekendako gatimaa yaatraa garnechha, eka minetamaa saana phraansiskobaata lasa enjalasa jaana paryaapta chhito."
"Stardust will set a new all-time record for being the fastest spacecraft to return to Earth, breaking the previous record set in May of 1969 during the return of the Apollo X command module.",स्टारडस्टले अपोलो एक्स कमान्ड मोड्युलको फिर्ताको क्रममा मे 1969 मा सेट गरिएको अघिल्लो रेकर्ड तोड्दै पृथ्वीमा फर्कने सबैभन्दा छिटो अन्तरिक्ष यान भएको नयाँ सर्वकालीन रेकर्ड स्थापित गर्नेछ।,स्टारडस्टले अपोलो एक्स कमान्ड मोड्युलको फिर्ताको क्रममा मे 1969 मा सेट गरिएको अघिल्लो रेकर्ड तोड्दै पृथ्वीमा फर्कने सबैभन्दा छिटो अन्तरिक्ष यान भएको नयाँ सर्वकालीन रेकर्ड स्थापित गर्नेछ।,staaradastale apolo eksa kamaanda modyulako phirtaako kramamaa me 1969 maa seta garieko aghillo rekarda toddai prithwiimaa pharkane sabaibhandaa chhito antariksha yaana bhaeko nayaan sarwakaaliina rekarda sthaapita garnechha.,staaradastale apolo eksa kamaanda modyulako phirtaako kramamaa me 1969 maa seta garieko aghillo rekarda toddai prithwiimaa pharkane sabaibhandaa chhito antariksha yaana bhaeko nayaan sarwakaaliina rekarda sthaapita garnechha.
"“It will move over the west coast of northern California and will light the sky from California through central Oregon and on through Nevada and Idaho and into Utah,” Tom Duxbury, Stardust's project manager said.","""यो उत्तरी क्यालिफोर्नियाको पश्चिमी तटमा सर्नेछ र क्यालिफोर्नियाबाट मध्य ओरेगन हुँदै नेभाडा र इडाहो हुँदै उटाहमा आकाश उज्यालो हुनेछ"", स्टारडस्टका परियोजना प्रबन्धक टम डक्सबरीले भने।","""यो उत्तरी क्यालिफोर्नियाको पश्चिमी तटमा सर्नेछ र क्यालिफोर्नियाबाट मध्य ओरेगन हुँदै नेभाडा र इडाहो हुँदै उटाहमा आकाश उज्यालो हुनेछ"", स्टारडस्टका परियोजना प्रबन्धक टम डक्सबरीले भने।","""yo uttarii kyaaliphorniyaako pashchimii tatamaa sarnechha ra kyaaliphorniyaabaata madhya oregana hundai nebhaadaa ra idaaho hundai utaahamaa aakaasha ujyaalo hunechha"", staaradastakaa pariyojanaa prabandhaka tama daksabariile bhane.","""yo uttarii kyaaliphorniyaako pashchimii tatamaa sarnechha ra kyaaliphorniyaabaata madhya oregana hundai nebhaadaa ra idaaho hundai utaahamaa aakaasha ujyaalo hunechha"", staaradastakaa pariyojanaa prabandhaka tama daksabariile bhane."
"Mr. Rudd's decision to sign the Kyoto climate accord isolates the United States, which will now be the only developed nation not to ratify the agreement.","श्री रुडको क्योटो जलवायु सम्झौतामा हस्ताक्षर गर्ने निर्णयले संयुक्त राज्य अमेरिकालाई अलग पार्छ, जुन अब सम्झौताको अनुमोदन नगर्ने एक मात्र विकसित राष्ट्र हुनेछ।","श्री रुडको क्योटो जलवायु सम्झौतामा हस्ताक्षर गर्ने निर्णयले संयुक्त राज्य अमेरिकालाई अलग पार्छ, जुन अब सम्झौताको अनुमोदन नगर्ने एक मात्र विकसित राष्ट्र हुनेछ।","shrii rudako kyoto jalawaayu samjhautaamaa hastaakshara garne nirnayale snyukta raajya amerikaalaaii alaga paarchha, juna aba samjhautaako anumodana nagarne eka maatra wikasita raashtra hunechha.","shrii rudako kyoto jalawaayu samjhautaamaa hastaakshara garne nirnayale snyukta raajya amerikaalaaii alaga paarchha, juna aba samjhautaako anumodana nagarne eka maatra wikasita raashtra hunechha."
"Australia's former conservative government refused to ratify Kyoto, saying it would damage the economy with its heavy reliance on coal exports, while countries like India and China were not bound by emissions targets.","अष्ट्रेलियाको पूर्व रूढीवादी सरकारले क्योटोलाई अनुमोदन गर्न अस्वीकार गर्यो, यसले कोइला निर्यातमा भारी निर्भरताले अर्थतन्त्रलाई क्षति पुऱ्याउने बताएको छ, जबकि भारत र चीन जस्ता देशहरू उत्सर्जन लक्ष्यहरूद्वारा बाध्य छैनन्।","अष्ट्रेलियाको पूर्व रूढीवादी सरकारले क्योटोलाई अनुमोदन गर्न अस्वीकार गर्यो, यसले कोइला निर्यातमा भारी निर्भरताले अर्थतन्त्रलाई क्षति पुऱ्याउने बताएको छ, जबकि भारत र चीन जस्ता देशहरू उत्सर्जन लक्ष्यहरूद्वारा बाध्य छैनन्।","ashtreliyaako puurwa ruudhiiwaadii sarakaarale kyotolaaii anumodana garna aswiikaara garyo, yasale koilaa niryaatamaa bhaarii nirbharataale arthatantralaaii kshati puryaaune bataaeko chha, jabaki bhaarata ra chiina jastaa deshaharuu utsarjana lakshyaharuudwaaraa baadhya chhainan.","ashtreliyaako puurwa ruudhiiwaadii sarakaarale kyotolaaii anumodana garna aswiikaara garyo, yasale koilaa niryaatamaa bhaarii nirbharataale arthatantralaaii kshati puryaaune bataaeko chha, jabaki bhaarata ra chiina jastaa deshaharuu utsarjana lakshyaharuudwaaraa baadhya chhainan."
It is the biggest acquisition in eBay's history.,यो ईबेको इतिहासमा सबैभन्दा ठुलो अधिग्रहण हो।,यो ईबेको इतिहासमा सबैभन्दा ठुलो अधिग्रहण हो।,yo iibeko itihaasamaa sabaibhandaa thulo adhigrahana ho.,yo iibeko itihaasamaa sabaibhandaa thulo adhigrahana ho.
"The company hopes to diversify its profit sources and gain popularity in areas where Skype holds a strong position, such as China, Eastern Europe, and Brazil.","कम्पनीले आफ्नो नाफाका स्रोतहरूमा विविधता ल्याउने र स्काइपले बलियो स्थिति राखेको क्षेत्रहरू, जस्तै चीन, पूर्वी युरोप र ब्राजिलमा लोकप्रियता प्राप्त गर्ने आशा गर्दछ।","कम्पनीले आफ्नो नाफाका स्रोतहरूमा विविधता ल्याउने र स्काइपले बलियो स्थिति राखेको क्षेत्रहरू, जस्तै चीन, पूर्वी युरोप र ब्राजिलमा लोकप्रियता प्राप्त गर्ने आशा गर्दछ।","kampaniile aaphno naaphaakaa srotaharuumaa wiwidhataa lyaaune ra skaaipale baliyo sthiti raakheko kshetraharuu, jastai chiina, puurwii yuropa ra braajilamaa lokapriyataa praapta garne aashaa gardachha.","kampaniile aaphno naaphaakaa srotaharuumaa wiwidhataa lyaaune ra skaaipale baliyo sthiti raakheko kshetraharuu, jastai chiina, puurwii yuropa ra braajilamaa lokapriyataa praapta garne aashaa gardachha."
Scientists have suspected Enceladus as geologically active and a possible source of Saturn's icy E ring.,वैज्ञानिकहरूले एन्सेलाडसलाई भौगोलिक रूपमा सक्रिय र शनिको बरफले भरिएको ई रिंगको सम्भावित स्रोतको रूपमा शङ्का गरेका छन्।,वैज्ञानिकहरूले एन्सेलाडसलाई भौगोलिक रूपमा सक्रिय र शनिको बरफले भरिएको ई रिंगको सम्भावित स्रोतको रूपमा शङ्का गरेका छन्।,waijnyaanikaharuule enselaadasalaaii bhaugolika ruupamaa sakriya ra shaniko baraphale bharieko ii ringako sambhaawita srotako ruupamaa shangkaa garekaa chhan.,waijnyaanikaharuule enselaadasalaaii bhaugolika ruupamaa sakriya ra shaniko baraphale bharieko ii ringako sambhaawita srotako ruupamaa shangkaa garekaa chhan.
"Enceladus is the most reflective object in the solar system, reflecting about 90 percent of the sunlight that hits it.","एन्सेलाडस सौर्यमण्डलको सबैभन्दा परावर्तक वस्तु हो, जसले यसमा लाग्ने सूर्यको प्रकाशको लगभग 90 प्रतिशत प्रतिबिम्बित गर्दछ।","एन्सेलाडस सौर्यमण्डलको सबैभन्दा परावर्तक वस्तु हो, जसले यसमा लाग्ने सूर्यको प्रकाशको लगभग 90 प्रतिशत प्रतिबिम्बित गर्दछ।","enselaadasa sauryamandalako sabaibhandaa paraawartaka wastu ho, jasale yasamaa laagne suuryako prakaashako lagabhaga 90 pratishata pratibimbita gardachha.","enselaadasa sauryamandalako sabaibhandaa paraawartaka wastu ho, jasale yasamaa laagne suuryako prakaashako lagabhaga 90 pratishata pratibimbita gardachha."
The game publisher Konami stated today in a Japanese newspaper that they will not be releasing the game Six Days in Fallujah.,खेल प्रकाशक कोनामीले आज एक जापानी अखबारमा उनीहरूले खेल सिक्स डेज इन फालुजालाई रिलिज नगर्ने बताएका छन्।,खेल प्रकाशक कोनामीले आज एक जापानी अखबारमा उनीहरूले खेल सिक्स डेज इन फालुजालाई रिलिज नगर्ने बताएका छन्।,khela prakaashaka konaamiile aaja eka jaapaanii akhabaaramaa uniiharuule khela siksa deja ina phaalujaalaaii rilija nagarne bataaekaa chhan.,khela prakaashaka konaamiile aaja eka jaapaanii akhabaaramaa uniiharuule khela siksa deja ina phaalujaalaaii rilija nagarne bataaekaa chhan.
"The game is based on the Second Battle of Fallujah, a vicious battle between American and Iraqi forces.",यो खेल अमेरिकी र इराकी सेनाहरू बिचको घातक युद्ध फालुजाको दोस्रो युद्धमा आधारित छ।,यो खेल अमेरिकी र इराकी सेनाहरू बिचको घातक युद्ध फालुजाको दोस्रो युद्धमा आधारित छ।,yo khela amerikii ra iraakii senaaharuu bichako ghaataka yuddha phaalujaako dosro yuddhamaa aadhaarita chha.,yo khela amerikii ra iraakii senaaharuu bichako ghaataka yuddha phaalujaako dosro yuddhamaa aadhaarita chha.
"The ACMA also found that despite the video being streamed on the Internet, Big Brother had not breached online content censorship laws as the media had not been stored on Big Brother's website.",इन्टरनेटमा भिडियो स्ट्रिम भए तापनि बिग ब्रदरले अनलाइन सामग्री सेन्सरसिप कानुन उल्लङ्घन नगरेको एसीएमएले पत्ता लगायो किनभने मिडिया बिग ब्रदरको वेबसाइटमा भण्डारण गरिएको थिएन।,इन्टरनेटमा भिडियो स्ट्रिम भए तापनि बिग ब्रदरले अनलाइन सामग्री सेन्सरसिप कानुन उल्लङ्घन नगरेको एसीएमएले पत्ता लगायो किनभने मिडिया बिग ब्रदरको वेबसाइटमा भण्डारण गरिएको थिएन।,intaranetamaa bhidiyo strima bhae taapani biga bradarale analaaina saamagrii sensarasipa kaanuna ullangghana nagareko esiiemaele pattaa lagaayo kinabhane midiyaa biga bradarako webasaaitamaa bhandaarana garieko thiena.,intaranetamaa bhidiyo strima bhae taapani biga bradarale analaaina saamagrii sensarasipa kaanuna ullangghana nagareko esiiemaele pattaa lagaayo kinabhane midiyaa biga bradarako webasaaitamaa bhandaarana garieko thiena.
"The Broadcasting Services Act provides for the regulation of Internet content, however to be considered Internet content, it must physically reside on a server.","प्रसारण सेवा ऐनले इन्टरनेट सामग्रीको नियमनको लागि प्रदान गर्दछ, यद्यपि इन्टरनेट सामग्री मान्नका लागि, यो भौतिक रूपमा सर्भरमा रहनुपर्छ।","प्रसारण सेवा ऐनले इन्टरनेट सामग्रीको नियमनको लागि प्रदान गर्दछ, यद्यपि इन्टरनेट सामग्री मान्नका लागि, यो भौतिक रूपमा सर्भरमा रहनुपर्छ।","prasaarana sewaa ainale intaraneta saamagriiko niyamanako laagi pradaana gardachha, yadyapi intaraneta saamagrii maannakaa laagi, yo bhautika ruupamaa sarbharamaa rahanuparchha.","prasaarana sewaa ainale intaraneta saamagriiko niyamanako laagi pradaana gardachha, yadyapi intaraneta saamagrii maannakaa laagi, yo bhautika ruupamaa sarbharamaa rahanuparchha."
"The United States embassy located in Nairobi, Kenya has issued a warning that ""extremists from Somalia"" are planning to launch suicide bomb attacks in Kenya and Ethiopia.","केन्याको नैरोबीमा अवस्थित संयुक्त राज्य अमेरिकाको दूतावासले ""सोमालियाका चरमपन्थीहरू"" केन्या र इथियोपियामा आत्मघाती बम आक्रमण गर्ने योजना बनाइरहेका छन् भनी चेतावनी जारी गरेको छ।","केन्याको नैरोबीमा अवस्थित संयुक्त राज्य अमेरिकाको दूतावासले ""सोमालियाका चरमपन्थीहरू"" केन्या र इथियोपियामा आत्मघाती बम आक्रमण गर्ने योजना बनाइरहेका छन् भनी चेतावनी जारी गरेको छ।","kenyaako nairobiimaa awasthita snyukta raajya amerikaako duutaawaasale ""somaaliyaakaa charamapanthiiharuu"" kenyaa ra ithiyopiyaamaa aatmaghaatii bama aakramana garne yojanaa banaairahekaa chhan bhanii chetaawanii jaarii gareko chha.","kenyaako nairobiimaa awasthita snyukta raajya amerikaako duutaawaasale ""somaaliyaakaa charamapanthiiharuu"" kenyaa ra ithiyopiyaamaa aatmaghaatii bama aakramana garne yojanaa banaairahekaa chhan bhanii chetaawanii jaarii gareko chha."
"The U.S. says it has received information from an undisclosed source that specifically mentions the use of suicide bombers to will blow up ""prominent landmarks"" in Ethiopia and Kenya.","अमेरिकाले भनेको छ कि यसले एक अज्ञात स्रोतबाट जानकारी प्राप्त गरेको छ जसमा विशेष गरी इथियोपिया र केन्याका ""प्रमुख स्थलहरू"" उड्याउन आत्मघाती बमवर्षकहरूको प्रयोगको उल्लेख छ।","अमेरिकाले भनेको छ कि यसले एक अज्ञात स्रोतबाट जानकारी प्राप्त गरेको छ जसमा विशेष गरी इथियोपिया र केन्याका ""प्रमुख स्थलहरू"" उड्याउन आत्मघाती बमवर्षकहरूको प्रयोगको उल्लेख छ।","amerikaale bhaneko chha ki yasale eka ajnyaata srotabaata jaanakaarii praapta gareko chha jasamaa wishesha garii ithiyopiyaa ra kenyaakaa ""pramukha sthalaharuu"" udyaauna aatmaghaatii bamawarshakaharuuko prayogako ullekha chha.","amerikaale bhaneko chha ki yasale eka ajnyaata srotabaata jaanakaarii praapta gareko chha jasamaa wishesha garii ithiyopiyaa ra kenyaakaa ""pramukha sthalaharuu"" udyaauna aatmaghaatii bamawarshakaharuuko prayogako ullekha chha."
"Long before The Daily Show and The Colbert Report, Heck and Johnson envisioned a publication that would parody the news—and news reporting—when they were students at UW in 1988.","द डेली शो र द कोलबर्ट रिपोर्टको धेरै पहिले, हेक र जोन्सनले सन् 1988 मा युडब्लुमा विद्यार्थी हुँदा समाचार र समाचार रिपोर्टिङको प्यारोडी गर्ने प्रकाशनको कल्पना गरेका थिए।","द डेली शो र द कोलबर्ट रिपोर्टको धेरै पहिले, हेक र जोन्सनले सन् 1988 मा युडब्लुमा विद्यार्थी हुँदा समाचार र समाचार रिपोर्टिङको प्यारोडी गर्ने प्रकाशनको कल्पना गरेका थिए।","da delii sho ra da kolabarta riportako dherai pahile, heka ra jonsanale san 1988 maa yudablumaa widyaarthii hundaa samaachaara ra samaachaara riportingako pyaarodii garne prakaashanako kalpanaa garekaa thie.","da delii sho ra da kolabarta riportako dherai pahile, heka ra jonsanale san 1988 maa yudablumaa widyaarthii hundaa samaachaara ra samaachaara riportingako pyaarodii garne prakaashanako kalpanaa garekaa thie."
"Since its inception, The Onion has become a veritable news parody empire, with a print edition, a website that drew 5,000,000 unique visitors in the month of October, personal ads, a 24 hour news network, podcasts, and a recently launched world atlas called Our Dumb World.","यसको स्थापनादेखि नै, द अनियन एक वास्तविक समाचार प्यारोडी साम्राज्य बनेको छ, प्रिन्ट संस्करण, अक्टोबर महिनामा 5,000,000 अद्वितीय आगन्तुकहरू आकर्षित गर्ने वेबसाइट, व्यक्तिगत विज्ञापनहरू, 24 घण्टाको समाचार नेटवर्क, पोडकास्टहरू, र भर्खरै सुरु गरिएको विश्व एटलस हाम्रो डम्ब वर्ल्ड।","यसको स्थापनादेखि नै, द अनियन एक वास्तविक समाचार प्यारोडी साम्राज्य बनेको छ, प्रिन्ट संस्करण, अक्टोबर महिनामा 5,000,000 अद्वितीय आगन्तुकहरू आकर्षित गर्ने वेबसाइट, व्यक्तिगत विज्ञापनहरू, 24 घण्टाको समाचार नेटवर्क, पोडकास्टहरू, र भर्खरै सुरु गरिएको विश्व एटलस हाम्रो डम्ब वर्ल्ड।","yasako sthaapanaadekhi nai, da aniyana eka waastawika samaachaara pyaarodii saamraajya baneko chha, printa snskarana, aktobara mahinaamaa 5,000,000 adwitiiya aagantukaharuu aakarshita garne webasaaita, wyaktigata wijnyaapanaharuu, 24 ghantaako samaachaara netawarka, podakaastaharuu, ra bharkharai suru garieko wishwa etalasa haamro damba warlda.","yasako sthaapanaadekhi nai, da aniyana eka waastawika samaachaara pyaarodii saamraajya baneko chha, printa snskarana, aktobara mahinaamaa 5,000,000 adwitiiya aagantukaharuu aakarshita garne webasaaita, wyaktigata wijnyaapanaharuu, 24 ghantaako samaachaara netawarka, podakaastaharuu, ra bharkharai suru garieko wishwa etalasa haamro damba warlda."
Al Gore and General Tommy Franks casually rattle off their favorite headlines (Gore's was when The Onion reported he and Tipper were having the best sex of their lives after his 2000 Electoral College defeat).,अल गोर र जनरल टोमी फ्र्याङ्क्सले आफ्नो मनपर्ने हेडलाइनहरूबाट आकस्मिक रूपमा हल्लाउँछन् (गोरको थियो जब द अनियनले रिपोर्ट गर्यो कि उनी र टिपरले उनको 2000 इलेक्टोरल कलेजको हार पछि उनीहरूको जीवनको सबैभन्दा राम्रो यौन सम्बन्ध राखेका थिए)।,अल गोर र जनरल टोमी फ्र्याङ्क्सले आफ्नो मनपर्ने हेडलाइनहरूबाट आकस्मिक रूपमा हल्लाउँछन् (गोरको थियो जब द अनियनले रिपोर्ट गर्यो कि उनी र टिपरले उनको 2000 इलेक्टोरल कलेजको हार पछि उनीहरूको जीवनको सबैभन्दा राम्रो यौन सम्बन्ध राखेका थिए)।,ala gora ra janarala tomii phryaangksale aaphno manaparne hedalaainaharuubaata aakasmika ruupamaa hallaaunchhan (gorako thiyo jaba da aniyanale riporta garyo ki unii ra tiparale unako 2000 ilektorala kalejako haara pachhi uniiharuuko jiiwanako sabaibhandaa raamro yauna sambandha raakhekaa thie).,ala gora ra janarala tomii phryaangksale aaphno manaparne hedalaainaharuubaata aakasmika ruupamaa hallaaunchhan (gorako thiyo jaba da aniyanale riporta garyo ki unii ra tiparale unako 2000 ilektorala kalejako haara pachhi uniiharuuko jiiwanako sabaibhandaa raamro yauna sambandha raakhekaa thie).
Many of their writers have gone on to wield great influence on Jon Stewart and Stephen Colbert's news parody shows.,उनीहरूका धेरै लेखकहरूले जोन स्टुअर्ट र स्टिफन कोलबर्टको समाचार प्यारोडी कार्यक्रममा ठुलो प्रभाव पारेका छन्।,उनीहरूका धेरै लेखकहरूले जोन स्टुअर्ट र स्टिफन कोलबर्टको समाचार प्यारोडी कार्यक्रममा ठुलो प्रभाव पारेका छन्।,uniiharuukaa dherai lekhakaharuule jona stuarta ra stiphana kolabartako samaachaara pyaarodii kaaryakramamaa thulo prabhaawa paarekaa chhan.,uniiharuukaa dherai lekhakaharuule jona stuarta ra stiphana kolabartako samaachaara pyaarodii kaaryakramamaa thulo prabhaawa paarekaa chhan.
The artistic event is also part of a campaign by the Bucharest City Hall that seeks to relaunch the image of the Romanian capital as a creative and colourful metropolis.,यो कलात्मक कार्यक्रम बुखारेस्ट सिटी हलको अभियानको पनि हिस्सा हो जसले रोमानियाको राजधानीलाई रचनात्मक र रङ्गीन महानगरको रूपमा पुनः सुरु गर्न खोज्छ।,यो कलात्मक कार्यक्रम बुखारेस्ट सिटी हलको अभियानको पनि हिस्सा हो जसले रोमानियाको राजधानीलाई रचनात्मक र रङ्गीन महानगरको रूपमा पुनः सुरु गर्न खोज्छ।,yo kalaatmaka kaaryakrama bukhaaresta sitii halako abhiyaanako pani hissaa ho jasale romaaniyaako raajadhaaniilaaii rachanaatmaka ra ranggiina mahaanagarako ruupamaa punh suru garna khojchha.,yo kalaatmaka kaaryakrama bukhaaresta sitii halako abhiyaanako pani hissaa ho jasale romaaniyaako raajadhaaniilaaii rachanaatmaka ra ranggiina mahaanagarako ruupamaa punh suru garna khojchha.
"The city will be the first in southeastern Europe to host CowParade, the world's largest public art event, between June and August this year.",यो सहर यस वर्षको जुन र अगस्टको बिचमा विश्वको सबैभन्दा ठुलो सार्वजनिक कला कार्यक्रम काउ प्यारेड आयोजना गर्ने दक्षिणपूर्वी युरोपको पहिलो सहर हुनेछ।,यो सहर यस वर्षको जुन र अगस्टको बिचमा विश्वको सबैभन्दा ठुलो सार्वजनिक कला कार्यक्रम काउ प्यारेड आयोजना गर्ने दक्षिणपूर्वी युरोपको पहिलो सहर हुनेछ।,yo sahara yasa warshako juna ra agastako bichamaa wishwako sabaibhandaa thulo saarwajanika kalaa kaaryakrama kaau pyaareda aayojanaa garne dakshinapuurwii yuropako pahilo sahara hunechha.,yo sahara yasa warshako juna ra agastako bichamaa wishwako sabaibhandaa thulo saarwajanika kalaa kaaryakrama kaau pyaareda aayojanaa garne dakshinapuurwii yuropako pahilo sahara hunechha.
Today's announcement also extended the government's commitment made in March of this year to fund extra carriages.,आजको घोषणाले यस वर्षको मार्चमा अतिरिक्त गाडीका लागि कोष उपलब्ध गराउने सरकारको प्रतिबद्धता पनि विस्तार गरेको छ।,आजको घोषणाले यस वर्षको मार्चमा अतिरिक्त गाडीका लागि कोष उपलब्ध गराउने सरकारको प्रतिबद्धता पनि विस्तार गरेको छ।,aajako ghoshanaale yasa warshako maarchamaa atirikta gaadiikaa laagi kosha upalabdha garaaune sarakaarako pratibaddhataa pani wistaara gareko chha.,aajako ghoshanaale yasa warshako maarchamaa atirikta gaadiikaa laagi kosha upalabdha garaaune sarakaarako pratibaddhataa pani wistaara gareko chha.
"An additional 300 brings the total to 1,300 carriages to be acquired to relieve overcrowding.","अतिरिक्त 300 ले भीड कम गर्न कुल 1,300 वटा गाडीहरू प्राप्त गर्दछ।","अतिरिक्त 300 ले भीड कम गर्न कुल 1,300 वटा गाडीहरू प्राप्त गर्दछ।","atirikta 300 le bhiida kama garna kula 1,300 wataa gaadiiharuu praapta gardachha.","atirikta 300 le bhiida kama garna kula 1,300 wataa gaadiiharuu praapta gardachha."
"Christopher Garcia, a spokesperson of the Los Angeles Police Department, said the suspected male offender is being investigated for trespassing rather than vandalism.",लस एन्जलस प्रहरी विभागका प्रवक्ता क्रिस्टोफर गार्सियाले संदिग्ध पुरुष अपराधीलाई तोडफोडको सट्टा अतिक्रमण गरेको आरोपमा अनुसन्धान भइरहेको बताए।,लस एन्जलस प्रहरी विभागका प्रवक्ता क्रिस्टोफर गार्सियाले संदिग्ध पुरुष अपराधीलाई तोडफोडको सट्टा अतिक्रमण गरेको आरोपमा अनुसन्धान भइरहेको बताए।,lasa enjalasa praharii wibhaagakaa prawaktaa kristophara gaarsiyaale sndigdha purusha aparaadhiilaaii todaphodako sattaa atikramana gareko aaropamaa anusandhaana bhairaheko bataae.,lasa enjalasa praharii wibhaagakaa prawaktaa kristophara gaarsiyaale sndigdha purusha aparaadhiilaaii todaphodako sattaa atikramana gareko aaropamaa anusandhaana bhairaheko bataae.
"The sign was not physically damaged; the modification was done using black tarpaulins decorated with signs of peace and heart to alter the ""O"" to read lowercase ""e"".","चिन्ह शारीरिक रूपमा क्षतिग्रस्त भएको थिएन; शान्ति र हृदयको सङ्केतले सजाइएको कालो तरपाल प्रयोग गरेर ""ओ"" लाई सानो अक्षर ""ई"" पढ्न परिवर्तन गर्न परिमार्जन गरिएको थियो।","चिन्ह शारीरिक रूपमा क्षतिग्रस्त भएको थिएन; शान्ति र हृदयको सङ्केतले सजाइएको कालो तरपाल प्रयोग गरेर ""ओ"" लाई सानो अक्षर ""ई"" पढ्न परिवर्तन गर्न परिमार्जन गरिएको थियो।","chinha shaariirika ruupamaa kshatigrasta bhaeko thiena; shaanti ra hridayako sangketale sajaaieko kaalo tarapaala prayoga garera ""o"" laaii saano akshara ""ii"" padhna pariwartana garna parimaarjana garieko thiyo.","chinha shaariirika ruupamaa kshatigrasta bhaeko thiena; shaanti ra hridayako sangketale sajaaieko kaalo tarapaala prayoga garera ""o"" laaii saano akshara ""ii"" padhna pariwartana garna parimaarjana garieko thiyo."
"Red tide is caused by a higher than normal concentration of Karenia brevis, a naturally-occurring single-celled marine organism.","रातो ज्वार प्राकृतिक रूपमा हुने एकल-कोशिकीय समुद्री जीव, कारेनिया ब्रेभिसको सामान्य भन्दा बढी सांद्रताको कारणले हुन्छ।","रातो ज्वार प्राकृतिक रूपमा हुने एकल-कोशिकीय समुद्री जीव, कारेनिया ब्रेभिसको सामान्य भन्दा बढी सांद्रताको कारणले हुन्छ।","raato jwaara praakritika ruupamaa hune ekala-koshikiiya samudrii jiiwa, kaareniyaa brebhisako saamaanya bhandaa badhii saandrataako kaaranale hunchha.","raato jwaara praakritika ruupamaa hune ekala-koshikiiya samudrii jiiwa, kaareniyaa brebhisako saamaanya bhandaa badhii saandrataako kaaranale hunchha."
"Natural factors can intersect to produce ideal conditions, allowing this algae to increase in number dramatically.","प्राकृतिक कारकहरूले आदर्श अवस्थाहरू उत्पादन गर्न अन्तरक्रिया गर्न सक्छन्, जसले यस शैवाललाई सङ्ख्यामा नाटकीय रूपमा वृद्धि गर्न अनुमति दिन्छ।","प्राकृतिक कारकहरूले आदर्श अवस्थाहरू उत्पादन गर्न अन्तरक्रिया गर्न सक्छन्, जसले यस शैवाललाई सङ्ख्यामा नाटकीय रूपमा वृद्धि गर्न अनुमति दिन्छ।","praakritika kaarakaharuule aadarsha awasthaaharuu utpaadana garna antarakriyaa garna sakchhan, jasale yasa shaiwaalalaaii sangkhyaamaa naatakiiya ruupamaa wriddhi garna anumati dinchha.","praakritika kaarakaharuule aadarsha awasthaaharuu utpaadana garna antarakriyaa garna sakchhan, jasale yasa shaiwaalalaaii sangkhyaamaa naatakiiya ruupamaa wriddhi garna anumati dinchha."
The algae produces a neurotoxin that can disable nerves in both humans and fish.,शैवालले न्यूरोटोक्सिन उत्पादन गर्दछ जसले मानिस र माछा दुवैमा स्नायुहरू निष्क्रिय गर्न सक्छ।,शैवालले न्यूरोटोक्सिन उत्पादन गर्दछ जसले मानिस र माछा दुवैमा स्नायुहरू निष्क्रिय गर्न सक्छ।,shaiwaalale nyuurotoksina utpaadana gardachha jasale maanisa ra maachhaa duwaimaa snaayuharuu nishkriya garna sakchha.,shaiwaalale nyuurotoksina utpaadana gardachha jasale maanisa ra maachhaa duwaimaa snaayuharuu nishkriya garna sakchha.
Fish often die because of the high concentrations of the toxin in the waters.,पानीमा विषाक्त पदार्थको उच्च सांद्रताका कारण माछा प्रायः मर्छन्।,पानीमा विषाक्त पदार्थको उच्च सांद्रताका कारण माछा प्रायः मर्छन्।,paaniimaa wishaakta padaarthako uchcha saandrataakaa kaarana maachhaa praayh marchhan.,paaniimaa wishaakta padaarthako uchcha saandrataakaa kaarana maachhaa praayh marchhan.
Humans can be affected by breathing affected water taken into the air by wind and waves.,हावा र छालहरूद्वारा हावामा लगिएको सास फेर्ने प्रभावित पानीबाट मानिस प्रभावित हुन सक्छ।,हावा र छालहरूद्वारा हावामा लगिएको सास फेर्ने प्रभावित पानीबाट मानिस प्रभावित हुन सक्छ।,haawaa ra chhaalaharuudwaaraa haawaamaa lagieko saasa pherne prabhaawita paaniibaata maanisa prabhaawita huna sakchha.,haawaa ra chhaalaharuudwaaraa haawaamaa lagieko saasa pherne prabhaawita paaniibaata maanisa prabhaawita huna sakchha.
"At its peak, Tropical Cyclone Gonu, named for a bag of palm leaves in the language of the Maldives, reached sustained winds of 240 kilometers an hour (149 miles per hour) .","यसको चरममा, उष्णकटिबन्धीय चक्रवात गोनु, माल्दिभ्सको भाषामा पाम पातको झोलाको नामबाट राखिएको, 240 किलोमिटर प्रति घण्टा (149 माइल प्रति घण्टा) को निरन्तर हावामा पुग्यो।","यसको चरममा, उष्णकटिबन्धीय चक्रवात गोनु, माल्दिभ्सको भाषामा पाम पातको झोलाको नामबाट राखिएको, 240 किलोमिटर प्रति घण्टा (149 माइल प्रति घण्टा) को निरन्तर हावामा पुग्यो।","yasako charamamaa, ushnakatibandhiiya chakrawaata gonu, maaldibhsako bhaashaamaa paama paatako jholaako naamabaata raakhieko, 240 kilomitara prati ghantaa (149 maaila prati ghantaa) ko nirantara haawaamaa pugyo.","yasako charamamaa, ushnakatibandhiiya chakrawaata gonu, maaldibhsako bhaashaamaa paama paatako jholaako naamabaata raakhieko, 240 kilomitara prati ghantaa (149 maaila prati ghantaa) ko nirantara haawaamaa pugyo."
"By early today, winds were around 83 km/h, and it was expect to keep weakening.","आज बिहानसम्म, हावा लगभग 83 किमी/घन्टा थियो, र यो कमजोर हुने अपेक्षा गरिएको थियो।","आज बिहानसम्म, हावा लगभग 83 किमी/घन्टा थियो, र यो कमजोर हुने अपेक्षा गरिएको थियो।","aaja bihaanasamma, haawaa lagabhaga 83 kimii/ghantaa thiyo, ra yo kamajora hune apekshaa garieko thiyo.","aaja bihaanasamma, haawaa lagabhaga 83 kimii/ghantaa thiyo, ra yo kamajora hune apekshaa garieko thiyo."
"On Wednesday, the United States' National Basketball Association (NBA) suspended its professional basketball season due to concerns regarding COVID-19.","बुधबार, संयुक्त राज्य अमेरिकाको राष्ट्रिय बास्केटबल सङ्घ (एनबीए) ले कोभिड-19 सम्बन्धी चिन्ताका कारण आफ्नो व्यावसायिक बास्केटबल सिजन निलम्बन गरेको छ।","बुधबार, संयुक्त राज्य अमेरिकाको राष्ट्रिय बास्केटबल सङ्घ (एनबीए) ले कोभिड-19 सम्बन्धी चिन्ताका कारण आफ्नो व्यावसायिक बास्केटबल सिजन निलम्बन गरेको छ।","budhabaara, snyukta raajya amerikaako raashtriya baasketabala sanggha (enabiie) le kobhida-19 sambandhii chintaakaa kaarana aaphno wyaawasaayika baasketabala sijana nilambana gareko chha.","budhabaara, snyukta raajya amerikaako raashtriya baasketabala sanggha (enabiie) le kobhida-19 sambandhii chintaakaa kaarana aaphno wyaawasaayika baasketabala sijana nilambana gareko chha."
The NBA's decision followed a Utah Jazz player testing positive for the COVID-19 virus.,एनबिएको निर्णय युटाह ज्याज खेलाडीले कोभिड-19 भाइरसको लागि सकारात्मक परीक्षण गरेपछि आएको हो।,एनबिएको निर्णय युटाह ज्याज खेलाडीले कोभिड-19 भाइरसको लागि सकारात्मक परीक्षण गरेपछि आएको हो।,enabieko nirnaya yutaaha jyaaja khelaadiile kobhida-19 bhaairasako laagi sakaaraatmaka pariikshana garepachhi aaeko ho.,enabieko nirnaya yutaaha jyaaja khelaadiile kobhida-19 bhaairasako laagi sakaaraatmaka pariikshana garepachhi aaeko ho.
"""Based on this fossil, that means the split is much earlier than has been anticipated by the molecular evidence.","""यस जीवाश्मको आधारमा, यसको अर्थ यो विभाजन आणविक प्रमाणले अनुमान गरेको भन्दा धेरै पहिले भएको हो।","""यस जीवाश्मको आधारमा, यसको अर्थ यो विभाजन आणविक प्रमाणले अनुमान गरेको भन्दा धेरै पहिले भएको हो।","""yasa jiiwaashmako aadhaaramaa, yasako artha yo wibhaajana aanawika pramaanale anumaana gareko bhandaa dherai pahile bhaeko ho.","""yasa jiiwaashmako aadhaaramaa, yasako artha yo wibhaajana aanawika pramaanale anumaana gareko bhandaa dherai pahile bhaeko ho."
"That means everything has to be put back,"" said researcher at the Rift Valley Research Service in Ethiopia and a co-author of the study, Berhane Asfaw.","यसको अर्थ सबै कुरा फिर्ता राख्नुपर्छ "", इथियोपियाको रिफ्ट भ्याली रिसर्च सर्भिसका अनुसन्धानकर्ता र अध्ययनका सह-लेखक बेरहेन असफाले भने।","यसको अर्थ सबै कुरा फिर्ता राख्नुपर्छ "", इथियोपियाको रिफ्ट भ्याली रिसर्च सर्भिसका अनुसन्धानकर्ता र अध्ययनका सह-लेखक बेरहेन असफाले भने।","yasako artha sabai kuraa phirtaa raakhnuparchha "", ithiyopiyaako riphta bhyaalii risarcha sarbhisakaa anusandhaanakartaa ra adhyayanakaa saha-lekhaka berahena asaphaale bhane.","yasako artha sabai kuraa phirtaa raakhnuparchha "", ithiyopiyaako riphta bhyaalii risarcha sarbhisakaa anusandhaanakartaa ra adhyayanakaa saha-lekhaka berahena asaphaale bhane."
"Until now, AOL has been able to move and develop the IM market at its own pace, due to its widespread use within the United States.","अहिलेसम्म, एओएलले संयुक्त राज्य अमेरिकाभित्र यसको व्यापक प्रयोगका कारण आइएम बजारलाई आफ्नै गतिमा सार्न र विकास गर्न सक्षम भएको छ।","अहिलेसम्म, एओएलले संयुक्त राज्य अमेरिकाभित्र यसको व्यापक प्रयोगका कारण आइएम बजारलाई आफ्नै गतिमा सार्न र विकास गर्न सक्षम भएको छ।","ahilesamma, eoelale snyukta raajya amerikaabhitra yasako wyaapaka prayogakaa kaarana aaiema bajaaralaaii aaphnai gatimaa saarna ra wikaasa garna sakshama bhaeko chha.","ahilesamma, eoelale snyukta raajya amerikaabhitra yasako wyaapaka prayogakaa kaarana aaiema bajaaralaaii aaphnai gatimaa saarna ra wikaasa garna sakshama bhaeko chha."
"With this arrangement in place, this freedom might end.","यो व्यवस्था भए, यो स्वतन्त्रता समाप्त हुन सक्छ।","यो व्यवस्था भए, यो स्वतन्त्रता समाप्त हुन सक्छ।","yo wyawasthaa bhae, yo swatantrataa samaapta huna sakchha.","yo wyawasthaa bhae, yo swatantrataa samaapta huna sakchha."
The number of users of the Yahoo! and Microsoft services combined will rival the number of AOL's customers.,याहू! र माइक्रोसफ्ट सेवाहरूको संयुक्त प्रयोगकर्ताहरूको सङ्ख्याले एओएलका ग्राहकहरूको सङ्ख्यालाई प्रतिद्वन्द्वी बनाउनेछ।,याहू! र माइक्रोसफ्ट सेवाहरूको संयुक्त प्रयोगकर्ताहरूको सङ्ख्याले एओएलका ग्राहकहरूको सङ्ख्यालाई प्रतिद्वन्द्वी बनाउनेछ।,yaahuu! ra maaikrosaphta sewaaharuuko snyukta prayogakartaaharuuko sangkhyaale eoelakaa graahakaharuuko sangkhyaalaaii pratidwandwii banaaunechha.,yaahuu! ra maaikrosaphta sewaaharuuko snyukta prayogakartaaharuuko sangkhyaale eoelakaa graahakaharuuko sangkhyaalaaii pratidwandwii banaaunechha.
The Northern Rock bank had been nationalised in 2008 following the revelation that the company had received emergency support from the UK Government.,कम्पनीले बेलायत सरकारबाट आपतकालीन सहयोग पाएको खुलासा भएपछि सन् 2008 मा उत्तरी रक ब्याङ्कको राष्ट्रियकरण गरिएको थियो।,कम्पनीले बेलायत सरकारबाट आपतकालीन सहयोग पाएको खुलासा भएपछि सन् 2008 मा उत्तरी रक ब्याङ्कको राष्ट्रियकरण गरिएको थियो।,kampaniile belaayata sarakaarabaata aapatakaaliina sahayoga paaeko khulaasaa bhaepachhi san 2008 maa uttarii raka byaangkako raashtriyakarana garieko thiyo.,kampaniile belaayata sarakaarabaata aapatakaaliina sahayoga paaeko khulaasaa bhaepachhi san 2008 maa uttarii raka byaangkako raashtriyakarana garieko thiyo.
Northern Rock had required support due to its exposure during the subprime mortgage crisis in 2007.,सन् 2007 मा सबप्राइम धितो सङ्कटको समयमा यसको एक्सपोजरका कारण नर्दन रकलाई समर्थनको आवश्यकता परेको थियो।,सन् 2007 मा सबप्राइम धितो सङ्कटको समयमा यसको एक्सपोजरका कारण नर्दन रकलाई समर्थनको आवश्यकता परेको थियो।,san 2007 maa sabapraaima dhito sangkatako samayamaa yasako eksapojarakaa kaarana nardana rakalaaii samarthanako aawashyakataa pareko thiyo.,san 2007 maa sabapraaima dhito sangkatako samayamaa yasako eksapojarakaa kaarana nardana rakalaaii samarthanako aawashyakataa pareko thiyo.
Sir Richard Branson's Virgin Group had a bid for the bank rejected prior to the bank’s nationalisation.,सर रिचर्ड ब्रानसनको भर्जिन ग्रुपले ब्याङ्कको राष्ट्रियकरण हुनुअघि नै ब्याङ्कका लागि बोली अस्वीकार गरेको थियो।,सर रिचर्ड ब्रानसनको भर्जिन ग्रुपले ब्याङ्कको राष्ट्रियकरण हुनुअघि नै ब्याङ्कका लागि बोली अस्वीकार गरेको थियो।,sara richarda braanasanako bharjina grupale byaangkako raashtriyakarana hunuaghi nai byaangkakaa laagi bolii aswiikaara gareko thiyo.,sara richarda braanasanako bharjina grupale byaangkako raashtriyakarana hunuaghi nai byaangkakaa laagi bolii aswiikaara gareko thiyo.
"In 2010, while nationalised, the current high street bank Northern Rock plc was split from the ‘bad bank’, Northern Rock (Asset Management).","सन् 2010 मा राष्ट्रियकरण गर्दा, हालको हाई स्ट्रीट ब्याङ्क नर्दन रक पीएलसीलाई'ब्याड ब्याङ्क', नर्दन रक (सम्पत्ति व्यवस्थापन) बाट विभाजित गरिएको थियो।","सन् 2010 मा राष्ट्रियकरण गर्दा, हालको हाई स्ट्रीट ब्याङ्क नर्दन रक पीएलसीलाई'ब्याड ब्याङ्क', नर्दन रक (सम्पत्ति व्यवस्थापन) बाट विभाजित गरिएको थियो।","san 2010 maa raashtriyakarana gardaa, haalako haaii striita byaangka nardana raka piielasiilaaii'byaada byaangka', nardana raka (sampatti wyawasthaapana) baata wibhaajita garieko thiyo.","san 2010 maa raashtriyakarana gardaa, haalako haaii striita byaangka nardana raka piielasiilaaii'byaada byaangka', nardana raka (sampatti wyawasthaapana) baata wibhaajita garieko thiyo."
"Virgin have only purchased the ‘good bank’ of Northern Rock, not the asset management company.","भर्जिनले उत्तरी रकको'गुड ब्याङ्क'मात्र किनेको छ, सम्पत्ति व्यवस्थापन कम्पनी होइन।","भर्जिनले उत्तरी रकको'गुड ब्याङ्क'मात्र किनेको छ, सम्पत्ति व्यवस्थापन कम्पनी होइन।","bharjinale uttarii rakako'guda byaangka'maatra kineko chha, sampatti wyawasthaapana kampanii hoina.","bharjinale uttarii rakako'guda byaangka'maatra kineko chha, sampatti wyawasthaapana kampanii hoina."
This is believed to be the fifth time in history that people have observed what turned out to be chemically confirmed martian material falling to Earth.,इतिहासमा यो पाँचौँ पटक हो कि मानिसहरूले रासायनिक रूपमा पुष्टि गरिएको मंगल पदार्थ पृथ्वीमा खस्नु भएको अवलोकन गरेका छन्।,इतिहासमा यो पाँचौँ पटक हो कि मानिसहरूले रासायनिक रूपमा पुष्टि गरिएको मंगल पदार्थ पृथ्वीमा खस्नु भएको अवलोकन गरेका छन्।,itihaasamaa yo paanchaun pataka ho ki maanisaharuule raasaayanika ruupamaa pushti garieko mngala padaartha prithwiimaa khasnu bhaeko awalokana garekaa chhan.,itihaasamaa yo paanchaun pataka ho ki maanisaharuule raasaayanika ruupamaa pushti garieko mngala padaartha prithwiimaa khasnu bhaeko awalokana garekaa chhan.
"Out of the approximately 24,000 known meteorites to have fallen to Earth, only about 34 have been verified to be martian in origin.","पृथ्वीमा खसेका लगभग 24,000 ज्ञात उल्कापिंडहरू मध्ये, लगभग 34 वटा मात्र मङ्गल ग्रहको उत्पत्ति भएको प्रमाणित गरिएको छ।","पृथ्वीमा खसेका लगभग 24,000 ज्ञात उल्कापिंडहरू मध्ये, लगभग 34 वटा मात्र मङ्गल ग्रहको उत्पत्ति भएको प्रमाणित गरिएको छ।","prithwiimaa khasekaa lagabhaga 24,000 jnyaata ulkaapindaharuu madhye, lagabhaga 34 wataa maatra manggala grahako utpatti bhaeko pramaanita garieko chha.","prithwiimaa khasekaa lagabhaga 24,000 jnyaata ulkaapindaharuu madhye, lagabhaga 34 wataa maatra manggala grahako utpatti bhaeko pramaanita garieko chha."
Fifteen of these rocks are attributed to the meteorite shower last July.,यी मध्ये 15 वटा चट्टानहरू गत जुलाईमा भएको उल्कापिंडको वर्षाका कारण भएको हो।,यी मध्ये 15 वटा चट्टानहरू गत जुलाईमा भएको उल्कापिंडको वर्षाका कारण भएको हो।,yii madhye 15 wataa chattaanaharuu gata julaaiimaa bhaeko ulkaapindako warshaakaa kaarana bhaeko ho.,yii madhye 15 wataa chattaanaharuu gata julaaiimaa bhaeko ulkaapindako warshaakaa kaarana bhaeko ho.
"Some of the rocks, which are very rare on Earth, are being sold from US$11,000 to $22,500 per ounce, which is about ten times more than the cost of gold.","पृथ्वीमा धेरै दुर्लभ रहेका केही चट्टानहरू प्रति औंस 11,000 अमेरिकी डलरदेखि 22,500 अमेरिकी डलरसम्म बिक्री भइरहेका छन्, जुन सुनको मूल्यभन्दा लगभग दस गुणा बढी हो।","पृथ्वीमा धेरै दुर्लभ रहेका केही चट्टानहरू प्रति औंस 11,000 अमेरिकी डलरदेखि 22,500 अमेरिकी डलरसम्म बिक्री भइरहेका छन्, जुन सुनको मूल्यभन्दा लगभग दस गुणा बढी हो।","prithwiimaa dherai durlabha rahekaa kehii chattaanaharuu prati aunsa 11,000 amerikii dalaradekhi 22,500 amerikii dalarasamma bikrii bhairahekaa chhan, juna sunako muulyabhandaa lagabhaga dasa gunaa badhii ho.","prithwiimaa dherai durlabha rahekaa kehii chattaanaharuu prati aunsa 11,000 amerikii dalaradekhi 22,500 amerikii dalarasamma bikrii bhairahekaa chhan, juna sunako muulyabhandaa lagabhaga dasa gunaa badhii ho."
"Following the race, Keselowski remains the Drivers' Championship leader with 2,250 points.","दौडपछि केसेलोव्स्की 2,250 अङ्कका साथ ड्राइभर च्याम्पियनसिपको नेता बने।","दौडपछि केसेलोव्स्की 2,250 अङ्कका साथ ड्राइभर च्याम्पियनसिपको नेता बने।","daudapachhi keselowskii 2,250 angkakaa saatha draaibhara chyaampiyanasipako netaa bane.","daudapachhi keselowskii 2,250 angkakaa saatha draaibhara chyaampiyanasipako netaa bane."
"Seven points behind, Johnson is second with 2,243.","जोन्सन सात अङ्क पछाडि 2,243 अङ्कका साथ दोस्रो स्थानमा छन्।","जोन्सन सात अङ्क पछाडि 2,243 अङ्कका साथ दोस्रो स्थानमा छन्।","jonsana saata angka pachhaadi 2,243 angkakaa saatha dosro sthaanamaa chhan.","jonsana saata angka pachhaadi 2,243 angkakaa saatha dosro sthaanamaa chhan."
"In third, Hamlin is twenty points behind, but five ahead of Bowyer. Kahne and Truex, Jr. are fifth and sixth respectively with 2,220 and 2,207 points.","तेस्रो स्थानमा ह्यामलिन बीस अङ्क पछाडि छन् तर बोयरभन्दा पाँच अङ्क अगाडि छन्। काहने र ट्रुक्स जुनियर 2,220 र 2,207 अङ्कका साथ क्रमशः पाँचौँ र छैटौँ स्थानमा छन्।","तेस्रो स्थानमा ह्यामलिन बीस अङ्क पछाडि छन् तर बोयरभन्दा पाँच अङ्क अगाडि छन्। काहने र ट्रुक्स जुनियर 2,220 र 2,207 अङ्कका साथ क्रमशः पाँचौँ र छैटौँ स्थानमा छन्।","tesro sthaanamaa hyaamalina biisa angka pachhaadi chhan tara boyarabhandaa paancha angka agaadi chhan. kaahane ra truksa juniyara 2,220 ra 2,207 angkakaa saatha kramashh paanchaun ra chhaitaun sthaanamaa chhan.","tesro sthaanamaa hyaamalina biisa angka pachhaadi chhan tara boyarabhandaa paancha angka agaadi chhan. kaahane ra truksa juniyara 2,220 ra 2,207 angkakaa saatha kramashh paanchaun ra chhaitaun sthaanamaa chhan."
"Stewart, Gordon, Kenseth, and Harvick round out the top-ten positions for the Drivers' Championship with four races remaining in the season.","स्टीवर्ट, गोर्डन, केन्सेथ र हारभिकले सिजनमा चारवटा दौड बाँकी रहेको ड्राइभर् च्याम्पियनसिपका लागि शीर्ष दस स्थानहरू पूरा गरे।","स्टीवर्ट, गोर्डन, केन्सेथ र हारभिकले सिजनमा चारवटा दौड बाँकी रहेको ड्राइभर् च्याम्पियनसिपका लागि शीर्ष दस स्थानहरू पूरा गरे।","stiiwarta, gordana, kensetha ra haarabhikale sijanamaa chaarawataa dauda baankii raheko draaibhar chyaampiyanasipakaa laagi shiirsha dasa sthaanaharuu puuraa gare.","stiiwarta, gordana, kensetha ra haarabhikale sijanamaa chaarawataa dauda baankii raheko draaibhar chyaampiyanasipakaa laagi shiirsha dasa sthaanaharuu puuraa gare."
The US Navy also said they were investigating the incident.,अमेरिकी नौसेनाले पनि घटनाको अनुसन्धान गरिरहेको बताएको छ।,अमेरिकी नौसेनाले पनि घटनाको अनुसन्धान गरिरहेको बताएको छ।,amerikii nausenaale pani ghatanaako anusandhaana gariraheko bataaeko chha.,amerikii nausenaale pani ghatanaako anusandhaana gariraheko bataaeko chha.
"They also said in a statement, ""The crew is currently working to determine the best method of safely extracting the ship"".","उनीहरूले एक विज्ञप्तिमा यो पनि भने, ""चालकदलले हाल जहाजलाई सुरक्षित रूपमा निकाल्ने उत्तम विधि निर्धारण गर्न काम गरिरहेको छ।""","उनीहरूले एक विज्ञप्तिमा यो पनि भने, ""चालकदलले हाल जहाजलाई सुरक्षित रूपमा निकाल्ने उत्तम विधि निर्धारण गर्न काम गरिरहेको छ।""","uniiharuule eka wijnyaptimaa yo pani bhane, ""chaalakadalale haala jahaajalaaii surakshita ruupamaa nikaalne uttama widhi nirdhaarana garna kaama gariraheko chha.""","uniiharuule eka wijnyaptimaa yo pani bhane, ""chaalakadalale haala jahaajalaaii surakshita ruupamaa nikaalne uttama widhi nirdhaarana garna kaama gariraheko chha."""
"An Avenger class mine countermeasures ship, the ship was on its way to Puerto Princesa in Palawan.","एउटा एभेन्जर क्लास माइन काउन्टरमेजर जहाज, जहाज पलावनको पोर्टो प्रिन्सेसासम्म जाँदै थियो।","एउटा एभेन्जर क्लास माइन काउन्टरमेजर जहाज, जहाज पलावनको पोर्टो प्रिन्सेसासम्म जाँदै थियो।","eutaa ebhenjara klaasa maaina kaauntaramejara jahaaja, jahaaja palaawanako porto prinsesaasamma jaandai thiyo.","eutaa ebhenjara klaasa maaina kaauntaramejara jahaaja, jahaaja palaawanako porto prinsesaasamma jaandai thiyo."
"It is assigned to the U.S. Navy’s Seventh Fleet and based in Sasebo, Nagasaki in Japan.",यो अमेरिकी नौसेनाको सातौँ फ्लीटमा तोकिएको छ र जापानको नागासाकीको सासेबोमा आधारित छ।,यो अमेरिकी नौसेनाको सातौँ फ्लीटमा तोकिएको छ र जापानको नागासाकीको सासेबोमा आधारित छ।,yo amerikii nausenaako saataun phliitamaa tokieko chha ra jaapaanako naagaasaakiiko saasebomaa aadhaarita chha.,yo amerikii nausenaako saataun phliitamaa tokieko chha ra jaapaanako naagaasaakiiko saasebomaa aadhaarita chha.
"The Mumbai attackers arrived via boat on Novemeber 26, 2008, bringing with them grenades, automatic weapons and hit multiple targets including the crowded Chhatrapati Shivaji Terminus railway station and the famous Taj Mahal Hotel.","मुम्बईका आक्रमणकारीहरू नोभेम्बर 26,2008 मा डुङ्गाबाट ग्रेनेड, स्वचालित हतियार लिएर आइपुगे र भीडभाड भएको छत्रपति शिवाजी टर्मिनस रेलवे स्टेसन र प्रसिद्ध ताजमहल होटलसहित धेरै लक्ष्यहरूमा प्रहार गरे।","मुम्बईका आक्रमणकारीहरू नोभेम्बर 26,2008 मा डुङ्गाबाट ग्रेनेड, स्वचालित हतियार लिएर आइपुगे र भीडभाड भएको छत्रपति शिवाजी टर्मिनस रेलवे स्टेसन र प्रसिद्ध ताजमहल होटलसहित धेरै लक्ष्यहरूमा प्रहार गरे।","mumbaiikaa aakramanakaariiharuu nobhembara 26,2008 maa dunggaabaata greneda, swachaalita hatiyaara liera aaipuge ra bhiidabhaada bhaeko chhatrapati shiwaajii tarminasa relawe stesana ra prasiddha taajamahala hotalasahita dherai lakshyaharuumaa prahaara gare.","mumbaiikaa aakramanakaariiharuu nobhembara 26,2008 maa dunggaabaata greneda, swachaalita hatiyaara liera aaipuge ra bhiidabhaada bhaeko chhatrapati shiwaajii tarminasa relawe stesana ra prasiddha taajamahala hotalasahita dherai lakshyaharuumaa prahaara gare."
David Headley's scouting and information gathering had helped to enable the operation by the 10 gunmen from the Pakistani militant group Laskhar-e-Taiba.,डेभिड हेडलीको स्काउटिङ र सूचना सङ्कलनले पाकिस्तानी आतङ्कवादी समूह लस्कर-ए-तैयबाका 10 बन्दुकधारीहरूले अपरेसन सक्षम गर्न मद्दत गरेको थियो।,डेभिड हेडलीको स्काउटिङ र सूचना सङ्कलनले पाकिस्तानी आतङ्कवादी समूह लस्कर-ए-तैयबाका 10 बन्दुकधारीहरूले अपरेसन सक्षम गर्न मद्दत गरेको थियो।,debhida hedaliiko skaautinga ra suuchanaa sangkalanale paakistaanii aatangkawaadii samuuha laskara-e-taiyabaakaa 10 bandukadhaariiharuule aparesana sakshama garna maddata gareko thiyo.,debhida hedaliiko skaautinga ra suuchanaa sangkalanale paakistaanii aatangkawaadii samuuha laskara-e-taiyabaakaa 10 bandukadhaariiharuule aparesana sakshama garna maddata gareko thiyo.
The attack put a huge strain on relations between India and Pakistan.,उक्त आक्रमणले भारत र पाकिस्तानबिचको सम्बन्धमा ठुलो तनाव निम्त्यायो।,उक्त आक्रमणले भारत र पाकिस्तानबिचको सम्बन्धमा ठुलो तनाव निम्त्यायो।,ukta aakramanale bhaarata ra paakistaanabichako sambandhamaa thulo tanaawa nimtyaayo.,ukta aakramanale bhaarata ra paakistaanabichako sambandhamaa thulo tanaawa nimtyaayo.
"Accompanied by those officials, he assured Texas citizens that steps were being taken to protect the public's safety.","ती अधिकारीहरूसँग, उनले टेक्सासका नागरिकहरूलाई जनताको सुरक्षाको लागि कदम चाल्दैछ भनी आश्वासन दिए।","ती अधिकारीहरूसँग, उनले टेक्सासका नागरिकहरूलाई जनताको सुरक्षाको लागि कदम चाल्दैछ भनी आश्वासन दिए।","tii adhikaariiharuusnga, unale teksaasakaa naagarikaharuulaaii janataako surakshaako laagi kadama chaaldaichha bhanii aashwaasana die.","tii adhikaariiharuusnga, unale teksaasakaa naagarikaharuulaaii janataako surakshaako laagi kadama chaaldaichha bhanii aashwaasana die."
"Perry specifically said, ""There are few places in the world better equipped to meet the challenge that is posed in this case.""","पेरीले विशेष गरी भने, ""यस मामिलामा उत्पन्न चुनौतीको सामना गर्न संसारमा केही ठाउँहरू राम्रो सुसज्जित छन्।""","पेरीले विशेष गरी भने, ""यस मामिलामा उत्पन्न चुनौतीको सामना गर्न संसारमा केही ठाउँहरू राम्रो सुसज्जित छन्।""","periile wishesha garii bhane, ""yasa maamilaamaa utpanna chunautiiko saamanaa garna snsaaramaa kehii thaaunharuu raamro susajjita chhan.""","periile wishesha garii bhane, ""yasa maamilaamaa utpanna chunautiiko saamanaa garna snsaaramaa kehii thaaunharuu raamro susajjita chhan."""
"The governor also stated, ""Today, we learned that some school aged children have been identified as having had contact with the patient.""","गभर्नरले यो पनि भने, ""आज, हामीले थाहा पाएका छौं कि केही विद्यालय उमेरका बालबालिकाहरू बिरामीसँग सम्पर्क भएको थियो।""","गभर्नरले यो पनि भने, ""आज, हामीले थाहा पाएका छौं कि केही विद्यालय उमेरका बालबालिकाहरू बिरामीसँग सम्पर्क भएको थियो।""","gabharnarale yo pani bhane, ""aaja, haamiile thaahaa paaekaa chhaun ki kehii widyaalaya umerakaa baalabaalikaaharuu biraamiisnga samparka bhaeko thiyo.""","gabharnarale yo pani bhane, ""aaja, haamiile thaahaa paaekaa chhaun ki kehii widyaalaya umerakaa baalabaalikaaharuu biraamiisnga samparka bhaeko thiyo."""
"He went on to say, ""This case is serious. Rest assured that our system is working as well as it should.""","उनले अगाडि भने, ""यो मुद्दा गम्भीर छ। हाम्रो प्रणालीले जसरी काम गर्नुपर्छ त्यस्तै गरिरहेको छ भन्ने कुरामा आश्वस्त रहनुहोस्।""","उनले अगाडि भने, ""यो मुद्दा गम्भीर छ। हाम्रो प्रणालीले जसरी काम गर्नुपर्छ त्यस्तै गरिरहेको छ भन्ने कुरामा आश्वस्त रहनुहोस्।""","unale agaadi bhane, ""yo muddaa gambhiira chha. haamro pranaaliile jasarii kaama garnuparchha tyastai gariraheko chha bhanne kuraamaa aashwasta rahanuhos.""","unale agaadi bhane, ""yo muddaa gambhiira chha. haamro pranaaliile jasarii kaama garnuparchha tyastai gariraheko chha bhanne kuraamaa aashwasta rahanuhos."""
"If confirmed, the find completes Allen's eight-year search for the Musashi.","यदि पुष्टि भयो भने, यो खोजले मुसाशीका लागि एलेनको आठ वर्षको खोजी पूरा गर्दछ।","यदि पुष्टि भयो भने, यो खोजले मुसाशीका लागि एलेनको आठ वर्षको खोजी पूरा गर्दछ।","yadi pushti bhayo bhane, yo khojale musaashiikaa laagi elenako aatha warshako khojii puuraa gardachha.","yadi pushti bhayo bhane, yo khojale musaashiikaa laagi elenako aatha warshako khojii puuraa gardachha."
Following seabed mapping the wreck was found using an ROV.,समुद्री सतहको मानचित्रणपछि आरओभी प्रयोग गरेर भग्नावशेष फेला परेको थियो।,समुद्री सतहको मानचित्रणपछि आरओभी प्रयोग गरेर भग्नावशेष फेला परेको थियो।,samudrii satahako maanachitranapachhi aaraobhii prayoga garera bhagnaawashesha phelaa pareko thiyo.,samudrii satahako maanachitranapachhi aaraobhii prayoga garera bhagnaawashesha phelaa pareko thiyo.
"One of the world's richest people, Allen has reportedly invested much of his wealth in marine exploration and began his quest to find the Musashi out of a lifelong interest in the war.","विश्वको सबैभन्दा धनी व्यक्तिहरू मध्ये एक, एलेनले कथित रूपमा आफ्नो धेरै सम्पत्ति समुद्री अन्वेषणमा लगानी गरेका छन् र युद्धमा आजीवन चासोका कारण मुसासीलाई खोज्ने खोज सुरु गरेका छन्।","विश्वको सबैभन्दा धनी व्यक्तिहरू मध्ये एक, एलेनले कथित रूपमा आफ्नो धेरै सम्पत्ति समुद्री अन्वेषणमा लगानी गरेका छन् र युद्धमा आजीवन चासोका कारण मुसासीलाई खोज्ने खोज सुरु गरेका छन्।","wishwako sabaibhandaa dhanii wyaktiharuu madhye eka, elenale kathita ruupamaa aaphno dherai sampatti samudrii anweshanamaa lagaanii garekaa chhan ra yuddhamaa aajiiwana chaasokaa kaarana musaasiilaaii khojne khoja suru garekaa chhan.","wishwako sabaibhandaa dhanii wyaktiharuu madhye eka, elenale kathita ruupamaa aaphno dherai sampatti samudrii anweshanamaa lagaanii garekaa chhan ra yuddhamaa aajiiwana chaasokaa kaarana musaasiilaaii khojne khoja suru garekaa chhan."
She gained critical acclaim during her time in Atlanta and was recognized for innovative urban education.,उनले एटलान्टामा आफ्नो समयमा आलोचनात्मक प्रशंसा प्राप्त गरिन् र नवीन सहरी शिक्षाका लागि मान्यता प्राप्त गरिन्।,उनले एटलान्टामा आफ्नो समयमा आलोचनात्मक प्रशंसा प्राप्त गरिन् र नवीन सहरी शिक्षाका लागि मान्यता प्राप्त गरिन्।,unale etalaantaamaa aaphno samayamaa aalochanaatmaka prashnsaa praapta garin ra nawiina saharii shikshaakaa laagi maanyataa praapta garin.,unale etalaantaamaa aaphno samayamaa aalochanaatmaka prashnsaa praapta garin ra nawiina saharii shikshaakaa laagi maanyataa praapta garin.
In 2009 she was awarded the title of National Superintendent of the Year.,सन् 2009 मा उनलाई वर्षको राष्ट्रिय अधीक्षकको उपाधि प्रदान गरिएको थियो।,सन् 2009 मा उनलाई वर्षको राष्ट्रिय अधीक्षकको उपाधि प्रदान गरिएको थियो।,san 2009 maa unalaaii warshako raashtriya adhiikshakako upaadhi pradaana garieko thiyo.,san 2009 maa unalaaii warshako raashtriya adhiikshakako upaadhi pradaana garieko thiyo.
"At the time of the award, Atlanta schools had seen a large improvement on test scores.","पुरस्कारको समयमा, एटलान्टा विद्यालयहरूले परीक्षण स्कोरहरूमा ठुलो सुधार देखेका थिए।","पुरस्कारको समयमा, एटलान्टा विद्यालयहरूले परीक्षण स्कोरहरूमा ठुलो सुधार देखेका थिए।","puraskaarako samayamaa, etalaantaa widyaalayaharuule pariikshana skoraharuumaa thulo sudhaara dekhekaa thie.","puraskaarako samayamaa, etalaantaa widyaalayaharuule pariikshana skoraharuumaa thulo sudhaara dekhekaa thie."
"Shortly after, The Atlanta Journal-Constitution published a report showing problems with test results.","त्यसको केही समयपछि, द एटलान्टा जर्नल-कन्स्टिच्युटले परीक्षण परिणामहरूमा समस्याहरू देखाउने एउटा प्रतिवेदन प्रकाशित गऱ्यो।","त्यसको केही समयपछि, द एटलान्टा जर्नल-कन्स्टिच्युटले परीक्षण परिणामहरूमा समस्याहरू देखाउने एउटा प्रतिवेदन प्रकाशित गऱ्यो।","tyasako kehii samayapachhi, da etalaantaa jarnala-kanstichyutale pariikshana parinaamaharuumaa samasyaaharuu dekhaaune eutaa pratiwedana prakaashita garyo.","tyasako kehii samayapachhi, da etalaantaa jarnala-kanstichyutale pariikshana parinaamaharuumaa samasyaaharuu dekhaaune eutaa pratiwedana prakaashita garyo."
"The report showed test scores had increased implausibly fast, and alleged the school internally detected problems but didn't act on the findings.","प्रतिवेदनले परीक्षणको अङ्क अविश्वसनीय रूपमा छिटो बढेको देखाएको छ, र विद्यालयले आन्तरिक रूपमा समस्याहरू पत्ता लगाएको तर निष्कर्षहरूमा कार्य नगरेको आरोप लगायो।","प्रतिवेदनले परीक्षणको अङ्क अविश्वसनीय रूपमा छिटो बढेको देखाएको छ, र विद्यालयले आन्तरिक रूपमा समस्याहरू पत्ता लगाएको तर निष्कर्षहरूमा कार्य नगरेको आरोप लगायो।","pratiwedanale pariikshanako angka awishwasaniiya ruupamaa chhito badheko dekhaaeko chha, ra widyaalayale aantarika ruupamaa samasyaaharuu pattaa lagaaeko tara nishkarshaharuumaa kaarya nagareko aaropa lagaayo.","pratiwedanale pariikshanako angka awishwasaniiya ruupamaa chhito badheko dekhaaeko chha, ra widyaalayale aantarika ruupamaa samasyaaharuu pattaa lagaaeko tara nishkarshaharuumaa kaarya nagareko aaropa lagaayo."
"Evidence thereafter indicated test papers were tampered with Hall, along with 34 other education officials, was indicted in 2013.","त्यसपछि प्रमाणहरूले हलसँग टेस्ट पेपरहरू छेडछाड गरिएको सङ्केत गर्यो, अन्य 34 शिक्षा अधिकारीहरू सहित, 2013 मा दोषी ठहर गरियो।","त्यसपछि प्रमाणहरूले हलसँग टेस्ट पेपरहरू छेडछाड गरिएको सङ्केत गर्यो, अन्य 34 शिक्षा अधिकारीहरू सहित, 2013 मा दोषी ठहर गरियो।","tyasapachhi pramaanaharuule halasnga testa peparaharuu chhedachhaada garieko sangketa garyo, anya 34 shikshaa adhikaariiharuu sahita, 2013 maa doshii thahara gariyo.","tyasapachhi pramaanaharuule halasnga testa peparaharuu chhedachhaada garieko sangketa garyo, anya 34 shikshaa adhikaariiharuu sahita, 2013 maa doshii thahara gariyo."
The Irish government is stressing the urgency of parliamentary legislation to rectify the situation.,आयरल्यान्ड सरकारले स्थिति सुधार गर्न संसदीय कानूनको आवश्यकतामा जोड दिइरहेको छ।,आयरल्यान्ड सरकारले स्थिति सुधार गर्न संसदीय कानूनको आवश्यकतामा जोड दिइरहेको छ।,aayaralyaanda sarakaarale sthiti sudhaara garna snsadiiya kaanuunako aawashyakataamaa joda diiraheko chha.,aayaralyaanda sarakaarale sthiti sudhaara garna snsadiiya kaanuunako aawashyakataamaa joda diiraheko chha.
"""It is now important from both a public health and criminal justice perspective that the legislation be enacted as soon as possible"", said a government spokesperson.","""सार्वजनिक स्वास्थ्य र आपराधिक न्याय दुवैको दृष्टिकोणबाट यो कानून सकेसम्म चाँडो लागु गर्नु अब महत्त्वपूर्ण छ"", एक सरकारी प्रवक्ताले भने।","""सार्वजनिक स्वास्थ्य र आपराधिक न्याय दुवैको दृष्टिकोणबाट यो कानून सकेसम्म चाँडो लागु गर्नु अब महत्त्वपूर्ण छ"", एक सरकारी प्रवक्ताले भने।","""saarwajanika swaasthya ra aaparaadhika nyaaya duwaiko drishtikonabaata yo kaanuuna sakesamma chaando laagu garnu aba mahattwapuurna chha"", eka sarakaarii prawaktaale bhane.","""saarwajanika swaasthya ra aaparaadhika nyaaya duwaiko drishtikonabaata yo kaanuuna sakesamma chaando laagu garnu aba mahattwapuurna chha"", eka sarakaarii prawaktaale bhane."
"The Health Minister expressed concern both for the welfare of individuals taking advantage of the temporary legality of the substances involved, and for drug-related convictions handed down since the now-unconstitutional changes came into effect.",स्वास्थ्यमन्त्रीले यसमा संलग्न पदार्थहरूको अस्थायी वैधानिकताको फाइदा उठाउँदै व्यक्तिहरूको कल्याण र अहिले-असंवैधानिक परिवर्तनहरू लागु भएदेखि लागु गरिएको लागुऔषधसँग सम्बन्धित दोषसिद्धि दुवैप्रति चिन्ता व्यक्त गरे।,स्वास्थ्यमन्त्रीले यसमा संलग्न पदार्थहरूको अस्थायी वैधानिकताको फाइदा उठाउँदै व्यक्तिहरूको कल्याण र अहिले-असंवैधानिक परिवर्तनहरू लागु भएदेखि लागु गरिएको लागुऔषधसँग सम्बन्धित दोषसिद्धि दुवैप्रति चिन्ता व्यक्त गरे।,swaasthyamantriile yasamaa snlagna padaarthaharuuko asthaayii waidhaanikataako phaaidaa uthaaundai wyaktiharuuko kalyaana ra ahile-asnwaidhaanika pariwartanaharuu laagu bhaedekhi laagu garieko laaguaushadhasnga sambandhita doshasiddhi duwaiprati chintaa wyakta gare.,swaasthyamantriile yasamaa snlagna padaarthaharuuko asthaayii waidhaanikataako phaaidaa uthaaundai wyaktiharuuko kalyaana ra ahile-asnwaidhaanika pariwartanaharuu laagu bhaedekhi laagu garieko laaguaushadhasnga sambandhita doshasiddhi duwaiprati chintaa wyakta gare.
Jarque was practicing during pre-season training at Coverciano in Italy earlier in the day. He was staying in the team hotel ahead of a match planned for Sunday against Bolonia.,जार्कले भोलिपल्ट इटालीको कभरसियानोमा प्री-सिजन प्रशिक्षणको क्रममा अभ्यास गरिरहेका थिए। उनी बोलोनियाविरुद्ध आइतबारको खेल अघि टोली होटलमा बस्दै थिए।,जार्कले भोलिपल्ट इटालीको कभरसियानोमा प्री-सिजन प्रशिक्षणको क्रममा अभ्यास गरिरहेका थिए। उनी बोलोनियाविरुद्ध आइतबारको खेल अघि टोली होटलमा बस्दै थिए।,jaarkale bholipalta itaaliiko kabharasiyaanomaa prii-sijana prashikshanako kramamaa abhyaasa garirahekaa thie. unii boloniyaawiruddha aaitabaarako khela aghi tolii hotalamaa basdai thie.,jaarkale bholipalta itaaliiko kabharasiyaanomaa prii-sijana prashikshanako kramamaa abhyaasa garirahekaa thie. unii boloniyaawiruddha aaitabaarako khela aghi tolii hotalamaa basdai thie.
He was staying in the team hotel ahead of a match planned for Sunday against Bolonia.,बोलोनियाविरुद्ध आइतबारको खेल अघि उनी टिम होटलमा बस्दै थिए।,बोलोनियाविरुद्ध आइतबारको खेल अघि उनी टिम होटलमा बस्दै थिए।,boloniyaawiruddha aaitabaarako khela aghi unii tima hotalamaa basdai thie.,boloniyaawiruddha aaitabaarako khela aghi unii tima hotalamaa basdai thie.
The bus was headed to Six Flags St. Louis in Missouri for the band to play to a sold-out crowd.,ब्यान्डले बिक्री भएको भिडमा खेल्न बस मिसौरीको सिक्स फ्ल्याग सेन्ट लुइसतर्फ गइरहेको थियो।,ब्यान्डले बिक्री भएको भिडमा खेल्न बस मिसौरीको सिक्स फ्ल्याग सेन्ट लुइसतर्फ गइरहेको थियो।,byaandale bikrii bhaeko bhidamaa khelna basa misauriiko siksa phlyaaga senta luisatarpha gairaheko thiyo.,byaandale bikrii bhaeko bhidamaa khelna basa misauriiko siksa phlyaaga senta luisatarpha gairaheko thiyo.
"At 1:15 a.m. Saturday, according to witnesses, the bus was going through a green light when the car made a turn in front of it.",शनिबार बिहान 1ः15 बजे बस हरियो बत्तीबाट गुज्रिरहेको बेला कार अगाडि हिँडेको प्रत्यक्षदर्शीहरूले बताए।,शनिबार बिहान 1ः15 बजे बस हरियो बत्तीबाट गुज्रिरहेको बेला कार अगाडि हिँडेको प्रत्यक्षदर्शीहरूले बताए।,shanibaara bihaana 1h15 baje basa hariyo battiibaata gujriraheko belaa kaara agaadi hindeko pratyakshadarshiiharuule bataae.,shanibaara bihaana 1h15 baje basa hariyo battiibaata gujriraheko belaa kaara agaadi hindeko pratyakshadarshiiharuule bataae.
"As of the night of August 9, the eye of Morakot was about seventy kilometres away from the Chinese province of Fujian.","अगस्ट 9 को रातसम्म, मोराकोटको आँखा चिनियाँ प्रान्त फुजियानबाट करिब 70 किलोमिटर टाढा थियो।","अगस्ट 9 को रातसम्म, मोराकोटको आँखा चिनियाँ प्रान्त फुजियानबाट करिब 70 किलोमिटर टाढा थियो।","agasta 9 ko raatasamma, moraakotako aankhaa chiniyaan praanta phujiyaanabaata kariba 70 kilomitara taadhaa thiyo.","agasta 9 ko raatasamma, moraakotako aankhaa chiniyaan praanta phujiyaanabaata kariba 70 kilomitara taadhaa thiyo."
The typhoon is estimated to be moving toward China at eleven kph.,टाइफुन 11 किलोमिटर प्रतिघण्टाको गतिमा चिनतर्फ सर्ने अनुमान गरिएको छ।,टाइफुन 11 किलोमिटर प्रतिघण्टाको गतिमा चिनतर्फ सर्ने अनुमान गरिएको छ।,taaiphuna 11 kilomitara pratighantaako gatimaa chinatarpha sarne anumaana garieko chha.,taaiphuna 11 kilomitara pratighantaako gatimaa chinatarpha sarne anumaana garieko chha.
Passengers were given water as they waited in 90(F)-degree heat.,यात्रुहरूलाई 90 (फरेनहाइट)-डिग्री गर्मीमा पर्खिरहेका बेला पानी दिइएको थियो।,यात्रुहरूलाई 90 (फरेनहाइट)-डिग्री गर्मीमा पर्खिरहेका बेला पानी दिइएको थियो।,yaatruharuulaaii 90 (pharenahaaita)-digrii garmiimaa parkhirahekaa belaa paanii diieko thiyo.,yaatruharuulaaii 90 (pharenahaaita)-digrii garmiimaa parkhirahekaa belaa paanii diieko thiyo.
"Fire captain Scott Kouns said, ""It was a hot day in the Santa Clara with temperatures in the 90s.","फायर क्याप्टेन स्कट काउन्सले भने, ""सन्टा क्लारामा 90 को दशकमा तापक्रमको साथ यो तातो दिन थियो।","फायर क्याप्टेन स्कट काउन्सले भने, ""सन्टा क्लारामा 90 को दशकमा तापक्रमको साथ यो तातो दिन थियो।","phaayara kyaaptena skata kaaunsale bhane, ""santaa klaaraamaa 90 ko dashakamaa taapakramako saatha yo taato dina thiyo.","phaayara kyaaptena skata kaaunsale bhane, ""santaa klaaraamaa 90 ko dashakamaa taapakramako saatha yo taato dina thiyo."
"Any length of time trapped on a roller coaster would be uncomfortable, to say the least, and it took at least an hour to get the first person off the ride.""","रोलर कोस्टरमा कुनै पनि समय फस्नु असहज हुनेछ, कमसेकम भन्नुपर्दा, र पहिलो व्यक्तिलाई सवारीबाट बाहिर निकाल्न कम्तिमा एक घन्टा लाग्यो।","रोलर कोस्टरमा कुनै पनि समय फस्नु असहज हुनेछ, कमसेकम भन्नुपर्दा, र पहिलो व्यक्तिलाई सवारीबाट बाहिर निकाल्न कम्तिमा एक घन्टा लाग्यो।","rolara kostaramaa kunai pani samaya phasnu asahaja hunechha, kamasekama bhannupardaa, ra pahilo wyaktilaaii sawaariibaata baahira nikaalna kamtimaa eka ghantaa laagyo.","rolara kostaramaa kunai pani samaya phasnu asahaja hunechha, kamasekama bhannupardaa, ra pahilo wyaktilaaii sawaariibaata baahira nikaalna kamtimaa eka ghantaa laagyo."
"Schumacher who retired in 2006 after winning the Formula 1 championship seven times, was due to replace the injured Felipe Massa.",सात पटक फर्मुला 1 च्याम्पियनसिप जितेपछि सन् 2006 मा सन्यास लिएका शुमाकर घाइते फेलिप मासाको स्थानमा आउने भएका थिए।,सात पटक फर्मुला 1 च्याम्पियनसिप जितेपछि सन् 2006 मा सन्यास लिएका शुमाकर घाइते फेलिप मासाको स्थानमा आउने भएका थिए।,saata pataka pharmulaa 1 chyaampiyanasipa jitepachhi san 2006 maa sanyaasa liekaa shumaakara ghaaite phelipa maasaako sthaanamaa aaune bhaekaa thie.,saata pataka pharmulaa 1 chyaampiyanasipa jitepachhi san 2006 maa sanyaasa liekaa shumaakara ghaaite phelipa maasaako sthaanamaa aaune bhaekaa thie.
The Brazilian suffered a serious head injury after a crash during the 2009 Hungarian Grand Prix.,ब्राजिलियनलाई सन् 2009 को हङ्गेरी ग्रान्ड प्रिक्सको क्रममा दुर्घटना भएपछि टाउकोमा गम्भीर चोट लागेको थियो।,ब्राजिलियनलाई सन् 2009 को हङ्गेरी ग्रान्ड प्रिक्सको क्रममा दुर्घटना भएपछि टाउकोमा गम्भीर चोट लागेको थियो।,braajiliyanalaaii san 2009 ko hanggerii graanda priksako kramamaa durghatanaa bhaepachhi taaukomaa gambhiira chota laageko thiyo.,braajiliyanalaaii san 2009 ko hanggerii graanda priksako kramamaa durghatanaa bhaepachhi taaukomaa gambhiira chota laageko thiyo.
Massa is due to be out for at least the rest of the 2009 season.,मासा कम्तिमा सन् 2009 को सिजनको बाँकी समयका लागि बाहिर रहने छन्।,मासा कम्तिमा सन् 2009 को सिजनको बाँकी समयका लागि बाहिर रहने छन्।,maasaa kamtimaa san 2009 ko sijanako baankii samayakaa laagi baahira rahane chhan.,maasaa kamtimaa san 2009 ko sijanako baankii samayakaa laagi baahira rahane chhan.
"Arias tested positive for a mild case of the virus, Presidential Minister Rodrigo Arias said.","एरियास भाइरसको हल्का केसका लागि सकारात्मक परीक्षण गरे, राष्ट्रपति मन्त्री रोड्रिगो एरियासले भने।","एरियास भाइरसको हल्का केसका लागि सकारात्मक परीक्षण गरे, राष्ट्रपति मन्त्री रोड्रिगो एरियासले भने।","eriyaasa bhaairasako halkaa kesakaa laagi sakaaraatmaka pariikshana gare, raashtrapati mantrii rodrigo eriyaasale bhane.","eriyaasa bhaairasako halkaa kesakaa laagi sakaaraatmaka pariikshana gare, raashtrapati mantrii rodrigo eriyaasale bhane."
"The president's condition is stable, though he will be isolated at home for several days.","राष्ट्रपतिको अवस्था स्थिर छ, यद्यपि उनी धेरै दिनसम्म घरमै पृथकवासमा रहनेछन्।","राष्ट्रपतिको अवस्था स्थिर छ, यद्यपि उनी धेरै दिनसम्म घरमै पृथकवासमा रहनेछन्।","raashtrapatiko awasthaa sthira chha, yadyapi unii dherai dinasamma gharamai prithakawaasamaa rahanechhan.","raashtrapatiko awasthaa sthira chha, yadyapi unii dherai dinasamma gharamai prithakawaasamaa rahanechhan."
"""Apart from the fever and a sore throat, I feel well and in good shape to carry out my work by telecommuting.","""ज्वरो र घाँटी दुख्ने बाहेक, म राम्रो महसुस गर्छु र टेलिकम्युट गरेर मेरो काम गर्न राम्रो अवस्थामा छु।","""ज्वरो र घाँटी दुख्ने बाहेक, म राम्रो महसुस गर्छु र टेलिकम्युट गरेर मेरो काम गर्न राम्रो अवस्थामा छु।","""jwaro ra ghaantii dukhne baaheka, ma raamro mahasusa garchhu ra telikamyuta garera mero kaama garna raamro awasthaamaa chhu.","""jwaro ra ghaantii dukhne baaheka, ma raamro mahasusa garchhu ra telikamyuta garera mero kaama garna raamro awasthaamaa chhu."
"I expect to return to all my duties on Monday,"" Arias said in a statement.","म सोमबार मेरा सबै काममा फर्कने अपेक्षा गर्दछु,'एरियासले एक विज्ञप्तिमा भने।","म सोमबार मेरा सबै काममा फर्कने अपेक्षा गर्दछु,'एरियासले एक विज्ञप्तिमा भने।","ma somabaara meraa sabai kaamamaa pharkane apekshaa gardachhu,'eriyaasale eka wijnyaptimaa bhane.","ma somabaara meraa sabai kaamamaa pharkane apekshaa gardachhu,'eriyaasale eka wijnyaptimaa bhane."
"Felicia, once a Category 4 storm on the Saffir-Simpson Hurricane Scale, weakened to a tropical depression before dissipating Tuesday.","फेलिसिया, एक पटक सफिर-सिम्पसन तूफान स्केलमा श्रेणी 4 को आँधी, मङ्गलबार नष्ट हुनु अघि उष्णकटिबन्धीय अवसादमा कमजोर भयो।","फेलिसिया, एक पटक सफिर-सिम्पसन तूफान स्केलमा श्रेणी 4 को आँधी, मङ्गलबार नष्ट हुनु अघि उष्णकटिबन्धीय अवसादमा कमजोर भयो।","phelisiyaa, eka pataka saphira-simpasana tuuphaana skelamaa shrenii 4 ko aandhii, manggalabaara nashta hunu aghi ushnakatibandhiiya awasaadamaa kamajora bhayo.","phelisiyaa, eka pataka saphira-simpasana tuuphaana skelamaa shrenii 4 ko aandhii, manggalabaara nashta hunu aghi ushnakatibandhiiya awasaadamaa kamajora bhayo."
"Its remnants produced showers across most of the islands, though as of yet, no damage or flooding has been reported.","यसका अवशेषहरूले अधिकांश टापुहरूमा वर्षा उत्पन्न गरे, यद्यपि अहिलेसम्म कुनै क्षति वा बाढीको रिपोर्ट गरिएको छैन।","यसका अवशेषहरूले अधिकांश टापुहरूमा वर्षा उत्पन्न गरे, यद्यपि अहिलेसम्म कुनै क्षति वा बाढीको रिपोर्ट गरिएको छैन।","yasakaa awasheshaharuule adhikaansha taapuharuumaa warshaa utpanna gare, yadyapi ahilesamma kunai kshati waa baadhiiko riporta garieko chhaina.","yasakaa awasheshaharuule adhikaansha taapuharuumaa warshaa utpanna gare, yadyapi ahilesamma kunai kshati waa baadhiiko riporta garieko chhaina."
"The precipitation, reaching 6.34 inches at a gauge on Oahu, was described as ""beneficial"".","ओहुमा एक गेजमा 6.34 इन्चसम्म पुग्ने वर्षालाई ""लाभदायक"" भनेर वर्णन गरिएको थियो।","ओहुमा एक गेजमा 6.34 इन्चसम्म पुग्ने वर्षालाई ""लाभदायक"" भनेर वर्णन गरिएको थियो।","ohumaa eka gejamaa 6.34 inchasamma pugne warshaalaaii ""laabhadaayaka"" bhanera warnana garieko thiyo.","ohumaa eka gejamaa 6.34 inchasamma pugne warshaalaaii ""laabhadaayaka"" bhanera warnana garieko thiyo."
Some of the rainfall was accompanied by thunderstorms and frequent lightning.,केही वर्षा आँधीबेहरी र बारम्बार बिजुलीको साथ थियो।,केही वर्षा आँधीबेहरी र बारम्बार बिजुलीको साथ थियो।,kehii warshaa aandhiibeharii ra baarambaara bijuliiko saatha thiyo.,kehii warshaa aandhiibeharii ra baarambaara bijuliiko saatha thiyo.
"The Twin Otter had been trying to land at Kokoda yesterday as Airlines PNG Flight CG4684, but had aborted once already.","ट्विन ओटरले हिजो एयरलाइन्सको पिएनजी फ्लाइट सिजी 4684 को रूपमा कोकडामा अवतरण गर्ने प्रयास गरिरहेको थियो, तर पहिले नै एक पटक गर्भपात भइसकेको थियो।","ट्विन ओटरले हिजो एयरलाइन्सको पिएनजी फ्लाइट सिजी 4684 को रूपमा कोकडामा अवतरण गर्ने प्रयास गरिरहेको थियो, तर पहिले नै एक पटक गर्भपात भइसकेको थियो।","twina otarale hijo eyaralaainsako pienajii phlaaita sijii 4684 ko ruupamaa kokadaamaa awatarana garne prayaasa gariraheko thiyo, tara pahile nai eka pataka garbhapaata bhaisakeko thiyo.","twina otarale hijo eyaralaainsako pienajii phlaaita sijii 4684 ko ruupamaa kokadaamaa awatarana garne prayaasa gariraheko thiyo, tara pahile nai eka pataka garbhapaata bhaisakeko thiyo."
About ten minutes before it was due to land from its second approach it disapeared.,यसको दोस्रो पहुँचबाट जमिनको कारणले गर्दा लगभग दस मिनेट अघि यो नष्ट भयो।,यसको दोस्रो पहुँचबाट जमिनको कारणले गर्दा लगभग दस मिनेट अघि यो नष्ट भयो।,yasako dosro pahunchabaata jaminako kaaranale gardaa lagabhaga dasa mineta aghi yo nashta bhayo.,yasako dosro pahunchabaata jaminako kaaranale gardaa lagabhaga dasa mineta aghi yo nashta bhayo.
The crash site was located today and is so inaccessable that two policemen were dropped into the jungle in order to hike to the scene and seek survivors.,दुर्घटनास्थल आज अवस्थित थियो र यति दुर्गम छ कि दुई जना प्रहरीहरूलाई घटनास्थलमा चढेर जीवितहरूलाई खोज्नका लागि जङ्गलमा खसालिएको थियो।,दुर्घटनास्थल आज अवस्थित थियो र यति दुर्गम छ कि दुई जना प्रहरीहरूलाई घटनास्थलमा चढेर जीवितहरूलाई खोज्नका लागि जङ्गलमा खसालिएको थियो।,durghatanaasthala aaja awasthita thiyo ra yati durgama chha ki duii janaa prahariiharuulaaii ghatanaasthalamaa chadhera jiiwitaharuulaaii khojnakaa laagi janggalamaa khasaalieko thiyo.,durghatanaasthala aaja awasthita thiyo ra yati durgama chha ki duii janaa prahariiharuulaaii ghatanaasthalamaa chadhera jiiwitaharuulaaii khojnakaa laagi janggalamaa khasaalieko thiyo.
The search had been hampered by the same bad weather that had caused the aborted landing.,खोज उही खराब मौसमले अवरुद्ध भएको थियो जसले गर्दा अवतरण रद्द भयो।,खोज उही खराब मौसमले अवरुद्ध भएको थियो जसले गर्दा अवतरण रद्द भयो।,khoja uhii kharaaba mausamale awaruddha bhaeko thiyo jasale gardaa awatarana radda bhayo.,khoja uhii kharaaba mausamale awaruddha bhaeko thiyo jasale gardaa awatarana radda bhayo.
"According to reports, an apartment on Macbeth Street exploded due to a gas leak.",रिपोर्टका अनुसार म्याकबेथ स्ट्रीटमा रहेको एउटा अपार्टमेन्टमा ग्यास चुहावटका कारण विस्फोट भएको थियो।,रिपोर्टका अनुसार म्याकबेथ स्ट्रीटमा रहेको एउटा अपार्टमेन्टमा ग्यास चुहावटका कारण विस्फोट भएको थियो।,riportakaa anusaara myaakabetha striitamaa raheko eutaa apaartamentamaa gyaasa chuhaawatakaa kaarana wisphota bhaeko thiyo.,riportakaa anusaara myaakabetha striitamaa raheko eutaa apaartamentamaa gyaasa chuhaawatakaa kaarana wisphota bhaeko thiyo.
An official with the gas company was reporting to the scene after a neighbor called about a gas leak.,एक छिमेकीले ग्यास चुहावट भएको कुरा गरेपछि ग्यास कम्पनीका एक अधिकारीले घटनास्थलमा रिपोर्ट गरिरहेका थिए।,एक छिमेकीले ग्यास चुहावट भएको कुरा गरेपछि ग्यास कम्पनीका एक अधिकारीले घटनास्थलमा रिपोर्ट गरिरहेका थिए।,eka chhimekiile gyaasa chuhaawata bhaeko kuraa garepachhi gyaasa kampaniikaa eka adhikaariile ghatanaasthalamaa riporta garirahekaa thie.,eka chhimekiile gyaasa chuhaawata bhaeko kuraa garepachhi gyaasa kampaniikaa eka adhikaariile ghatanaasthalamaa riporta garirahekaa thie.
"When the official arrived, the apartment exploded.",अधिकारी आइपुगेपछि अपार्टमेन्टमा विस्फोट भयो।,अधिकारी आइपुगेपछि अपार्टमेन्टमा विस्फोट भयो।,adhikaarii aaipugepachhi apaartamentamaa wisphota bhayo.,adhikaarii aaipugepachhi apaartamentamaa wisphota bhayo.
"No major injuries were reported, but at least five people on scene at the time of the explosion were treated for symptoms of shock.","कुनै ठुलो चोटपटकको खबर आएको छैन, तर विस्फोटको समयमा घटनास्थलमा रहेका कम्तिमा पाँच जनालाई आघातको लक्षणका लागि उपचार गरिएको थियो।","कुनै ठुलो चोटपटकको खबर आएको छैन, तर विस्फोटको समयमा घटनास्थलमा रहेका कम्तिमा पाँच जनालाई आघातको लक्षणका लागि उपचार गरिएको थियो।","kunai thulo chotapatakako khabara aaeko chhaina, tara wisphotako samayamaa ghatanaasthalamaa rahekaa kamtimaa paancha janaalaaii aaghaatako lakshanakaa laagi upachaara garieko thiyo.","kunai thulo chotapatakako khabara aaeko chhaina, tara wisphotako samayamaa ghatanaasthalamaa rahekaa kamtimaa paancha janaalaaii aaghaatako lakshanakaa laagi upachaara garieko thiyo."
No one was inside the apartment.,अपार्टमेन्टभित्र कोही पनि थिएनन्।,अपार्टमेन्टभित्र कोही पनि थिएनन्।,apaartamentabhitra kohii pani thienan.,apaartamentabhitra kohii pani thienan.
"At the time, nearly 100 residents were evacuated from the area.","त्यस समयमा, लगभग 100 बासिन्दाहरूलाई क्षेत्रबाट निकालिएको थियो।","त्यस समयमा, लगभग 100 बासिन्दाहरूलाई क्षेत्रबाट निकालिएको थियो।","tyasa samayamaa, lagabhaga 100 baasindaaharuulaaii kshetrabaata nikaalieko thiyo.","tyasa samayamaa, lagabhaga 100 baasindaaharuulaaii kshetrabaata nikaalieko thiyo."
Both golf and rugby are set to return to the Olympic Games.,गल्फ र रग्बी दुवै ओलम्पिक खेलहरूमा फर्कने तयारी गरिएको छ।,गल्फ र रग्बी दुवै ओलम्पिक खेलहरूमा फर्कने तयारी गरिएको छ।,galpha ra ragbii duwai olampika khelaharuumaa pharkane tayaarii garieko chha.,galpha ra ragbii duwai olampika khelaharuumaa pharkane tayaarii garieko chha.
"The International Olympic Committee voted to include the sports at its executive board meeting in Berlin today. Rugby, specifically rugby union, and golf were selected over five other sports to be considered to participate in the Olympics.","अन्तर्राष्ट्रिय ओलम्पिक समितिले आज बर्लिनमा भएको आफ्नो कार्यकारी बोर्डको बैठकमा खेलहरू समावेश गर्न मतदान गर्यो। रग्बी, विशेष गरी रग्बी युनियन, र गल्फलाई ओलम्पिकमा भाग लिन विचार गर्न अन्य पाँच खेलहरू भन्दा चयन गरिएको थियो।","अन्तर्राष्ट्रिय ओलम्पिक समितिले आज बर्लिनमा भएको आफ्नो कार्यकारी बोर्डको बैठकमा खेलहरू समावेश गर्न मतदान गर्यो। रग्बी, विशेष गरी रग्बी युनियन, र गल्फलाई ओलम्पिकमा भाग लिन विचार गर्न अन्य पाँच खेलहरू भन्दा चयन गरिएको थियो।","antarraashtriya olampika samitile aaja barlinamaa bhaeko aaphno kaaryakaarii bordako baithakamaa khelaharuu samaawesha garna matadaana garyo. ragbii, wishesha garii ragbii yuniyana, ra galphalaaii olampikamaa bhaaga lina wichaara garna anya paancha khelaharuu bhandaa chayana garieko thiyo.","antarraashtriya olampika samitile aaja barlinamaa bhaeko aaphno kaaryakaarii bordako baithakamaa khelaharuu samaawesha garna matadaana garyo. ragbii, wishesha garii ragbii yuniyana, ra galphalaaii olampikamaa bhaaga lina wichaara garna anya paancha khelaharuu bhandaa chayana garieko thiyo."
"Squash, karate and roller sports tried to get onto the Olympic program as well as baseball and softball, which were voted out of the Olympic Games in 2005.","स्क्वास, कराटे र रोलर स्पोर्ट्सले ओलम्पिक कार्यक्रममा प्रवेश गर्ने प्रयास गरे साथै बेसबल र सफ्टबल, जसलाई 2005 मा ओलम्पिक खेलहरूबाट बाहिर गरियो।","स्क्वास, कराटे र रोलर स्पोर्ट्सले ओलम्पिक कार्यक्रममा प्रवेश गर्ने प्रयास गरे साथै बेसबल र सफ्टबल, जसलाई 2005 मा ओलम्पिक खेलहरूबाट बाहिर गरियो।","skwaasa, karaate ra rolara sportsale olampika kaaryakramamaa prawesha garne prayaasa gare saathai besabala ra saphtabala, jasalaaii 2005 maa olampika khelaharuubaata baahira gariyo.","skwaasa, karaate ra rolara sportsale olampika kaaryakramamaa prawesha garne prayaasa gare saathai besabala ra saphtabala, jasalaaii 2005 maa olampika khelaharuubaata baahira gariyo."
The vote must still be ratified by the full IOC at it's October meeting in Copenhagen.,भोट अझै पनि कोपनहेगनमा अक्टोबरको बैठकमा पूर्ण आईओसीद्वारा अनुमोदन गरिनु पर्छ।,भोट अझै पनि कोपनहेगनमा अक्टोबरको बैठकमा पूर्ण आईओसीद्वारा अनुमोदन गरिनु पर्छ।,bhota ajhai pani kopanaheganamaa aktobarako baithakamaa puurna aaiiosiidwaaraa anumodana garinu parchha.,bhota ajhai pani kopanaheganamaa aktobarako baithakamaa puurna aaiiosiidwaaraa anumodana garinu parchha.
Not all were supportive of the inclusion of the women’s ranks.,महिलाहरूको श्रेणी समावेश गर्न सबैलाई समर्थन थिएन।,महिलाहरूको श्रेणी समावेश गर्न सबैलाई समर्थन थिएन।,mahilaaharuuko shrenii samaawesha garna sabailaaii samarthana thiena.,mahilaaharuuko shrenii samaawesha garna sabailaaii samarthana thiena.
"2004 Olympic silver medallist Amir Khan said, ""Deep down I think women shouldn’t fight. That’s my opinion.""","सन् 2004 को ओलम्पिक रजत पदक विजेता अमिर खानले भने, ""गहिरो तल मलाई लाग्छ कि महिलाहरूले लड्नु हुँदैन। यो मेरो विचार हो।""","सन् 2004 को ओलम्पिक रजत पदक विजेता अमिर खानले भने, ""गहिरो तल मलाई लाग्छ कि महिलाहरूले लड्नु हुँदैन। यो मेरो विचार हो।""","san 2004 ko olampika rajata padaka wijetaa amira khaanale bhane, ""gahiro tala malaaii laagchha ki mahilaaharuule ladnu hundaina. yo mero wichaara ho.""","san 2004 ko olampika rajata padaka wijetaa amira khaanale bhane, ""gahiro tala malaaii laagchha ki mahilaaharuule ladnu hundaina. yo mero wichaara ho."""
Despite his comments he said he will be supporting the British competitors at the 2012 Olympics being held in London.,आफ्नो टिप्पणीका बावजुद उनले लन्डनमा आयोजना भइरहेको 2012 ओलम्पिकमा बेलायती प्रतिस्पर्धीहरूलाई समर्थन गर्ने बताए।,आफ्नो टिप्पणीका बावजुद उनले लन्डनमा आयोजना भइरहेको 2012 ओलम्पिकमा बेलायती प्रतिस्पर्धीहरूलाई समर्थन गर्ने बताए।,aaphno tippaniikaa baawajuda unale landanamaa aayojanaa bhairaheko 2012 olampikamaa belaayatii pratispardhiiharuulaaii samarthana garne bataae.,aaphno tippaniikaa baawajuda unale landanamaa aayojanaa bhairaheko 2012 olampikamaa belaayatii pratispardhiiharuulaaii samarthana garne bataae.
The trial took place at Birmingham Crown Court and concluded on August 3.,यो मुद्दा बर्मिंघम क्राउन अदालतमा भएको थियो र अगस्ट 3 मा समाप्त भयो।,यो मुद्दा बर्मिंघम क्राउन अदालतमा भएको थियो र अगस्ट 3 मा समाप्त भयो।,yo muddaa barminghama kraauna adaalatamaa bhaeko thiyo ra agasta 3 maa samaapta bhayo.,yo muddaa barminghama kraauna adaalatamaa bhaeko thiyo ra agasta 3 maa samaapta bhayo.
"The presenter, who was arrested at the scene, denied the attack and claimed he used the pole to protect himself from bottles being thrown at him by up to thirty people.",घटनास्थलमा पक्राउ परेका प्रस्तोता आक्रमणलाई अस्वीकार गर्दै उनले 30 जनासम्मले आफूमाथि फ्याँक्ने बोतलबाट आफूलाई बचाउन पोल प्रयोग गरेको दाबी गरे।,घटनास्थलमा पक्राउ परेका प्रस्तोता आक्रमणलाई अस्वीकार गर्दै उनले 30 जनासम्मले आफूमाथि फ्याँक्ने बोतलबाट आफूलाई बचाउन पोल प्रयोग गरेको दाबी गरे।,ghatanaasthalamaa pakraau parekaa prastotaa aakramanalaaii aswiikaara gardai unale 30 janaasammale aaphuumaathi phyaankne botalabaata aaphuulaaii bachaauna pola prayoga gareko daabii gare.,ghatanaasthalamaa pakraau parekaa prastotaa aakramanalaaii aswiikaara gardai unale 30 janaasammale aaphuumaathi phyaankne botalabaata aaphuulaaii bachaauna pola prayoga gareko daabii gare.
Blake was also convicted of attempting to pervert the course of justice.,ब्लेकलाई न्यायको मार्गलाई विकृत गर्ने प्रयास गरेको आरोपमा पनि दोषी ठहर गरिएको थियो।,ब्लेकलाई न्यायको मार्गलाई विकृत गर्ने प्रयास गरेको आरोपमा पनि दोषी ठहर गरिएको थियो।,blekalaaii nyaayako maargalaaii wikrita garne prayaasa gareko aaropamaa pani doshii thahara garieko thiyo.,blekalaaii nyaayako maargalaaii wikrita garne prayaasa gareko aaropamaa pani doshii thahara garieko thiyo.
"The judge told Blake it was ""almost inevitable"" he was going to be sent to jail.","न्यायाधीशले ब्लेकलाई उनलाई जेल पठाउनुपर्ने ""लगभग अपरिहार्य"" भएको बताए।","न्यायाधीशले ब्लेकलाई उनलाई जेल पठाउनुपर्ने ""लगभग अपरिहार्य"" भएको बताए।","nyaayaadhiishale blekalaaii unalaaii jela pathaaunuparne ""lagabhaga aparihaarya"" bhaeko bataae.","nyaayaadhiishale blekalaaii unalaaii jela pathaaunuparne ""lagabhaga aparihaarya"" bhaeko bataae."
Dark energy is a completely invisible force that is constantly acting upon the universe.,डार्क एनर्जी एउटा पूर्णतया अदृश्य शक्ति हो जसले ब्रह्माण्डमा निरन्तर कार्य गरिरहेको छ।,डार्क एनर्जी एउटा पूर्णतया अदृश्य शक्ति हो जसले ब्रह्माण्डमा निरन्तर कार्य गरिरहेको छ।,daarka enarjii eutaa puurnatayaa adrishya shakti ho jasale brahmaandamaa nirantara kaarya gariraheko chha.,daarka enarjii eutaa puurnatayaa adrishya shakti ho jasale brahmaandamaa nirantara kaarya gariraheko chha.
Its existence is known only because of its effects on the expansion of the universe.,यसको अस्तित्व ब्रह्माण्डको विस्तारमा यसको प्रभावका कारण मात्र थाहा छ।,यसको अस्तित्व ब्रह्माण्डको विस्तारमा यसको प्रभावका कारण मात्र थाहा छ।,yasako astitwa brahmaandako wistaaramaa yasako prabhaawakaa kaarana maatra thaahaa chha.,yasako astitwa brahmaandako wistaaramaa yasako prabhaawakaa kaarana maatra thaahaa chha.
Scientists have discovered landforms littered across the moon's surface called lobate scarps that have apparently resulted from the moon's shrinking very slowly.,वैज्ञानिकहरूले चन्द्रमाको सतहमा छरिएका भू-रूपहरू पत्ता लगाएका छन् जसलाई लोबेट स्कार्प भनिन्छ जुन चन्द्रमाको धेरै बिस्तारै सङ्कुचित हुनुको कारण भएको देखिन्छ।,वैज्ञानिकहरूले चन्द्रमाको सतहमा छरिएका भू-रूपहरू पत्ता लगाएका छन् जसलाई लोबेट स्कार्प भनिन्छ जुन चन्द्रमाको धेरै बिस्तारै सङ्कुचित हुनुको कारण भएको देखिन्छ।,waijnyaanikaharuule chandramaako satahamaa chhariekaa bhuu-ruupaharuu pattaa lagaaekaa chhan jasalaaii lobeta skaarpa bhaninchha juna chandramaako dherai bistaarai sangkuchita hunuko kaarana bhaeko dekhinchha.,waijnyaanikaharuule chandramaako satahamaa chhariekaa bhuu-ruupaharuu pattaa lagaaekaa chhan jasalaaii lobeta skaarpa bhaninchha juna chandramaako dherai bistaarai sangkuchita hunuko kaarana bhaeko dekhinchha.
"These scarps were found all over the moon and appear to be minimally weathered, indicating that the geologic events that created them were fairly recent.","यी स्कार्पहरू चन्द्रमामा फेला परेका थिए र न्यूनतम वातावरणमा देखिन्छन्, जसले तिनीहरूलाई सिर्जना गर्ने भूगर्भीय घटनाहरू एकदम हालैका थिए भन्ने सङ्केत गर्दछ।","यी स्कार्पहरू चन्द्रमामा फेला परेका थिए र न्यूनतम वातावरणमा देखिन्छन्, जसले तिनीहरूलाई सिर्जना गर्ने भूगर्भीय घटनाहरू एकदम हालैका थिए भन्ने सङ्केत गर्दछ।","yii skaarpaharuu chandramaamaa phelaa parekaa thie ra nyuunatama waataawaranamaa dekhinchhan, jasale tiniiharuulaaii sirjanaa garne bhuugarbhiiya ghatanaaharuu ekadama haalaikaa thie bhanne sangketa gardachha.","yii skaarpaharuu chandramaamaa phelaa parekaa thie ra nyuunatama waataawaranamaa dekhinchhan, jasale tiniiharuulaaii sirjanaa garne bhuugarbhiiya ghatanaaharuu ekadama haalaikaa thie bhanne sangketa gardachha."
This theory contradicts the claim that the moon is completely devoid of geologic activity.,यो सिद्धान्तले चन्द्रमामा भूवैज्ञानिक गतिविधि पूर्ण रूपमा छैन भन्ने दाबीको खण्डन गर्दछ।,यो सिद्धान्तले चन्द्रमामा भूवैज्ञानिक गतिविधि पूर्ण रूपमा छैन भन्ने दाबीको खण्डन गर्दछ।,yo siddhaantale chandramaamaa bhuuwaijnyaanika gatiwidhi puurna ruupamaa chhaina bhanne daabiiko khandana gardachha.,yo siddhaantale chandramaamaa bhuuwaijnyaanika gatiwidhi puurna ruupamaa chhaina bhanne daabiiko khandana gardachha.
The man allegedly drove a three-wheeled vehicle armed with explosives into a crowd.,उक्त व्यक्तिले कथित रूपमा विस्फोटकले सुसज्जित तिन पाङ्ग्रे गाडी भीडमा पार्यो।,उक्त व्यक्तिले कथित रूपमा विस्फोटकले सुसज्जित तिन पाङ्ग्रे गाडी भीडमा पार्यो।,ukta wyaktile kathita ruupamaa wisphotakale susajjita tina paanggre gaadii bhiidamaa paaryo.,ukta wyaktile kathita ruupamaa wisphotakale susajjita tina paanggre gaadii bhiidamaa paaryo.
"The man suspected of detonating the bomb was detained, after sustaining injuries from the blast.",बम विस्फोट गरेको शङ्कामा रहेको व्यक्तिलाई विस्फोटबाट घाइते भएपछि पक्राउ गरिएको थियो।,बम विस्फोट गरेको शङ्कामा रहेको व्यक्तिलाई विस्फोटबाट घाइते भएपछि पक्राउ गरिएको थियो।,bama wisphota gareko shangkaamaa raheko wyaktilaaii wisphotabaata ghaaite bhaepachhi pakraau garieko thiyo.,bama wisphota gareko shangkaamaa raheko wyaktilaaii wisphotabaata ghaaite bhaepachhi pakraau garieko thiyo.
"His name is still unknown to authorities, although they do know he is a member of the Uighur ethnic group.","अधिकारीहरूलाई उनको नाम अझै अज्ञात छ, यद्यपि उनीहरूलाई थाहा छ कि उनी उइघुर जातीय समूहका सदस्य हुन्।","अधिकारीहरूलाई उनको नाम अझै अज्ञात छ, यद्यपि उनीहरूलाई थाहा छ कि उनी उइघुर जातीय समूहका सदस्य हुन्।","adhikaariiharuulaaii unako naama ajhai ajnyaata chha, yadyapi uniiharuulaaii thaahaa chha ki unii uighura jaatiiya samuuhakaa sadasya hun.","adhikaariiharuulaaii unako naama ajhai ajnyaata chha, yadyapi uniiharuulaaii thaahaa chha ki unii uighura jaatiiya samuuhakaa sadasya hun."
"Nadia, born on September 17, 2007, by Cesarean section at a maternity clinic in Aleisk, Russia, weighed in at a massive 17 pounds 1 ounce.","सेप्टेम्बर 17,2007 मा रसियाको एलिस्कको प्रसूति क्लिनिकमा सिजेरियन सेक्शनद्वारा जन्मिएकी नादियाको वजन 17 पाउन्ड 1 औंस थियो।","सेप्टेम्बर 17,2007 मा रसियाको एलिस्कको प्रसूति क्लिनिकमा सिजेरियन सेक्शनद्वारा जन्मिएकी नादियाको वजन 17 पाउन्ड 1 औंस थियो।","septembara 17,2007 maa rasiyaako eliskako prasuuti klinikamaa sijeriyana sekshanadwaaraa janmiekii naadiyaako wajana 17 paaunda 1 aunsa thiyo.","septembara 17,2007 maa rasiyaako eliskako prasuuti klinikamaa sijeriyana sekshanadwaaraa janmiekii naadiyaako wajana 17 paaunda 1 aunsa thiyo."
"""We were all simply in shock,"" the mother stated.","""हामी सबै स्तब्ध थियौँ"", आमाले भनिन्।","""हामी सबै स्तब्ध थियौँ"", आमाले भनिन्।","""haamii sabai stabdha thiyaun"", aamaale bhanin.","""haamii sabai stabdha thiyaun"", aamaale bhanin."
"When asked what the father said, she answered ""He couldn't say a thing - he just stood there blinking.""","बुबाले के भने भनेर सोध्दा उनले जवाफ दिइन्, ""उसले केही भन्न सकेन-ऊ झुम्काएर त्यहाँ उभिएको थियो।""","बुबाले के भने भनेर सोध्दा उनले जवाफ दिइन्, ""उसले केही भन्न सकेन-ऊ झुम्काएर त्यहाँ उभिएको थियो।""","bubaale ke bhane bhanera sodhdaa unale jawaapha diin, ""usale kehii bhanna sakena-uu jhumkaaera tyahaan ubhieko thiyo.""","bubaale ke bhane bhanera sodhdaa unale jawaapha diin, ""usale kehii bhanna sakena-uu jhumkaaera tyahaan ubhieko thiyo."""
"""It's going to behave like water. It's transparent just the way water is.","""यो पानी जस्तै व्यवहार गर्न गइरहेको छ। यो पानी जस्तै पारदर्शी छ।","""यो पानी जस्तै व्यवहार गर्न गइरहेको छ। यो पानी जस्तै पारदर्शी छ।","""yo paanii jastai wyawahaara garna gairaheko chha. yo paanii jastai paaradarshii chha.","""yo paanii jastai wyawahaara garna gairaheko chha. yo paanii jastai paaradarshii chha."
"So if you were standing by the shoreline, you would be able to see down to whatever pebbles or gunk that was on the bottom.","त्यसैले यदि तपाईँ किनारमा उभिएका हुनुहुन्छ भने, तपाईँ तलतिर कुनै पनि ढुङ्गा वा गङ्की देख्न सक्षम हुनुहुनेछ।","त्यसैले यदि तिमी किनारमा उभिएका छौ भने, तिमी तलतिर कुनै पनि ढुङ्गा वा गङ्की देख्न सक्षम हुनुहुनेछ।","tyasaile yadi tapaaiin kinaaramaa ubhiekaa hunuhunchha bhane, tapaaiin talatira kunai pani dhunggaa waa gangkii dekhna sakshama hunuhunechha.","tyasaile yadi timii kinaaramaa ubhiekaa chhau bhane, timii talatira kunai pani dhunggaa waa gangkii dekhna sakshama hunuhunechha."
"As far as we know, there is only one planetary body that displays more dynamism than Titan, and its name is Earth,"" added Stofan.","जहाँसम्म हामीलाई थाहा छ, त्यहाँ एउटा मात्र ग्रह निकाय छ जसले टाइटन भन्दा बढी गतिशीलता प्रदर्शन गर्दछ, र यसको नाम पृथ्वी हो, ""स्टोफानले थपे।","जहाँसम्म हामीलाई थाहा छ, त्यहाँ एउटा मात्र ग्रह निकाय छ जसले टाइटन भन्दा बढी गतिशीलता प्रदर्शन गर्दछ, र यसको नाम पृथ्वी हो, ""स्टोफानले थपे।","jahaansamma haamiilaaii thaahaa chha, tyahaan eutaa maatra graha nikaaya chha jasale taaitana bhandaa badhii gatishiilataa pradarshana gardachha, ra yasako naama prithwii ho, ""stophaanale thape.","jahaansamma haamiilaaii thaahaa chha, tyahaan eutaa maatra graha nikaaya chha jasale taaitana bhandaa badhii gatishiilataa pradarshana gardachha, ra yasako naama prithwii ho, ""stophaanale thape."
The issue started on January 1st when dozens of local residents started complaining to the Obanazawa Post Office that they hadn't received their traditional and regular New Year cards.,यो मुद्दा जनवरी 1 देखि सुरु भयो जब दर्जनौँ स्थानीय बासिन्दाहरूले ओबनाजावा हुलाक कार्यालयमा आफ्नो परम्परागत र नियमित नयाँ वर्षको कार्डहरू प्राप्त नगरेको गुनासो गर्न थाले।,यो मुद्दा जनवरी 1 देखि सुरु भयो जब दर्जनौँ स्थानीय बासिन्दाहरूले ओबनाजावा हुलाक कार्यालयमा आफ्नो परम्परागत र नियमित नयाँ वर्षको कार्डहरू प्राप्त नगरेको गुनासो गर्न थाले।,yo muddaa janawarii 1 dekhi suru bhayo jaba darjanaun sthaaniiya baasindaaharuule obanaajaawaa hulaaka kaaryaalayamaa aaphno paramparaagata ra niyamita nayaan warshako kaardaharuu praapta nagareko gunaaso garna thaale.,yo muddaa janawarii 1 dekhi suru bhayo jaba darjanaun sthaaniiya baasindaaharuule obanaajaawaa hulaaka kaaryaalayamaa aaphno paramparaagata ra niyamita nayaan warshako kaardaharuu praapta nagareko gunaaso garna thaale.
"Yesterday, the post office released their apology to citizens and the media after discovering that the boy had hidden more than 600 postal documents, including 429 New Year postcards, which weren't delivered to their intended recipients.","हिजो, पोस्ट अफिसले केटाले 429 नयाँ वर्षको पोस्टकार्डहरू सहित 600 भन्दा बढी हुलाक कागजातहरू लुकाएको पत्ता लगाए पछि नागरिक र मिडियासँग माफी जारी गर्यो, जुन उनीहरूको इच्छित प्राप्तकर्ताहरूलाई डेलिभर गरिएको थिएन।","हिजो, पोस्ट अफिसले केटाले 429 नयाँ वर्षको पोस्टकार्डहरू सहित 600 भन्दा बढी हुलाक कागजातहरू लुकाएको पत्ता लगाए पछि नागरिक र मिडियासँग माफी जारी गर्यो, जुन उनीहरूको इच्छित प्राप्तकर्ताहरूलाई डेलिभर गरिएको थिएन।","hijo, posta aphisale ketaale 429 nayaan warshako postakaardaharuu sahita 600 bhandaa badhii hulaaka kaagajaataharuu lukaaeko pattaa lagaae pachhi naagarika ra midiyaasnga maaphii jaarii garyo, juna uniiharuuko ichchhita praaptakartaaharuulaaii delibhara garieko thiena.","hijo, posta aphisale ketaale 429 nayaan warshako postakaardaharuu sahita 600 bhandaa badhii hulaaka kaagajaataharuu lukaaeko pattaa lagaae pachhi naagarika ra midiyaasnga maaphii jaarii garyo, juna uniiharuuko ichchhita praaptakartaaharuulaaii delibhara garieko thiena."
"The unmanned lunar orbiter Chandrayaan-1 ejected its Moon Impact Probe (MIP), which hurtled across the surface of the Moon at 1.5 kilometres per second (3000 miles per hour), and successfully crash landed near the Moon's south pole.","मानव रहित चन्द्र कक्षीय यान चन्द्रयान-1 ले आफ्नो मुन इम्प्याक्ट प्रोब (एमआइपी) बाहिर निकाल्छ, जुन चन्द्रमाको सतहमा 1.5 किलोमिटर प्रति सेकेन्ड (3000 माइल प्रति घण्टा) को गतिमा हिर्काएको थियो र चन्द्रमाको दक्षिणी ध्रुव नजिकै सफलतापूर्वक दुर्घटनाग्रस्त भयो।","मानव रहित चन्द्र कक्षीय यान चन्द्रयान-1 ले आफ्नो मुन इम्प्याक्ट प्रोब (एमआइपी) बाहिर निकाल्छ, जुन चन्द्रमाको सतहमा 1.5 किलोमिटर प्रति सेकेन्ड (3000 माइल प्रति घण्टा) को गतिमा हिर्काएको थियो र चन्द्रमाको दक्षिणी ध्रुव नजिकै सफलतापूर्वक दुर्घटनाग्रस्त भयो।","maanawa rahita chandra kakshiiya yaana chandrayaana-1 le aaphno muna impyaakta proba (emaaaipii) baahira nikaalchha, juna chandramaako satahamaa 1.5 kilomitara prati sekenda (3000 maaila prati ghantaa) ko gatimaa hirkaaeko thiyo ra chandramaako dakshinii dhruwa najikai saphalataapuurwaka durghatanaagrasta bhayo.","maanawa rahita chandra kakshiiya yaana chandrayaana-1 le aaphno muna impyaakta proba (emaaaipii) baahira nikaalchha, juna chandramaako satahamaa 1.5 kilomitara prati sekenda (3000 maaila prati ghantaa) ko gatimaa hirkaaeko thiyo ra chandramaako dakshinii dhruwa najikai saphalataapuurwaka durghatanaagrasta bhayo."
"Besides carrying three important scientific instruments, the lunar probe also carried the image of the Indian national flag, painted on all sides.","तिनवटा महत्त्वपूर्ण वैज्ञानिक उपकरण बोकेको बाहेक चन्द्रयानमा भारतीय राष्ट्रिय झण्डा पनि राखिएको थियो, जसलाई चारैतिरबाट चित्रित गरिएको थियो।","तिनवटा महत्त्वपूर्ण वैज्ञानिक उपकरण बोकेको बाहेक चन्द्रयानमा भारतीय राष्ट्रिय झण्डा पनि राखिएको थियो, जसलाई चारैतिरबाट चित्रित गरिएको थियो।","tinawataa mahattwapuurna waijnyaanika upakarana bokeko baaheka chandrayaanamaa bhaaratiiya raashtriya jhandaa pani raakhieko thiyo, jasalaaii chaaraitirabaata chitrita garieko thiyo.","tinawataa mahattwapuurna waijnyaanika upakarana bokeko baaheka chandrayaanamaa bhaaratiiya raashtriya jhandaa pani raakhieko thiyo, jasalaaii chaaraitirabaata chitrita garieko thiyo."
"""Thanks for those who supported a convict like me,"" Siriporn was quoted as saying at a press conference.","""मजस्ता दोषीलाई समर्थन गर्नेहरूलाई धन्यवाद"", सिरिपर्नले पत्रकार सम्मेलनमा भने।","""मजस्ता दोषीलाई समर्थन गर्नेहरूलाई धन्यवाद"", सिरिपर्नले पत्रकार सम्मेलनमा भने।","""majastaa doshiilaaii samarthana garneharuulaaii dhanyawaada"", siriparnale patrakaara sammelanamaa bhane.","""majastaa doshiilaaii samarthana garneharuulaaii dhanyawaada"", siriparnale patrakaara sammelanamaa bhane."
"""Some may not agree but I don't care.","""कोही सहमत नहुन सक्छन् तर मलाई फरक पर्दैन।","""कोही सहमत नहुन सक्छन् तर मलाई फरक पर्दैन।","""kohii sahamata nahuna sakchhan tara malaaii pharaka pardaina.","""kohii sahamata nahuna sakchhan tara malaaii pharaka pardaina."
I am happy that there are people willing to support me.,मलाई समर्थन गर्न इच्छुक मानिसहरू छन् भनेर म खुसी छु।,मलाई समर्थन गर्न इच्छुक मानिसहरू छन् भनेर म खुसी छु।,malaaii samarthana garna ichchhuka maanisaharuu chhan bhanera ma khusii chhu.,malaaii samarthana garna ichchhuka maanisaharuu chhan bhanera ma khusii chhu.
"Since Pakistani independence from British rule in 1947, the Pakistani President has appointed ""Political Agents"" to govern FATA, who exercise near-complete autonomous control over the areas.","सन् 1947 मा ब्रिटिस शासनबाट पाकिस्तान स्वतन्त्र भएदेखि, पाकिस्तानी राष्ट्रपतिले फाटा शासन गर्न ""राजनीतिक एजेन्टहरू"" नियुक्त गरेका छन्, जसले क्षेत्रहरूमा लगभग पूर्ण स्वायत्त नियन्त्रण प्रयोग गर्छन्।","सन् 1947 मा ब्रिटिस शासनबाट पाकिस्तान स्वतन्त्र भएदेखि, पाकिस्तानी राष्ट्रपतिले फाटा शासन गर्न ""राजनीतिक एजेन्टहरू"" नियुक्त गरेका छन्, जसले क्षेत्रहरूमा लगभग पूर्ण स्वायत्त नियन्त्रण प्रयोग गर्छन्।","san 1947 maa britisa shaasanabaata paakistaana swatantra bhaedekhi, paakistaanii raashtrapatile phaataa shaasana garna ""raajaniitika ejentaharuu"" niyukta garekaa chhan, jasale kshetraharuumaa lagabhaga puurna swaayatta niyantrana prayoga garchhan.","san 1947 maa britisa shaasanabaata paakistaana swatantra bhaedekhi, paakistaanii raashtrapatile phaataa shaasana garna ""raajaniitika ejentaharuu"" niyukta garekaa chhan, jasale kshetraharuumaa lagabhaga puurna swaayatta niyantrana prayoga garchhan."
These agents are responsible for providing government and judicial services under Article 247 of the Pakistani Constitution.,यी एजेन्टहरू पाकिस्तानी संविधानको धारा 247 अन्तर्गत सरकारी र न्यायिक सेवाहरू प्रदान गर्न जिम्मेवार छन्।,यी एजेन्टहरू पाकिस्तानी संविधानको धारा 247 अन्तर्गत सरकारी र न्यायिक सेवाहरू प्रदान गर्न जिम्मेवार छन्।,yii ejentaharuu paakistaanii snwidhaanako dhaaraa 247 antargata sarakaarii ra nyaayika sewaaharuu pradaana garna jimmewaara chhan.,yii ejentaharuu paakistaanii snwidhaanako dhaaraa 247 antargata sarakaarii ra nyaayika sewaaharuu pradaana garna jimmewaara chhan.
"A hostel collapsed in Mecca, the holy city of Islam at about 10 o'clock this morning local time.",इस्लामको पवित्र सहर मक्कामा आज स्थानीय समयअनुसार बिहान 10 बजेतिर एउटा छात्रावास ढलेको छ।,इस्लामको पवित्र सहर मक्कामा आज स्थानीय समयअनुसार बिहान 10 बजेतिर एउटा छात्रावास ढलेको छ।,islaamako pawitra sahara makkaamaa aaja sthaaniiya samayaanusaara bihaana 10 bajetira eutaa chhaatraawaasa dhaleko chha.,islaamako pawitra sahara makkaamaa aaja sthaaniiya samayaanusaara bihaana 10 bajetira eutaa chhaatraawaasa dhaleko chha.
The building housed a number of pilgrims who came to visit the holy city at the eve of hajj pilgrimage.,हज्ज तीर्थयात्राको पूर्वसन्ध्यामा पवित्र सहर भ्रमण गर्न आएका धेरै तीर्थयात्रीहरू यस भवनमा बसेका थिए।,हज्ज तीर्थयात्राको पूर्वसन्ध्यामा पवित्र सहर भ्रमण गर्न आएका धेरै तीर्थयात्रीहरू यस भवनमा बसेका थिए।,hajja tiirthayaatraako puurwasandhyaamaa pawitra sahara bhramana garna aaekaa dherai tiirthayaatriiharuu yasa bhawanamaa basekaa thie.,hajja tiirthayaatraako puurwasandhyaamaa pawitra sahara bhramana garna aaekaa dherai tiirthayaatriiharuu yasa bhawanamaa basekaa thie.
The hostel's guests were mostly citizens of the United Arab Emirates.,छात्रावासका पाहुनाहरू प्रायः संयुक्त अरब इमिरेट्सका नागरिक थिए।,छात्रावासका पाहुनाहरू प्रायः संयुक्त अरब इमिरेट्सका नागरिक थिए।,chhaatraawaasakaa paahunaaharuu praayh snyukta araba imiretsakaa naagarika thie.,chhaatraawaasakaa paahunaaharuu praayh snyukta araba imiretsakaa naagarika thie.
"The death toll is at least 15, a figure which is expected to rise.","मृतकको सङ्ख्या कम्तीमा 15 पुगेको छ, यो सङ्ख्या बढ्ने अनुमान गरिएको छ।","मृतकको सङ्ख्या कम्तीमा 15 पुगेको छ, यो सङ्ख्या बढ्ने अनुमान गरिएको छ।","mritakako sangkhyaa kamtiimaa 15 pugeko chha, yo sangkhyaa badhne anumaana garieko chha.","mritakako sangkhyaa kamtiimaa 15 pugeko chha, yo sangkhyaa badhne anumaana garieko chha."
"Leonov, also known as ""cosmonaut No. 11"", was part of the Soviet Union's original team of cosmonauts.","लियोनोभ, जसलाई ""अन्तरिक्ष यात्री नम्बर 11"" पनि भनिन्छ, सोभियत सङ्घको अन्तरिक्ष यात्रीहरूको मूल टोलीको हिस्सा थिए।","लियोनोभ, जसलाई ""अन्तरिक्ष यात्री नम्बर 11"" पनि भनिन्छ, सोभियत सङ्घको अन्तरिक्ष यात्रीहरूको मूल टोलीको हिस्सा थिए।","liyonobha, jasalaaii ""antariksha yaatrii nambara 11"" pani bhaninchha, sobhiyata sangghako antariksha yaatriiharuuko muula toliiko hissaa thie.","liyonobha, jasalaaii ""antariksha yaatrii nambara 11"" pani bhaninchha, sobhiyata sangghako antariksha yaatriiharuuko muula toliiko hissaa thie."
"On March 18, 1965, he performed the first manned extravehicular activity (EVA), or ""spacewalk"", remaining alone outside the spacecraft for just over twelve minutes.","18 मार्च, 1965 मा, उनले अन्तरिक्ष यान बाहिर बाह्र मिनेटभन्दा बढी एक्लै बसेर पहिलो मानवयुक्त एक्स्ट्राभेहिकुलर गतिविधि (इभा), वा ""स्पेस वाक"" प्रदर्शन गरे।","18 मार्च, 1965 मा, उनले अन्तरिक्ष यान बाहिर बाह्र मिनेटभन्दा बढी एक्लै बसेर पहिलो मानवयुक्त एक्स्ट्राभेहिकुलर गतिविधि (इभा), वा ""स्पेस वाक"" प्रदर्शन गरे।","18 maarcha, 1965 maa, unale antariksha yaana baahira baahra minetabhandaa badhii eklai basera pahilo maanawayukta ekstraabhehikulara gatiwidhi (ibhaa), waa ""spesa waaka"" pradarshana gare.","18 maarcha, 1965 maa, unale antariksha yaana baahira baahra minetabhandaa badhii eklai basera pahilo maanawayukta ekstraabhehikulara gatiwidhi (ibhaa), waa ""spesa waaka"" pradarshana gare."
"He received the ""Hero of the Soviet Union"", the Soviet Union's highest honor, for his work.","उनले आफ्नो कार्यका लागि सोभियत सङ्घको सर्वोच्च सम्मान ""सोभियत सङ्घको नायक"" प्राप्त गरे।","उनले आफ्नो कार्यका लागि सोभियत सङ्घको सर्वोच्च सम्मान ""सोभियत सङ्घको नायक"" प्राप्त गरे।","unale aaphno kaaryakaa laagi sobhiyata sangghako sarwochcha sammaana ""sobhiyata sangghako naayaka"" praapta gare.","unale aaphno kaaryakaa laagi sobhiyata sangghako sarwochcha sammaana ""sobhiyata sangghako naayaka"" praapta gare."
"Ten years later, he led the Soviet part of the Apollo–Soyuz mission symbolizing that the Space Race was over.","दस वर्षपछि, उनले अन्तरिक्ष दौड समाप्त भएको प्रतीकको रूपमा अपोलो-सोयुज मिसनको सोभियत भागको नेतृत्व गरे।","दस वर्षपछि, उनले अन्तरिक्ष दौड समाप्त भएको प्रतीकको रूपमा अपोलो-सोयुज मिसनको सोभियत भागको नेतृत्व गरे।","dasa warshapachhi, unale antariksha dauda samaapta bhaeko pratiikako ruupamaa apolo-soyuja misanako sobhiyata bhaagako netritwa gare.","dasa warshapachhi, unale antariksha dauda samaapta bhaeko pratiikako ruupamaa apolo-soyuja misanako sobhiyata bhaagako netritwa gare."
"She said, ""There is no intelligence to suggest that an attack is expected imminently.","उनले भनिन्, ""तत्काल आक्रमण हुने अनुमान गरिएको कुनै गुप्तचर सूचना छैन।","उनले भनिन्, ""तत्काल आक्रमण हुने अनुमान गरिएको कुनै गुप्तचर सूचना छैन।","unale bhanin, ""tatkaala aakramana hune anumaana garieko kunai guptachara suuchanaa chhaina.","unale bhanin, ""tatkaala aakramana hune anumaana garieko kunai guptachara suuchanaa chhaina."
"However, the reduction of the threat level to severe does not mean the overall threat has gone away.""","यद्यपि, खतराको स्तर गम्भीरमा झर्ने अर्थ समग्र खतरा गएको होइन ""।","यद्यपि, खतराको स्तर गम्भीरमा झर्ने अर्थ समग्र खतरा गएको होइन ""।","yadyapi, khataraako stara gambhiiramaa jharne artha samagra khataraa gaeko hoina "".","yadyapi, khataraako stara gambhiiramaa jharne artha samagra khataraa gaeko hoina ""."
"While authorities are unsure of the credibility of the threat, the Maryland Transportaion Authority made the closure with the urging of the FBI.",अधिकारीहरू खतराको विश्वसनीयताको बारेमा अनिश्चित भए तापनि मेरिल्याण्ड ट्रान्स्पोर्टेसन अथोरिटीले एफबिआईको आग्रहमा बन्द गरेको छ।,अधिकारीहरू खतराको विश्वसनीयताको बारेमा अनिश्चित भए तापनि मेरिल्याण्ड ट्रान्स्पोर्टेसन अथोरिटीले एफबिआईको आग्रहमा बन्द गरेको छ।,adhikaariiharuu khataraako wishwasaniiyataako baaremaa anishchita bhae taapani merilyaanda traansportesana athoritiile ephabiaaiiko aagrahamaa banda gareko chha.,adhikaariiharuu khataraako wishwasaniiyataako baaremaa anishchita bhae taapani merilyaanda traansportesana athoritiile ephabiaaiiko aagrahamaa banda gareko chha.
Dump trucks were used to block tube entrances and assistance of 80 police were on hand to direct motorists to detours.,ट्यूब प्रवेशद्वारहरू अवरुद्ध गर्न डम्प ट्रकहरू प्रयोग गरियो र मोटर चालकहरूलाई चक्करमा निर्देशित गर्न 80 जना पुलिसको सहयोग थियो।,ट्यूब प्रवेशद्वारहरू अवरुद्ध गर्न डम्प ट्रकहरू प्रयोग गरियो र मोटर चालकहरूलाई चक्करमा निर्देशित गर्न 80 जना पुलिसको सहयोग थियो।,tyuuba praweshadwaaraharuu awaruddha garna dampa trakaharuu prayoga gariyo ra motara chaalakaharuulaaii chakkaramaa nirdeshita garna 80 janaa pulisako sahayoga thiyo.,tyuuba praweshadwaaraharuu awaruddha garna dampa trakaharuu prayoga gariyo ra motara chaalakaharuulaaii chakkaramaa nirdeshita garna 80 janaa pulisako sahayoga thiyo.
"There were no heavy traffic delays reported on the beltway, the city's alternate route.",सहरको वैकल्पिक मार्ग बेल्टवेमा कुनै भारी ट्राफिक ढिलाइ भएको रिपोर्ट गरिएको छैन।,सहरको वैकल्पिक मार्ग बेल्टवेमा कुनै भारी ट्राफिक ढिलाइ भएको रिपोर्ट गरिएको छैन।,saharako waikalpika maarga beltawemaa kunai bhaarii traaphika dhilaai bhaeko riporta garieko chhaina.,saharako waikalpika maarga beltawemaa kunai bhaarii traaphika dhilaai bhaeko riporta garieko chhaina.
Nigeria previously announced it planned to join the AfCFTA in the week leading up to the summit.,नाइजेरियाले शिखर सम्मेलन अघि हप्तामा एएफसिएफटिएमा सामेल हुने योजना बनाएको घोषणा गरेको थियो।,नाइजेरियाले शिखर सम्मेलन अघि हप्तामा एएफसिएफटिएमा सामेल हुने योजना बनाएको घोषणा गरेको थियो।,naaijeriyaale shikhara sammelana aghi haptaamaa eephasiephatiemaa saamela hune yojanaa banaaeko ghoshanaa gareko thiyo.,naaijeriyaale shikhara sammelana aghi haptaamaa eephasiephatiemaa saamela hune yojanaa banaaeko ghoshanaa gareko thiyo.
AU trade and industry commissioner Albert Muchanga announced Benin was to join.,एयू व्यापार र उद्योग आयुक्त अल्बर्ट मुचाङ्गाले बेनिन सामेल हुने घोषणा गरे।,एयू व्यापार र उद्योग आयुक्त अल्बर्ट मुचाङ्गाले बेनिन सामेल हुने घोषणा गरे।,eyuu wyaapaara ra udyoga aayukta albarta muchaanggaale benina saamela hune ghoshanaa gare.,eyuu wyaapaara ra udyoga aayukta albarta muchaanggaale benina saamela hune ghoshanaa gare.
"The commissioner said, ""We haven't yet agreed on rules of origin and tariff con[c]essions, but the framework we have is enough to start trading on July 1, 2020"".","आयुक्तले भने, ""हामी अझै उत्पत्ति र ट्यारिफ कन् [सी] एसिसनका नियमहरूमा सहमत भएका छैनौं, तर हामीसँग रहेको ढाँचा जुलाई 1,2020 मा व्यापार सुरु गर्न पर्याप्त छ।""","आयुक्तले भने, ""हामी अझै उत्पत्ति र ट्यारिफ कन् [सी] एसिसनका नियमहरूमा सहमत भएका छैनौं, तर हामीसँग रहेको ढाँचा जुलाई 1,2020 मा व्यापार सुरु गर्न पर्याप्त छ।""","aayuktale bhane, ""haamii ajhai utpatti ra tyaaripha kan [sii] esisanakaa niyamaharuumaa sahamata bhaekaa chhainaun, tara haamiisnga raheko dhaanchaa julaaii 1,2020 maa wyaapaara suru garna paryaapta chha.""","aayuktale bhane, ""haamii ajhai utpatti ra tyaaripha kan [sii] esisanakaa niyamaharuumaa sahamata bhaekaa chhainaun, tara haamiisnga raheko dhaanchaa julaaii 1,2020 maa wyaapaara suru garna paryaapta chha."""
"The station maintained its attitude, despite the loss of a gyroscope earlier in the space station mission, until the end of the spacewalk.",स्पेस स्टेसन मिसनको सुरुमा जाइरोस्कोप गुमाएको भए तापनि स्पेसवॉकको अन्त्यसम्म स्टेसनले आफ्नो मनोवृत्ति कायम राख्यो।,स्पेस स्टेसन मिसनको सुरुमा जाइरोस्कोप गुमाएको भए तापनि स्पेसवॉकको अन्त्यसम्म स्टेसनले आफ्नो मनोवृत्ति कायम राख्यो।,spesa stesana misanako surumaa jaairoskopa gumaaeko bhae taapani spesawaokako antyasamma stesanale aaphno manowritti kaayama raakhyo.,spesa stesana misanako surumaa jaairoskopa gumaaeko bhae taapani spesawaokako antyasamma stesanale aaphno manowritti kaayama raakhyo.
Chiao and Sharipov reported being a safe distance from the attitude adjustment thrusters.,चियाओ र सारिपोभले मनोवृत्ति समायोजन थ्रस्टर्सबाट सुरक्षित दूरी रहेको बताए।,चियाओ र सारिपोभले मनोवृत्ति समायोजन थ्रस्टर्सबाट सुरक्षित दूरी रहेको बताए।,chiyaao ra saaripobhale manowritti samaayojana thrastarsabaata surakshita duurii raheko bataae.,chiyaao ra saaripobhale manowritti samaayojana thrastarsabaata surakshita duurii raheko bataae.
Russian ground control activated the jets and normal attitude of the station was regained.,रूसी भू नियन्त्रणले जेटहरूलाई सक्रिय गऱ्यो र स्टेसनको सामान्य मनोवृत्ति पुनः प्राप्त भयो।,रूसी भू नियन्त्रणले जेटहरूलाई सक्रिय गऱ्यो र स्टेसनको सामान्य मनोवृत्ति पुनः प्राप्त भयो।,ruusii bhuu niyantranale jetaharuulaaii sakriya garyo ra stesanako saamaanya manowritti punh praapta bhayo.,ruusii bhuu niyantranale jetaharuulaaii sakriya garyo ra stesanako saamaanya manowritti punh praapta bhayo.
"The case was prosecuted in Virginia because it is the home to the leading internet service provider AOL, the company who instigated the charges.","यो मुद्दा भर्जिनियामा मुद्दा चलाइयो किनभने यो प्रमुख इन्टरनेट सेवा प्रदायक एओएलको घर हो, जसले आरोपहरू उक्साएको थियो।","यो मुद्दा भर्जिनियामा मुद्दा चलाइयो किनभने यो प्रमुख इन्टरनेट सेवा प्रदायक एओएलको घर हो, जसले आरोपहरू उक्साएको थियो।","yo muddaa bharjiniyaamaa muddaa chalaaiyo kinabhane yo pramukha intaraneta sewaa pradaayaka eoelako ghara ho, jasale aaropaharuu uksaaeko thiyo.","yo muddaa bharjiniyaamaa muddaa chalaaiyo kinabhane yo pramukha intaraneta sewaa pradaayaka eoelako ghara ho, jasale aaropaharuu uksaaeko thiyo."
"This is the first time a conviction has been gained using the legislation enacted in 2003 to curb bulk e-mail, aka spam, from unsolicited distribution into users mailboxes.","प्रयोगकर्ताहरूको मेलबक्सहरूमा अनावश्यक वितरणबाट थोक इ-मेल, उर्फ स्प्यामलाई रोक्न 2003 मा अधिनियमित कानून प्रयोग गरेर यो पहिलो पटक हो।","प्रयोगकर्ताहरूको मेलबक्सहरूमा अनावश्यक वितरणबाट थोक इ-मेल, उर्फ स्प्यामलाई रोक्न 2003 मा अधिनियमित कानून प्रयोग गरेर यो पहिलो पटक हो।","prayogakartaaharuuko melabaksaharuumaa anaawashyaka witaranabaata thoka i-mela, urpha spyaamalaaii rokna 2003 maa adhiniyamita kaanuuna prayoga garera yo pahilo pataka ho.","prayogakartaaharuuko melabaksaharuumaa anaawashyaka witaranabaata thoka i-mela, urpha spyaamalaaii rokna 2003 maa adhiniyamita kaanuuna prayoga garera yo pahilo pataka ho."
21-year-old Jesus joined Manchester City last year in January 2017 from Brazilian club Palmeiras for a reported fee of £27 million.,21 वर्षीय येशू गत वर्ष जनवरी 2017 मा ब्राजिलियन क्लब पाल्मेरासबाट 27 मिलियन पाउन्डको रिपोर्ट गरिएको शुल्कमा म्यानचेस्टर सिटीमा सामेल भएका थिए।,21 वर्षीय येशू गत वर्ष जनवरी 2017 मा ब्राजिलियन क्लब पाल्मेरासबाट 27 मिलियन पाउन्डको रिपोर्ट गरिएको शुल्कमा म्यानचेस्टर सिटीमा सामेल भएका थिए।,21 warshiiya yeshuu gata warsha janawarii 2017 maa braajiliyana klaba paalmeraasabaata 27 miliyana paaundako riporta garieko shulkamaa myaanachestara sitiimaa saamela bhaekaa thie.,21 warshiiya yeshuu gata warsha janawarii 2017 maa braajiliyana klaba paalmeraasabaata 27 miliyana paaundako riporta garieko shulkamaa myaanachestara sitiimaa saamela bhaekaa thie.
"Since then, the Brazilian has featured in 53 matches for the club in all competitions and has scored 24 goals.",त्यसबेलादेखि ब्राजिलियनले क्लबका लागि सबै प्रतियोगिताहरूमा 53 वटा खेल खेलेका छन् र 24 गोल गरेका छन्।,त्यसबेलादेखि ब्राजिलियनले क्लबका लागि सबै प्रतियोगिताहरूमा 53 वटा खेल खेलेका छन् र 24 गोल गरेका छन्।,tyasabelaadekhi braajiliyanale klabakaa laagi sabai pratiyogitaaharuumaa 53 wataa khela khelekaa chhan ra 24 gola garekaa chhan.,tyasabelaadekhi braajiliyanale klabakaa laagi sabai pratiyogitaaharuumaa 53 wataa khela khelekaa chhan ra 24 gola garekaa chhan.
Dr. Lee also expressed his concern about reports that children in Turkey have now become infected with the A(H5N1) avian influenza virus without becoming ill.,डा लीले टर्कीका बालबालिकाहरू अब बिरामी नबनाएर ए (एच5एन1) एभियन इन्फ्लुएन्जा भाइरसबाट संक्रमित भएका रिपोर्टहरूबारे पनि चिन्ता व्यक्त गरे।,डा लीले टर्कीका बालबालिकाहरू अब बिरामी नबनाएर ए (एच5एन1) एभियन इन्फ्लुएन्जा भाइरसबाट संक्रमित भएका रिपोर्टहरूबारे पनि चिन्ता व्यक्त गरे।,daa liile tarkiikaa baalabaalikaaharuu aba biraamii nabanaaera e (echa5ena1) ebhiyana inphluenjaa bhaairasabaata snkramita bhaekaa riportaharuubaare pani chintaa wyakta gare.,daa liile tarkiikaa baalabaalikaaharuu aba biraamii nabanaaera e (echa5ena1) ebhiyana inphluenjaa bhaairasabaata snkramita bhaekaa riportaharuubaare pani chintaa wyakta gare.
"Some studies suggest that the disease must become less lethal before it can cause a global epidemic, he noted.","केही अध्ययनहरूले यो रोग विश्वव्यापी महामारी निम्त्याउनअघि कम घातक बन्नुपर्छ भन्ने सुझाव दिन्छ, उनले उल्लेख गरे।","केही अध्ययनहरूले यो रोग विश्वव्यापी महामारी निम्त्याउनअघि कम घातक बन्नुपर्छ भन्ने सुझाव दिन्छ, उनले उल्लेख गरे।","kehii adhyayanaharuule yo roga wishwawyaapii mahaamaarii nimtyaaunaaghi kama ghaataka bannuparchha bhanne sujhaawa dinchha, unale ullekha gare.","kehii adhyayanaharuule yo roga wishwawyaapii mahaamaarii nimtyaaunaaghi kama ghaataka bannuparchha bhanne sujhaawa dinchha, unale ullekha gare."
There is concern that patients may continue to infect more people by going through their daily routines if the flu symptoms remain mild.,यदि फ्लुका लक्षणहरू हल्का रहे भने बिरामीहरूले आफ्नो दैनिक दिनचर्याबाट गुज्रेर धेरै मानिसहरूलाई संक्रमित गर्न जारी राख्न सक्छन् भन्ने चिन्ता छ।,यदि फ्लुका लक्षणहरू हल्का रहे भने बिरामीहरूले आफ्नो दैनिक दिनचर्याबाट गुज्रेर धेरै मानिसहरूलाई संक्रमित गर्न जारी राख्न सक्छन् भन्ने चिन्ता छ।,yadi phlukaa lakshanaharuu halkaa rahe bhane biraamiiharuule aaphno dainika dinacharyaabaata gujrera dherai maanisaharuulaaii snkramita garna jaarii raakhna sakchhan bhanne chintaa chha.,yadi phlukaa lakshanaharuu halkaa rahe bhane biraamiiharuule aaphno dainika dinacharyaabaata gujrera dherai maanisaharuulaaii snkramita garna jaarii raakhna sakchhan bhanne chintaa chha.
"Leslie Aun, a spokesperson for the Komen Foundation, said the organization adopted a new rule that does not allow grants or funding to be awarded to organizations that are under legal investigation.",कोमेन फाउन्डेसनका प्रवक्ता लेस्ली अनले संस्थाले नयाँ नियम अपनाएको बताए जसले कानुनी अनुसन्धानमा रहेका संस्थाहरूलाई अनुदान वा कोष प्रदान गर्न अनुमति दिँदैन।,कोमेन फाउन्डेसनका प्रवक्ता लेस्ली अनले संस्थाले नयाँ नियम अपनाएको बताए जसले कानुनी अनुसन्धानमा रहेका संस्थाहरूलाई अनुदान वा कोष प्रदान गर्न अनुमति दिँदैन।,komena phaaundesanakaa prawaktaa leslii anale snsthaale nayaan niyama apanaaeko bataae jasale kaanunii anusandhaanamaa rahekaa snsthaaharuulaaii anudaana waa kosha pradaana garna anumati dindaina.,komena phaaundesanakaa prawaktaa leslii anale snsthaale nayaan niyama apanaaeko bataae jasale kaanunii anusandhaanamaa rahekaa snsthaaharuulaaii anudaana waa kosha pradaana garna anumati dindaina.
Komen's policy disqualified Planned Parenthood due to a pending investigation on how Planned Parenthood spends and reports its money that is being conducted by Representative Cliff Stearns.,कोमेनको नीतिले नियोजित पितृत्वले कसरी खर्च गर्छ र प्रतिनिधि क्लिफ स्टर्न्सद्वारा सञ्चालित यसको पैसा रिपोर्ट गर्ने बारेको विचाराधीन अनुसन्धानको कारण नियोजित पितृत्वलाई अयोग्य ठहरायो।,कोमेनको नीतिले नियोजित पितृत्वले कसरी खर्च गर्छ र प्रतिनिधि क्लिफ स्टर्न्सद्वारा सञ्चालित यसको पैसा रिपोर्ट गर्ने बारेको विचाराधीन अनुसन्धानको कारण नियोजित पितृत्वलाई अयोग्य ठहरायो।,komenako niitile niyojita pitritwale kasarii kharcha garchha ra pratinidhi klipha starnsadwaaraa sanychaalita yasako paisaa riporta garne baareko wichaaraadhiina anusandhaanako kaarana niyojita pitritwalaaii ayogya thaharaayo.,komenako niitile niyojita pitritwale kasarii kharcha garchha ra pratinidhi klipha starnsadwaaraa sanychaalita yasako paisaa riporta garne baareko wichaaraadhiina anusandhaanako kaarana niyojita pitritwalaaii ayogya thaharaayo.
"Stearns is investigating whether taxes are used to fund abortions through Planned Parenthood in his role as chairman of the Oversight and Investigations Subcommittee, which is under the umbrella of the House Energy and Commerce Committee.",हाउस एनर्जी एन्ड कमर्स कमिटीको छत्रछायाअन्तर्गत रहेको निरीक्षण र अनुसन्धान उपसमितिको अध्यक्षको भूमिकामा योजनाबद्ध पितृत्वको माध्यमबाट गर्भपतनका लागि कोषका रूपमा करहरू प्रयोग गरिन्छ कि भनेर स्टर्न्सले अनुसन्धान गरिरहेका छन्।,हाउस एनर्जी एन्ड कमर्स कमिटीको छत्रछायाअन्तर्गत रहेको निरीक्षण र अनुसन्धान उपसमितिको अध्यक्षको भूमिकामा योजनाबद्ध पितृत्वको माध्यमबाट गर्भपतनका लागि कोषका रूपमा करहरू प्रयोग गरिन्छ कि भनेर स्टर्न्सले अनुसन्धान गरिरहेका छन्।,haausa enarjii enda kamarsa kamitiiko chhatrachhaayaaantargata raheko niriikshana ra anusandhaana upasamitiko adhyakshako bhuumikaamaa yojanaabaddha pitritwako maadhyamabaata garbhapatanakaa laagi koshakaa ruupamaa karaharuu prayoga garinchha ki bhanera starnsale anusandhaana garirahekaa chhan.,haausa enarjii enda kamarsa kamitiiko chhatrachhaayaaantargata raheko niriikshana ra anusandhaana upasamitiko adhyakshako bhuumikaamaa yojanaabaddha pitritwako maadhyamabaata garbhapatanakaa laagi koshakaa ruupamaa karaharuu prayoga garinchha ki bhanera starnsale anusandhaana garirahekaa chhan.
Former Massachusetts governor Mitt Romney won the Florida Republican Party presidential primary election on Tuesday with over 46 percent of the vote.,म्यासाचुसेट्सका पूर्व गभर्नर मिट रोमनीले मङ्गलबार फ्लोरिडा रिपब्लिकन पार्टीको राष्ट्रपति पदको प्राथमिक चुनावमा 46 प्रतिशतभन्दा बढी मत प्राप्त गरेर विजय प्राप्त गरेका छन्।,म्यासाचुसेट्सका पूर्व गभर्नर मिट रोमनीले मङ्गलबार फ्लोरिडा रिपब्लिकन पार्टीको राष्ट्रपति पदको प्राथमिक चुनावमा 46 प्रतिशतभन्दा बढी मत प्राप्त गरेर विजय प्राप्त गरेका छन्।,myaasaachusetsakaa puurwa gabharnara mita romaniile manggalabaara phloridaa ripablikana paartiiko raashtrapati padako praathamika chunaawamaa 46 pratishatabhandaa badhii mata praapta garera wijaya praapta garekaa chhan.,myaasaachusetsakaa puurwa gabharnara mita romaniile manggalabaara phloridaa ripablikana paartiiko raashtrapati padako praathamika chunaawamaa 46 pratishatabhandaa badhii mata praapta garera wijaya praapta garekaa chhan.
Former U.S. Speaker of the House Newt Gingrich came in second with 32 percent.,हाउसका पूर्व अमेरिकी स्पिकर निउट गिङ्ग्रिच 32 प्रतिशतका साथ दोस्रो स्थानमा रहे।,हाउसका पूर्व अमेरिकी स्पिकर निउट गिङ्ग्रिच 32 प्रतिशतका साथ दोस्रो स्थानमा रहे।,haausakaa puurwa amerikii spikara niuta ginggricha 32 pratishatakaa saatha dosro sthaanamaa rahe.,haausakaa puurwa amerikii spikara niuta ginggricha 32 pratishatakaa saatha dosro sthaanamaa rahe.
"As a winner-takes-all state, Florida awarded all fifty of its delegates to Romney, pushing him ahead as the front-runner for the Republican Party nomination.","सबै राज्यलाई विजेता-लिने राज्यका रूपमा, फ्लोरिडाले आफ्ना सबै पचास प्रतिनिधिहरूलाई रोम्नीलाई रिपब्लिकन पार्टीको मनोनयनका लागि अग्र-दौडको रूपमा अगाडि बढाउँदै सम्मानित गऱ्यो।","सबै राज्यलाई विजेता-लिने राज्यका रूपमा, फ्लोरिडाले आफ्ना सबै पचास प्रतिनिधिहरूलाई रोम्नीलाई रिपब्लिकन पार्टीको मनोनयनका लागि अग्र-दौडको रूपमा अगाडि बढाउँदै सम्मानित गऱ्यो।","sabai raajyalaaii wijetaa-line raajyakaa ruupamaa, phloridaale aaphnaa sabai pachaasa pratinidhiharuulaaii romniilaaii ripablikana paartiiko manonayanakaa laagi agra-daudako ruupamaa agaadi badhaaundai sammaanita garyo.","sabai raajyalaaii wijetaa-line raajyakaa ruupamaa, phloridaale aaphnaa sabai pachaasa pratinidhiharuulaaii romniilaaii ripablikana paartiiko manonayanakaa laagi agra-daudako ruupamaa agaadi badhaaundai sammaanita garyo."
"Organisers of the protest said about 100,000 people turned up in German cities such as Berlin, Cologne, Hamburg, and Hanover.","बर्लिन, कोलोन, ह्याम्बर्ग र हानोभर जस्ता जर्मन सहरहरूमा लगभग 1,00,000 मानिसहरू भेला भएको विरोध प्रदर्शनका आयोजकहरूले बताए।","बर्लिन, कोलोन, ह्याम्बर्ग र हानोभर जस्ता जर्मन सहरहरूमा लगभग 1,00,000 मानिसहरू भेला भएको विरोध प्रदर्शनका आयोजकहरूले बताए।","barlina, kolona, hyaambarga ra haanobhara jastaa jarmana saharaharuumaa lagabhaga 1,00,000 maanisaharuu bhelaa bhaeko wirodha pradarshanakaa aayojakaharuule bataae.","barlina, kolona, hyaambarga ra haanobhara jastaa jarmana saharaharuumaa lagabhaga 1,00,000 maanisaharuu bhelaa bhaeko wirodha pradarshanakaa aayojakaharuule bataae."
"In Berlin, police estimated 6,500 protestors.","बर्लिनमा प्रहरीले 6,500 जना प्रदर्शनकारी रहेको अनुमान गरेको छ।","बर्लिनमा प्रहरीले 6,500 जना प्रदर्शनकारी रहेको अनुमान गरेको छ।","barlinamaa prahariile 6,500 janaa pradarshanakaarii raheko anumaana gareko chha.","barlinamaa prahariile 6,500 janaa pradarshanakaarii raheko anumaana gareko chha."
"Protests also took place in Paris, Sofia in Bulgaria, Vilnius in Lithuania, Valetta in Malta, Tallinn in Estonia, and Edinburgh and Glasgow in Scotland.","पेरिस, बुल्गेरियाको सोफिया, लिथुआनियाको भिल्नियस, माल्टाको भेलेटा, इस्टोनियाको तालिन र स्कटल्यान्डको एडिनबर्ग र ग्लासगोमा पनि विरोध प्रदर्शनहरू भए।","पेरिस, बुल्गेरियाको सोफिया, लिथुआनियाको भिल्नियस, माल्टाको भेलेटा, इस्टोनियाको तालिन र स्कटल्यान्डको एडिनबर्ग र ग्लासगोमा पनि विरोध प्रदर्शनहरू भए।","perisa, bulgeriyaako sophiyaa, lithuaaniyaako bhilniyasa, maaltaako bheletaa, istoniyaako taalina ra skatalyaandako edinabarga ra glaasagomaa pani wirodha pradarshanaharuu bhae.","perisa, bulgeriyaako sophiyaa, lithuaaniyaako bhilniyasa, maaltaako bheletaa, istoniyaako taalina ra skatalyaandako edinabarga ra glaasagomaa pani wirodha pradarshanaharuu bhae."
"In London, about 200 people protested outside some major copyright holders' offices.","लन्डनमा, लगभग 200 मानिसहरूले केही प्रमुख प्रतिलिपि अधिकार धारकहरूको कार्यालय बाहिर विरोध गरे।","लन्डनमा, लगभग 200 मानिसहरूले केही प्रमुख प्रतिलिपि अधिकार धारकहरूको कार्यालय बाहिर विरोध गरे।","landanamaa, lagabhaga 200 maanisaharuule kehii pramukha pratilipi adhikaara dhaarakaharuuko kaaryaalaya baahira wirodha gare.","landanamaa, lagabhaga 200 maanisaharuule kehii pramukha pratilipi adhikaara dhaarakaharuuko kaaryaalaya baahira wirodha gare."
Latvia and Slovakia have both delayed the process of joining ACTA.,लाटभिया र स्लोभाकिया दुवैले ए. सि. टि. ए. मा सामेल हुने प्रक्रियामा ढिलाइ गरेका छन्।,लाटभिया र स्लोभाकिया दुवैले ए. सि. टि. ए. मा सामेल हुने प्रक्रियामा ढिलाइ गरेका छन्।,laatabhiyaa ra slobhaakiyaa duwaile e. si. ti. e. maa saamela hune prakriyaamaa dhilaai garekaa chhan.,laatabhiyaa ra slobhaakiyaa duwaile e. si. ti. e. maa saamela hune prakriyaamaa dhilaai garekaa chhan.
Animal Liberation and the Royal Society for the Prevention of Cruelty to Animals (RSPCA) are again calling for the mandatory installation of CCTV cameras in all Australian abattoirs.,एनिमल लिबरेसन र रोयल सोसाइटी फर द प्रिभेन्सन अफ क्रुएल्टी टु एनिमल (आरएसपीसीए) ले फेरि सबै अस्ट्रेलियाली बूचड़खानाहरूमा सिसिटिभी क्यामेरा अनिवार्य स्थापना गर्न आह्वान गरेका छन्।,एनिमल लिबरेसन र रोयल सोसाइटी फर द प्रिभेन्सन अफ क्रुएल्टी टु एनिमल (आरएसपीसीए) ले फेरि सबै अस्ट्रेलियाली बूचड़खानाहरूमा सिसिटिभी क्यामेरा अनिवार्य स्थापना गर्न आह्वान गरेका छन्।,enimala libaresana ra royala sosaaitii phara da pribhensana apha krueltii tu enimala (aaraesapiisiie) le pheri sabai astreliyaalii buuchadakhaanaaharuumaa sisitibhii kyaameraa aniwaarya sthaapanaa garna aahwaana garekaa chhan.,enimala libaresana ra royala sosaaitii phara da pribhensana apha krueltii tu enimala (aaraesapiisiie) le pheri sabai astreliyaalii buuchadakhaanaaharuumaa sisitibhii kyaameraa aniwaarya sthaapanaa garna aahwaana garekaa chhan.
RSPCA New South Wales chief inspector David O'Shannessy told the ABC that surveillance and inspections of abattoirs should be commonplace in Australia.,आरएसपिसियाका न्यू साउथ वेल्सका प्रमुख निरीक्षक डेभिड ओ'स्यानेसीले अस्ट्रेलियामा बूचडखानाको निगरानी र निरीक्षण सामान्य हुनुपर्छ भनी एबिसीलाई बताए।,आरएसपिसियाका न्यू साउथ वेल्सका प्रमुख निरीक्षक डेभिड ओ'स्यानेसीले अस्ट्रेलियामा बूचडखानाको निगरानी र निरीक्षण सामान्य हुनुपर्छ भनी एबिसीलाई बताए।,aaraesapisiyaakaa nyuu saautha welsakaa pramukha niriikshaka debhida o'syaanesiile astreliyaamaa buuchadakhaanaako nigaraanii ra niriikshana saamaanya hunuparchha bhanii ebisiilaaii bataae.,aaraesapisiyaakaa nyuu saautha welsakaa pramukha niriikshaka debhida o'syaanesiile astreliyaamaa buuchadakhaanaako nigaraanii ra niriikshana saamaanya hunuparchha bhanii ebisiilaaii bataae.
"""The CCTV would certainly send a strong signal to those people working with animals that their welfare is of the highest priority.""","""सिसिटिभीले जनावरहरूसँग काम गर्ने मानिसहरूलाई उनीहरूको कल्याण सर्वोच्च प्राथमिकताको हो भन्ने बलियो सङ्केत दिनेछ।""","""सिसिटिभीले जनावरहरूसँग काम गर्ने मानिसहरूलाई उनीहरूको कल्याण सर्वोच्च प्राथमिकताको हो भन्ने बलियो सङ्केत दिनेछ।""","""sisitibhiile janaawaraharuusnga kaama garne maanisaharuulaaii uniiharuuko kalyaana sarwochcha praathamikataako ho bhanne baliyo sangketa dinechha.""","""sisitibhiile janaawaraharuusnga kaama garne maanisaharuulaaii uniiharuuko kalyaana sarwochcha praathamikataako ho bhanne baliyo sangketa dinechha."""
The United States Geological Survey international earthquake map showed no earthquakes in Iceland in the week prior.,संयुक्त राज्य अमेरिकाको भूगर्भीय सर्वेक्षण अन्तर्राष्ट्रिय भूकम्प मानचित्रले अघिल्लो हप्तामा आइसल्याण्डमा कुनै भूकम्प नभएको देखाएको छ।,संयुक्त राज्य अमेरिकाको भूगर्भीय सर्वेक्षण अन्तर्राष्ट्रिय भूकम्प मानचित्रले अघिल्लो हप्तामा आइसल्याण्डमा कुनै भूकम्प नभएको देखाएको छ।,snyukta raajya amerikaako bhuugarbhiiya sarwekshana antarraashtriya bhuukampa maanachitrale aghillo haptaamaa aaisalyaandamaa kunai bhuukampa nabhaeko dekhaaeko chha.,snyukta raajya amerikaako bhuugarbhiiya sarwekshana antarraashtriya bhuukampa maanachitrale aghillo haptaamaa aaisalyaandamaa kunai bhuukampa nabhaeko dekhaaeko chha.
The Icelandic Meteorological Office also reported no earthquake activity in the Hekla area in the past 48 hours.,आइसल्याण्डको मौसम विज्ञान कार्यालयले पनि विगत 48 घण्टामा हेक्ला क्षेत्रमा कुनै भूकम्प गतिविधि नभएको जनाएको छ।,आइसल्याण्डको मौसम विज्ञान कार्यालयले पनि विगत 48 घण्टामा हेक्ला क्षेत्रमा कुनै भूकम्प गतिविधि नभएको जनाएको छ।,aaisalyaandako mausama wijnyaana kaaryaalayale pani wigata 48 ghantaamaa heklaa kshetramaa kunai bhuukampa gatiwidhi nabhaeko janaaeko chha.,aaisalyaandako mausama wijnyaana kaaryaalayale pani wigata 48 ghantaamaa heklaa kshetramaa kunai bhuukampa gatiwidhi nabhaeko janaaeko chha.
The significant earthquake activity resulting in the phase change had took place on March 10 on the northeast side of the volcano's summit caldera.,चरण परिवर्तनको परिणामस्वरूप महत्त्वपूर्ण भूकम्प गतिविधि मार्च 10 मा ज्वालामुखीको शिखर काल्डेराको उत्तरपूर्वी भागमा भएको थियो।,चरण परिवर्तनको परिणामस्वरूप महत्त्वपूर्ण भूकम्प गतिविधि मार्च 10 मा ज्वालामुखीको शिखर काल्डेराको उत्तरपूर्वी भागमा भएको थियो।,charana pariwartanako parinaamaswaruupa mahattwapuurna bhuukampa gatiwidhi maarcha 10 maa jwaalaamukhiiko shikhara kaalderaako uttarapuurwii bhaagamaa bhaeko thiyo.,charana pariwartanako parinaamaswaruupa mahattwapuurna bhuukampa gatiwidhi maarcha 10 maa jwaalaamukhiiko shikhara kaalderaako uttarapuurwii bhaagamaa bhaeko thiyo.
Dark clouds unrelated to any volcanic activity were reported at the base of the mountain.,पहाडको तलमा कुनै पनि ज्वालामुखी गतिविधिसँग सम्बन्धित कालो बादलहरू रिपोर्ट गरिएको थियो।,पहाडको तलमा कुनै पनि ज्वालामुखी गतिविधिसँग सम्बन्धित कालो बादलहरू रिपोर्ट गरिएको थियो।,pahaadako talamaa kunai pani jwaalaamukhii gatiwidhisnga sambandhita kaalo baadalaharuu riporta garieko thiyo.,pahaadako talamaa kunai pani jwaalaamukhii gatiwidhisnga sambandhita kaalo baadalaharuu riporta garieko thiyo.
The clouds presented the potential for confusion as to whether an actual eruption had taken place.,बादलहरूले वास्तविक विस्फोट भएको थियो कि थिएन भन्ने भ्रमको सम्भावना प्रस्तुत गऱ्यो।,बादलहरूले वास्तविक विस्फोट भएको थियो कि थिएन भन्ने भ्रमको सम्भावना प्रस्तुत गऱ्यो।,baadalaharuule waastawika wisphota bhaeko thiyo ki thiena bhanne bhramako sambhaawanaa prastuta garyo.,baadalaharuule waastawika wisphota bhaeko thiyo ki thiena bhanne bhramako sambhaawanaa prastuta garyo.
The Luno had 120–160 cubic metres of fuel aboard when it broke down and high winds and waves pushed it into the breakwater.,लुनोमा 120-160 क्युबिक मिटर इन्धन थियो जब यो बिग्रिएको थियो र उच्च हावा र छालहरूले यसलाई ब्रेकवाटरमा धकेल्यो।,लुनोमा 120-160 क्युबिक मिटर इन्धन थियो जब यो बिग्रिएको थियो र उच्च हावा र छालहरूले यसलाई ब्रेकवाटरमा धकेल्यो।,lunomaa 120-160 kyubika mitara indhana thiyo jaba yo bigrieko thiyo ra uchcha haawaa ra chhaalaharuule yasalaaii brekawaataramaa dhakelyo.,lunomaa 120-160 kyubika mitara indhana thiyo jaba yo bigrieko thiyo ra uchcha haawaa ra chhaalaharuule yasalaaii brekawaataramaa dhakelyo.
Helicopters rescued the twelve crewmembers and the only injury was a broken nose.,हेलिकप्टरहरूले 12 जना चालक दलका सदस्यहरूलाई उद्धार गरे र नाक भाँचिएको मात्र चोट लागेको थियो।,हेलिकप्टरहरूले 12 जना चालक दलका सदस्यहरूलाई उद्धार गरे र नाक भाँचिएको मात्र चोट लागेको थियो।,helikaptaraharuule 12 janaa chaalaka dalakaa sadasyaharuulaaii uddhaara gare ra naaka bhaanchieko maatra chota laageko thiyo.,helikaptaraharuule 12 janaa chaalaka dalakaa sadasyaharuulaaii uddhaara gare ra naaka bhaanchieko maatra chota laageko thiyo.
The 100-metre ship was en route to pick up its usual fertiliser cargo and initially officials feared the vessel could spill a load.,100 मिटर लामो जहाज आफ्नो सामान्य मल कार्गो लिन जाँदै थियो र सुरुमा अधिकारीहरूले जहाजले भार फ्याँक्न सक्ने डर राखेका थिए।,100 मिटर लामो जहाज आफ्नो सामान्य मल कार्गो लिन जाँदै थियो र सुरुमा अधिकारीहरूले जहाजले भार फ्याँक्न सक्ने डर राखेका थिए।,100 mitara laamo jahaaja aaphno saamaanya mala kaargo lina jaandai thiyo ra surumaa adhikaariiharuule jahaajale bhaara phyaankna sakne dara raakhekaa thie.,100 mitara laamo jahaaja aaphno saamaanya mala kaargo lina jaandai thiyo ra surumaa adhikaariiharuule jahaajale bhaara phyaankna sakne dara raakhekaa thie.
The proposed amendment already passed both houses in 2011.,प्रस्तावित संशोधनले सन् 2011 मा दुवै सदनलाई पारित गरिसकेको छ।,प्रस्तावित संशोधनले सन् 2011 मा दुवै सदनलाई पारित गरिसकेको छ।,prastaawita snshodhanale san 2011 maa duwai sadanalaaii paarita garisakeko chha.,prastaawita snshodhanale san 2011 maa duwai sadanalaaii paarita garisakeko chha.
A change was made this legislative session when the second sentence was deleted first by the House of Representatives and then was passed in a similar form by the Senate Monday.,यस विधायी सत्रमा परिवर्तन गरियो जब दोस्रो वाक्य पहिले प्रतिनिधि सभाद्वारा हटाइएको थियो र त्यसपछि सोमबार सिनेटद्वारा यस्तै रूपमा पारित गरिएको थियो।,यस विधायी सत्रमा परिवर्तन गरियो जब दोस्रो वाक्य पहिले प्रतिनिधि सभाद्वारा हटाइएको थियो र त्यसपछि सोमबार सिनेटद्वारा यस्तै रूपमा पारित गरिएको थियो।,yasa widhaayii satramaa pariwartana gariyo jaba dosro waakya pahile pratinidhi sabhaadwaaraa hataaieko thiyo ra tyasapachhi somabaara sinetadwaaraa yastai ruupamaa paarita garieko thiyo.,yasa widhaayii satramaa pariwartana gariyo jaba dosro waakya pahile pratinidhi sabhaadwaaraa hataaieko thiyo ra tyasapachhi somabaara sinetadwaaraa yastai ruupamaa paarita garieko thiyo.
"The failure of the second sentence, which proposes to ban same-sex civil unions, could possibly open the door for civil unions in the future.",समलिङ्गी नागरिक सङ्घहरूलाई प्रतिबन्ध लगाउने प्रस्ताव गर्ने दोस्रो वाक्यको असफलताले सम्भवतः भविष्यमा नागरिक सङ्घहरूका लागि ढोका खोल्न सक्छ।,समलिङ्गी नागरिक सङ्घहरूलाई प्रतिबन्ध लगाउने प्रस्ताव गर्ने दोस्रो वाक्यको असफलताले सम्भवतः भविष्यमा नागरिक सङ्घहरूका लागि ढोका खोल्न सक्छ।,samalinggii naagarika sangghaharuulaaii pratibandha lagaaune prastaawa garne dosro waakyako asaphalataale sambhawath bhawishyamaa naagarika sangghaharuukaa laagi dhokaa kholna sakchha.,samalinggii naagarika sangghaharuulaaii pratibandha lagaaune prastaawa garne dosro waakyako asaphalataale sambhawath bhawishyamaa naagarika sangghaharuukaa laagi dhokaa kholna sakchha.
"Following the process, HJR-3 will be reviewed again by the next elected legislature in either 2015 or 2016 to remain in process.","प्रक्रिया पछ्याउँदै, एचजेआर-3 लाई 2015 वा 2016 मा अर्को निर्वाचित विधायिका द्वारा फेरि समीक्षा गरिनेछ।","प्रक्रिया पछ्याउँदै, एचजेआर-3 लाई 2015 वा 2016 मा अर्को निर्वाचित विधायिका द्वारा फेरि समीक्षा गरिनेछ।","prakriyaa pachhyaaundai, echajeaara-3 laaii 2015 waa 2016 maa arko nirwaachita widhaayikaa dwaaraa pheri samiikshaa garinechha.","prakriyaa pachhyaaundai, echajeaara-3 laaii 2015 waa 2016 maa arko nirwaachita widhaayikaa dwaaraa pheri samiikshaa garinechha."
Vautier's achievements outside of directing include a hunger strike in 1973 against what he viewed as political censorship.,निर्देशन बाहिर भाउटियरका उपलब्धिहरूमा उनले राजनीतिक सेन्सरसिपको रूपमा हेरेको विरुद्धमा 1973 मा भोक हडताल समावेश छ।,निर्देशन बाहिर भाउटियरका उपलब्धिहरूमा उनले राजनीतिक सेन्सरसिपको रूपमा हेरेको विरुद्धमा 1973 मा भोक हडताल समावेश छ।,nirdeshana baahira bhaautiyarakaa upalabdhiharuumaa unale raajaniitika sensarasipako ruupamaa hereko wiruddhamaa 1973 maa bhoka hadataala samaawesha chha.,nirdeshana baahira bhaautiyarakaa upalabdhiharuumaa unale raajaniitika sensarasipako ruupamaa hereko wiruddhamaa 1973 maa bhoka hadataala samaawesha chha.
French law was changed. His activism went back to age 15 when he joined the French Resistance during World War II.,फ्रान्सेली कानून परिवर्तन गरियो। दोस्रो विश्वयुद्धको समयमा फ्रान्सेली प्रतिरोधमा सामेल हुँदा उनको सक्रियता 15 वर्षको उमेरमा फर्किएको थियो।,फ्रान्सेली कानून परिवर्तन गरियो। दोस्रो विश्वयुद्धको समयमा फ्रान्सेली प्रतिरोधमा सामेल हुँदा उनको सक्रियता 15 वर्षको उमेरमा फर्किएको थियो।,phraanselii kaanuuna pariwartana gariyo. dosro wishwayuddhako samayamaa phraanselii pratirodhamaa saamela hundaa unako sakriyataa 15 warshako umeramaa pharkieko thiyo.,phraanselii kaanuuna pariwartana gariyo. dosro wishwayuddhako samayamaa phraanselii pratirodhamaa saamela hundaa unako sakriyataa 15 warshako umeramaa pharkieko thiyo.
He documented himself in a 1998 book.,उनले सन् 1998 को एउटा पुस्तकमा आफूलाई दस्तावेज गरे।,उनले सन् 1998 को एउटा पुस्तकमा आफूलाई दस्तावेज गरे।,unale san 1998 ko eutaa pustakamaa aaphuulaaii dastaaweja gare.,unale san 1998 ko eutaa pustakamaa aaphuulaaii dastaaweja gare.
In the 1960s he headed back to newly-independent Algeria to teach film directing.,सन् 1960 को दशकमा उनी चलचित्र निर्देशन सिकाउन नयाँ स्वतन्त्र अल्जेरिया फर्किए।,सन् 1960 को दशकमा उनी चलचित्र निर्देशन सिकाउन नयाँ स्वतन्त्र अल्जेरिया फर्किए।,san 1960 ko dashakamaa unii chalachitra nirdeshana sikaauna nayaan swatantra aljeriyaa pharkie.,san 1960 ko dashakamaa unii chalachitra nirdeshana sikaauna nayaan swatantra aljeriyaa pharkie.
"Japanese judoka Hitoshi Saito, winner of two Olympic gold medals, has died at the age of 54.",दुई ओलम्पिक स्वर्ण पदक विजेता जापानी जुडोका हितोसी साइटोको 54 वर्षको उमेरमा निधन भएको छ।,दुई ओलम्पिक स्वर्ण पदक विजेता जापानी जुडोका हितोसी साइटोको 54 वर्षको उमेरमा निधन भएको छ।,duii olampika swarna padaka wijetaa jaapaanii judokaa hitosii saaitoko 54 warshako umeramaa nidhana bhaeko chha.,duii olampika swarna padaka wijetaa jaapaanii judokaa hitosii saaitoko 54 warshako umeramaa nidhana bhaeko chha.
The cause of death was announced as intrahepatic bile duct cancer.,मृत्युको कारण इन्ट्राहेपेटिक पित्त नलीको क्यान्सर भएको घोषणा गरिएको थियो।,मृत्युको कारण इन्ट्राहेपेटिक पित्त नलीको क्यान्सर भएको घोषणा गरिएको थियो।,mrityuko kaarana intraahepetika pitta naliiko kyaansara bhaeko ghoshanaa garieko thiyo.,mrityuko kaarana intraahepetika pitta naliiko kyaansara bhaeko ghoshanaa garieko thiyo.
He died in Osaka on Tuesday.,मङ्गलबार ओसाकामा उनको मृत्यु भएको हो।,मङ्गलबार ओसाकामा उनको मृत्यु भएको हो।,manggalabaara osaakaamaa unako mrityu bhaeko ho.,manggalabaara osaakaamaa unako mrityu bhaeko ho.
"As well as a former Olympic and World champion, Saito was the All Japan Judo Federation training committee chairman at the time of his death.","पूर्व ओलम्पिक र विश्व च्याम्पियनका साथै, साइटो उनको मृत्युको समयमा अल जापान जुडो फेडेरेसन प्रशिक्षण समितिको अध्यक्ष थिए।","पूर्व ओलम्पिक र विश्व च्याम्पियनका साथै, साइटो उनको मृत्युको समयमा अल जापान जुडो फेडेरेसन प्रशिक्षण समितिको अध्यक्ष थिए।","puurwa olampika ra wishwa chyaampiyanakaa saathai, saaito unako mrityuko samayamaa ala jaapaana judo phederesana prashikshana samitiko adhyaksha thie.","puurwa olampika ra wishwa chyaampiyanakaa saathai, saaito unako mrityuko samayamaa ala jaapaana judo phederesana prashikshana samitiko adhyaksha thie."
"At least 100 people had attended the party, in order to celebrate the first anniversary of a couple whose wedding was held last year.",गत वर्ष विवाह गरेका दम्पतीको पहिलो वार्षिकोत्सव मनाउन कम्तिमा 100 जना सहभागी भएका थिए।,गत वर्ष विवाह गरेका दम्पतीको पहिलो वार्षिकोत्सव मनाउन कम्तिमा 100 जना सहभागी भएका थिए।,gata warsha wiwaaha garekaa dampatiiko pahilo waarshikotsawa manaauna kamtimaa 100 janaa sahabhaagii bhaekaa thie.,gata warsha wiwaaha garekaa dampatiiko pahilo waarshikotsawa manaauna kamtimaa 100 janaa sahabhaagii bhaekaa thie.
"A formal anniversary event was scheduled for a later date, officials said.","औपचारिक वार्षिकोत्सव कार्यक्रम पछि मितिमा तय गरिएको थियो, अधिकारीहरूले भने।","औपचारिक वार्षिकोत्सव कार्यक्रम पछि मितिमा तय गरिएको थियो, अधिकारीहरूले भने।","aupachaarika waarshikotsawa kaaryakrama pachhi mitimaa taya garieko thiyo, adhikaariiharuule bhane.","aupachaarika waarshikotsawa kaaryakrama pachhi mitimaa taya garieko thiyo, adhikaariiharuule bhane."
The couple had married in Texas one year ago and came to Buffalo to celebrate with friends and relatives.,यो जोडीले एक वर्षअघि टेक्सासमा विवाह गरेका थिए र साथी र आफन्तहरूसँग उत्सव मनाउन बफेलो आएका थिए।,यो जोडीले एक वर्षअघि टेक्सासमा विवाह गरेका थिए र साथी र आफन्तहरूसँग उत्सव मनाउन बफेलो आएका थिए।,yo jodiile eka warshaaghi teksaasamaa wiwaaha garekaa thie ra saathii ra aaphantaharuusnga utsawa manaauna baphelo aaekaa thie.,yo jodiile eka warshaaghi teksaasamaa wiwaaha garekaa thie ra saathii ra aaphantaharuusnga utsawa manaauna baphelo aaekaa thie.
"The 30-year-old husband, who was born in Buffalo, was one of the four killed in the shooting, but his wife was not hurt.","बफेलोमा जन्मेका 30 वर्षीय पति गोली हानामा मारिएका चारमध्ये एक थिए, तर उनकी श्रीमतीलाई चोट लागेको थिएन।","बफेलोमा जन्मेका 30 वर्षीय पति गोली हानामा मारिएका चारमध्ये एक थिए, तर उनकी श्रीमतीलाई चोट लागेको थिएन।","baphelomaa janmekaa 30 warshiiya pati golii haanaamaa maariekaa chaaramadhye eka thie, tara unakii shriimatiilaaii chota laageko thiena.","baphelomaa janmekaa 30 warshiiya pati golii haanaamaa maariekaa chaaramadhye eka thie, tara unakii shriimatiilaaii chota laageko thiena."
"Karno is a well-known but controversial English tutor who taught under Modern Education and King's Glory who claimed to have 9,000 students at the peak of his career.","कार्नो एक प्रसिद्ध तर विवादास्पद अङ्ग्रेजी शिक्षक हुन् जसले आधुनिक शिक्षा र राजाको महिमा अन्तर्गत पढाउँछन् जसले आफ्नो करियरको शिखरमा 9,000 विद्यार्थीहरू रहेको दाबी गरे।","कार्नो एक प्रसिद्ध तर विवादास्पद अङ्ग्रेजी शिक्षक हुन् जसले आधुनिक शिक्षा र राजाको महिमा अन्तर्गत पढाउँछन् जसले आफ्नो करियरको शिखरमा 9,000 विद्यार्थीहरू रहेको दाबी गरे।","kaarno eka prasiddha tara wiwaadaaspada anggrejii shikshaka hun jasale aadhunika shikshaa ra raajaako mahimaa antargata padhaaunchhan jasale aaphno kariyarako shikharamaa 9,000 widyaarthiiharuu raheko daabii gare.","kaarno eka prasiddha tara wiwaadaaspada anggrejii shikshaka hun jasale aadhunika shikshaa ra raajaako mahimaa antargata padhaaunchhan jasale aaphno kariyarako shikharamaa 9,000 widyaarthiiharuu raheko daabii gare."
"In his notes he used words which some parents considered coarse, and he reportedly used profanity in class.","आफ्ना नोटहरूमा उनले केही आमाबाबुले मोटा ठानेका शब्दहरू प्रयोग गरे, र उनले कथित रूपमा कक्षामा अपवित्रता प्रयोग गरे।","आफ्ना नोटहरूमा उनले केही आमाबाबुले मोटा ठानेका शब्दहरू प्रयोग गरे, र उनले कथित रूपमा कक्षामा अपवित्रता प्रयोग गरे।","aaphnaa notaharuumaa unale kehii aamaabaabule motaa thaanekaa shabdaharuu prayoga gare, ra unale kathita ruupamaa kakshaamaa apawitrataa prayoga gare.","aaphnaa notaharuumaa unale kehii aamaabaabule motaa thaanekaa shabdaharuu prayoga gare, ra unale kathita ruupamaa kakshaamaa apawitrataa prayoga gare."
Modern Education accused him of printing large advertisements on buses without authorisation and lying by saying that he was the chief English tutor.,आधुनिक शिक्षाले उनलाई अनुमति बिना बसहरूमा ठुला विज्ञापनहरू छापेको र आफू मुख्य अङ्ग्रेजी शिक्षक भएको भन्दै झुटो बोलेको आरोप लगायो।,आधुनिक शिक्षाले उनलाई अनुमति बिना बसहरूमा ठुला विज्ञापनहरू छापेको र आफू मुख्य अङ्ग्रेजी शिक्षक भएको भन्दै झुटो बोलेको आरोप लगायो।,aadhunika shikshaale unalaaii anumati binaa basaharuumaa thulaa wijnyaapanaharuu chhaapeko ra aaphuu mukhya anggrejii shikshaka bhaeko bhandai jhuto boleko aaropa lagaayo.,aadhunika shikshaale unalaaii anumati binaa basaharuumaa thulaa wijnyaapanaharuu chhaapeko ra aaphuu mukhya anggrejii shikshaka bhaeko bhandai jhuto boleko aaropa lagaayo.
"He has also been accused previously of copyright infringement, but was not charged.","उनीमाथि पहिले पनि प्रतिलिपि अधिकार उल्लङ्घनको आरोप लगाइएको थियो, तर आरोप लगाइएको थिएन।","उनीमाथि पहिले पनि प्रतिलिपि अधिकार उल्लङ्घनको आरोप लगाइएको थियो, तर आरोप लगाइएको थिएन।","uniimaathi pahile pani pratilipi adhikaara ullangghanako aaropa lagaaieko thiyo, tara aaropa lagaaieko thiena.","uniimaathi pahile pani pratilipi adhikaara ullangghanako aaropa lagaaieko thiyo, tara aaropa lagaaieko thiena."
"A former student said that he 'used slang in class, taught dating skills in notes, and was just like the students' friend.'","एकजना पूर्व विद्यार्थीले भने कि उनले'कक्षामा अशिष्ट भाषा प्रयोग गरे, नोटहरूमा डेटिङ कौशल सिके, र विद्यार्थीहरूको साथी जस्तै थिए।'","एकजना पूर्व विद्यार्थीले भने कि उनले'कक्षामा अशिष्ट भाषा प्रयोग गरे, नोटहरूमा डेटिङ कौशल सिके, र विद्यार्थीहरूको साथी जस्तै थिए।'","ekajanaa puurwa widyaarthiile bhane ki unale'kakshaamaa ashishta bhaashaa prayoga gare, notaharuumaa detinga kaushala sike, ra widyaarthiiharuuko saathii jastai thie.'","ekajanaa puurwa widyaarthiile bhane ki unale'kakshaamaa ashishta bhaashaa prayoga gare, notaharuumaa detinga kaushala sike, ra widyaarthiiharuuko saathii jastai thie.'"
"During the last three decades, despite officially remaining a communist state, China has developed a market economy.","विगत तीन दशकमा, आधिकारिक रूपमा कम्युनिस्ट राज्य भए तापनि, चीनले बजार अर्थतन्त्र विकास गरेको छ।","विगत तीन दशकमा, आधिकारिक रूपमा कम्युनिस्ट राज्य भए तापनि, चीनले बजार अर्थतन्त्र विकास गरेको छ।","wigata tiina dashakamaa, aadhikaarika ruupamaa kamyunista raajya bhae taapani, chiinale bajaara arthatantra wikaasa gareko chha.","wigata tiina dashakamaa, aadhikaarika ruupamaa kamyunista raajya bhae taapani, chiinale bajaara arthatantra wikaasa gareko chha."
The first economic reforms were made under the leadership of Deng Xiaoping.,पहिलो आर्थिक सुधार देङ सियाओपिङको नेतृत्वमा गरिएको थियो।,पहिलो आर्थिक सुधार देङ सियाओपिङको नेतृत्वमा गरिएको थियो।,pahilo aarthika sudhaara denga siyaaopingako netritwamaa garieko thiyo.,pahilo aarthika sudhaara denga siyaaopingako netritwamaa garieko thiyo.
"Since then, China's economic size has grown by 90 times.","त्यसबेलादेखि, चीनको आर्थिक आकार 90 गुणा बढेको छ।","त्यसबेलादेखि, चीनको आर्थिक आकार 90 गुणा बढेको छ।","tyasabelaadekhi, chiinako aarthika aakaara 90 gunaa badheko chha.","tyasabelaadekhi, chiinako aarthika aakaara 90 gunaa badheko chha."
"For the first time, last year China exported more cars than Germany and surpassed the United States as the biggest market for this industry.","पहिलो पटक, गत वर्ष चीनले जर्मनी भन्दा बढी कारहरू निर्यात गऱ्यो र यस उद्योगका लागि सबैभन्दा ठुलो बजारको रूपमा संयुक्त राज्य अमेरिकालाई उछिन्दै गयो।","पहिलो पटक, गत वर्ष चीनले जर्मनी भन्दा बढी कारहरू निर्यात गऱ्यो र यस उद्योगका लागि सबैभन्दा ठुलो बजारको रूपमा संयुक्त राज्य अमेरिकालाई उछिन्दै गयो।","pahilo pataka, gata warsha chiinale jarmanii bhandaa badhii kaaraharuu niryaata garyo ra yasa udyogakaa laagi sabaibhandaa thulo bajaarako ruupamaa snyukta raajya amerikaalaaii uchhindai gayo.","pahilo pataka, gata warsha chiinale jarmanii bhandaa badhii kaaraharuu niryaata garyo ra yasa udyogakaa laagi sabaibhandaa thulo bajaarako ruupamaa snyukta raajya amerikaalaaii uchhindai gayo."
China's GDP could be larger than the United States within two decades.,दुई दशकभित्र चिनको जीडीपी संयुक्त राज्य अमेरिकाभन्दा ठुलो हुन सक्छ।,दुई दशकभित्र चिनको जीडीपी संयुक्त राज्य अमेरिकाभन्दा ठुलो हुन सक्छ।,duii dashakabhitra chinako jiidiipii snyukta raajya amerikaabhandaa thulo huna sakchha.,duii dashakabhitra chinako jiidiipii snyukta raajya amerikaabhandaa thulo huna sakchha.
"Tropical Storm Danielle, fourth named storm of the 2010 Atlantic hurricane season, has formed in the eastern Atlantic Ocean.",2010 को एटलान्टिक आँधीको मौसमको चौथो नाम दिइएको उष्णकटिबन्धीय आँधी डेनियल पूर्वी एटलान्टिक महासागरमा बनेको छ।,2010 को एटलान्टिक आँधीको मौसमको चौथो नाम दिइएको उष्णकटिबन्धीय आँधी डेनियल पूर्वी एटलान्टिक महासागरमा बनेको छ।,2010 ko etalaantika aandhiiko mausamako chautho naama diieko ushnakatibandhiiya aandhii deniyala puurwii etalaantika mahaasaagaramaa baneko chha.,2010 ko etalaantika aandhiiko mausamako chautho naama diieko ushnakatibandhiiya aandhii deniyala puurwii etalaantika mahaasaagaramaa baneko chha.
"The storm, located approximately 3,000 miles from Miami, Florida, has maximum sustained winds of 40 mph (64 kph).","मियामी, फ्लोरिडाबाट लगभग 3,000 माइल टाढा अवस्थित आँधीमा अधिकतम 40 माइल प्रति घण्टा (64 किलोमिटर प्रति घण्टा) को निरन्तर हावा चल्छ।","मियामी, फ्लोरिडाबाट लगभग 3,000 माइल टाढा अवस्थित आँधीमा अधिकतम 40 माइल प्रति घण्टा (64 किलोमिटर प्रति घण्टा) को निरन्तर हावा चल्छ।","miyaamii, phloridaabaata lagabhaga 3,000 maaila taadhaa awasthita aandhiimaa adhikatama 40 maaila prati ghantaa (64 kilomitara prati ghantaa) ko nirantara haawaa chalchha.","miyaamii, phloridaabaata lagabhaga 3,000 maaila taadhaa awasthita aandhiimaa adhikatama 40 maaila prati ghantaa (64 kilomitara prati ghantaa) ko nirantara haawaa chalchha."
Scientists at the National Hurricane Center predict that Danielle will strengthen to a hurricane by Wednesday.,राष्ट्रिय आँधीबेहरी केन्द्रका वैज्ञानिकहरूले बुधबारसम्म ड्यानियल आँधीबेहरीमा बलियो हुने भविष्यवाणी गरेका छन्।,राष्ट्रिय आँधीबेहरी केन्द्रका वैज्ञानिकहरूले बुधबारसम्म ड्यानियल आँधीबेहरीमा बलियो हुने भविष्यवाणी गरेका छन्।,raashtriya aandhiibeharii kendrakaa waijnyaanikaharuule budhabaarasamma dyaaniyala aandhiibehariimaa baliyo hune bhawishyawaanii garekaa chhan.,raashtriya aandhiibeharii kendrakaa waijnyaanikaharuule budhabaarasamma dyaaniyala aandhiibehariimaa baliyo hune bhawishyawaanii garekaa chhan.
"As the storm is far from landfall, it remains difficult to assess potential impact to the United States or Caribbean.",आँधी ल्यान्डफलबाट टाढा भएकाले संयुक्त राज्य अमेरिका वा क्यारिबियनमा सम्भावित प्रभावको मूल्याङ्कन गर्न गाह्रो छ।,आँधी ल्यान्डफलबाट टाढा भएकाले संयुक्त राज्य अमेरिका वा क्यारिबियनमा सम्भावित प्रभावको मूल्याङ्कन गर्न गाह्रो छ।,aandhii lyaandaphalabaata taadhaa bhaekaale snyukta raajya amerikaa waa kyaaribiyanamaa sambhaawita prabhaawako muulyaangkana garna gaahro chha.,aandhii lyaandaphalabaata taadhaa bhaekaale snyukta raajya amerikaa waa kyaaribiyanamaa sambhaawita prabhaawako muulyaangkana garna gaahro chha.
"Born in the Croatian capital, Zagreb, Bobek gained fame while playing for Partizan Belgrade.",क्रोएसियाको राजधानी जाग्रेबमा जन्मेका बोबेकले पार्टिजान बेलग्रेडका लागि खेल्दा प्रसिद्धि प्राप्त गरे।,क्रोएसियाको राजधानी जाग्रेबमा जन्मेका बोबेकले पार्टिजान बेलग्रेडका लागि खेल्दा प्रसिद्धि प्राप्त गरे।,kroesiyaako raajadhaanii jaagrebamaa janmekaa bobekale paartijaana belagredakaa laagi kheldaa prasiddhi praapta gare.,kroesiyaako raajadhaanii jaagrebamaa janmekaa bobekale paartijaana belagredakaa laagi kheldaa prasiddhi praapta gare.
He joined them in 1945 and stayed until 1958.,उनी सन् 1945 मा उनीहरूसँग सामेल भए र सन् 1958 सम्म रहे।,उनी सन् 1945 मा उनीहरूसँग सामेल भए र सन् 1958 सम्म रहे।,unii san 1945 maa uniiharuusnga saamela bhae ra san 1958 samma rahe.,unii san 1945 maa uniiharuusnga saamela bhae ra san 1958 samma rahe.
"During his time with the team, he scored 403 goals in 468 appearances.","टोलीसँगको आफ्नो समयमा, उनले 468 उपस्थितिमा 403 गोल गरे।","टोलीसँगको आफ्नो समयमा, उनले 468 उपस्थितिमा 403 गोल गरे।","toliisngako aaphno samayamaa, unale 468 upasthitimaa 403 gola gare.","toliisngako aaphno samayamaa, unale 468 upasthitimaa 403 gola gare."
No one else has ever made more appearances or scored more goals for the club than Bobek.,बोबेकभन्दा क्लबका लागि अरू कसैले बढी उपस्थिति वा गोल गरेका छैनन्।,बोबेकभन्दा क्लबका लागि अरू कसैले बढी उपस्थिति वा गोल गरेका छैनन्।,bobekabhandaa klabakaa laagi aruu kasaile badhii upasthiti waa gola garekaa chhainan.,bobekabhandaa klabakaa laagi aruu kasaile badhii upasthiti waa gola garekaa chhainan.
In 1995 he was voted the best player in Partizan's history.,सन् 1995 मा उनलाई पार्टिजानको इतिहासमा उत्कृष्ट खेलाडीका रूपमा मतदान गरिएको थियो।,सन् 1995 मा उनलाई पार्टिजानको इतिहासमा उत्कृष्ट खेलाडीका रूपमा मतदान गरिएको थियो।,san 1995 maa unalaaii paartijaanako itihaasamaa utkrishta khelaadiikaa ruupamaa matadaana garieko thiyo.,san 1995 maa unalaaii paartijaanako itihaasamaa utkrishta khelaadiikaa ruupamaa matadaana garieko thiyo.
The celebrations started with a special show by the world-renowned group Cirque du Soleil.,विश्व प्रसिद्ध समूह सिर्क डु सोलीलको विशेष कार्यक्रमबाट उत्सवको सुरुवात भएको थियो।,विश्व प्रसिद्ध समूह सिर्क डु सोलीलको विशेष कार्यक्रमबाट उत्सवको सुरुवात भएको थियो।,wishwa prasiddha samuuha sirka du soliilako wishesha kaaryakramabaata utsawako suruwaata bhaeko thiyo.,wishwa prasiddha samuuha sirka du soliilako wishesha kaaryakramabaata utsawako suruwaata bhaeko thiyo.
"It was followed by the Istanbul State Symphony Orchestra, a Janissary band, and the singers Fatih Erkoç and Müslüm Gürses.","त्यसपछि इस्तानबुल स्टेट सिम्फनी अर्केस्ट्रा, एक जानिसरी ब्यान्ड, र गायकहरू फतिह एर्कोस र मुस्लुम गुरसेस थिए।","त्यसपछि इस्तानबुल स्टेट सिम्फनी अर्केस्ट्रा, एक जानिसरी ब्यान्ड, र गायकहरू फतिह एर्कोस र मुस्लुम गुरसेस थिए।","tyasapachhi istaanabula steta simphanii arkestraa, eka jaanisarii byaanda, ra gaayakaharuu phatiha erkosa ra musluma gurasesa thie.","tyasapachhi istaanabula steta simphanii arkestraa, eka jaanisarii byaanda, ra gaayakaharuu phatiha erkosa ra musluma gurasesa thie."
Then Whirling Dervishes took to the stage.,त्यसपछि घुम्ने दरवेशहरू मञ्चमा पुगे।,त्यसपछि घुम्ने दरवेशहरू मञ्चमा पुगे।,tyasapachhi ghumne daraweshaharuu manychamaa puge.,tyasapachhi ghumne daraweshaharuu manychamaa puge.
Turkish diva Sezen Aksu performed with the Italian tenor Alessandro Safina and Greek singer Haris Alexiou.,टर्कीकी दिवा सेजेन अक्सुले इटालियन टेनर एलेसान्ड्रो सफिना र ग्रिक गायक ह्यारिस अलेक्सिउसँग प्रस्तुति दिए।,टर्कीकी दिवा सेजेन अक्सुले इटालियन टेनर एलेसान्ड्रो सफिना र ग्रिक गायक ह्यारिस अलेक्सिउसँग प्रस्तुति दिए।,tarkiikii diwaa sejena aksule itaaliyana tenara elesaandro saphinaa ra grika gaayaka hyaarisa aleksiusnga prastuti die.,tarkiikii diwaa sejena aksule itaaliyana tenara elesaandro saphinaa ra grika gaayaka hyaarisa aleksiusnga prastuti die.
"To finish, Turkish dance group Fire of Anatolia performed the show ""Troy"".","अन्त्य गर्न, अनातोलियाको टर्की नृत्य समूह फायरले ""ट्रॉय"" कार्यक्रम प्रस्तुत गर्यो।","अन्त्य गर्न, अनातोलियाको टर्की नृत्य समूह फायरले ""ट्रॉय"" कार्यक्रम प्रस्तुत गर्यो।","antya garna, anaatoliyaako tarkii nritya samuuha phaayarale ""traoya"" kaaryakrama prastuta garyo.","antya garna, anaatoliyaako tarkii nritya samuuha phaayarale ""traoya"" kaaryakrama prastuta garyo."
"Peter Lenz, a 13-year-old motorcycle racer, has died after being involved in a crash at the Indianapolis Motor Speedway.",इन्डियानापोलिस मोटर स्पिडवेमा दुर्घटनामा परेपछि 13 वर्षीय मोटरसाइकल रेसर पिटर लेन्जको मृत्यु भएको छ।,इन्डियानापोलिस मोटर स्पिडवेमा दुर्घटनामा परेपछि 13 वर्षीय मोटरसाइकल रेसर पिटर लेन्जको मृत्यु भएको छ।,indiyaanaapolisa motara spidawemaa durghatanaamaa parepachhi 13 warshiiya motarasaaikala resara pitara lenjako mrityu bhaeko chha.,indiyaanaapolisa motara spidawemaa durghatanaamaa parepachhi 13 warshiiya motarasaaikala resara pitara lenjako mrityu bhaeko chha.
"While on his warm-up lap, Lenz fell off his bike, and was then struck by fellow racer Xavier Zayat.","आफ्नो वार्म-अप ल्यापमा हुँदा, लेन्ज आफ्नो बाइकबाट खस्यो, र त्यसपछि साथी रेसर जेवियर जायतले प्रहार गऱ्यो।","आफ्नो वार्म-अप ल्यापमा हुँदा, लेन्ज आफ्नो बाइकबाट खस्यो, र त्यसपछि साथी रेसर जेवियर जायतले प्रहार गऱ्यो।","aaphno waarma-apa lyaapamaa hundaa, lenja aaphno baaikabaata khasyo, ra tyasapachhi saathii resara jewiyara jaayatale prahaara garyo.","aaphno waarma-apa lyaapamaa hundaa, lenja aaphno baaikabaata khasyo, ra tyasapachhi saathii resara jewiyara jaayatale prahaara garyo."
He was immediately attended to by the on-track medical staff and transported to a local hospital where he later died.,उनलाई तुरुन्तै ट्र्याकमा रहेका मेडिकल स्टाफले उपचार गरे र स्थानीय अस्पतालमा लगे जहाँ पछि उनको मृत्यु भयो।,उनलाई तुरुन्तै ट्र्याकमा रहेका मेडिकल स्टाफले उपचार गरे र स्थानीय अस्पतालमा लगे जहाँ पछि उनको मृत्यु भयो।,unalaaii turuntai tryaakamaa rahekaa medikala staaphale upachaara gare ra sthaaniiya aspataalamaa lage jahaan pachhi unako mrityu bhayo.,unalaaii turuntai tryaakamaa rahekaa medikala staaphale upachaara gare ra sthaaniiya aspataalamaa lage jahaan pachhi unako mrityu bhayo.
Zayat was unhurt in the accident.,दुर्घटनामा जायतलाई कुनै चोट लागेको थिएन।,दुर्घटनामा जायतलाई कुनै चोट लागेको थिएन।,durghatanaamaa jaayatalaaii kunai chota laageko thiena.,durghatanaamaa jaayatalaaii kunai chota laageko thiena.
"Regarding the global financial situation, Zapatero continued by saying that ""the financial system is a part of the economy, a crucial part.","विश्वव्यापी वित्तीय अवस्थाको सन्दर्भमा, जापाटेरोले जारी राख्दै भने, ""वित्तीय प्रणाली अर्थतन्त्रको एउटा हिस्सा हो, एउटा महत्त्वपूर्ण हिस्सा हो।","विश्वव्यापी वित्तीय अवस्थाको सन्दर्भमा, जापाटेरोले जारी राख्दै भने, ""वित्तीय प्रणाली अर्थतन्त्रको एउटा हिस्सा हो, एउटा महत्त्वपूर्ण हिस्सा हो।","wishwawyaapii wittiiya awasthaako sandarbhamaa, jaapaaterole jaarii raakhdai bhane, ""wittiiya pranaalii arthatantrako eutaa hissaa ho, eutaa mahattwapuurna hissaa ho.","wishwawyaapii wittiiya awasthaako sandarbhamaa, jaapaaterole jaarii raakhdai bhane, ""wittiiya pranaalii arthatantrako eutaa hissaa ho, eutaa mahattwapuurna hissaa ho."
"We have a year-long financial crisis, which has had its most acute moment in the past two months, and I think now the financial markets are beginning to recover.""","हामीसँग एक वर्ष लामो वित्तीय सङ्कट छ, जुन विगत दुई महिनामा सबैभन्दा तीव्र क्षण भएको छ, र मलाई लाग्छ अब वित्तीय बजारहरू पुनः प्राप्त हुन थालेका छन्।","हामीसँग एक वर्ष लामो वित्तीय सङ्कट छ, जुन विगत दुई महिनामा सबैभन्दा तीव्र क्षण भएको छ, र मलाई लाग्छ अब वित्तीय बजारहरू पुनः प्राप्त हुन थालेका छन्।","haamiisnga eka warsha laamo wittiiya sangkata chha, juna wigata duii mahinaamaa sabaibhandaa tiiwra kshana bhaeko chha, ra malaaii laagchha aba wittiiya bajaaraharuu punh praapta huna thaalekaa chhan.","haamiisnga eka warsha laamo wittiiya sangkata chha, juna wigata duii mahinaamaa sabaibhandaa tiiwra kshana bhaeko chha, ra malaaii laagchha aba wittiiya bajaaraharuu punh praapta huna thaalekaa chhan."
"Last week, Naked News announced that it would dramatically increase its international language mandate to news reporting, with three new broadcasts.","गत हप्ता, नेकेड न्यूजले घोषणा गर्यो कि यसले तीन नयाँ प्रसारणका साथ समाचार रिपोर्टिङमा आफ्नो अन्तर्राष्ट्रिय भाषाको जनादेश नाटकीय रूपमा बढाउनेछ।","गत हप्ता, नेकेड न्यूजले घोषणा गर्यो कि यसले तीन नयाँ प्रसारणका साथ समाचार रिपोर्टिङमा आफ्नो अन्तर्राष्ट्रिय भाषाको जनादेश नाटकीय रूपमा बढाउनेछ।","gata haptaa, nekeda nyuujale ghoshanaa garyo ki yasale tiina nayaan prasaaranakaa saatha samaachaara riportingamaa aaphno antarraashtriya bhaashaako janaadesha naatakiiya ruupamaa badhaaunechha.","gata haptaa, nekeda nyuujale ghoshanaa garyo ki yasale tiina nayaan prasaaranakaa saatha samaachaara riportingamaa aaphno antarraashtriya bhaashaako janaadesha naatakiiya ruupamaa badhaaunechha."
"Already reporting in English and Japanese, the global organization is launching Spanish, Italian, and Korean-language programs, for television, the web, and mobile devices.","पहिले नै अङ्ग्रेजी र जापानीमा रिपोर्टिङ गर्दै, विश्वव्यापी संस्थाले टेलिभिजन, वेब र मोबाइल उपकरणहरूका लागि स्पेनिस, इटालियन र कोरियाली भाषाका कार्यक्रमहरू सुरु गरिरहेको छ।","पहिले नै अङ्ग्रेजी र जापानीमा रिपोर्टिङ गर्दै, विश्वव्यापी संस्थाले टेलिभिजन, वेब र मोबाइल उपकरणहरूका लागि स्पेनिस, इटालियन र कोरियाली भाषाका कार्यक्रमहरू सुरु गरिरहेको छ।","pahile nai anggrejii ra jaapaaniimaa riportinga gardai, wishwawyaapii snsthaale telibhijana, weba ra mobaaila upakaranaharuukaa laagi spenisa, itaaliyana ra koriyaalii bhaashaakaa kaaryakramaharuu suru gariraheko chha.","pahile nai anggrejii ra jaapaaniimaa riportinga gardai, wishwawyaapii snsthaale telibhijana, weba ra mobaaila upakaranaharuukaa laagi spenisa, itaaliyana ra koriyaalii bhaashaakaa kaaryakramaharuu suru gariraheko chha."
"""Luckily nothing happened to me, but I saw a macabre scene, as people tried to break windows in order to get out.","""भाग्यवस मलाई केही भएन, तर मैले एउटा भयानक दृश्य देखेँ, जब मानिसहरूले बाहिर निस्कनका लागि झ्याल तोड्ने प्रयास गरे।","""भाग्यवस मलाई केही भएन, तर मैले एउटा भयानक दृश्य देखेँ, जब मानिसहरूले बाहिर निस्कनका लागि झ्याल तोड्ने प्रयास गरे।","""bhaagyawasa malaaii kehii bhaena, tara maile eutaa bhayaanaka drishya dekhen, jaba maanisaharuule baahira niskanakaa laagi jhyaala todne prayaasa gare.","""bhaagyawasa malaaii kehii bhaena, tara maile eutaa bhayaanaka drishya dekhen, jaba maanisaharuule baahira niskanakaa laagi jhyaala todne prayaasa gare."
"People were hitting the panes with chairs, but the windows were unbreakable.","मानिसहरूले कुर्सीले प्यानलहरू हिर्काउँदै थिए, तर झ्यालहरू अटुट थिए।","मानिसहरूले कुर्सीले प्यानलहरू हिर्काउँदै थिए, तर झ्यालहरू अटुट थिए।","maanisaharuule kursiile pyaanalaharuu hirkaaundai thie, tara jhyaalaharuu atuta thie.","maanisaharuule kursiile pyaanalaharuu hirkaaundai thie, tara jhyaalaharuu atuta thie."
"One of the panes finally broke, and they started to get out by the window,"" said survivor Franciszek Kowal.","अन्ततः एउटा प्यानल भाँचिएको थियो र तिनीहरू झ्यालबाट बाहिर निस्कन थाले "", जीवित फ्रान्सिसजेक कोवालले भने।","अन्ततः एउटा प्यानल भाँचिएको थियो र तिनीहरू झ्यालबाट बाहिर निस्कन थाले "", जीवित फ्रान्सिसजेक कोवालले भने।","antath eutaa pyaanala bhaanchieko thiyo ra tiniiharuu jhyaalabaata baahira niskana thaale "", jiiwita phraansisajeka kowaalale bhane.","antath eutaa pyaanala bhaanchieko thiyo ra tiniiharuu jhyaalabaata baahira niskana thaale "", jiiwita phraansisajeka kowaalale bhane."
Stars give off light and heat because of the energy made when hydrogen atoms are merged (or fused) together to form heavier elements.,हाइड्रोजन परमाणुहरू एकसाथ मर्ज (वा फ्यूज) गरी भारी तत्त्वहरू बनाउन गर्दा बनेको ऊर्जाका कारण ताराहरूले प्रकाश र तातो छोड्छन्।,हाइड्रोजन परमाणुहरू एकसाथ मर्ज (वा फ्यूज) गरी भारी तत्त्वहरू बनाउन गर्दा बनेको ऊर्जाका कारण ताराहरूले प्रकाश र तातो छोड्छन्।,haaidrojana paramaanuharuu ekasaatha marja (waa phyuuja) garii bhaarii tattwaharuu banaauna gardaa baneko uurjaakaa kaarana taaraaharuule prakaasha ra taato chhodchhan.,haaidrojana paramaanuharuu ekasaatha marja (waa phyuuja) garii bhaarii tattwaharuu banaauna gardaa baneko uurjaakaa kaarana taaraaharuule prakaasha ra taato chhodchhan.
Scientists are working to create a reactor that can make energy in the same way.,वैज्ञानिकहरूले त्यसै तरिकाले ऊर्जा बनाउन सक्ने रिएक्टर सिर्जना गर्ने काम गरिरहेका छन्।,वैज्ञानिकहरूले त्यसै तरिकाले ऊर्जा बनाउन सक्ने रिएक्टर सिर्जना गर्ने काम गरिरहेका छन्।,waijnyaanikaharuule tyasai tarikaale uurjaa banaauna sakne riektara sirjanaa garne kaama garirahekaa chhan.,waijnyaanikaharuule tyasai tarikaale uurjaa banaauna sakne riektara sirjanaa garne kaama garirahekaa chhan.
"This, however, is a very hard problem to solve and will take many years before we see useful fusion reactors built.","यद्यपि, यो समाधान गर्न धेरै गाह्रो समस्या हो र हामीले उपयोगी फ्यूजन रिएक्टरहरू निर्माण गरेको देख्नु अघि धेरै वर्ष लाग्नेछ।","यद्यपि, यो समाधान गर्न धेरै गाह्रो समस्या हो र हामीले उपयोगी फ्यूजन रिएक्टरहरू निर्माण गरेको देख्नु अघि धेरै वर्ष लाग्नेछ।","yadyapi, yo samaadhaana garna dherai gaahro samasyaa ho ra haamiile upayogii phyuujana riektaraharuu nirmaana gareko dekhnu aghi dherai warsha laagnechha.","yadyapi, yo samaadhaana garna dherai gaahro samasyaa ho ra haamiile upayogii phyuujana riektaraharuu nirmaana gareko dekhnu aghi dherai warsha laagnechha."
The steel needle floats on top of the water because of surface tension.,सतहको तनावका कारण स्टिलको सुई पानीको माथि तैर्छ।,सतहको तनावका कारण स्टिलको सुई पानीको माथि तैर्छ।,satahako tanaawakaa kaarana stilako suii paaniiko maathi tairchha.,satahako tanaawakaa kaarana stilako suii paaniiko maathi tairchha.
Surface tension happens because the water molecules at the surface of the water are strongly attracted to each other more than they are to the air molecules above them.,सतहको तनाव हुन्छ किनभने पानीको सतहमा रहेका पानीको अणुहरू एकअर्कामा माथिको हावाको अणुहरूभन्दा बढी आकर्षित हुन्छन्।,सतहको तनाव हुन्छ किनभने पानीको सतहमा रहेका पानीको अणुहरू एकअर्कामा माथिको हावाको अणुहरूभन्दा बढी आकर्षित हुन्छन्।,satahako tanaawa hunchha kinabhane paaniiko satahamaa rahekaa paaniiko anuharuu ekaarkaamaa maathiko haawaako anuharuubhandaa badhii aakarshita hunchhan.,satahako tanaawa hunchha kinabhane paaniiko satahamaa rahekaa paaniiko anuharuu ekaarkaamaa maathiko haawaako anuharuubhandaa badhii aakarshita hunchhan.
The water molecules make an invisible skin on the water’s surface that allows things like the needle to float on top of the water.,पानीको अणुहरूले पानीको सतहमा अदृश्य छाला बनाउँछ जसले सुई जस्ता चीजहरूलाई पानीको माथि तैरन दिन्छ।,पानीको अणुहरूले पानीको सतहमा अदृश्य छाला बनाउँछ जसले सुई जस्ता चीजहरूलाई पानीको माथि तैरन दिन्छ।,paaniiko anuharuule paaniiko satahamaa adrishya chhaalaa banaaunchha jasale suii jastaa chiijaharuulaaii paaniiko maathi tairana dinchha.,paaniiko anuharuule paaniiko satahamaa adrishya chhaalaa banaaunchha jasale suii jastaa chiijaharuulaaii paaniiko maathi tairana dinchha.
"The blade on a modern ice skate has a double edge with a concave hollow between them. The two edges allow for a better grasp of the ice, even when tilted.","आधुनिक आइस स्केटमा रहेको ब्लेडको दोहोरो किनारा हुन्छ र तिनीहरू बिचमा अवतल खोखला हुन्छ। दुई किनाराहरूले बरफलाई राम्रोसँग बुझ्न अनुमति दिन्छ, झुकेको बेला पनि।","आधुनिक आइस स्केटमा रहेको ब्लेडको दोहोरो किनारा हुन्छ र तिनीहरू बिचमा अवतल खोखला हुन्छ। दुई किनाराहरूले बरफलाई राम्रोसँग बुझ्न अनुमति दिन्छ, झुकेको बेला पनि।","aadhunika aaisa sketamaa raheko bledako dohoro kinaaraa hunchha ra tiniiharuu bichamaa awatala khokhalaa hunchha. duii kinaaraaharuule baraphalaaii raamrosnga bujhna anumati dinchha, jhukeko belaa pani.","aadhunika aaisa sketamaa raheko bledako dohoro kinaaraa hunchha ra tiniiharuu bichamaa awatala khokhalaa hunchha. duii kinaaraaharuule baraphalaaii raamrosnga bujhna anumati dinchha, jhukeko belaa pani."
"Because the bottom of the blade is slightly curved, as the blade tilts to one side or the other, the edge which is in contact with the ice also curves.","किनभने ब्लेडको तल अलिक घुमाउरो छ, ब्लेड एक वा अर्कोतिर झुकेको छ, बरफको सम्पर्कमा रहेको किनारा पनि बक्र हुन्छ।","किनभने ब्लेडको तल अलिक घुमाउरो छ, ब्लेड एक वा अर्कोतिर झुकेको छ, बरफको सम्पर्कमा रहेको किनारा पनि बक्र हुन्छ।","kinabhane bledako tala alika ghumaauro chha, bleda eka waa arkotira jhukeko chha, baraphako samparkamaa raheko kinaaraa pani bakra hunchha.","kinabhane bledako tala alika ghumaauro chha, bleda eka waa arkotira jhukeko chha, baraphako samparkamaa raheko kinaaraa pani bakra hunchha."
"This causes the skater to turn. If the skates tilt to the right, the skater turns right, if the skates tilt to the left, the skater turns left.","यसले स्केटरलाई घुमाउँछ। यदि स्केट्स दायाँतिर झुकेको छ भने स्केटर दायाँतिर घुम्छ, यदि स्केट्स बायाँतिर झुकेको छ भने स्केटर बायाँतिर घुम्छ।","यसले स्केटरलाई घुमाउँछ। यदि स्केट्स दायाँतिर झुकेको छ भने स्केटर दायाँतिर घुम्छ, यदि स्केट्स बायाँतिर झुकेको छ भने स्केटर बायाँतिर घुम्छ।","yasale sketaralaaii ghumaaunchha. yadi sketsa daayaantira jhukeko chha bhane sketara daayaantira ghumchha, yadi sketsa baayaantira jhukeko chha bhane sketara baayaantira ghumchha.","yasale sketaralaaii ghumaaunchha. yadi sketsa daayaantira jhukeko chha bhane sketara daayaantira ghumchha, yadi sketsa baayaantira jhukeko chha bhane sketara baayaantira ghumchha."
"To return to their previous energy level, they must get rid of the extra energy they got from the light.","आफ्नो अघिल्लो ऊर्जाको स्तरमा फर्कन, तिनीहरूले प्रकाशबाट प्राप्त अतिरिक्त ऊर्जादेखि छुटकारा पाउनुपर्छ।","आफ्नो अघिल्लो ऊर्जाको स्तरमा फर्कन, तिनीहरूले प्रकाशबाट प्राप्त अतिरिक्त ऊर्जादेखि छुटकारा पाउनुपर्छ।","aaphno aghillo uurjaako staramaa pharkana, tiniiharuule prakaashabaata praapta atirikta uurjaadekhi chhutakaaraa paaunuparchha.","aaphno aghillo uurjaako staramaa pharkana, tiniiharuule prakaashabaata praapta atirikta uurjaadekhi chhutakaaraa paaunuparchha."
"They do this by emitting a tiny particle of light called a ""photon"".","तिनीहरूले ""फोटोन"" भनिने प्रकाशको सानो कण उत्सर्जित गरेर यो गर्छन्।","तिनीहरूले ""फोटोन"" भनिने प्रकाशको सानो कण उत्सर्जित गरेर यो गर्छन्।","tiniiharuule ""photona"" bhanine prakaashako saano kana utsarjita garera yo garchhan.","tiniiharuule ""photona"" bhanine prakaashako saano kana utsarjita garera yo garchhan."
"Scientists call this process ""stimulated emission of radiation"" because the atoms are stimulated by the bright light, causing the emission of a photon of light, and light is a type of radiation.","वैज्ञानिकहरूले यस प्रक्रियालाई ""विकिरणको उत्तेजित उत्सर्जन"" भन्छन् किनभने परमाणुहरू उज्यालो प्रकाशद्वारा उत्तेजित हुन्छन्, जसले प्रकाशको फोटोनको उत्सर्जन निम्त्याउँछ, र प्रकाश एक प्रकारको विकिरण हो।","वैज्ञानिकहरूले यस प्रक्रियालाई ""विकिरणको उत्तेजित उत्सर्जन"" भन्छन् किनभने परमाणुहरू उज्यालो प्रकाशद्वारा उत्तेजित हुन्छन्, जसले प्रकाशको फोटोनको उत्सर्जन निम्त्याउँछ, र प्रकाश एक प्रकारको विकिरण हो।","waijnyaanikaharuule yasa prakriyaalaaii ""wikiranako uttejita utsarjana"" bhanchhan kinabhane paramaanuharuu ujyaalo prakaashadwaaraa uttejita hunchhan, jasale prakaashako photonako utsarjana nimtyaaunchha, ra prakaasha eka prakaarako wikirana ho.","waijnyaanikaharuule yasa prakriyaalaaii ""wikiranako uttejita utsarjana"" bhanchhan kinabhane paramaanuharuu ujyaalo prakaashadwaaraa uttejita hunchhan, jasale prakaashako photonako utsarjana nimtyaaunchha, ra prakaasha eka prakaarako wikirana ho."
"The next picture shows the atoms emitting photons. Of course, in reality photons are a lot smaller than those in the picture.","अर्को तस्विरले फोटोनहरू उत्सर्जन गर्ने परमाणुहरू देखाउँछ। निस्सन्देह, वास्तवमा फोटोनहरू तस्विरमा भएका भन्दा धेरै साना हुन्छन्।","अर्को तस्विरले फोटोनहरू उत्सर्जन गर्ने परमाणुहरू देखाउँछ। निस्सन्देह, वास्तवमा फोटोनहरू तस्विरमा भएका भन्दा धेरै साना हुन्छन्।","arko taswirale photonaharuu utsarjana garne paramaanuharuu dekhaaunchha. nissandeha, waastawamaa photonaharuu taswiramaa bhaekaa bhandaa dherai saanaa hunchhan.","arko taswirale photonaharuu utsarjana garne paramaanuharuu dekhaaunchha. nissandeha, waastawamaa photonaharuu taswiramaa bhaekaa bhandaa dherai saanaa hunchhan."
Photons are even smaller than the stuff that makes up atoms!,फोटोनहरू परमाणुहरू बनाउने सामग्रीहरूभन्दा पनि साना हुन्छन्!,फोटोनहरू परमाणुहरू बनाउने सामग्रीहरूभन्दा पनि साना हुन्छन्!,photonaharuu paramaanuharuu banaaune saamagriiharuubhandaa pani saanaa hunchhan!,photonaharuu paramaanuharuu banaaune saamagriiharuubhandaa pani saanaa hunchhan!
After hundreds of hours of operation the filament in the bulb eventually burns out and the light bulb no longer works.,सयौँ घण्टाको सञ्चालनपछि बल्बको फिलामेन्ट अन्ततः जलेको हुन्छ र लाइट बल्बले अब काम गर्दैन।,सयौँ घण्टाको सञ्चालनपछि बल्बको फिलामेन्ट अन्ततः जलेको हुन्छ र लाइट बल्बले अब काम गर्दैन।,sayaun ghantaako sanychaalanapachhi balbako philaamenta antath jaleko hunchha ra laaita balbale aba kaama gardaina.,sayaun ghantaako sanychaalanapachhi balbako philaamenta antath jaleko hunchha ra laaita balbale aba kaama gardaina.
The light bulb then needs replacing. It is necessary to be careful in replacing the light bulb.,त्यसपछि बत्तीको बल्ब बदल्न आवश्यक छ। बत्तीको बल्ब बदल्दा सावधान हुनु आवश्यक छ।,त्यसपछि बत्तीको बल्ब बदल्न आवश्यक छ। बत्तीको बल्ब बदल्दा सावधान हुनु आवश्यक छ।,tyasapachhi battiiko balba badalna aawashyaka chha. battiiko balba badaldaa saawadhaana hunu aawashyaka chha.,tyasapachhi battiiko balba badalna aawashyaka chha. battiiko balba badaldaa saawadhaana hunu aawashyaka chha.
"First, the switch for the light fixture needs to be turned off or the cable disconnected.","पहिले, लाइट फिक्स्चरका लागि स्विच बन्द गर्न वा केबल डिस्कनेक्ट गर्न आवश्यक छ।","पहिले, लाइट फिक्स्चरका लागि स्विच बन्द गर्न वा केबल डिस्कनेक्ट गर्न आवश्यक छ।","pahile, laaita phikscharakaa laagi swicha banda garna waa kebala diskanekta garna aawashyaka chha.","pahile, laaita phikscharakaa laagi swicha banda garna waa kebala diskanekta garna aawashyaka chha."
This is because electricity flowing into the socket where the metallic part of bulb sits can give you a severe electric shock if you touch the inside of the socket or the metal base of the bulb while it is still partly in the socket.,"यसको कारण भनेको, यदि तपाईँ सकेटको भित्री भाग वा बल्बको धातुको आधारलाई छोउनुहुन्छ भने, जब यो आंशिक रूपमा सकेटमा हुन्छ, त्यहाँ सकेटमा बग्ने बिजुलीले तपाईँलाई गम्भीर बिजुलीको झटका दिन सक्छ।","यसको कारण भनेको, यदि तिमी सकेटको भित्री भाग वा बल्बको धातुको आधारलाई छोउनुहुन्छ भने, जब यो आंशिक रूपमा सकेटमा हुन्छ, त्यहाँ सकेटमा बग्ने बिजुलीले तिमीलाई गम्भीर बिजुलीको झटका दिन सक्छ।","yasako kaarana bhaneko, yadi tapaaiin saketako bhitrii bhaaga waa balbako dhaatuko aadhaaralaaii chhounuhunchha bhane, jaba yo aanshika ruupamaa saketamaa hunchha, tyahaan saketamaa bagne bijuliile tapaaiinlaaii gambhiira bijuliiko jhatakaa dina sakchha.","yasako kaarana bhaneko, yadi timii saketako bhitrii bhaaga waa balbako dhaatuko aadhaaralaaii chhounuhunchha bhane, jaba yo aanshika ruupamaa saketamaa hunchha, tyahaan saketamaa bagne bijuliile timiilaaii gambhiira bijuliiko jhatakaa dina sakchha."
"The major organ of the circulatory system is the heart, which pumps the blood.","परिसंचरण प्रणालीको प्रमुख अङ्ग मुटु हो, जसले रगत पम्प गर्दछ।","परिसंचरण प्रणालीको प्रमुख अङ्ग मुटु हो, जसले रगत पम्प गर्दछ।","parisncharana pranaaliiko pramukha angga mutu ho, jasale ragata pampa gardachha.","parisncharana pranaaliiko pramukha angga mutu ho, jasale ragata pampa gardachha."
Blood goes away from the heart in tubes called arteries and comes back to the heart in tubes called veins. The smallest tubes are called capillaries.,धमनी भनिने ट्युबहरूमा रगत मुटुबाट टाढा जान्छ र शिराहरू भनिने ट्युबहरूमा मुटुमा फर्कन्छ। सबैभन्दा साना ट्युबहरूलाई केशिका भनिन्छ।,धमनी भनिने ट्युबहरूमा रगत मुटुबाट टाढा जान्छ र शिराहरू भनिने ट्युबहरूमा मुटुमा फर्कन्छ। सबैभन्दा साना ट्युबहरूलाई केशिका भनिन्छ।,dhamanii bhanine tyubaharuumaa ragata mutubaata taadhaa jaanchha ra shiraaharuu bhanine tyubaharuumaa mutumaa pharkanchha. sabaibhandaa saanaa tyubaharuulaaii keshikaa bhaninchha.,dhamanii bhanine tyubaharuumaa ragata mutubaata taadhaa jaanchha ra shiraaharuu bhanine tyubaharuumaa mutumaa pharkanchha. sabaibhandaa saanaa tyubaharuulaaii keshikaa bhaninchha.
A triceratops' teeth would have been able to crush not only leaves but even very tough branches and roots.,ट्राइसेराटप्सको दाँतले पात मात्र नभई धेरै कडा शाखा र जरा पनि काट्न सक्थ्यो।,ट्राइसेराटप्सको दाँतले पात मात्र नभई धेरै कडा शाखा र जरा पनि काट्न सक्थ्यो।,traaiseraatapsako daantale paata maatra nabhaii dherai kadaa shaakhaa ra jaraa pani kaatna sakthyo.,traaiseraatapsako daantale paata maatra nabhaii dherai kadaa shaakhaa ra jaraa pani kaatna sakthyo.
"Some scientists think Triceratops ate cycads, which are a type of plant that was common in the Cretaceous.","केही वैज्ञानिकहरू ट्राइसेराटोप्सले साइकाडहरू खाए भन्ने सोच्छन्, जुन एक प्रकारको बोट हो जुन क्रेटेशियसमा सामान्य थियो।","केही वैज्ञानिकहरू ट्राइसेराटोप्सले साइकाडहरू खाए भन्ने सोच्छन्, जुन एक प्रकारको बोट हो जुन क्रेटेशियसमा सामान्य थियो।","kehii waijnyaanikaharuu traaiseraatopsale saaikaadaharuu khaae bhanne sochchhan, juna eka prakaarako bota ho juna kreteshiyasamaa saamaanya thiyo.","kehii waijnyaanikaharuu traaiseraatopsale saaikaadaharuu khaae bhanne sochchhan, juna eka prakaarako bota ho juna kreteshiyasamaa saamaanya thiyo."
"These plants look like a small palm tree with a crown of sharp, spiky leaves.","यी बिरुवाहरू तीखो, तीखो पातको मुकुट भएको सानो तालको रूख जस्तै देखिन्छन्।","यी बिरुवाहरू तीखो, तीखो पातको मुकुट भएको सानो तालको रूख जस्तै देखिन्छन्।","yii biruwaaharuu tiikho, tiikho paatako mukuta bhaeko saano taalako ruukha jastai dekhinchhan.","yii biruwaaharuu tiikho, tiikho paatako mukuta bhaeko saano taalako ruukha jastai dekhinchhan."
A Triceratops could have used its strong beak to strip off the leaves before eating the trunk.,ट्राइसेराटप्सले ट्रङ्क खानअघि पातहरू हटाउन यसको बलियो चुचुरो प्रयोग गर्न सक्थ्यो।,ट्राइसेराटप्सले ट्रङ्क खानअघि पातहरू हटाउन यसको बलियो चुचुरो प्रयोग गर्न सक्थ्यो।,traaiseraatapsale trangka khaanaaghi paataharuu hataauna yasako baliyo chuchuro prayoga garna sakthyo.,traaiseraatapsale trangka khaanaaghi paataharuu hataauna yasako baliyo chuchuro prayoga garna sakthyo.
"Other scientists argue that these plants are very poisonous so it is unlikely that any dinosaur ate them, even though today the sloth and other animals like the parrot (a descendant of the dinosaurs) can eat poisonous leaves or fruit.","अन्य वैज्ञानिकहरू तर्क गर्छन् कि यी बोटबिरुवाहरू धेरै विषाक्त छन् त्यसैले कुनै पनि डायनासोरले तिनीहरूलाई खान सक्ने सम्भावना छैन, यद्यपि आज सुस्ती र अन्य जनावरहरू जस्तै तोते (डायनासोरको वंशज) ले विषाक्त पात वा फल खान सक्छ।","अन्य वैज्ञानिकहरू तर्क गर्छन् कि यी बोटबिरुवाहरू धेरै विषाक्त छन् त्यसैले कुनै पनि डायनासोरले तिनीहरूलाई खान सक्ने सम्भावना छैन, यद्यपि आज सुस्ती र अन्य जनावरहरू जस्तै तोते (डायनासोरको वंशज) ले विषाक्त पात वा फल खान सक्छ।","anya waijnyaanikaharuu tarka garchhan ki yii botabiruwaaharuu dherai wishaakta chhan tyasaile kunai pani daayanaasorale tiniiharuulaaii khaana sakne sambhaawanaa chhaina, yadyapi aaja sustii ra anya janaawaraharuu jastai tote (daayanaasorako wnshaja) le wishaakta paata waa phala khaana sakchha.","anya waijnyaanikaharuu tarka garchhan ki yii botabiruwaaharuu dherai wishaakta chhan tyasaile kunai pani daayanaasorale tiniiharuulaaii khaana sakne sambhaawanaa chhaina, yadyapi aaja sustii ra anya janaawaraharuu jastai tote (daayanaasorako wnshaja) le wishaakta paata waa phala khaana sakchha."
"How would Io's gravity pull on me? If you stood on the surface of Io, you would weigh less than you do on Earth.","आइओको गुरुत्वाकर्षणले मलाई कसरी तान्छ? यदि तपाईँ आइओको सतहमा उभिउनुभयो भने, तपाईँको तौल पृथ्वीमा भन्दा कम हुने थियो।","आइओको गुरुत्वाकर्षणले मलाई कसरी तान्छ? यदि तिमी आइओको सतहमा उभिउनुभयो भने, तिमीको तौल पृथ्वीमा भन्दा कम हुने थियो।","aaioko gurutwaakarshanale malaaii kasarii taanchha? yadi tapaaiin aaioko satahamaa ubhiunubhayo bhane, tapaaiinko taula prithwiimaa bhandaa kama hune thiyo.","aaioko gurutwaakarshanale malaaii kasarii taanchha? yadi timii aaioko satahamaa ubhiunubhayo bhane, timiiko taula prithwiimaa bhandaa kama hune thiyo."
"A person who weighs 200 pounds (90kg) on Earth would weigh about 36 pounds (16kg) on Io. So the gravity, of course, pulls less on you.","पृथ्वीमा 200 पाउन्ड (90 किलोग्राम) तौल भएको व्यक्तिको आइओमा लगभग 36 पाउन्ड (16 किलोग्राम) तौल हुनेछ। त्यसैले गुरुत्वाकर्षण, निस्सन्देह, तपाईँलाई कम तान्छ।","पृथ्वीमा 200 पाउन्ड (90 किलोग्राम) तौल भएको व्यक्तिको आइओमा लगभग 36 पाउन्ड (16 किलोग्राम) तौल हुनेछ। त्यसैले गुरुत्वाकर्षण, निस्सन्देह, तिमीलाई कम तान्छ।","prithwiimaa 200 paaunda (90 kilograama) taula bhaeko wyaktiko aaiomaa lagabhaga 36 paaunda (16 kilograama) taula hunechha. tyasaile gurutwaakarshana, nissandeha, tapaaiinlaaii kama taanchha.","prithwiimaa 200 paaunda (90 kilograama) taula bhaeko wyaktiko aaiomaa lagabhaga 36 paaunda (16 kilograama) taula hunechha. tyasaile gurutwaakarshana, nissandeha, timiilaaii kama taanchha."
"The Sun doesn't have a crust like the Earth that you can stand on. The whole Sun is made out of gases, fire, and plasma.","सूर्यसँग पृथ्वी जस्तो क्रस्ट छैन जसमा तपाईँ खडा हुन सक्नुहुन्छ। सम्पूर्ण सूर्य ग्याँस, आगो र प्लाज्माबाट बनेको छ।","सूर्यसँग पृथ्वी जस्तो क्रस्ट छैन जसमा तिमी खडा हुन सक्छौ। सम्पूर्ण सूर्य ग्याँस, आगो र प्लाज्माबाट बनेको छ।","suuryasnga prithwii jasto krasta chhaina jasamaa tapaaiin khadaa huna saknuhunchha. sampuurna suurya gyaansa, aago ra plaajmaabaata baneko chha.","suuryasnga prithwii jasto krasta chhaina jasamaa timii khadaa huna sakchhau. sampuurna suurya gyaansa, aago ra plaajmaabaata baneko chha."
The gas becomes thinner as you go farther from the center of the Sun.,सूर्यको केन्द्रबाट टाढा जाँदा ग्यास पातलो हुन्छ।,सूर्यको केन्द्रबाट टाढा जाँदा ग्यास पातलो हुन्छ।,suuryako kendrabaata taadhaa jaandaa gyaasa paatalo hunchha.,suuryako kendrabaata taadhaa jaandaa gyaasa paatalo hunchha.
"The outer-part we see when we look at the Sun is called the photosphere, which means ""ball of light"".","सूर्यलाई हेर्दा हामीले देख्ने बाहिरी भागलाई फोटोस्फियर भनिन्छ, जसको अर्थ ""प्रकाशको बल"" हो।","सूर्यलाई हेर्दा हामीले देख्ने बाहिरी भागलाई फोटोस्फियर भनिन्छ, जसको अर्थ ""प्रकाशको बल"" हो।","suuryalaaii herdaa haamiile dekhne baahirii bhaagalaaii photosphiyara bhaninchha, jasako artha ""prakaashako bala"" ho.","suuryalaaii herdaa haamiile dekhne baahirii bhaagalaaii photosphiyara bhaninchha, jasako artha ""prakaashako bala"" ho."
"About three thousand years later, in 1610, Italian astronomer Galileo Galilei used a telescope to observe that Venus has phases, just as the moon does.","करिब तीन हजार वर्षपछि, सन् 1610 मा, इटालियन खगोलशास्त्री ग्यालिलियो ग्यालिलीले चन्द्रमाले जस्तै शुक्रको पनि चरणहरू छन् भनेर अवलोकन गर्न टेलिस्कोप प्रयोग गरे।","करिब तीन हजार वर्षपछि, सन् 1610 मा, इटालियन खगोलशास्त्री ग्यालिलियो ग्यालिलीले चन्द्रमाले जस्तै शुक्रको पनि चरणहरू छन् भनेर अवलोकन गर्न टेलिस्कोप प्रयोग गरे।","kariba tiina hajaara warshapachhi, san 1610 maa, itaaliyana khagolashaastrii gyaaliliyo gyaaliliile chandramaale jastai shukrako pani charanaharuu chhan bhanera awalokana garna teliskopa prayoga gare.","kariba tiina hajaara warshapachhi, san 1610 maa, itaaliyana khagolashaastrii gyaaliliyo gyaaliliile chandramaale jastai shukrako pani charanaharuu chhan bhanera awalokana garna teliskopa prayoga gare."
Phases happen because only the side of Venus (or of the Moon) facing the Sun is lighted. The phases of Venus supported the theory of Copernicus that the planets go around the Sun.,चरणहरू हुन्छन् किनभने सूर्यको अनुहारमा रहेको शुक्र (वा चन्द्रमाको) को छेउ मात्र उज्यालो हुन्छ। शुक्रको चरणहरूले कोपर्निकसको सिद्धान्तलाई समर्थन गर्दछ कि ग्रहहरू सूर्यको वरिपरि घुम्छन्।,चरणहरू हुन्छन् किनभने सूर्यको अनुहारमा रहेको शुक्र (वा चन्द्रमाको) को छेउ मात्र उज्यालो हुन्छ। शुक्रको चरणहरूले कोपर्निकसको सिद्धान्तलाई समर्थन गर्दछ कि ग्रहहरू सूर्यको वरिपरि घुम्छन्।,charanaharuu hunchhan kinabhane suuryako anuhaaramaa raheko shukra (waa chandramaako) ko chheu maatra ujyaalo hunchha. shukrako charanaharuule koparnikasako siddhaantalaaii samarthana gardachha ki grahaharuu suuryako waripari ghumchhan.,charanaharuu hunchhan kinabhane suuryako anuhaaramaa raheko shukra (waa chandramaako) ko chheu maatra ujyaalo hunchha. shukrako charanaharuule koparnikasako siddhaantalaaii samarthana gardachha ki grahaharuu suuryako waripari ghumchhan.
"Then, a few years later in 1639, an English astronomer named Jeremiah Horrocks observed a transit of Venus.","त्यसपछि, केही वर्षपछि सन् 1639 मा, यर्मिया होर्रक्स नामक एकजना अङ्ग्रेजी खगोलशास्त्रीले शुक्रको पारगमन अवलोकन गरे।","त्यसपछि, केही वर्षपछि सन् 1639 मा, यर्मिया होर्रक्स नामक एकजना अङ्ग्रेजी खगोलशास्त्रीले शुक्रको पारगमन अवलोकन गरे।","tyasapachhi, kehii warshapachhi san 1639 maa, yarmiyaa horraksa naamaka ekajanaa anggrejii khagolashaastriile shukrako paaragamana awalokana gare.","tyasapachhi, kehii warshapachhi san 1639 maa, yarmiyaa horraksa naamaka ekajanaa anggrejii khagolashaastriile shukrako paaragamana awalokana gare."
England had experienced a long period of peace after the reconquest of the Danelaw.,डेनलाको पुनः विजयपछि इङ्गल्यान्डले लामो समयसम्म शान्तिको अनुभव गरेको थियो।,डेनलाको पुनः विजयपछि इङ्गल्यान्डले लामो समयसम्म शान्तिको अनुभव गरेको थियो।,denalaako punh wijayapachhi inggalyaandale laamo samayasamma shaantiko anubhawa gareko thiyo.,denalaako punh wijayapachhi inggalyaandale laamo samayasamma shaantiko anubhawa gareko thiyo.
However in 991 Ethelred was faced with a Viking fleet larger than any since Guthrum's a century earlier.,यद्यपि 991 मा एथेल्रेडले गुथ्रमको एक शताब्दी पहिलेदेखि कुनै पनि भन्दा ठूलो भाइकिङ फ्लीटको सामना गर्नुपरेको थियो।,यद्यपि 991 मा एथेल्रेडले गुथ्रमको एक शताब्दी पहिलेदेखि कुनै पनि भन्दा ठूलो भाइकिङ फ्लीटको सामना गर्नुपरेको थियो।,yadyapi 991 maa ethelredale guthramako eka shataabdii pahiledekhi kunai pani bhandaa thuulo bhaaikinga phliitako saamanaa garnupareko thiyo.,yadyapi 991 maa ethelredale guthramako eka shataabdii pahiledekhi kunai pani bhandaa thuulo bhaaikinga phliitako saamanaa garnupareko thiyo.
"This fleet was led by Olaf Trygvasson, a Norwegian with ambitions to reclaim his country from Danish domination.","यो फ्लीटको नेतृत्व ओलफ ट्रिगभासोनले गरेका थिए, जो नर्वेजियन थिए र डेनिस प्रभुत्वबाट आफ्नो देश पुनः प्राप्त गर्ने महत्वाकांक्षा राख्थे।","यो फ्लीटको नेतृत्व ओलफ ट्रिगभासोनले गरेका थिए, जो नर्वेजियन थिए र डेनिस प्रभुत्वबाट आफ्नो देश पुनः प्राप्त गर्ने महत्वाकांक्षा राख्थे।","yo phliitako netritwa olapha trigabhaasonale garekaa thie, jo narwejiyana thie ra denisa prabhutwabaata aaphno desha punh praapta garne mahatwaakaankshaa raakhthe.","yo phliitako netritwa olapha trigabhaasonale garekaa thie, jo narwejiyana thie ra denisa prabhutwabaata aaphno desha punh praapta garne mahatwaakaankshaa raakhthe."
"After initial military setbacks, Ethelred was able to agree to terms with Olaf, who returned to Norway to try to gain his kingdom with mixed success.","प्रारम्भिक सैन्य असफलता पछि, एथेल्रेड ओलाफसँग सम्झौताहरू गर्न सहमत हुन सक्षम भए, जो मिश्रित सफलताका साथ आफ्नो राज्य प्राप्त गर्ने प्रयास गर्न नर्वे फर्के।","प्रारम्भिक सैन्य असफलता पछि, एथेल्रेड ओलाफसँग सम्झौताहरू गर्न सहमत हुन सक्षम भए, जो मिश्रित सफलताका साथ आफ्नो राज्य प्राप्त गर्ने प्रयास गर्न नर्वे फर्के।","praarambhika sainya asaphalataa pachhi, ethelreda olaaphasnga samjhautaaharuu garna sahamata huna sakshama bhae, jo mishrita saphalataakaa saatha aaphno raajya praapta garne prayaasa garna narwe pharke.","praarambhika sainya asaphalataa pachhi, ethelreda olaaphasnga samjhautaaharuu garna sahamata huna sakshama bhae, jo mishrita saphalataakaa saatha aaphno raajya praapta garne prayaasa garna narwe pharke."
Hangeul is the only purposely invented alphabet in popular daily use. The alphabet was invented in 1444 during the reign of King Sejong (1418 – 1450).,लोकप्रिय दैनिक प्रयोगमा ह्याङ्ग्युल एक मात्र उद्देश्यपूर्वक आविष्कार गरिएको वर्णमाला हो। वर्णमाला राजा सेजोङको शासनकालमा (1418-1450) 1444 मा आविष्कार गरिएको थियो।,लोकप्रिय दैनिक प्रयोगमा ह्याङ्ग्युल एक मात्र उद्देश्यपूर्वक आविष्कार गरिएको वर्णमाला हो। वर्णमाला राजा सेजोङको शासनकालमा (1418-1450) 1444 मा आविष्कार गरिएको थियो।,lokapriya dainika prayogamaa hyaanggyula eka maatra uddeshyapuurwaka aawishkaara garieko warnamaalaa ho. warnamaalaa raajaa sejongako shaasanakaalamaa (1418-1450) 1444 maa aawishkaara garieko thiyo.,lokapriya dainika prayogamaa hyaanggyula eka maatra uddeshyapuurwaka aawishkaara garieko warnamaalaa ho. warnamaalaa raajaa sejongako shaasanakaalamaa (1418-1450) 1444 maa aawishkaara garieko thiyo.
King Sejong was the fourth king of the Joseon Dynasty and is one of the most highly regarded.,राजा सेजोङ जोसियन राजवंशका चौथो राजा थिए र सबैभन्दा उच्च सम्मानित मध्ये एक हुन्।,राजा सेजोङ जोसियन राजवंशका चौथो राजा थिए र सबैभन्दा उच्च सम्मानित मध्ये एक हुन्।,raajaa sejonga josiyana raajawnshakaa chautho raajaa thie ra sabaibhandaa uchcha sammaanita madhye eka hun.,raajaa sejonga josiyana raajawnshakaa chautho raajaa thie ra sabaibhandaa uchcha sammaanita madhye eka hun.
"He originally named the Hangeul alphabet Hunmin Jeongeum, which means ""the correct sounds for the instruction of the people"".","उनले मूल रूपमा हङ्ग्युल वर्णमालाको नाम हन्मिन जिओन्जियम राखे, जसको अर्थ ""मानिसहरूको निर्देशनका लागि सही आवाजहरू"" हो।","उनले मूल रूपमा हङ्ग्युल वर्णमालाको नाम हन्मिन जिओन्जियम राखे, जसको अर्थ ""मानिसहरूको निर्देशनका लागि सही आवाजहरू"" हो।","unale muula ruupamaa hanggyula warnamaalaako naama hanmina jionjiyama raakhe, jasako artha ""maanisaharuuko nirdeshanakaa laagi sahii aawaajaharuu"" ho.","unale muula ruupamaa hanggyula warnamaalaako naama hanmina jionjiyama raakhe, jasako artha ""maanisaharuuko nirdeshanakaa laagi sahii aawaajaharuu"" ho."
There are many theories to how Sanskrit came into existence. One of them is about an Aryan migration from the west into India who brought their language with them.,संस्कृत कसरी अस्तित्वमा आयो भन्ने धेरै सिद्धान्तहरू छन्। तीमध्ये एउटा पश्चिमबाट भारतमा आएका आर्य बसाइँसराइको बारेमा हो जसले आफ्नो भाषा आफूसँगै ल्याए।,संस्कृत कसरी अस्तित्वमा आयो भन्ने धेरै सिद्धान्तहरू छन्। तीमध्ये एउटा पश्चिमबाट भारतमा आएका आर्य बसाइँसराइको बारेमा हो जसले आफ्नो भाषा आफूसँगै ल्याए।,snskrita kasarii astitwamaa aayo bhanne dherai siddhaantaharuu chhan. tiimadhye eutaa pashchimabaata bhaaratamaa aaekaa aarya basaainsaraaiko baaremaa ho jasale aaphno bhaashaa aaphuusngai lyaae.,snskrita kasarii astitwamaa aayo bhanne dherai siddhaantaharuu chhan. tiimadhye eutaa pashchimabaata bhaaratamaa aaekaa aarya basaainsaraaiko baaremaa ho jasale aaphno bhaashaa aaphuusngai lyaae.
Sanskrit is an ancient language and is comparable to the Latin language spoken in Europe.,संस्कृत एउटा प्राचीन भाषा हो र युरोपमा बोलिने ल्याटिन भाषासँग तुलना गर्न सकिन्छ।,संस्कृत एउटा प्राचीन भाषा हो र युरोपमा बोलिने ल्याटिन भाषासँग तुलना गर्न सकिन्छ।,snskrita eutaa praachiina bhaashaa ho ra yuropamaa boline lyaatina bhaashaasnga tulanaa garna sakinchha.,snskrita eutaa praachiina bhaashaa ho ra yuropamaa boline lyaatina bhaashaasnga tulanaa garna sakinchha.
"The earliest known book in the world was written in Sanskrit. After the compilation of Upanishads, Sanskrit just faded due to hierarchy.","संसारको सबैभन्दा पुरानो ज्ञात पुस्तक संस्कृतमा लेखिएको थियो। उपनिषदहरूको संकलन पछि, संस्कृत पदानुक्रमका कारण झरेर गयो।","संसारको सबैभन्दा पुरानो ज्ञात पुस्तक संस्कृतमा लेखिएको थियो। उपनिषदहरूको संकलन पछि, संस्कृत पदानुक्रमका कारण झरेर गयो।","snsaarako sabaibhandaa puraano jnyaata pustaka snskritamaa lekhieko thiyo. upanishadaharuuko snkalana pachhi, snskrita padaanukramakaa kaarana jharera gayo.","snsaarako sabaibhandaa puraano jnyaata pustaka snskritamaa lekhieko thiyo. upanishadaharuuko snkalana pachhi, snskrita padaanukramakaa kaarana jharera gayo."
"Sanskrit is a very complex and rich language, which has served to be the source for many modern Indian languages, just like Latin is the source for European languages like French and Spanish.","संस्कृत एक धेरै जटिल र समृद्ध भाषा हो, जसले धेरै आधुनिक भारतीय भाषाहरूको स्रोतको रूपमा सेवा गरेको छ, जस्तै ल्याटिन फ्रान्सेली र स्पेनिस जस्ता युरोपेली भाषाहरूको स्रोत हो।","संस्कृत एक धेरै जटिल र समृद्ध भाषा हो, जसले धेरै आधुनिक भारतीय भाषाहरूको स्रोतको रूपमा सेवा गरेको छ, जस्तै ल्याटिन फ्रान्सेली र स्पेनिस जस्ता युरोपेली भाषाहरूको स्रोत हो।","snskrita eka dherai jatila ra samriddha bhaashaa ho, jasale dherai aadhunika bhaaratiiya bhaashaaharuuko srotako ruupamaa sewaa gareko chha, jastai lyaatina phraanselii ra spenisa jastaa yuropelii bhaashaaharuuko srota ho.","snskrita eka dherai jatila ra samriddha bhaashaa ho, jasale dherai aadhunika bhaaratiiya bhaashaaharuuko srotako ruupamaa sewaa gareko chha, jastai lyaatina phraanselii ra spenisa jastaa yuropelii bhaashaaharuuko srota ho."
"With the battle for France over, Germany began to get ready to invade the island of Britain.",फ्रान्सका लागि युद्ध समाप्त भएपछि जर्मनी बेलायतको टापुमा आक्रमण गर्न तयार हुन थाल्यो।,फ्रान्सका लागि युद्ध समाप्त भएपछि जर्मनी बेलायतको टापुमा आक्रमण गर्न तयार हुन थाल्यो।,phraansakaa laagi yuddha samaapta bhaepachhi jarmanii belaayatako taapumaa aakramana garna tayaara huna thaalyo.,phraansakaa laagi yuddha samaapta bhaepachhi jarmanii belaayatako taapumaa aakramana garna tayaara huna thaalyo.
"Germany code-named the attack “Operation Sealion”. Most of the British Army's heavy weapons and supplies had been lost when it evacuated from Dunkirk, so the army was fairly weak.","जर्मनीले आक्रमणलाई ""अपरेसन सिलियन"" कोड नाम दियो। डन्किर्कबाट बाहिर निकाल्दा ब्रिटिस सेनाको अधिकांश भारी हतियार र आपूर्ति हराएको थियो, त्यसैले सेना एकदम कमजोर थियो।","जर्मनीले आक्रमणलाई ""अपरेसन सिलियन"" कोड नाम दियो। डन्किर्कबाट बाहिर निकाल्दा ब्रिटिस सेनाको अधिकांश भारी हतियार र आपूर्ति हराएको थियो, त्यसैले सेना एकदम कमजोर थियो।","jarmaniile aakramanalaaii ""aparesana siliyana"" koda naama diyo. dankirkabaata baahira nikaaldaa britisa senaako adhikaansha bhaarii hatiyaara ra aapuurti haraaeko thiyo, tyasaile senaa ekadama kamajora thiyo.","jarmaniile aakramanalaaii ""aparesana siliyana"" koda naama diyo. dankirkabaata baahira nikaaldaa britisa senaako adhikaansha bhaarii hatiyaara ra aapuurti haraaeko thiyo, tyasaile senaa ekadama kamajora thiyo."
But the Royal Navy was still much stronger than the German Navy (“Kriegsmarine”) and could have destroyed any invasion fleet sent across the English Channel.,"तर रोयल नेभी अझै पनि जर्मन नेभी (""क्रिगस्मेरिन"") भन्दा धेरै बलियो थियो र अङ्ग्रेजी च्यानलमा पठाइएको कुनै पनि आक्रमण फ्लीटलाई नष्ट गर्न सक्थ्यो।","तर रोयल नेभी अझै पनि जर्मन नेभी (""क्रिगस्मेरिन"") भन्दा धेरै बलियो थियो र अङ्ग्रेजी च्यानलमा पठाइएको कुनै पनि आक्रमण फ्लीटलाई नष्ट गर्न सक्थ्यो।","tara royala nebhii ajhai pani jarmana nebhii (""krigasmerina"") bhandaa dherai baliyo thiyo ra anggrejii chyaanalamaa pathaaieko kunai pani aakramana phliitalaaii nashta garna sakthyo.","tara royala nebhii ajhai pani jarmana nebhii (""krigasmerina"") bhandaa dherai baliyo thiyo ra anggrejii chyaanalamaa pathaaieko kunai pani aakramana phliitalaaii nashta garna sakthyo."
"However, very few Royal Navy ships were based near the likely invasion routes as the admirals were afraid they would be sunk by German air attack.","यद्यपि, धेरै थोरै शाही नौसेनाका जहाजहरू सम्भावित आक्रमण मार्गहरू नजिकै आधारित थिए किनभने एडमिरलहरूलाई जर्मन हवाई आक्रमणले डुब्ने डर थियो।","यद्यपि, धेरै थोरै शाही नौसेनाका जहाजहरू सम्भावित आक्रमण मार्गहरू नजिकै आधारित थिए किनभने एडमिरलहरूलाई जर्मन हवाई आक्रमणले डुब्ने डर थियो।","yadyapi, dherai thorai shaahii nausenaakaa jahaajaharuu sambhaawita aakramana maargaharuu najikai aadhaarita thie kinabhane edamiralaharuulaaii jarmana hawaaii aakramanale dubne dara thiyo.","yadyapi, dherai thorai shaahii nausenaakaa jahaajaharuu sambhaawita aakramana maargaharuu najikai aadhaarita thie kinabhane edamiralaharuulaaii jarmana hawaaii aakramanale dubne dara thiyo."
"Let's start with an explanation about Italy's plans. Italy was mainly the ""little brother"" of Germany and Japan.","इटालीको योजनाहरूको बारेमा व्याख्या गरेर सुरु गरौँ। इटाली मुख्यतया जर्मनी र जापानको ""सानो भाइ"" थियो।","इटालीको योजनाहरूको बारेमा व्याख्या गरेर सुरु गरौँ। इटाली मुख्यतया जर्मनी र जापानको ""सानो भाइ"" थियो।","itaaliiko yojanaaharuuko baaremaa wyaakhyaa garera suru garaun. itaalii mukhyatayaa jarmanii ra jaapaanako ""saano bhaai"" thiyo.","itaaliiko yojanaaharuuko baaremaa wyaakhyaa garera suru garaun. itaalii mukhyatayaa jarmanii ra jaapaanako ""saano bhaai"" thiyo."
"It had a weaker army and a weaker navy, although they had just built four new ships right before the beginning of the war.",युद्ध सुरु हुनुभन्दा ठीक अघि मात्रै चारवटा नयाँ जहाजहरू निर्माण गरेका भए तापनि यसमा कमजोर सेना र कमजोर नौसेना थियो।,युद्ध सुरु हुनुभन्दा ठीक अघि मात्रै चारवटा नयाँ जहाजहरू निर्माण गरेका भए तापनि यसमा कमजोर सेना र कमजोर नौसेना थियो।,yuddha suru hunubhandaa thiika aghi maatrai chaarawataa nayaan jahaajaharuu nirmaana garekaa bhae taapani yasamaa kamajora senaa ra kamajora nausenaa thiyo.,yuddha suru hunubhandaa thiika aghi maatrai chaarawataa nayaan jahaajaharuu nirmaana garekaa bhae taapani yasamaa kamajora senaa ra kamajora nausenaa thiyo.
"Italy's main goals were African countries. To capture those countries, they would need to have a troop launching pad, so as troops could sail across the Mediterranean Sea and invade Africa.","इटालीको मुख्य लक्ष्य अफ्रिकी देशहरू थिए। ती देशहरू कब्जा गर्न, तिनीहरूसँग एउटा सैन्य लन्चिङ प्याड हुनु आवश्यक छ, ताकि सेनाहरूले भूमध्यसागर पार गरेर अफ्रिकामा आक्रमण गर्न सकून्।","इटालीको मुख्य लक्ष्य अफ्रिकी देशहरू थिए। ती देशहरू कब्जा गर्न, तिनीहरूसँग एउटा सैन्य लन्चिङ प्याड हुनु आवश्यक छ, ताकि सेनाहरूले भूमध्यसागर पार गरेर अफ्रिकामा आक्रमण गर्न सकून्।","itaaliiko mukhya lakshya aphrikii deshaharuu thie. tii deshaharuu kabjaa garna, tiniiharuusnga eutaa sainya lanchinga pyaada hunu aawashyaka chha, taaki senaaharuule bhuumadhyasaagara paara garera aphrikaamaa aakramana garna sakuun.","itaaliiko mukhya lakshya aphrikii deshaharuu thie. tii deshaharuu kabjaa garna, tiniiharuusnga eutaa sainya lanchinga pyaada hunu aawashyaka chha, taaki senaaharuule bhuumadhyasaagara paara garera aphrikaamaa aakramana garna sakuun."
"For that, they had to get rid of British bases and ships in Egypt. Besides those actions, Italy's battleships were not supposed to do anything else.","त्यसका लागि उनीहरूले इजिप्टमा रहेका ब्रिटिस आधार र जहाजहरूबाट छुटकारा पाउनुपर्यो। ती कार्यहरू बाहेक, इटालीका युद्धपोतहरूले अरू केही गर्नुपर्दैनथ्यो।","त्यसका लागि उनीहरूले इजिप्टमा रहेका ब्रिटिस आधार र जहाजहरूबाट छुटकारा पाउनुपर्यो। ती कार्यहरू बाहेक, इटालीका युद्धपोतहरूले अरू केही गर्नुपर्दैनथ्यो।","tyasakaa laagi uniiharuule ijiptamaa rahekaa britisa aadhaara ra jahaajaharuubaata chhutakaaraa paaunuparyo. tii kaaryaharuu baaheka, itaaliikaa yuddhapotaharuule aruu kehii garnupardainathyo.","tyasakaa laagi uniiharuule ijiptamaa rahekaa britisa aadhaara ra jahaajaharuubaata chhutakaaraa paaunuparyo. tii kaaryaharuu baaheka, itaaliikaa yuddhapotaharuule aruu kehii garnupardainathyo."
"Now for Japan. Japan was an island country, just like Britain.",अब जापानका लागि। जापान बेलायत जस्तै एउटा टापु देश थियो।,अब जापानका लागि। जापान बेलायत जस्तै एउटा टापु देश थियो।,aba jaapaanakaa laagi. jaapaana belaayata jastai eutaa taapu desha thiyo.,aba jaapaanakaa laagi. jaapaana belaayata jastai eutaa taapu desha thiyo.
"Submarines are ships designed to travel underwater, and remain there for an extended amount of time.","पनडुब्बीहरू पानीमुनि यात्रा गर्न डिजाइन गरिएका जहाजहरू हुन्, र लामो समयसम्म त्यहाँ रहन्छन्।","पनडुब्बीहरू पानीमुनि यात्रा गर्न डिजाइन गरिएका जहाजहरू हुन्, र लामो समयसम्म त्यहाँ रहन्छन्।","panadubbiiharuu paaniimuni yaatraa garna dijaaina gariekaa jahaajaharuu hun, ra laamo samayasamma tyahaan rahanchhan.","panadubbiiharuu paaniimuni yaatraa garna dijaaina gariekaa jahaajaharuu hun, ra laamo samayasamma tyahaan rahanchhan."
Submarines were used in World War I and World War II. Back then they were very slow and had a very limited shooting range.,पनडुब्बीहरू प्रथम विश्वयुद्ध र द्वितीय विश्वयुद्धमा प्रयोग गरिन्थ्यो। त्यसबेला तिनीहरू धेरै ढिलो थिए र धेरै सीमित सुटिङ दायरा थियो।,पनडुब्बीहरू प्रथम विश्वयुद्ध र द्वितीय विश्वयुद्धमा प्रयोग गरिन्थ्यो। त्यसबेला तिनीहरू धेरै ढिलो थिए र धेरै सीमित सुटिङ दायरा थियो।,panadubbiiharuu prathama wishwayuddha ra dwitiiya wishwayuddhamaa prayoga garinthyo. tyasabelaa tiniiharuu dherai dhilo thie ra dherai siimita sutinga daayaraa thiyo.,panadubbiiharuu prathama wishwayuddha ra dwitiiya wishwayuddhamaa prayoga garinthyo. tyasabelaa tiniiharuu dherai dhilo thie ra dherai siimita sutinga daayaraa thiyo.
"In the beginning of the war they mostly travelled on top of the sea, but as radar began developing and becoming more accurate the submarines were forced to go under water to avoid being seen.","युद्धको सुरुमा तिनीहरू प्रायः समुद्रको माथिको यात्रा गर्थे, तर रडारको विकास र अधिक सटीक हुँदै जाँदा पनडुब्बीहरू देख्नबाट बच्न पानीमुनि जान बाध्य भए।","युद्धको सुरुमा तिनीहरू प्रायः समुद्रको माथिको यात्रा गर्थे, तर रडारको विकास र अधिक सटीक हुँदै जाँदा पनडुब्बीहरू देख्नबाट बच्न पानीमुनि जान बाध्य भए।","yuddhako surumaa tiniiharuu praayh samudrako maathiko yaatraa garthe, tara radaarako wikaasa ra adhika satiika hundai jaandaa panadubbiiharuu dekhnabaata bachna paaniimuni jaana baadhya bhae.","yuddhako surumaa tiniiharuu praayh samudrako maathiko yaatraa garthe, tara radaarako wikaasa ra adhika satiika hundai jaandaa panadubbiiharuu dekhnabaata bachna paaniimuni jaana baadhya bhae."
German submarines were called U-Boats. The Germans were very good at navigating and operating their submarines.,जर्मन पनडुब्बीहरूलाई यु-बोटहरू भनिन्थ्यो। जर्मनहरू आफ्ना पनडुब्बीहरू नेभिगेट गर्न र सञ्चालन गर्नमा धेरै राम्रा थिए।,जर्मन पनडुब्बीहरूलाई यु-बोटहरू भनिन्थ्यो। जर्मनहरू आफ्ना पनडुब्बीहरू नेभिगेट गर्न र सञ्चालन गर्नमा धेरै राम्रा थिए।,jarmana panadubbiiharuulaaii yu-botaharuu bhaninthyo. jarmanaharuu aaphnaa panadubbiiharuu nebhigeta garna ra sanychaalana garnamaa dherai raamraa thie.,jarmana panadubbiiharuulaaii yu-botaharuu bhaninthyo. jarmanaharuu aaphnaa panadubbiiharuu nebhigeta garna ra sanychaalana garnamaa dherai raamraa thie.
"Because of their success with submarines, after the war Germans aren't trusted to have many of them.","पनडुब्बीहरूसँग उनीहरूको सफलताको कारण, युद्ध पछि जर्मनहरू तिनीहरूमध्ये धेरै छन् भन्ने विश्वास गर्दैनन्।","पनडुब्बीहरूसँग उनीहरूको सफलताको कारण, युद्ध पछि जर्मनहरू तिनीहरूमध्ये धेरै छन् भन्ने विश्वास गर्दैनन्।","panadubbiiharuusnga uniiharuuko saphalataako kaarana, yuddha pachhi jarmanaharuu tiniiharuumadhye dherai chhan bhanne wishwaasa gardainan.","panadubbiiharuusnga uniiharuuko saphalataako kaarana, yuddha pachhi jarmanaharuu tiniiharuumadhye dherai chhan bhanne wishwaasa gardainan."
"Yes! King Tutankhamun, sometimes referred to as ""King Tut"" or ""The Boy King"", is one of the most well known ancient Egyptian kings in modern times.","हो! राजा तुतनखामुन, जसलाई कहिलेकाहीँ ""राजा टुट"" वा ""बालक राजा"" भनेर चिनिन्छ, आधुनिक समयमा सबैभन्दा प्रसिद्ध प्राचीन इजिप्टका राजाहरू मध्ये एक हुन्।","हो! राजा तुतनखामुन, जसलाई कहिलेकाहीँ ""राजा टुट"" वा ""बालक राजा"" भनेर चिनिन्छ, आधुनिक समयमा सबैभन्दा प्रसिद्ध प्राचीन इजिप्टका राजाहरू मध्ये एक हुन्।","ho! raajaa tutanakhaamuna, jasalaaii kahilekaahiin ""raajaa tuta"" waa ""baalaka raajaa"" bhanera chininchha, aadhunika samayamaa sabaibhandaa prasiddha praachiina ijiptakaa raajaaharuu madhye eka hun.","ho! raajaa tutanakhaamuna, jasalaaii kahilekaahiin ""raajaa tuta"" waa ""baalaka raajaa"" bhanera chininchha, aadhunika samayamaa sabaibhandaa prasiddha praachiina ijiptakaa raajaaharuu madhye eka hun."
"Interestingly, he was not considered to be very important in ancient times and was not recorded on most ancient king lists.",चाखलाग्दो कुरा के छ भने उनलाई प्राचीन समयमा धेरै महत्त्वपूर्ण मानिएन र धेरै प्राचीन राजाहरूको सूचीमा दर्ता गरिएको थिएन।,चाखलाग्दो कुरा के छ भने उनलाई प्राचीन समयमा धेरै महत्त्वपूर्ण मानिएन र धेरै प्राचीन राजाहरूको सूचीमा दर्ता गरिएको थिएन।,chaakhalaagdo kuraa ke chha bhane unalaaii praachiina samayamaa dherai mahattwapuurna maaniena ra dherai praachiina raajaaharuuko suuchiimaa dartaa garieko thiena.,chaakhalaagdo kuraa ke chha bhane unalaaii praachiina samayamaa dherai mahattwapuurna maaniena ra dherai praachiina raajaaharuuko suuchiimaa dartaa garieko thiena.
"However, the discovery of his tomb in 1922 made him a celebrity. While many tombs of the past were robbed, this tomb was left virtually undisturbed.","तर, सन् 1922 मा उनको चिहानको खोजले उनलाई प्रसिद्ध बनायो। विगतका धेरै चिहानहरू लुटियो भने, यो चिहान लगभग निर्बाध रह्यो।","तर, सन् 1922 मा उनको चिहानको खोजले उनलाई प्रसिद्ध बनायो। विगतका धेरै चिहानहरू लुटियो भने, यो चिहान लगभग निर्बाध रह्यो।","tara, san 1922 maa unako chihaanako khojale unalaaii prasiddha banaayo. wigatakaa dherai chihaanaharuu lutiyo bhane, yo chihaana lagabhaga nirbaadha rahyo.","tara, san 1922 maa unako chihaanako khojale unalaaii prasiddha banaayo. wigatakaa dherai chihaanaharuu lutiyo bhane, yo chihaana lagabhaga nirbaadha rahyo."
"Most of the items buried with Tutankhamun have been well preserved, including thousands of artefacts made from precious metals and rare stones.",बहुमूल्य धातु र दुर्लभ ढुङ्गाहरूबाट बनेका हजारौँ कलाकृतिहरूसहित तुतनखामुनसँग गाभिएका अधिकांश वस्तुहरू राम्रोसँग संरक्षित गरिएका छन्।,बहुमूल्य धातु र दुर्लभ ढुङ्गाहरूबाट बनेका हजारौँ कलाकृतिहरूसहित तुतनखामुनसँग गाभिएका अधिकांश वस्तुहरू राम्रोसँग संरक्षित गरिएका छन्।,bahumuulya dhaatu ra durlabha dhunggaaharuubaata banekaa hajaaraun kalaakritiharuusahita tutanakhaamunasnga gaabhiekaa adhikaansha wastuharuu raamrosnga snrakshita gariekaa chhan.,bahumuulya dhaatu ra durlabha dhunggaaharuubaata banekaa hajaaraun kalaakritiharuusahita tutanakhaamunasnga gaabhiekaa adhikaansha wastuharuu raamrosnga snrakshita gariekaa chhan.
"The invention of spoke wheels made Assyrian chariots lighter, faster, and better prepared to outrun soldiers and other chariots.","स्पोक पाङ्ग्राको आविष्कारले अश्शूरी रथहरूलाई हल्का, छिटो र सिपाहीहरू र अन्य रथहरूलाई पछाड्नका लागि राम्रो तयार बनायो।","स्पोक पाङ्ग्राको आविष्कारले अश्शूरी रथहरूलाई हल्का, छिटो र सिपाहीहरू र अन्य रथहरूलाई पछाड्नका लागि राम्रो तयार बनायो।","spoka paanggraako aawishkaarale ashshuurii rathaharuulaaii halkaa, chhito ra sipaahiiharuu ra anya rathaharuulaaii pachhaadnakaa laagi raamro tayaara banaayo.","spoka paanggraako aawishkaarale ashshuurii rathaharuulaaii halkaa, chhito ra sipaahiiharuu ra anya rathaharuulaaii pachhaadnakaa laagi raamro tayaara banaayo."
"Arrows from their deadly crossbows could penetrate the armor of rival soldiers. About 1000 B.C., the Assyrians introduced the first cavalry.","तिनीहरूको घातक क्रसबोबाट बाणहरूले प्रतिद्वन्द्वी सैनिकहरूको कवचमा प्रवेश गर्न सक्थे। लगभग 1000 इसापूर्व, अश्शूरीहरूले पहिलो घोडचढीको परिचय गराए।","तिनीहरूको घातक क्रसबोबाट बाणहरूले प्रतिद्वन्द्वी सैनिकहरूको कवचमा प्रवेश गर्न सक्थे। लगभग 1000 इसापूर्व, अश्शूरीहरूले पहिलो घोडचढीको परिचय गराए।","tiniiharuuko ghaataka krasabobaata baanaharuule pratidwandwii sainikaharuuko kawachamaa prawesha garna sakthe. lagabhaga 1000 isaapuurwa, ashshuuriiharuule pahilo ghodachadhiiko parichaya garaae.","tiniiharuuko ghaataka krasabobaata baanaharuule pratidwandwii sainikaharuuko kawachamaa prawesha garna sakthe. lagabhaga 1000 isaapuurwa, ashshuuriiharuule pahilo ghodachadhiiko parichaya garaae."
"A cavalry is an army that fights on horseback. The saddle had not yet been invented, so the Assyrian cavalry fought on the bare backs of their horses.","घोडचढी भनेको घोडामा लड्ने सेना हो। काठीको आविष्कार अहिलेसम्म भएको थिएन, त्यसैले अश्शूरी घोडचढीले आफ्नो घोडाको नंगी पिठ्युमा लडे।","घोडचढी भनेको घोडामा लड्ने सेना हो। काठीको आविष्कार अहिलेसम्म भएको थिएन, त्यसैले अश्शूरी घोडचढीले आफ्नो घोडाको नंगी पिठ्युमा लडे।","ghodachadhii bhaneko ghodaamaa ladne senaa ho. kaathiiko aawishkaara ahilesamma bhaeko thiena, tyasaile ashshuurii ghodachadhiile aaphno ghodaako nngii pithyumaa lade.","ghodachadhii bhaneko ghodaamaa ladne senaa ho. kaathiiko aawishkaara ahilesamma bhaeko thiena, tyasaile ashshuurii ghodachadhiile aaphno ghodaako nngii pithyumaa lade."
"We know many Greek politicians, scientists, and artists. Possibly the most known person of this culture is Homer, the legendary blind poet, who composed two masterpieces of Greek literature: the poems Iliad and Odyssey.","हामी धेरै ग्रिक राजनीतिज्ञहरू, वैज्ञानिकहरू र कलाकारहरूलाई चिन्छौँ। सम्भवतः यस संस्कृतिका सबैभन्दा परिचित व्यक्ति होमर हुन्, पौराणिक अन्ध कवि, जसले ग्रिक साहित्यका दुई उत्कृष्ट कृतिहरू रचना गरेः इलियड र ओडिसी कविताहरू।","हामी धेरै ग्रिक राजनीतिज्ञहरू, वैज्ञानिकहरू र कलाकारहरूलाई चिन्छौँ। सम्भवतः यस संस्कृतिका सबैभन्दा परिचित व्यक्ति होमर हुन्, पौराणिक अन्ध कवि, जसले ग्रिक साहित्यका दुई उत्कृष्ट कृतिहरू रचना गरेः इलियड र ओडिसी कविताहरू।","haamii dherai grika raajaniitijnyaharuu, waijnyaanikaharuu ra kalaakaaraharuulaaii chinchhaun. sambhawath yasa snskritikaa sabaibhandaa parichita wyakti homara hun, pauraanika andha kawi, jasale grika saahityakaa duii utkrishta kritiharuu rachanaa gareh iliyada ra odisii kawitaaharuu.","haamii dherai grika raajaniitijnyaharuu, waijnyaanikaharuu ra kalaakaaraharuulaaii chinchhaun. sambhawath yasa snskritikaa sabaibhandaa parichita wyakti homara hun, pauraanika andha kawi, jasale grika saahityakaa duii utkrishta kritiharuu rachanaa gareh iliyada ra odisii kawitaaharuu."
Sophocles and Aristophanes are still popular playwrights and their plays are considered to be among the greatest works of world literature.,सोफोक्लिस र एरिस्टोफेन्स अझै पनि लोकप्रिय नाटककार हुन् र तिनीहरूका नाटकहरूलाई विश्व साहित्यको सबैभन्दा महान कृतिहरू मध्ये एक मानिन्छ।,सोफोक्लिस र एरिस्टोफेन्स अझै पनि लोकप्रिय नाटककार हुन् र तिनीहरूका नाटकहरूलाई विश्व साहित्यको सबैभन्दा महान कृतिहरू मध्ये एक मानिन्छ।,sophoklisa ra eristophensa ajhai pani lokapriya naatakakaara hun ra tiniiharuukaa naatakaharuulaaii wishwa saahityako sabaibhandaa mahaana kritiharuu madhye eka maaninchha.,sophoklisa ra eristophensa ajhai pani lokapriya naatakakaara hun ra tiniiharuukaa naatakaharuulaaii wishwa saahityako sabaibhandaa mahaana kritiharuu madhye eka maaninchha.
"Another famous Greek is a mathematician Pythagoras, mostly known for his famous theorem about relations of the sides of right triangles.","अर्को प्रसिद्ध ग्रिक एक गणितशास्त्री पाइथागोरस हुन्, जो प्रायः दायाँ त्रिकोणको पक्षहरूको सम्बन्धको बारेमा उनको प्रसिद्ध सिद्धान्तका लागि परिचित छन्।","अर्को प्रसिद्ध ग्रिक एक गणितशास्त्री पाइथागोरस हुन्, जो प्रायः दायाँ त्रिकोणको पक्षहरूको सम्बन्धको बारेमा उनको प्रसिद्ध सिद्धान्तका लागि परिचित छन्।","arko prasiddha grika eka ganitashaastrii paaithaagorasa hun, jo praayh daayaan trikonako pakshaharuuko sambandhako baaremaa unako prasiddha siddhaantakaa laagi parichita chhan.","arko prasiddha grika eka ganitashaastrii paaithaagorasa hun, jo praayh daayaan trikonako pakshaharuuko sambandhako baaremaa unako prasiddha siddhaantakaa laagi parichita chhan."
There are varying estimates for how many people speak Hindi. It is estimated to be between the second and fourth most commonly spoken language in the world.,कति जना हिन्दी बोल्छन् भन्ने विभिन्न अनुमानहरू छन्। यो संसारमा दोस्रो र चौथो सबैभन्दा बढी बोलिने भाषाको बिचमा रहेको अनुमान गरिएको छ।,कति जना हिन्दी बोल्छन् भन्ने विभिन्न अनुमानहरू छन्। यो संसारमा दोस्रो र चौथो सबैभन्दा बढी बोलिने भाषाको बिचमा रहेको अनुमान गरिएको छ।,kati janaa hindii bolchhan bhanne wibhinna anumaanaharuu chhan. yo snsaaramaa dosro ra chautho sabaibhandaa badhii boline bhaashaako bichamaa raheko anumaana garieko chha.,kati janaa hindii bolchhan bhanne wibhinna anumaanaharuu chhan. yo snsaaramaa dosro ra chautho sabaibhandaa badhii boline bhaashaako bichamaa raheko anumaana garieko chha.
The number of native speakers varies depending on whether or not very closely related dialects are counted.,धेरै नजिकबाट सम्बन्धित बोलीहरू गणना गरिन्छ वा हुँदैन भन्ने आधारमा देशी बोल्नेहरूको सङ्ख्या फरक हुन्छ।,धेरै नजिकबाट सम्बन्धित बोलीहरू गणना गरिन्छ वा हुँदैन भन्ने आधारमा देशी बोल्नेहरूको सङ्ख्या फरक हुन्छ।,dherai najikabaata sambandhita boliiharuu gananaa garinchha waa hundaina bhanne aadhaaramaa deshii bolneharuuko sangkhyaa pharaka hunchha.,dherai najikabaata sambandhita boliiharuu gananaa garinchha waa hundaina bhanne aadhaaramaa deshii bolneharuuko sangkhyaa pharaka hunchha.
"Estimates range from 340 million to 500 million speakers, and as many as 800 million people can understand the language.","अनुमानअनुसार 340 मिलियनदेखि 500 मिलियन बोल्नेहरू छन्, र 800 मिलियन मानिसहरूले भाषा बुझ्न सक्छन्।","अनुमानअनुसार 340 मिलियनदेखि 500 मिलियन बोल्नेहरू छन्, र 800 मिलियन मानिसहरूले भाषा बुझ्न सक्छन्।","anumaanaanusaara 340 miliyanadekhi 500 miliyana bolneharuu chhan, ra 800 miliyana maanisaharuule bhaashaa bujhna sakchhan.","anumaanaanusaara 340 miliyanadekhi 500 miliyana bolneharuu chhan, ra 800 miliyana maanisaharuule bhaashaa bujhna sakchhan."
"Hindi and Urdu are similar in vocabulary but different in script; in everyday conversations, speakers of both languages can usually understand each other.","हिन्दी र उर्दू शब्दावलीमा समान छन् तर लिपिमा फरक छन्; दैनिक कुराकानीमा, दुवै भाषाहरू बोल्नेहरूले सामान्यतया एकअर्कालाई बुझ्न सक्छन्।","हिन्दी र उर्दू शब्दावलीमा समान छन् तर लिपिमा फरक छन्; दैनिक कुराकानीमा, दुवै भाषाहरू बोल्नेहरूले सामान्यतया एकअर्कालाई बुझ्न सक्छन्।","hindii ra urduu shabdaawaliimaa samaana chhan tara lipimaa pharaka chhan; dainika kuraakaaniimaa, duwai bhaashaaharuu bolneharuule saamaanyatayaa ekaarkaalaaii bujhna sakchhan.","hindii ra urduu shabdaawaliimaa samaana chhan tara lipimaa pharaka chhan; dainika kuraakaaniimaa, duwai bhaashaaharuu bolneharuule saamaanyatayaa ekaarkaalaaii bujhna sakchhan."
"Around the 15th century, northern Estonia was under great cultural influence of Germany.","15 औँ शताब्दीको वरिपरि, उत्तरी इस्टोनिया जर्मनीको ठूलो सांस्कृतिक प्रभावमा थियो।","15 औँ शताब्दीको वरिपरि, उत्तरी इस्टोनिया जर्मनीको ठूलो सांस्कृतिक प्रभावमा थियो।","15 aun shataabdiiko waripari, uttarii istoniyaa jarmaniiko thuulo saanskritika prabhaawamaa thiyo.","15 aun shataabdiiko waripari, uttarii istoniyaa jarmaniiko thuulo saanskritika prabhaawamaa thiyo."
"Some German monks wanted to bring God closer to the native people, so they invented the Estonian literal language.","केही जर्मन भिक्षुहरूले भगवानलाई मूल निवासीहरूको नजिक ल्याउन चाहन्थे, त्यसैले तिनीहरूले एस्टोनियन शाब्दिक भाषाको आविष्कार गरे।","केही जर्मन भिक्षुहरूले भगवानलाई मूल निवासीहरूको नजिक ल्याउन चाहन्थे, त्यसैले तिनीहरूले एस्टोनियन शाब्दिक भाषाको आविष्कार गरे।","kehii jarmana bhikshuharuule bhagawaanalaaii muula niwaasiiharuuko najika lyaauna chaahanthe, tyasaile tiniiharuule estoniyana shaabdika bhaashaako aawishkaara gare.","kehii jarmana bhikshuharuule bhagawaanalaaii muula niwaasiiharuuko najika lyaauna chaahanthe, tyasaile tiniiharuule estoniyana shaabdika bhaashaako aawishkaara gare."
"As time passed, many words that were borrowed from German coalesced. This was the beginning of enlightenment.",समय बित्दै जाँदा जर्मनबाट उधारो लिएका धेरै शब्दहरू एकसाथ आए। यो ज्ञानको सुरुवात थियो।,समय बित्दै जाँदा जर्मनबाट उधारो लिएका धेरै शब्दहरू एकसाथ आए। यो ज्ञानको सुरुवात थियो।,samaya bitdai jaandaa jarmanabaata udhaaro liekaa dherai shabdaharuu ekasaatha aae. yo jnyaanako suruwaata thiyo.,samaya bitdai jaandaa jarmanabaata udhaaro liekaa dherai shabdaharuu ekasaatha aae. yo jnyaanako suruwaata thiyo.
"Traditionally, the heir to the throne would go straight into the military after finishing school.","परम्परागत रूपमा, सिंहासनको उत्तराधिकारी विद्यालय समाप्त गरेपछि सिधै सेनामा जाने गर्थे।","परम्परागत रूपमा, सिंहासनको उत्तराधिकारी विद्यालय समाप्त गरेपछि सिधै सेनामा जाने गर्थे।","paramparaagata ruupamaa, sinhaasanako uttaraadhikaarii widyaalaya samaapta garepachhi sidhai senaamaa jaane garthe.","paramparaagata ruupamaa, sinhaasanako uttaraadhikaarii widyaalaya samaapta garepachhi sidhai senaamaa jaane garthe."
"However, Charles went to university at Trinity College, Cambridge where he studied Anthropology and Archaeology, and later History, earning a 2:2 (a lower second class degree).","यद्यपि, चार्ल्स ट्रिनिटी कलेज, क्याम्ब्रिजको विश्वविद्यालयमा गए जहाँ उनले मानवशास्त्र र पुरातत्व अध्ययन गरे, र पछि इतिहास, 2ः2 (निम्न दोस्रो श्रेणीको डिग्री) कमाए।","यद्यपि, चार्ल्स ट्रिनिटी कलेज, क्याम्ब्रिजको विश्वविद्यालयमा गए जहाँ उनले मानवशास्त्र र पुरातत्व अध्ययन गरे, र पछि इतिहास, 2ः2 (निम्न दोस्रो श्रेणीको डिग्री) कमाए।","yadyapi, chaarlsa trinitii kaleja, kyaambrijako wishwawidyaalayamaa gae jahaan unale maanawashaastra ra puraatatwa adhyayana gare, ra pachhi itihaasa, 2h2 (nimna dosro shreniiko digrii) kamaae.","yadyapi, chaarlsa trinitii kaleja, kyaambrijako wishwawidyaalayamaa gae jahaan unale maanawashaastra ra puraatatwa adhyayana gare, ra pachhi itihaasa, 2h2 (nimna dosro shreniiko digrii) kamaae."
Charles was the first member of the British Royal Family to be awarded a degree.,चार्ल्स उपाधि प्राप्त गर्ने ब्रिटिस शाही परिवारका पहिलो सदस्य थिए।,चार्ल्स उपाधि प्राप्त गर्ने ब्रिटिस शाही परिवारका पहिलो सदस्य थिए।,chaarlsa upaadhi praapta garne britisa shaahii pariwaarakaa pahilo sadasya thie.,chaarlsa upaadhi praapta garne britisa shaahii pariwaarakaa pahilo sadasya thie.
European Turkey (eastern Thrace or Rumelia in the Balkan peninsula) includes 3% of the country.,युरोपेली टर्की (बाल्कन प्रायद्वीपमा पूर्वी थ्रेस वा रुमेलिया) ले देशको 3 प्रतिशत भाग समावेश गर्दछ।,युरोपेली टर्की (बाल्कन प्रायद्वीपमा पूर्वी थ्रेस वा रुमेलिया) ले देशको 3 प्रतिशत भाग समावेश गर्दछ।,yuropelii tarkii (baalkana praayadwiipamaa puurwii thresa waa rumeliyaa) le deshako 3 pratishata bhaaga samaawesha gardachha.,yuropelii tarkii (baalkana praayadwiipamaa puurwii thresa waa rumeliyaa) le deshako 3 pratishata bhaaga samaawesha gardachha.
"The territory of Turkey is more than 1,600 kilometres (1,000 mi) long and 800 km (500 mi) wide, with a roughly rectangular shape.","टर्कीको क्षेत्र 1,600 किलोमिटर (1,000 माइल) भन्दा लामो र 800 किमी (500 माइल) चौडा छ, लगभग आयताकार आकारको साथ।","टर्कीको क्षेत्र 1,600 किलोमिटर (1,000 माइल) भन्दा लामो र 800 किमी (500 माइल) चौडा छ, लगभग आयताकार आकारको साथ।","tarkiiko kshetra 1,600 kilomitara (1,000 maaila) bhandaa laamo ra 800 kimii (500 maaila) chaudaa chha, lagabhaga aayataakaara aakaarako saatha.","tarkiiko kshetra 1,600 kilomitara (1,000 maaila) bhandaa laamo ra 800 kimii (500 maaila) chaudaa chha, lagabhaga aayataakaara aakaarako saatha."
"Turkey's area, including lakes, occupies 783,562 square kilometres (300,948 sq mi), of which 755,688 square kilometres (291,773 sq mi) are in south west Asia and 23,764 square kilometres (9,174 sq mi) in Europe.","तालहरूसहित टर्कीको क्षेत्र 783,562 वर्ग किलोमिटर (300,948 वर्ग माइल) ओगटेको छ, जसमध्ये 755,688 वर्ग किलोमिटर (291,773 वर्ग माइल) दक्षिण पश्चिम एसियामा र 23,764 वर्ग किलोमिटर (9,174 वर्ग माइल) युरोपमा छन्।","तालहरूसहित टर्कीको क्षेत्र 783,562 वर्ग किलोमिटर (300,948 वर्ग माइल) ओगटेको छ, जसमध्ये 755,688 वर्ग किलोमिटर (291,773 वर्ग माइल) दक्षिण पश्चिम एसियामा र 23,764 वर्ग किलोमिटर (9,174 वर्ग माइल) युरोपमा छन्।","taalaharuusahita tarkiiko kshetra 783,562 warga kilomitara (300,948 warga maaila) ogateko chha, jasamadhye 755,688 warga kilomitara (291,773 warga maaila) dakshina pashchima esiyaamaa ra 23,764 warga kilomitara (9,174 warga maaila) yuropamaa chhan.","taalaharuusahita tarkiiko kshetra 783,562 warga kilomitara (300,948 warga maaila) ogateko chha, jasamadhye 755,688 warga kilomitara (291,773 warga maaila) dakshina pashchima esiyaamaa ra 23,764 warga kilomitara (9,174 warga maaila) yuropamaa chhan."
"Turkey's area makes it the world's 37th-largest country, and is about the size of Metropolitan France and the United Kingdom combined.","टर्कीको क्षेत्रले यसलाई विश्वको 37 औँ ठुलो देश बनाउँछ, र यो मेट्रोपोलिटन फ्रान्स र युनाइटेड किंगडमको संयुक्त आकारको बारेमा छ।","टर्कीको क्षेत्रले यसलाई विश्वको 37 औँ ठुलो देश बनाउँछ, र यो मेट्रोपोलिटन फ्रान्स र युनाइटेड किंगडमको संयुक्त आकारको बारेमा छ।","tarkiiko kshetrale yasalaaii wishwako 37 aun thulo desha banaaunchha, ra yo metropolitana phraansa ra yunaaiteda kingadamako snyukta aakaarako baaremaa chha.","tarkiiko kshetrale yasalaaii wishwako 37 aun thulo desha banaaunchha, ra yo metropolitana phraansa ra yunaaiteda kingadamako snyukta aakaarako baaremaa chha."
"Turkey is encircled by seas on three sides: the Aegean Sea to the west, the Black Sea to the north and the Mediterranean Sea to the south.","टर्की तिनैतिर समुद्रले घेरिएको छः पश्चिममा एजियन सागर, उत्तरमा कालो सागर र दक्षिणमा भूमध्यसागर।","टर्की तिनैतिर समुद्रले घेरिएको छः पश्चिममा एजियन सागर, उत्तरमा कालो सागर र दक्षिणमा भूमध्यसागर।","tarkii tinaitira samudrale gherieko chhh pashchimamaa ejiyana saagara, uttaramaa kaalo saagara ra dakshinamaa bhuumadhyasaagara.","tarkii tinaitira samudrale gherieko chhh pashchimamaa ejiyana saagara, uttaramaa kaalo saagara ra dakshinamaa bhuumadhyasaagara."
Luxembourg has a long history but its independence dates from 1839.,लक्जमबर्गको लामो इतिहास छ तर यसको स्वतन्त्रता सन् 1839 देखि हो।,लक्जमबर्गको लामो इतिहास छ तर यसको स्वतन्त्रता सन् 1839 देखि हो।,lakjamabargako laamo itihaasa chha tara yasako swatantrataa san 1839 dekhi ho.,lakjamabargako laamo itihaasa chha tara yasako swatantrataa san 1839 dekhi ho.
Present-day parts of Belgium were part of Luxembourg in the past but became Belgian after the 1830s Belgian Revolution.,बेल्जियमका वर्तमान भागहरू विगतमा लक्जमबर्गको हिस्सा थिए तर 1830 को बेल्जियम क्रान्तिपछि बेल्जियम बने।,बेल्जियमका वर्तमान भागहरू विगतमा लक्जमबर्गको हिस्सा थिए तर 1830 को बेल्जियम क्रान्तिपछि बेल्जियम बने।,beljiyamakaa wartamaana bhaagaharuu wigatamaa lakjamabargako hissaa thie tara 1830 ko beljiyama kraantipachhi beljiyama bane.,beljiyamakaa wartamaana bhaagaharuu wigatamaa lakjamabargako hissaa thie tara 1830 ko beljiyama kraantipachhi beljiyama bane.
Luxembourg has always tried to remain a neutral country but it was occupied in both World War I and World War II by Germany.,लक्जमबर्गले सधैँ तटस्थ देश रहन प्रयास गरेको छ तर यो पहिलो विश्वयुद्ध र दोस्रो विश्वयुद्ध दुवैमा जर्मनीले कब्जा गरेको थियो।,लक्जमबर्गले सधैँ तटस्थ देश रहन प्रयास गरेको छ तर यो पहिलो विश्वयुद्ध र दोस्रो विश्वयुद्ध दुवैमा जर्मनीले कब्जा गरेको थियो।,lakjamabargale sadhain tatastha desha rahana prayaasa gareko chha tara yo pahilo wishwayuddha ra dosro wishwayuddha duwaimaa jarmaniile kabjaa gareko thiyo.,lakjamabargale sadhain tatastha desha rahana prayaasa gareko chha tara yo pahilo wishwayuddha ra dosro wishwayuddha duwaimaa jarmaniile kabjaa gareko thiyo.
In 1957 Luxembourg became a founding member of the organization which is today known as the European Union.,सन् 1957 मा लक्जमबर्ग यस सङ्गठनको संस्थापक सदस्य बन्यो जसलाई आज युरोपेली सङ्घ भनिन्छ।,सन् 1957 मा लक्जमबर्ग यस सङ्गठनको संस्थापक सदस्य बन्यो जसलाई आज युरोपेली सङ्घ भनिन्छ।,san 1957 maa lakjamabarga yasa sanggathanako snsthaapaka sadasya banyo jasalaaii aaja yuropelii sanggha bhaninchha.,san 1957 maa lakjamabarga yasa sanggathanako snsthaapaka sadasya banyo jasalaaii aaja yuropelii sanggha bhaninchha.
The Drukgyal Dzong is a ruined fortress and Buddhist monastery in the upper part of the Paro District (in Phondey Village).,द्रुक्ग्याल जोङ पारो जिल्लाको माथिल्लो भागमा (फोन्डे गाउँमा) रहेको एउटा भग्नावशेष भएको किल्ला र बौद्ध मठ हो।,द्रुक्ग्याल जोङ पारो जिल्लाको माथिल्लो भागमा (फोन्डे गाउँमा) रहेको एउटा भग्नावशेष भएको किल्ला र बौद्ध मठ हो।,drukgyaala jonga paaro jillaako maathillo bhaagamaa (phonde gaaunmaa) raheko eutaa bhagnaawashesha bhaeko killaa ra bauddha matha ho.,drukgyaala jonga paaro jillaako maathillo bhaagamaa (phonde gaaunmaa) raheko eutaa bhagnaawashesha bhaeko killaa ra bauddha matha ho.
"It is said that in 1649, Zhabdrung Ngawang Namgyel created the fortress to commemorate his victory against the Tibetan-Mongol forces.",सन् 1649 मा झाब्द्रुङ न्गावाङ नामग्यालले तिब्बती-मङ्गोल सेना विरुद्धको आफ्नो विजयको सम्झनामा किल्ला निर्माण गरेको भनिन्छ।,सन् 1649 मा झाब्द्रुङ न्गावाङ नामग्यालले तिब्बती-मङ्गोल सेना विरुद्धको आफ्नो विजयको सम्झनामा किल्ला निर्माण गरेको भनिन्छ।,san 1649 maa jhaabdrunga ngaawaanga naamagyaalale tibbatii-manggola senaa wiruddhako aaphno wijayako samjhanaamaa killaa nirmaana gareko bhaninchha.,san 1649 maa jhaabdrunga ngaawaanga naamagyaalale tibbatii-manggola senaa wiruddhako aaphno wijayako samjhanaamaa killaa nirmaana gareko bhaninchha.
"In 1951, a fire caused for only some of the relics of the Drukgyal Dzong to remain, such as the image of Zhabdrung Ngawang Namgyal.","सन् 1951 मा, आगोले ड्रुकग्याल जोङका केही अवशेषहरू मात्र बाँकी राख्यो, जस्तै झाबद्रुङ नगवाङ नामग्यालको छवि।","सन् 1951 मा, आगोले ड्रुकग्याल जोङका केही अवशेषहरू मात्र बाँकी राख्यो, जस्तै झाबद्रुङ नगवाङ नामग्यालको छवि।","san 1951 maa, aagole drukagyaala jongakaa kehii awasheshaharuu maatra baankii raakhyo, jastai jhaabadrunga nagawaanga naamagyaalako chhawi.","san 1951 maa, aagole drukagyaala jongakaa kehii awasheshaharuu maatra baankii raakhyo, jastai jhaabadrunga nagawaanga naamagyaalako chhawi."
"After the fire, the fortress was preserved and protected, remaining to be one of Bhutan's most sensational attractions.","आगोपछि, किल्लालाई संरक्षित र संरक्षित गरिएको थियो, जुन भुटानको सबैभन्दा सनसनीपूर्ण आकर्षणहरू मध्ये एक थियो।","आगोपछि, किल्लालाई संरक्षित र संरक्षित गरिएको थियो, जुन भुटानको सबैभन्दा सनसनीपूर्ण आकर्षणहरू मध्ये एक थियो।","aagopachhi, killaalaaii snrakshita ra snrakshita garieko thiyo, juna bhutaanako sabaibhandaa sanasaniipuurna aakarshanaharuu madhye eka thiyo.","aagopachhi, killaalaaii snrakshita ra snrakshita garieko thiyo, juna bhutaanako sabaibhandaa sanasaniipuurna aakarshanaharuu madhye eka thiyo."
"During the 18th century Cambodia found itself squeezed between two powerful neighbors, Thailand and Vietnam.","18 औँ शताब्दीमा कम्बोडियाले दुई शक्तिशाली छिमेकी, थाइल्यान्ड र भियतनामको बिचमा खुदलाई निचोड गरेको पाए।","18 औँ शताब्दीमा कम्बोडियाले दुई शक्तिशाली छिमेकी, थाइल्यान्ड र भियतनामको बिचमा खुदलाई निचोड गरेको पाए।","18 aun shataabdiimaa kambodiyaale duii shaktishaalii chhimekii, thaailyaanda ra bhiyatanaamako bichamaa khudalaaii nichoda gareko paae.","18 aun shataabdiimaa kambodiyaale duii shaktishaalii chhimekii, thaailyaanda ra bhiyatanaamako bichamaa khudalaaii nichoda gareko paae."
The Thais invaded Cambodia several times in the 18th century and in 1772 they destroyed Phnom Phen.,थाईहरूले 18 औँ शताब्दीमा कम्बोडियामा धेरै पटक आक्रमण गरे र 1772 मा उनीहरूले नोम फेनलाई नष्ट गरे।,थाईहरूले 18 औँ शताब्दीमा कम्बोडियामा धेरै पटक आक्रमण गरे र 1772 मा उनीहरूले नोम फेनलाई नष्ट गरे।,thaaiiharuule 18 aun shataabdiimaa kambodiyaamaa dherai pataka aakramana gare ra 1772 maa uniiharuule noma phenalaaii nashta gare.,thaaiiharuule 18 aun shataabdiimaa kambodiyaamaa dherai pataka aakramana gare ra 1772 maa uniiharuule noma phenalaaii nashta gare.
In the last years of the 18th century the Vietnamese also invaded Cambodia.,18 औँ शताब्दीको अन्तिम वर्षहरूमा भियतनामीहरूले पनि कम्बोडिया आक्रमण गरे।,18 औँ शताब्दीको अन्तिम वर्षहरूमा भियतनामीहरूले पनि कम्बोडिया आक्रमण गरे।,18 aun shataabdiiko antima warshaharuumaa bhiyatanaamiiharuule pani kambodiyaa aakramana gare.,18 aun shataabdiiko antima warshaharuumaa bhiyatanaamiiharuule pani kambodiyaa aakramana gare.
"Eighteen percent of Venezuelans are unemployed, and most of those who are employed work in the informal economy.","भेनेजुएलाका 18 प्रतिशत मानिसहरू बेरोजगार छन्, र अधिकांश जो रोजगारीमा छन् अनौपचारिक अर्थतन्त्रमा काम गर्छन्।","भेनेजुएलाका 18 प्रतिशत मानिसहरू बेरोजगार छन्, र अधिकांश जो रोजगारीमा छन् अनौपचारिक अर्थतन्त्रमा काम गर्छन्।","bhenejuelaakaa 18 pratishata maanisaharuu berojagaara chhan, ra adhikaansha jo rojagaariimaa chhan anaupachaarika arthatantramaa kaama garchhan.","bhenejuelaakaa 18 pratishata maanisaharuu berojagaara chhan, ra adhikaansha jo rojagaariimaa chhan anaupachaarika arthatantramaa kaama garchhan."
"Two thirds of Venezuelans who work do so in the service sector, nearly a quarter work in industry and a fifth work in agriculture.","भेनेजुएलाका दुई तिहाइ मानिस सेवा क्षेत्रमा काम गर्छन्, लगभग एक चौथाई उद्योग र पाँचौँ कृषिमा काम गर्छन्।","भेनेजुएलाका दुई तिहाइ मानिस सेवा क्षेत्रमा काम गर्छन्, लगभग एक चौथाई उद्योग र पाँचौँ कृषिमा काम गर्छन्।","bhenejuelaakaa duii tihaai maanisa sewaa kshetramaa kaama garchhan, lagabhaga eka chauthaaii udyoga ra paanchaun krishimaa kaama garchhan.","bhenejuelaakaa duii tihaai maanisa sewaa kshetramaa kaama garchhan, lagabhaga eka chauthaaii udyoga ra paanchaun krishimaa kaama garchhan."
"An important industry for Venezuelans is oil, where the country is a net exporter, even though only one percent work in the oil industry.","भेनेजुएलाका लागि एउटा महत्त्वपूर्ण उद्योग तेल हो, जहाँ देश शुद्ध निर्यातक हो, तेल उद्योगमा एक प्रतिशत मात्र काम गरे तापनि।","भेनेजुएलाका लागि एउटा महत्त्वपूर्ण उद्योग तेल हो, जहाँ देश शुद्ध निर्यातक हो, तेल उद्योगमा एक प्रतिशत मात्र काम गरे तापनि।","bhenejuelaakaa laagi eutaa mahattwapuurna udyoga tela ho, jahaan desha shuddha niryaataka ho, tela udyogamaa eka pratishata maatra kaama gare taapani.","bhenejuelaakaa laagi eutaa mahattwapuurna udyoga tela ho, jahaan desha shuddha niryaataka ho, tela udyogamaa eka pratishata maatra kaama gare taapani."
"Early in the nation's independence, Singapore Botanic Gardens' expertise helped to transform the island into a tropical Garden City.","राष्ट्रको स्वतन्त्रताको प्रारम्भमा, सिङ्गापुर बोटानिक गार्डेनको विशेषज्ञताले टापुलाई उष्णकटिबन्धीय बगैँचा सहरमा रूपान्तरण गर्न मद्दत गऱ्यो।","राष्ट्रको स्वतन्त्रताको प्रारम्भमा, सिङ्गापुर बोटानिक गार्डेनको विशेषज्ञताले टापुलाई उष्णकटिबन्धीय बगैँचा सहरमा रूपान्तरण गर्न मद्दत गऱ्यो।","raashtrako swatantrataako praarambhamaa, singgaapura botaanika gaardenako wisheshajnyataale taapulaaii ushnakatibandhiiya bagainchaa saharamaa ruupaantarana garna maddata garyo.","raashtrako swatantrataako praarambhamaa, singgaapura botaanika gaardenako wisheshajnyataale taapulaaii ushnakatibandhiiya bagainchaa saharamaa ruupaantarana garna maddata garyo."
"In 1981, Vanda Miss Joaquim, an orchid hybrid, was chosen as the nation's national flower.","सन् 1981 मा, वान्डा मिस जोआक्विम, एक अर्किड सङ्कर, राष्ट्रको राष्ट्रिय फूलको रूपमा छानिएको थियो।","सन् 1981 मा, वान्डा मिस जोआक्विम, एक अर्किड सङ्कर, राष्ट्रको राष्ट्रिय फूलको रूपमा छानिएको थियो।","san 1981 maa, waandaa misa joaakwima, eka arkida sangkara, raashtrako raashtriya phuulako ruupamaa chhaanieko thiyo.","san 1981 maa, waandaa misa joaakwima, eka arkida sangkara, raashtrako raashtriya phuulako ruupamaa chhaanieko thiyo."
"Every year around October nearly 1.5 million herbivores travel towards the southern plains, crossing the Mara River, from the northern hills for the rains.",प्रत्येक वर्ष अक्टोबरको वरिपरि लगभग 15 लाख शाकाहारीहरू वर्षाको लागि उत्तरी पाहाडहरूबाट मारा नदी पार गर्दै दक्षिणी मैदानतिर यात्रा गर्छन्।,प्रत्येक वर्ष अक्टोबरको वरिपरि लगभग 15 लाख शाकाहारीहरू वर्षाको लागि उत्तरी पाहाडहरूबाट मारा नदी पार गर्दै दक्षिणी मैदानतिर यात्रा गर्छन्।,pratyeka warsha aktobarako waripari lagabhaga 15 laakha shaakaahaariiharuu warshaako laagi uttarii paahaadaharuubaata maaraa nadii paara gardai dakshinii maidaanatira yaatraa garchhan.,pratyeka warsha aktobarako waripari lagabhaga 15 laakha shaakaahaariiharuu warshaako laagi uttarii paahaadaharuubaata maaraa nadii paara gardai dakshinii maidaanatira yaatraa garchhan.
"And then back to the north through the west, once again crossing the Mara river, after the rains in around April.","र त्यसपछि पश्चिम हुँदै उत्तरतिर फर्कनुहोस्, फेरि एक पटक मारा नदी पार गर्दै, अप्रिलको वरिपरि वर्षा पछि।","र त्यसपछि पश्चिम हुँदै उत्तरतिर फर्कनुहोस्, फेरि एक पटक मारा नदी पार गर्दै, अप्रिलको वरिपरि वर्षा पछि।","ra tyasapachhi pashchima hundai uttaratira pharkanuhos, pheri eka pataka maaraa nadii paara gardai, aprilako waripari warshaa pachhi.","ra tyasapachhi pashchima hundai uttaratira pharkanuhos, pheri eka pataka maaraa nadii paara gardai, aprilako waripari warshaa pachhi."
"The Serengeti region contains the Serengeti National Park, the Ngorongoro Conservation Area and Maswa Game Reserve in Tanzania and the Maasai Mara National Reserve in Kenya.","सेरेङ्गेटी क्षेत्रमा सेरेङ्गेटी राष्ट्रिय निकुञ्ज, तान्जानियाको नगोरोंगोरो संरक्षण क्षेत्र र मास्वा खेल आरक्ष र केन्याको मासाई मारा राष्ट्रिय आरक्ष समावेश छ।","सेरेङ्गेटी क्षेत्रमा सेरेङ्गेटी राष्ट्रिय निकुञ्ज, तान्जानियाको नगोरोंगोरो संरक्षण क्षेत्र र मास्वा खेल आरक्ष र केन्याको मासाई मारा राष्ट्रिय आरक्ष समावेश छ।","serenggetii kshetramaa serenggetii raashtriya nikunyja, taanjaaniyaako nagorongoro snrakshana kshetra ra maaswaa khela aaraksha ra kenyaako maasaaii maaraa raashtriya aaraksha samaawesha chha.","serenggetii kshetramaa serenggetii raashtriya nikunyja, taanjaaniyaako nagorongoro snrakshana kshetra ra maaswaa khela aaraksha ra kenyaako maasaaii maaraa raashtriya aaraksha samaawesha chha."
"Learning to create interactive media requires conventional and traditional skills, as well as tools mastered in interactive classes (storyboarding, audio and video editing, story telling, etc.)","अन्तरक्रियात्मक मिडिया सिर्जना गर्न सिक्न परम्परागत र परम्परागत सीपहरू, साथै अन्तरक्रियात्मक कक्षाहरूमा (स्टोरीबोर्डिङ, अडियो र भिडियो सम्पादन, कथा कथन, आदि) निपुण उपकरणहरू चाहिन्छ।","अन्तरक्रियात्मक मिडिया सिर्जना गर्न सिक्न परम्परागत र परम्परागत सीपहरू, साथै अन्तरक्रियात्मक कक्षाहरूमा (स्टोरीबोर्डिङ, अडियो र भिडियो सम्पादन, कथा कथन, आदि) निपुण उपकरणहरू चाहिन्छ।","antarakriyaatmaka midiyaa sirjanaa garna sikna paramparaagata ra paramparaagata siipaharuu, saathai antarakriyaatmaka kakshaaharuumaa (storiibordinga, adiyo ra bhidiyo sampaadana, kathaa kathana, aadi) nipuna upakaranaharuu chaahinchha.","antarakriyaatmaka midiyaa sirjanaa garna sikna paramparaagata ra paramparaagata siipaharuu, saathai antarakriyaatmaka kakshaaharuumaa (storiibordinga, adiyo ra bhidiyo sampaadana, kathaa kathana, aadi) nipuna upakaranaharuu chaahinchha."
Interactive design requires that you re-assess your assumptions about media production and learn to think in a non-linear ways.,अन्तरक्रियात्मक डिजाइनका लागि तपाईँले मिडिया उत्पादनको बारेमा आफ्नो अनुमानहरूको पुनः मूल्याङ्कन गर्नु र गैर-रैखिक तरिकामा सोच्न सिक्नु आवश्यक छ।,अन्तरक्रियात्मक डिजाइनका लागि तिमीले मिडिया उत्पादनको बारेमा आफ्नो अनुमानहरूको पुनः मूल्याङ्कन गर्नु र गैर-रैखिक तरिकामा सोच्न सिक्नु आवश्यक छ।,antarakriyaatmaka dijaainakaa laagi tapaaiinle midiyaa utpaadanako baaremaa aaphno anumaanaharuuko punh muulyaangkana garnu ra gaira-raikhika tarikaamaa sochna siknu aawashyaka chha.,antarakriyaatmaka dijaainakaa laagi timiile midiyaa utpaadanako baaremaa aaphno anumaanaharuuko punh muulyaangkana garnu ra gaira-raikhika tarikaamaa sochna siknu aawashyaka chha.
"Interactive design requires that components of a project connect to each other, but also make sense as a separate entity.","अन्तरक्रियात्मक डिजाइनले परियोजनाका कम्पोनेन्टहरू एकअर्कासँग जोड्न आवश्यक छ, तर छुट्टै अस्तित्वको रूपमा पनि अर्थ राख्छ।","अन्तरक्रियात्मक डिजाइनले परियोजनाका कम्पोनेन्टहरू एकअर्कासँग जोड्न आवश्यक छ, तर छुट्टै अस्तित्वको रूपमा पनि अर्थ राख्छ।","antarakriyaatmaka dijaainale pariyojanaakaa kamponentaharuu ekaarkaasnga jodna aawashyaka chha, tara chhuttai astitwako ruupamaa pani artha raakhchha.","antarakriyaatmaka dijaainale pariyojanaakaa kamponentaharuu ekaarkaasnga jodna aawashyaka chha, tara chhuttai astitwako ruupamaa pani artha raakhchha."
The disadvantage of zoom lenses is that the focal complexity and number of lens elements required to achieve a range of focal lengths is much greater than for prime lenses.,जूम लेन्सको कमजोरी यो हो कि फोकल लम्बाइको दायरा प्राप्त गर्न आवश्यक फोकल जटिलता र लेन्स तत्वहरूको सङ्ख्या प्राइम लेन्सहरूको तुलनामा धेरै बढी छ।,जूम लेन्सको कमजोरी यो हो कि फोकल लम्बाइको दायरा प्राप्त गर्न आवश्यक फोकल जटिलता र लेन्स तत्वहरूको सङ्ख्या प्राइम लेन्सहरूको तुलनामा धेरै बढी छ।,juuma lensako kamajorii yo ho ki phokala lambaaiko daayaraa praapta garna aawashyaka phokala jatilataa ra lensa tatwaharuuko sangkhyaa praaima lensaharuuko tulanaamaa dherai badhii chha.,juuma lensako kamajorii yo ho ki phokala lambaaiko daayaraa praapta garna aawashyaka phokala jatilataa ra lensa tatwaharuuko sangkhyaa praaima lensaharuuko tulanaamaa dherai badhii chha.
This is becoming less of an issue as lens manufacturers achieve higher standards in lens production.,लेन्स निर्माताहरूले लेन्स उत्पादनमा उच्च मापदण्डहरू प्राप्त गर्दा यो कम समस्या बनिरहेको छ।,लेन्स निर्माताहरूले लेन्स उत्पादनमा उच्च मापदण्डहरू प्राप्त गर्दा यो कम समस्या बनिरहेको छ।,lensa nirmaataaharuule lensa utpaadanamaa uchcha maapadandaharuu praapta gardaa yo kama samasyaa baniraheko chha.,lensa nirmaataaharuule lensa utpaadanamaa uchcha maapadandaharuu praapta gardaa yo kama samasyaa baniraheko chha.
This has allowed zoom lenses to produce pictures of a quality comparable to that achieved by lenses with fixed focal length.,यसले जूम लेन्सहरूलाई निश्चित फोकल लम्बाइको लेन्सहरूद्वारा प्राप्त गरिएको गुणस्तरको तस्विरहरू उत्पादन गर्न अनुमति दिएको छ।,यसले जूम लेन्सहरूलाई निश्चित फोकल लम्बाइको लेन्सहरूद्वारा प्राप्त गरिएको गुणस्तरको तस्विरहरू उत्पादन गर्न अनुमति दिएको छ।,yasale juuma lensaharuulaaii nishchita phokala lambaaiko lensaharuudwaaraa praapta garieko gunastarako taswiraharuu utpaadana garna anumati dieko chha.,yasale juuma lensaharuulaaii nishchita phokala lambaaiko lensaharuudwaaraa praapta garieko gunastarako taswiraharuu utpaadana garna anumati dieko chha.
Another disadvantage of zoom lenses is that the maximum aperture (the speed) of the lens is usually lower.,जूम लेन्सको अर्को कमजोरी यो हो कि लेन्सको अधिकतम एपर्चर (गति) सामान्यतया कम हुन्छ।,जूम लेन्सको अर्को कमजोरी यो हो कि लेन्सको अधिकतम एपर्चर (गति) सामान्यतया कम हुन्छ।,juuma lensako arko kamajorii yo ho ki lensako adhikatama eparchara (gati) saamaanyatayaa kama hunchha.,juuma lensako arko kamajorii yo ho ki lensako adhikatama eparchara (gati) saamaanyatayaa kama hunchha.
This makes inexpensive zoom lenses hard to use in low-light conditions without a flash.,यसले सस्तो जूम लेन्सहरूलाई फ्ल्यास बिना कम-प्रकाशको अवस्थामा प्रयोग गर्न गाह्रो बनाउँछ।,यसले सस्तो जूम लेन्सहरूलाई फ्ल्यास बिना कम-प्रकाशको अवस्थामा प्रयोग गर्न गाह्रो बनाउँछ।,yasale sasto juuma lensaharuulaaii phlyaasa binaa kama-prakaashako awasthaamaa prayoga garna gaahro banaaunchha.,yasale sasto juuma lensaharuulaaii phlyaasa binaa kama-prakaashako awasthaamaa prayoga garna gaahro banaaunchha.
One of the most common problems when trying to convert a movie to DVD format is the overscan.,चलचित्रलाई डिभिडी ढाँचामा रूपान्तरण गर्ने प्रयास गर्दा सबैभन्दा सामान्य समस्याहरू मध्ये एक ओभरस्क्यान हो।,चलचित्रलाई डिभिडी ढाँचामा रूपान्तरण गर्ने प्रयास गर्दा सबैभन्दा सामान्य समस्याहरू मध्ये एक ओभरस्क्यान हो।,chalachitralaaii dibhidii dhaanchaamaa ruupaantarana garne prayaasa gardaa sabaibhandaa saamaanya samasyaaharuu madhye eka obharaskyaana ho.,chalachitralaaii dibhidii dhaanchaamaa ruupaantarana garne prayaasa gardaa sabaibhandaa saamaanya samasyaaharuu madhye eka obharaskyaana ho.
Most televisions are made in a way to please the general public.,अधिकांश टेलिभिजनहरू सर्वसाधारणलाई खुसी पार्ने तरिकामा बनाइन्छ।,अधिकांश टेलिभिजनहरू सर्वसाधारणलाई खुसी पार्ने तरिकामा बनाइन्छ।,adhikaansha telibhijanaharuu sarwasaadhaaranalaaii khusii paarne tarikaamaa banaainchha.,adhikaansha telibhijanaharuu sarwasaadhaaranalaaii khusii paarne tarikaamaa banaainchha.
"For that reason, everything you see on the TV had the borders cut, top, bottom and sides.","त्यस कारणले गर्दा, तपाईँले टिभीमा देख्नुहुने सबै कुरामा किनाराहरू काटिएका, माथि, तल र छेउमा थिए।","त्यस कारणले गर्दा, तिमीले टिभीमा देख्नुहुने सबै कुरामा किनाराहरू काटिएका, माथि, तल र छेउमा थिए।","tyasa kaaranale gardaa, tapaaiinle tibhiimaa dekhnuhune sabai kuraamaa kinaaraaharuu kaatiekaa, maathi, tala ra chheumaa thie.","tyasa kaaranale gardaa, timiile tibhiimaa dekhnuhune sabai kuraamaa kinaaraaharuu kaatiekaa, maathi, tala ra chheumaa thie."
This is made to ensure that the image covers the whole screen. That is called overscan.,यो छविलाले सम्पूर्ण स्क्रिनलाई समेट्छ भनेर सुनिश्चित गर्न बनाइएको हो। यसलाई ओभरस्क्यान भनिन्छ।,यो छविलाले सम्पूर्ण स्क्रिनलाई समेट्छ भनेर सुनिश्चित गर्न बनाइएको हो। यसलाई ओभरस्क्यान भनिन्छ।,yo chhawilaale sampuurna skrinalaaii sametchha bhanera sunishchita garna banaaieko ho. yasalaaii obharaskyaana bhaninchha.,yo chhawilaale sampuurna skrinalaaii sametchha bhanera sunishchita garna banaaieko ho. yasalaaii obharaskyaana bhaninchha.
"Unfortunately, when you make a DVD, it's borders will most likely be cut too, and if the video had subtitles too close to the bottom, they won't be fully shown.","दुर्भाग्यवश, जब तपाईँ डिभिडी बनाउनुहुन्छ, यसको सीमानाहरू पनि काटिने सम्भावना हुन्छ, र यदि भिडियोको उपशीर्षक तलको धेरै नजिक थियो भने, तिनीहरू पूर्ण रूपमा देखाइने छैनन्।","दुर्भाग्यवश, जब तिमी डिभिडी बनाउनुहुन्छ, यसको सीमानाहरू पनि काटिने सम्भावना हुन्छ, र यदि भिडियोको उपशीर्षक तलको धेरै नजिक थियो भने, तिनीहरू पूर्ण रूपमा देखाइने छैनन्।","durbhaagyawasha, jaba tapaaiin dibhidii banaaunuhunchha, yasako siimaanaaharuu pani kaatine sambhaawanaa hunchha, ra yadi bhidiyoko upashiirshaka talako dherai najika thiyo bhane, tiniiharuu puurna ruupamaa dekhaaine chhainan.","durbhaagyawasha, jaba timii dibhidii banaaunuhunchha, yasako siimaanaaharuu pani kaatine sambhaawanaa hunchha, ra yadi bhidiyoko upashiirshaka talako dherai najika thiyo bhane, tiniiharuu puurna ruupamaa dekhaaine chhainan."
"The traditional medieval castle has long inspired the imagination, conjuring up images of jousts, banquets and Arthurian chivalry.","परम्परागत मध्ययुगीन महलले लामो समयदेखि कल्पनालाई प्रेरित गरेको छ, जोस्ट, भोज र आर्थरियन वीरता को छविहरू प्रस्तुत गर्दछ।","परम्परागत मध्ययुगीन महलले लामो समयदेखि कल्पनालाई प्रेरित गरेको छ, जोस्ट, भोज र आर्थरियन वीरता को छविहरू प्रस्तुत गर्दछ।","paramparaagata madhyayugiina mahalale laamo samayadekhi kalpanaalaaii prerita gareko chha, josta, bhoja ra aarthariyana wiirataa ko chhawiharuu prastuta gardachha.","paramparaagata madhyayugiina mahalale laamo samayadekhi kalpanaalaaii prerita gareko chha, josta, bhoja ra aarthariyana wiirataa ko chhawiharuu prastuta gardachha."
"Even standing amidst thousand year-old ruins it is easy to bring to mind the sounds and smells of battles long gone, to almost hear the clatter of hooves on the cobbles and to smell the fear rising from the dungeon pits.","हजारौँ वर्ष पुरानो भग्नावशेषको बिचमा उभिएर पनि लामो समयदेखि चलेको लडाइँको आवाज र गन्धलाई मनमा ल्याउन, कोबलहरूमा खुट्टाको हल्ला सुन्न र अन्धियारा गड्ढाहरूबाट उठ्ने डरको गन्ध सुन्न सजिलो छ।","हजारौँ वर्ष पुरानो भग्नावशेषको बिचमा उभिएर पनि लामो समयदेखि चलेको लडाइँको आवाज र गन्धलाई मनमा ल्याउन, कोबलहरूमा खुट्टाको हल्ला सुन्न र अन्धियारा गड्ढाहरूबाट उठ्ने डरको गन्ध सुन्न सजिलो छ।","hajaaraun warsha puraano bhagnaawasheshako bichamaa ubhiera pani laamo samayadekhi chaleko ladaainko aawaaja ra gandhalaaii manamaa lyaauna, kobalaharuumaa khuttaako hallaa sunna ra andhiyaaraa gaddhaaharuubaata uthne darako gandha sunna sajilo chha.","hajaaraun warsha puraano bhagnaawasheshako bichamaa ubhiera pani laamo samayadekhi chaleko ladaainko aawaaja ra gandhalaaii manamaa lyaauna, kobalaharuumaa khuttaako hallaa sunna ra andhiyaaraa gaddhaaharuubaata uthne darako gandha sunna sajilo chha."
But is our imagination based on reality? Why were castles built in the first place? How were they designed and built?,तर के हाम्रो कल्पना वास्तविकतामा आधारित छ? किन महलहरू पहिले नै बनाइयो? तिनीहरू कसरी डिजाइन र निर्माण गरियो?,तर के हाम्रो कल्पना वास्तविकतामा आधारित छ? किन महलहरू पहिले नै बनाइयो? तिनीहरू कसरी डिजाइन र निर्माण गरियो?,tara ke haamro kalpanaa waastawikataamaa aadhaarita chha? kina mahalaharuu pahile nai banaaiyo? tiniiharuu kasarii dijaaina ra nirmaana gariyo?,tara ke haamro kalpanaa waastawikataamaa aadhaarita chha? kina mahalaharuu pahile nai banaaiyo? tiniiharuu kasarii dijaaina ra nirmaana gariyo?
"Typical for the period, Kirby Muxloe Castle is more of a fortified house than a true castle.","यस अवधिका लागि विशिष्ट, किर्बी मक्सलो महल साँचो महल भन्दा सुदृढ घर हो।","यस अवधिका लागि विशिष्ट, किर्बी मक्सलो महल साँचो महल भन्दा सुदृढ घर हो।","yasa awadhikaa laagi wishishta, kirbii maksalo mahala saancho mahala bhandaa sudridha ghara ho.","yasa awadhikaa laagi wishishta, kirbii maksalo mahala saancho mahala bhandaa sudridha ghara ho."
Its large glazed windows and thin walls would not have been able to resist a determined attack for long.,यसको ठुला चम्किलो झ्याल र पातलो पर्खालहरूले लामो समयसम्म दृढ आक्रमणको प्रतिरोध गर्न सक्षम हुने थिएन।,यसको ठुला चम्किलो झ्याल र पातलो पर्खालहरूले लामो समयसम्म दृढ आक्रमणको प्रतिरोध गर्न सक्षम हुने थिएन।,yasako thulaa chamkilo jhyaala ra paatalo parkhaalaharuule laamo samayasamma dridha aakramanako pratirodha garna sakshama hune thiena.,yasako thulaa chamkilo jhyaala ra paatalo parkhaalaharuule laamo samayasamma dridha aakramanako pratirodha garna sakshama hune thiena.
"In the 1480s, when its construction was begun by Lord Hastings, the country was relatively peaceful and defense was only required against small bands of roving marauders.","सन् 1480 को दशकमा, जब यसको निर्माण लर्ड हेस्टिङ्सले सुरु गरेका थिए, देश अपेक्षाकृत शान्तिपूर्ण थियो र घुम्ने लुटेरेहरूको सानो टोली विरुद्ध मात्र रक्षा आवश्यक थियो।","सन् 1480 को दशकमा, जब यसको निर्माण लर्ड हेस्टिङ्सले सुरु गरेका थिए, देश अपेक्षाकृत शान्तिपूर्ण थियो र घुम्ने लुटेरेहरूको सानो टोली विरुद्ध मात्र रक्षा आवश्यक थियो।","san 1480 ko dashakamaa, jaba yasako nirmaana larda hestingsale suru garekaa thie, desha apekshaakrita shaantipuurna thiyo ra ghumne lutereharuuko saano tolii wiruddha maatra rakshaa aawashyaka thiyo.","san 1480 ko dashakamaa, jaba yasako nirmaana larda hestingsale suru garekaa thie, desha apekshaakrita shaantipuurna thiyo ra ghumne lutereharuuko saano tolii wiruddha maatra rakshaa aawashyaka thiyo."
The balance of power was a system in which European nations sought to maintain the national sovereignty of all European states.,शक्तिको सन्तुलन एउटा यस्तो प्रणाली थियो जसमा युरोपेली राष्ट्रहरूले सबै युरोपेली राज्यहरूको राष्ट्रिय सार्वभौमिकता कायम राख्न खोजेका थिए।,शक्तिको सन्तुलन एउटा यस्तो प्रणाली थियो जसमा युरोपेली राष्ट्रहरूले सबै युरोपेली राज्यहरूको राष्ट्रिय सार्वभौमिकता कायम राख्न खोजेका थिए।,shaktiko santulana eutaa yasto pranaalii thiyo jasamaa yuropelii raashtraharuule sabai yuropelii raajyaharuuko raashtriya saarwabhaumikataa kaayama raakhna khojekaa thie.,shaktiko santulana eutaa yasto pranaalii thiyo jasamaa yuropelii raashtraharuule sabai yuropelii raajyaharuuko raashtriya saarwabhaumikataa kaayama raakhna khojekaa thie.
"The concept was that all European nations had to seek to prevent one nation from becoming powerful, and thus national governments often changed their alliances in order to maintain the balance.","अवधारणा यो थियो कि सबै युरोपेली राष्ट्रहरूले एउटा राष्ट्रलाई शक्तिशाली हुनबाट रोक्न खोज्नु पर्ने थियो, र यसरी राष्ट्रिय सरकारहरूले सन्तुलन कायम राख्नका लागि प्रायः आफ्नो गठबन्धन परिवर्तन गर्थे।","अवधारणा यो थियो कि सबै युरोपेली राष्ट्रहरूले एउटा राष्ट्रलाई शक्तिशाली हुनबाट रोक्न खोज्नु पर्ने थियो, र यसरी राष्ट्रिय सरकारहरूले सन्तुलन कायम राख्नका लागि प्रायः आफ्नो गठबन्धन परिवर्तन गर्थे।","awadhaaranaa yo thiyo ki sabai yuropelii raashtraharuule eutaa raashtralaaii shaktishaalii hunabaata rokna khojnu parne thiyo, ra yasarii raashtriya sarakaaraharuule santulana kaayama raakhnakaa laagi praayh aaphno gathabandhana pariwartana garthe.","awadhaaranaa yo thiyo ki sabai yuropelii raashtraharuule eutaa raashtralaaii shaktishaalii hunabaata rokna khojnu parne thiyo, ra yasarii raashtriya sarakaaraharuule santulana kaayama raakhnakaa laagi praayh aaphno gathabandhana pariwartana garthe."
The War of Spanish Succession marked the first war whose central issue was the balance of power.,स्पेनिस उत्तराधिकारको युद्धले पहिलो युद्धलाई चिह्नित गऱ्यो जसको केन्द्रीय मुद्दा शक्तिको सन्तुलन थियो।,स्पेनिस उत्तराधिकारको युद्धले पहिलो युद्धलाई चिह्नित गऱ्यो जसको केन्द्रीय मुद्दा शक्तिको सन्तुलन थियो।,spenisa uttaraadhikaarako yuddhale pahilo yuddhalaaii chihnita garyo jasako kendriiya muddaa shaktiko santulana thiyo.,spenisa uttaraadhikaarako yuddhale pahilo yuddhalaaii chihnita garyo jasako kendriiya muddaa shaktiko santulana thiyo.
"This marked an important change, as European powers would no longer have the pretext of being religious wars. Thus, the Thirty Years' War would be the last war to be labeled a religious war.","यो एउटा महत्त्वपूर्ण परिवर्तन हो, किनकि युरोपेली शक्तिहरूसँग अब धार्मिक युद्ध हुने बहाना हुने थिएन। यसरी, तीस वर्षको युद्धलाई धार्मिक युद्धको नाम दिइने अन्तिम युद्ध हुनेछ।","यो एउटा महत्त्वपूर्ण परिवर्तन हो, किनकि युरोपेली शक्तिहरूसँग अब धार्मिक युद्ध हुने बहाना हुने थिएन। यसरी, तीस वर्षको युद्धलाई धार्मिक युद्धको नाम दिइने अन्तिम युद्ध हुनेछ।","yo eutaa mahattwapuurna pariwartana ho, kinaki yuropelii shaktiharuusnga aba dhaarmika yuddha hune bahaanaa hune thiena. yasarii, tiisa warshako yuddhalaaii dhaarmika yuddhako naama diine antima yuddha hunechha.","yo eutaa mahattwapuurna pariwartana ho, kinaki yuropelii shaktiharuusnga aba dhaarmika yuddha hune bahaanaa hune thiena. yasarii, tiisa warshako yuddhalaaii dhaarmika yuddhako naama diine antima yuddha hunechha."
"The temple of Artemis at Ephesus was destroyed on July 21, 356 BCE in an act of arson committed by Herostratus.","एफिससको आर्टेमिसको मन्दिर 21 जुलाई, 356 इसापूर्वमा हेरोस्ट्रेटसले गरेको आगोको कार्यमा नष्ट भएको थियो।","एफिससको आर्टेमिसको मन्दिर 21 जुलाई, 356 इसापूर्वमा हेरोस्ट्रेटसले गरेको आगोको कार्यमा नष्ट भएको थियो।","ephisasako aartemisako mandira 21 julaaii, 356 isaapuurwamaa herostretasale gareko aagoko kaaryamaa nashta bhaeko thiyo.","ephisasako aartemisako mandira 21 julaaii, 356 isaapuurwamaa herostretasale gareko aagoko kaaryamaa nashta bhaeko thiyo."
"According to the story, his motivation was fame at any cost. The Ephesians, outraged, announced that Herostratus' name never be recorded.","कथाअनुसार, उनको प्रेरणा कुनै पनि मूल्यको प्रसिद्धि थियो। एफिसीहरूले क्रोधित भएर घोषणा गरे कि हेरोस्ट्रेटसको नाम कहिल्यै रेकर्ड गरिएको छैन।","कथाअनुसार, उनको प्रेरणा कुनै पनि मूल्यको प्रसिद्धि थियो। एफिसीहरूले क्रोधित भएर घोषणा गरे कि हेरोस्ट्रेटसको नाम कहिल्यै रेकर्ड गरिएको छैन।","kathaaanusaara, unako preranaa kunai pani muulyako prasiddhi thiyo. ephisiiharuule krodhita bhaera ghoshanaa gare ki herostretasako naama kahilyai rekarda garieko chhaina.","kathaaanusaara, unako preranaa kunai pani muulyako prasiddhi thiyo. ephisiiharuule krodhita bhaera ghoshanaa gare ki herostretasako naama kahilyai rekarda garieko chhaina."
"The Greek historian Strabo later noted the name, which is how we know today. The temple was destroyed on the same night that Alexander the Great was born.","ग्रिक इतिहासकार स्ट्राबोले पछि यो नाम उल्लेख गरे, जुन आज हामीलाई थाहा छ। अलेक्जान्डर द ग्रेटको जन्म भएको रात नै मन्दिर ध्वस्त भएको थियो।","ग्रिक इतिहासकार स्ट्राबोले पछि यो नाम उल्लेख गरे, जुन आज हामीलाई थाहा छ। अलेक्जान्डर द ग्रेटको जन्म भएको रात नै मन्दिर ध्वस्त भएको थियो।","grika itihaasakaara straabole pachhi yo naama ullekha gare, juna aaja haamiilaaii thaahaa chha. alekjaandara da gretako janma bhaeko raata nai mandira dhwasta bhaeko thiyo.","grika itihaasakaara straabole pachhi yo naama ullekha gare, juna aaja haamiilaaii thaahaa chha. alekjaandara da gretako janma bhaeko raata nai mandira dhwasta bhaeko thiyo."
"Alexander, as king, offered to pay to rebuild the temple, but his offer was denied. Later, after Alexander died, the temple was rebuilt in 323 BCE.","राजाका रूपमा अलेक्जान्डरले मन्दिर पुनर्निर्माणका लागि पैसा तिर्न प्रस्ताव गरे, तर उनको प्रस्ताव अस्वीकार गरियो। पछि, अलेक्जान्डरको मृत्युपछि, मन्दिर इसापूर्व 323 मा पुनर्निर्माण गरिएको थियो।","राजाका रूपमा अलेक्जान्डरले मन्दिर पुनर्निर्माणका लागि पैसा तिर्न प्रस्ताव गरे, तर उनको प्रस्ताव अस्वीकार गरियो। पछि, अलेक्जान्डरको मृत्युपछि, मन्दिर इसापूर्व 323 मा पुनर्निर्माण गरिएको थियो।","raajaakaa ruupamaa alekjaandarale mandira punarnirmaanakaa laagi paisaa tirna prastaawa gare, tara unako prastaawa aswiikaara gariyo. pachhi, alekjaandarako mrityupachhi, mandira isaapuurwa 323 maa punarnirmaana garieko thiyo.","raajaakaa ruupamaa alekjaandarale mandira punarnirmaanakaa laagi paisaa tirna prastaawa gare, tara unako prastaawa aswiikaara gariyo. pachhi, alekjaandarako mrityupachhi, mandira isaapuurwa 323 maa punarnirmaana garieko thiyo."
Make sure your hand is as relaxed as possible while still hitting all the notes correctly - also try not to make much extraneous motion with your fingers.,सबै नोटहरूलाई सही तरिकाले हिर्काउँदा तपाईँको हात सकेसम्म आराम छ भनी सुनिश्चित गर्नुहोस्-तपाईँका औँलाहरूले धेरै बाह्य गति नगर्ने प्रयास गर्नुहोस्।,सबै नोटहरूलाई सही तरिकाले हिर्काउँदा तिमीको हात सकेसम्म आराम छ भनी सुनिश्चित गर-तिमीका औँलाहरूले धेरै बाह्य गति नगर्ने प्रयास गर।,sabai notaharuulaaii sahii tarikaale hirkaaundaa tapaaiinko haata sakesamma aaraama chha bhanii sunishchita garnuhos-tapaaiinkaa aunlaaharuule dherai baahya gati nagarne prayaasa garnuhos.,sabai notaharuulaaii sahii tarikaale hirkaaundaa timiiko haata sakesamma aaraama chha bhanii sunishchita gara-timiikaa aunlaaharuule dherai baahya gati nagarne prayaasa gara.
"This way, you will tire yourself out as little as possible. Remember there's no need to hit the keys with a lot of force for extra volume like on the piano.",यसरी तपाईँ आफैलाई सकेसम्म थोरै थकित पार्नुहुनेछ। याद गर्नुहोस् पियानोमा जस्तै अतिरिक्त भोल्युमका लागि धेरै बलका साथ कुञ्जीहरू हिट गर्न आवश्यक छैन।,यसरी तिमी आफैलाई सकेसम्म थोरै थकित पार्नुहुनेछ। याद गर पियानोमा जस्तै अतिरिक्त भोल्युमका लागि धेरै बलका साथ कुञ्जीहरू हिट गर्न आवश्यक छैन।,yasarii tapaaiin aaphailaaii sakesamma thorai thakita paarnuhunechha. yaada garnuhos piyaanomaa jastai atirikta bholyumakaa laagi dherai balakaa saatha kunyjiiharuu hita garna aawashyaka chhaina.,yasarii timii aaphailaaii sakesamma thorai thakita paarnuhunechha. yaada gara piyaanomaa jastai atirikta bholyumakaa laagi dherai balakaa saatha kunyjiiharuu hita garna aawashyaka chhaina.
"On the accordion, to get extra volume, you use the bellows with more pressure or speed.","एकोर्डियनमा, अतिरिक्त मात्रा प्राप्त गर्न, तपाईँले अधिक दबाब वा गतिको साथ बेलोजहरू प्रयोग गर्नुहुन्छ।","एकोर्डियनमा, अतिरिक्त मात्रा प्राप्त गर्न, तिमीले अधिक दबाब वा गतिको साथ बेलोजहरू प्रयोग गर्नुहुन्छ।","ekordiyanamaa, atirikta maatraa praapta garna, tapaaiinle adhika dabaaba waa gatiko saatha belojaharuu prayoga garnuhunchha.","ekordiyanamaa, atirikta maatraa praapta garna, timiile adhika dabaaba waa gatiko saatha belojaharuu prayoga garnuhunchha."
"Mysticism is the pursuit of communion with, identity with, or conscious awareness of an ultimate reality, divinity, spiritual truth, or God.","रहस्यवाद भनेको अन्तिम वास्तविकता, देवत्व, आध्यात्मिक सत्य, वा भगवानसँग मेलमिलाप, पहिचान, वा सचेत चेतनाको खोजी हो।","रहस्यवाद भनेको अन्तिम वास्तविकता, देवत्व, आध्यात्मिक सत्य, वा भगवानसँग मेलमिलाप, पहिचान, वा सचेत चेतनाको खोजी हो।","rahasyawaada bhaneko antima waastawikataa, dewatwa, aadhyaatmika satya, waa bhagawaanasnga melamilaapa, pahichaana, waa sacheta chetanaako khojii ho.","rahasyawaada bhaneko antima waastawikataa, dewatwa, aadhyaatmika satya, waa bhagawaanasnga melamilaapa, pahichaana, waa sacheta chetanaako khojii ho."
"The believer seeks a direct experience, intuition, or insight into divine reality/the deity or dieties.","विश्वासीले प्रत्यक्ष अनुभव, अंतर्ज्ञान, वा ईश्वरीय वास्तविकता/देवता वा आहारमा अन्तर्दृष्टि खोज्छ।","विश्वासीले प्रत्यक्ष अनुभव, अंतर्ज्ञान, वा ईश्वरीय वास्तविकता/देवता वा आहारमा अन्तर्दृष्टि खोज्छ।","wishwaasiile pratyaksha anubhawa, antarjnyaana, waa iishwariiya waastawikataa/dewataa waa aahaaramaa antardrishti khojchha.","wishwaasiile pratyaksha anubhawa, antarjnyaana, waa iishwariiya waastawikataa/dewataa waa aahaaramaa antardrishti khojchha."
"Followers pursue certain ways of living, or practices that are intended to nurture those experiences.","अनुयायीहरूले जीवन बिताउने केही तरिकाहरू, वा अभ्यासहरू पछ्याउँछन् जुन ती अनुभवहरूलाई पोषित गर्ने उद्देश्यले गरिन्छ।","अनुयायीहरूले जीवन बिताउने केही तरिकाहरू, वा अभ्यासहरू पछ्याउँछन् जुन ती अनुभवहरूलाई पोषित गर्ने उद्देश्यले गरिन्छ।","anuyaayiiharuule jiiwana bitaaune kehii tarikaaharuu, waa abhyaasaharuu pachhyaaunchhan juna tii anubhawaharuulaaii poshita garne uddeshyale garinchha.","anuyaayiiharuule jiiwana bitaaune kehii tarikaaharuu, waa abhyaasaharuu pachhyaaunchhan juna tii anubhawaharuulaaii poshita garne uddeshyale garinchha."
"Mysticism can be distinguished from other forms of religious belief and worship by its emphasis on the direct personal experience of a unique state of consciousness, particularly those of a peaceful, insightful, blissful, or even ecstatic character.","रहस्यवादलाई चेतनाको अद्वितीय अवस्थाको प्रत्यक्ष व्यक्तिगत अनुभवमा जोड दिएर धार्मिक विश्वास र पूजाका अन्य रूपहरूबाट छुट्याउन सकिन्छ, विशेष गरी शान्तिपूर्ण, अन्तर्दृष्टिपूर्ण, आनन्दपूर्ण, वा यहाँसम्म कि परमानंदपूर्ण चरित्रको।","रहस्यवादलाई चेतनाको अद्वितीय अवस्थाको प्रत्यक्ष व्यक्तिगत अनुभवमा जोड दिएर धार्मिक विश्वास र पूजाका अन्य रूपहरूबाट छुट्याउन सकिन्छ, विशेष गरी शान्तिपूर्ण, अन्तर्दृष्टिपूर्ण, आनन्दपूर्ण, वा यहाँसम्म कि परमानंदपूर्ण चरित्रको।","rahasyawaadalaaii chetanaako adwitiiya awasthaako pratyaksha wyaktigata anubhawamaa joda diera dhaarmika wishwaasa ra puujaakaa anya ruupaharuubaata chhutyaauna sakinchha, wishesha garii shaantipuurna, antardrishtipuurna, aanandapuurna, waa yahaansamma ki paramaanndapuurna charitrako.","rahasyawaadalaaii chetanaako adwitiiya awasthaako pratyaksha wyaktigata anubhawamaa joda diera dhaarmika wishwaasa ra puujaakaa anya ruupaharuubaata chhutyaauna sakinchha, wishesha garii shaantipuurna, antardrishtipuurna, aanandapuurna, waa yahaansamma ki paramaanndapuurna charitrako."
Sikhism is a religion from the Indian sub-continent. It originated in the Punjab region during the 15th century from a sectarian split within the Hindu tradition.,सिख धर्म भारतीय उपमहाद्वीपको एउटा धर्म हो। यो 15 औँ शताब्दीमा पन्जाब क्षेत्रमा हिन्दू परम्पराभित्रको साम्प्रदायिक विभाजनबाट उत्पन्न भएको थियो।,सिख धर्म भारतीय उपमहाद्वीपको एउटा धर्म हो। यो 15 औँ शताब्दीमा पन्जाब क्षेत्रमा हिन्दू परम्पराभित्रको साम्प्रदायिक विभाजनबाट उत्पन्न भएको थियो।,sikha dharma bhaaratiiya upamahaadwiipako eutaa dharma ho. yo 15 aun shataabdiimaa panjaaba kshetramaa hinduu paramparaabhitrako saampradaayika wibhaajanabaata utpanna bhaeko thiyo.,sikha dharma bhaaratiiya upamahaadwiipako eutaa dharma ho. yo 15 aun shataabdiimaa panjaaba kshetramaa hinduu paramparaabhitrako saampradaayika wibhaajanabaata utpanna bhaeko thiyo.
Sikhs consider their faith to be a separate religion from Hinduism though they acknowledge its Hindu roots and traditions.,सिखहरूले आफ्नो विश्वासलाई हिन्दू धर्मबाट अलग धर्म मान्छन् यद्यपि उनीहरूले यसको हिन्दू जरा र परम्पराहरूलाई स्वीकार गर्छन्।,सिखहरूले आफ्नो विश्वासलाई हिन्दू धर्मबाट अलग धर्म मान्छन् यद्यपि उनीहरूले यसको हिन्दू जरा र परम्पराहरूलाई स्वीकार गर्छन्।,sikhaharuule aaphno wishwaasalaaii hinduu dharmabaata alaga dharma maanchhan yadyapi uniiharuule yasako hinduu jaraa ra paramparaaharuulaaii swiikaara garchhan.,sikhaharuule aaphno wishwaasalaaii hinduu dharmabaata alaga dharma maanchhan yadyapi uniiharuule yasako hinduu jaraa ra paramparaaharuulaaii swiikaara garchhan.
"Sikhs call their religion Gurmat, which is Punjabi for ""way of the guru"". The guru is a fundamental aspect of all Indian religions but in Sikhism has taken on an importance that forms the core of Sikh beliefs.","सिखहरूले आफ्नो धर्मलाई गुरुमत भन्छन्, जुन पन्जाबी हो जसको अर्थ ""गुरुको मार्ग"" हो। गुरु सबै भारतीय धर्महरूको आधारभूत पक्ष हो तर सिख धर्ममा सिख विश्वासको मूल बनाउने महत्त्वलाई लिइन्छ।","सिखहरूले आफ्नो धर्मलाई गुरुमत भन्छन्, जुन पन्जाबी हो जसको अर्थ ""गुरुको मार्ग"" हो। गुरु सबै भारतीय धर्महरूको आधारभूत पक्ष हो तर सिख धर्ममा सिख विश्वासको मूल बनाउने महत्त्वलाई लिइन्छ।","sikhaharuule aaphno dharmalaaii gurumata bhanchhan, juna panjaabii ho jasako artha ""guruko maarga"" ho. guru sabai bhaaratiiya dharmaharuuko aadhaarabhuuta paksha ho tara sikha dharmamaa sikha wishwaasako muula banaaune mahattwalaaii liinchha.","sikhaharuule aaphno dharmalaaii gurumata bhanchhan, juna panjaabii ho jasako artha ""guruko maarga"" ho. guru sabai bhaaratiiya dharmaharuuko aadhaarabhuuta paksha ho tara sikha dharmamaa sikha wishwaasako muula banaaune mahattwalaaii liinchha."
The religion was founded in the 15th century by Guru Nanak (1469–1539). There followed in succession a further nine gurus.,यो धर्म 15 औँ शताब्दीमा गुरु नानक (1469-1539) द्वारा स्थापित गरिएको थियो। त्यहाँ लगातार नौ गुरुहरू आए।,यो धर्म 15 औँ शताब्दीमा गुरु नानक (1469-1539) द्वारा स्थापित गरिएको थियो। त्यहाँ लगातार नौ गुरुहरू आए।,yo dharma 15 aun shataabdiimaa guru naanaka (1469-1539) dwaaraa sthaapita garieko thiyo. tyahaan lagaataara nau guruharuu aae.,yo dharma 15 aun shataabdiimaa guru naanaka (1469-1539) dwaaraa sthaapita garieko thiyo. tyahaan lagaataara nau guruharuu aae.
"However, in June 1956, Krushchev's promises were put to the test when riots in Poland, where workers were protesting against food shortages and wage cuts, turned into a general protest against Communism.","तर, जुन 1956 मा, पोल्यान्डमा, जहाँ मजदुरहरूले खाद्यान्नको अभाव र तलब कटौतीको विरोध गरिरहेका थिए, त्यहाँ भएको दङ्गा साम्यवादको विरुद्धमा सामान्य विरोधमा परिणत हुँदा क्रुशेभको वाचा परीक्षण गरियो।","तर, जुन 1956 मा, पोल्यान्डमा, जहाँ मजदुरहरूले खाद्यान्नको अभाव र तलब कटौतीको विरोध गरिरहेका थिए, त्यहाँ भएको दङ्गा साम्यवादको विरुद्धमा सामान्य विरोधमा परिणत हुँदा क्रुशेभको वाचा परीक्षण गरियो।","tara, juna 1956 maa, polyaandamaa, jahaan majaduraharuule khaadyaannako abhaawa ra talaba katautiiko wirodha garirahekaa thie, tyahaan bhaeko danggaa saamyawaadako wiruddhamaa saamaanya wirodhamaa parinata hundaa krushebhako waachaa pariikshana gariyo.","tara, juna 1956 maa, polyaandamaa, jahaan majaduraharuule khaadyaannako abhaawa ra talaba katautiiko wirodha garirahekaa thie, tyahaan bhaeko danggaa saamyawaadako wiruddhamaa saamaanya wirodhamaa parinata hundaa krushebhako waachaa pariikshana gariyo."
"Although in the end, Krushchev sent in tanks to restore order, he did give way to some economic demands and agreed to appoint the popular Wladyslaw Gomulka as the new prime minister.","यद्यपि अन्त्यमा, क्रुशेभले व्यवस्था पुनर्स्थापित गर्न ट्याङ्कहरू पठाए, उनले केही आर्थिक मागहरूलाई बाटो दिए र लोकप्रिय व्लाडिस्ल गोमुल्कालाई नयाँ प्रधानमन्त्रीको रूपमा नियुक्त गर्न सहमत भए।","यद्यपि अन्त्यमा, क्रुशेभले व्यवस्था पुनर्स्थापित गर्न ट्याङ्कहरू पठाए, उनले केही आर्थिक मागहरूलाई बाटो दिए र लोकप्रिय व्लाडिस्ल गोमुल्कालाई नयाँ प्रधानमन्त्रीको रूपमा नियुक्त गर्न सहमत भए।","yadyapi antyamaa, krushebhale wyawasthaa punarsthaapita garna tyaangkaharuu pathaae, unale kehii aarthika maagaharuulaaii baato die ra lokapriya wlaadisla gomulkaalaaii nayaan pradhaanamantriiko ruupamaa niyukta garna sahamata bhae.","yadyapi antyamaa, krushebhale wyawasthaa punarsthaapita garna tyaangkaharuu pathaae, unale kehii aarthika maagaharuulaaii baato die ra lokapriya wlaadisla gomulkaalaaii nayaan pradhaanamantriiko ruupamaa niyukta garna sahamata bhae."
The Indus Valley Civilization was a Bronze Age civilisation in the northwest Indian subcontinent encompassing most of modern-day Pakistan and some regions in northwest India and northeast Afghanistan.,सिन्धु घाटी सभ्यता उत्तरपश्चिम भारतीय उपमहाद्वीपमा कांस्य युगको सभ्यता थियो जसले आधुनिक पाकिस्तानको अधिकांश भाग र उत्तरपश्चिम भारत र उत्तरपूर्वी अफगानिस्तानका केही क्षेत्रहरूलाई समेटेको थियो।,सिन्धु घाटी सभ्यता उत्तरपश्चिम भारतीय उपमहाद्वीपमा कांस्य युगको सभ्यता थियो जसले आधुनिक पाकिस्तानको अधिकांश भाग र उत्तरपश्चिम भारत र उत्तरपूर्वी अफगानिस्तानका केही क्षेत्रहरूलाई समेटेको थियो।,sindhu ghaatii sabhyataa uttarapashchima bhaaratiiya upamahaadwiipamaa kaansya yugako sabhyataa thiyo jasale aadhunika paakistaanako adhikaansha bhaaga ra uttarapashchima bhaarata ra uttarapuurwii aphagaanistaanakaa kehii kshetraharuulaaii sameteko thiyo.,sindhu ghaatii sabhyataa uttarapashchima bhaaratiiya upamahaadwiipamaa kaansya yugako sabhyataa thiyo jasale aadhunika paakistaanako adhikaansha bhaaga ra uttarapashchima bhaarata ra uttarapuurwii aphagaanistaanakaa kehii kshetraharuulaaii sameteko thiyo.
The civilisation flourished in the basins of the Indus River wherefore it derives its name.,सिन्धु नदीको बेसिनमा सभ्यता फस्टाएको थियो त्यसैले यसको नाम आएको हो।,सिन्धु नदीको बेसिनमा सभ्यता फस्टाएको थियो त्यसैले यसको नाम आएको हो।,sindhu nadiiko besinamaa sabhyataa phastaaeko thiyo tyasaile yasako naama aaeko ho.,sindhu nadiiko besinamaa sabhyataa phastaaeko thiyo tyasaile yasako naama aaeko ho.
"Although some scholars speculate that since the civilisation also existed in the basins of the now dried up Sarasvati River, it should be aptly called the Indus-Sarasvati Civilization, while some call it the Harappan Civilization after Harappa, the first of its sites to be excavated in the 1920s.","यद्यपि केही विद्वानहरूले अनुमान गर्छन् कि सभ्यता अहिले सुकेको सरस्वती नदीको बेसिनहरूमा पनि अवस्थित थियो, यसलाई सिन्धु-सरस्वती सभ्यता भनिन्छ, जबकि कसैले यसलाई हडप्पा पछि हडप्पा सभ्यता भन्छन्, यसको पहिलो स्थलहरू 1920 को दशकमा उत्खनन गरिएको थियो।","यद्यपि केही विद्वानहरूले अनुमान गर्छन् कि सभ्यता अहिले सुकेको सरस्वती नदीको बेसिनहरूमा पनि अवस्थित थियो, यसलाई सिन्धु-सरस्वती सभ्यता भनिन्छ, जबकि कसैले यसलाई हडप्पा पछि हडप्पा सभ्यता भन्छन्, यसको पहिलो स्थलहरू 1920 को दशकमा उत्खनन गरिएको थियो।","yadyapi kehii widwaanaharuule anumaana garchhan ki sabhyataa ahile sukeko saraswatii nadiiko besinaharuumaa pani awasthita thiyo, yasalaaii sindhu-saraswatii sabhyataa bhaninchha, jabaki kasaile yasalaaii hadappaa pachhi hadappaa sabhyataa bhanchhan, yasako pahilo sthalaharuu 1920 ko dashakamaa utkhanana garieko thiyo.","yadyapi kehii widwaanaharuule anumaana garchhan ki sabhyataa ahile sukeko saraswatii nadiiko besinaharuumaa pani awasthita thiyo, yasalaaii sindhu-saraswatii sabhyataa bhaninchha, jabaki kasaile yasalaaii hadappaa pachhi hadappaa sabhyataa bhanchhan, yasako pahilo sthalaharuu 1920 ko dashakamaa utkhanana garieko thiyo."
The militaristic nature of the Roman empire aided in the development of medical advances.,रोमन साम्राज्यको सैन्य प्रकृतिले चिकित्सा प्रगतिको विकासमा सहयोग गऱ्यो।,रोमन साम्राज्यको सैन्य प्रकृतिले चिकित्सा प्रगतिको विकासमा सहयोग गऱ्यो।,romana saamraajyako sainya prakritile chikitsaa pragatiko wikaasamaa sahayoga garyo.,romana saamraajyako sainya prakritile chikitsaa pragatiko wikaasamaa sahayoga garyo.
Doctors began to be recruited by Emperor Augustus and even formed the first Roman Medical Corps for use in the aftermath of battles.,सम्राट अगस्टसद्वारा डाक्टरहरू भर्ती गर्न थाले र युद्धपछि प्रयोगका लागि पहिलो रोमन मेडिकल कोर पनि गठन गरे।,सम्राट अगस्टसद्वारा डाक्टरहरू भर्ती गर्न थाले र युद्धपछि प्रयोगका लागि पहिलो रोमन मेडिकल कोर पनि गठन गरे।,samraata agastasadwaaraa daaktaraharuu bhartii garna thaale ra yuddhapachhi prayogakaa laagi pahilo romana medikala kora pani gathana gare.,samraata agastasadwaaraa daaktaraharuu bhartii garna thaale ra yuddhapachhi prayogakaa laagi pahilo romana medikala kora pani gathana gare.
Surgeons had knowledge of various sedatives including morphine from extracts of poppy seeds and scopolamine from herbane seeds.,शल्यचिकित्सकहरूलाई खसखसको बिउबाट निकाल्ने मोर्फिन र हर्बेनको बिउबाट निकाल्ने स्कोपोलामाइनसहित विभिन्न शामक पदार्थहरूको ज्ञान थियो।,शल्यचिकित्सकहरूलाई खसखसको बिउबाट निकाल्ने मोर्फिन र हर्बेनको बिउबाट निकाल्ने स्कोपोलामाइनसहित विभिन्न शामक पदार्थहरूको ज्ञान थियो।,shalyachikitsakaharuulaaii khasakhasako biubaata nikaalne morphina ra harbenako biubaata nikaalne skopolaamaainasahita wibhinna shaamaka padaarthaharuuko jnyaana thiyo.,shalyachikitsakaharuulaaii khasakhasako biubaata nikaalne morphina ra harbenako biubaata nikaalne skopolaamaainasahita wibhinna shaamaka padaarthaharuuko jnyaana thiyo.
They became proficient at amputation to save patients from gangrene as well as tourniquets and arterial clamps to stem blood flow.,तिनीहरू रगत प्रवाह रोक्नका लागि बिरामीहरूलाई ग्यांग्रीनका साथसाथै टुरनिकेट र धमनी क्ल्याम्पहरूबाट बचाउन विच्छेदनमा निपुण भए।,तिनीहरू रगत प्रवाह रोक्नका लागि बिरामीहरूलाई ग्यांग्रीनका साथसाथै टुरनिकेट र धमनी क्ल्याम्पहरूबाट बचाउन विच्छेदनमा निपुण भए।,tiniiharuu ragata prawaaha roknakaa laagi biraamiiharuulaaii gyaangriinakaa saathasaathai turaniketa ra dhamanii klyaampaharuubaata bachaauna wichchhedanamaa nipuna bhae.,tiniiharuu ragata prawaaha roknakaa laagi biraamiiharuulaaii gyaangriinakaa saathasaathai turaniketa ra dhamanii klyaampaharuubaata bachaauna wichchhedanamaa nipuna bhae.
"Over multiple centuries, the Roman empire led to great gains in the field of medicine and formed much of the knowledge we know today.","धेरै शताब्दीहरूमा, रोमन साम्राज्यले चिकित्साको क्षेत्रमा ठुलो लाभ ल्यायो र आज हामीले थाहा पाएको धेरै ज्ञानको गठन गऱ्यो।","धेरै शताब्दीहरूमा, रोमन साम्राज्यले चिकित्साको क्षेत्रमा ठुलो लाभ ल्यायो र आज हामीले थाहा पाएको धेरै ज्ञानको गठन गऱ्यो।","dherai shataabdiiharuumaa, romana saamraajyale chikitsaako kshetramaa thulo laabha lyaayo ra aaja haamiile thaahaa paaeko dherai jnyaanako gathana garyo.","dherai shataabdiiharuumaa, romana saamraajyale chikitsaako kshetramaa thulo laabha lyaayo ra aaja haamiile thaahaa paaeko dherai jnyaanako gathana garyo."
"Pureland origami is origami with the restriction that only one fold may be done at a time, more complex folds like reverse folds are not allowed, and all folds have straightforward locations.","प्योरल्यान्ड ओरिगामी एक पटकमा केवल एक तह गर्न सकिने प्रतिबन्धको साथ ओरिगामी हो, उल्टो तहहरू जस्ता थप जटिल तहहरूलाई अनुमति छैन, र सबै तहहरूमा सीधा स्थानहरू छन्।","प्योरल्यान्ड ओरिगामी एक पटकमा केवल एक तह गर्न सकिने प्रतिबन्धको साथ ओरिगामी हो, उल्टो तहहरू जस्ता थप जटिल तहहरूलाई अनुमति छैन, र सबै तहहरूमा सीधा स्थानहरू छन्।","pyoralyaanda origaamii eka patakamaa kewala eka taha garna sakine pratibandhako saatha origaamii ho, ulto tahaharuu jastaa thapa jatila tahaharuulaaii anumati chhaina, ra sabai tahaharuumaa siidhaa sthaanaharuu chhan.","pyoralyaanda origaamii eka patakamaa kewala eka taha garna sakine pratibandhako saatha origaamii ho, ulto tahaharuu jastaa thapa jatila tahaharuulaaii anumati chhaina, ra sabai tahaharuumaa siidhaa sthaanaharuu chhan."
It was developed by John Smith in the 1970s to help inexperienced folders or those with limited motor skills.,यो 1970 को दशकमा जोन स्मिथद्वारा अनुभवहीन फोल्डरहरू वा सीमित मोटर कौशल भएका मानिसहरूलाई मद्दत गर्न विकसित गरिएको थियो।,यो 1970 को दशकमा जोन स्मिथद्वारा अनुभवहीन फोल्डरहरू वा सीमित मोटर कौशल भएका मानिसहरूलाई मद्दत गर्न विकसित गरिएको थियो।,yo 1970 ko dashakamaa jona smithadwaaraa anubhawahiina pholdaraharuu waa siimita motara kaushala bhaekaa maanisaharuulaaii maddata garna wikasita garieko thiyo.,yo 1970 ko dashakamaa jona smithadwaaraa anubhawahiina pholdaraharuu waa siimita motara kaushala bhaekaa maanisaharuulaaii maddata garna wikasita garieko thiyo.
Children develop an awareness of race and racial stereotypes quite young and these racial stereotypes affect behavior.,बालबालिकाहरूले धेरै युवाहरूमा जाति र जातीय रूढीवादी धारणाहरूबारे जागरूकता विकास गर्छन् र यी जातीय रूढीवादी धारणाहरूले व्यवहारलाई असर गर्छ।,बालबालिकाहरूले धेरै युवाहरूमा जाति र जातीय रूढीवादी धारणाहरूबारे जागरूकता विकास गर्छन् र यी जातीय रूढीवादी धारणाहरूले व्यवहारलाई असर गर्छ।,baalabaalikaaharuule dherai yuwaaharuumaa jaati ra jaatiiya ruudhiiwaadii dhaaranaaharuubaare jaagaruukataa wikaasa garchhan ra yii jaatiiya ruudhiiwaadii dhaaranaaharuule wyawahaaralaaii asara garchha.,baalabaalikaaharuule dherai yuwaaharuumaa jaati ra jaatiiya ruudhiiwaadii dhaaranaaharuubaare jaagaruukataa wikaasa garchhan ra yii jaatiiya ruudhiiwaadii dhaaranaaharuule wyawahaaralaaii asara garchha.
"For instance, children who identify with a racial minority that is stereotyped as not doing well in school tend to not do well in school once they learn about the stereotype associated with their race.","उदाहरणका लागि, स्कुलमा राम्रो प्रदर्शन नगरेको रूपमा रूढिबद्ध गरिएको जातीय अल्पसङ्ख्यकसँग पहिचान गर्ने बच्चाहरूले आफ्नो जातिसँग सम्बन्धित रूढिबद्धताको बारेमा थाहा पाएपछि स्कुलमा राम्रो प्रदर्शन गर्दैनन्।","उदाहरणका लागि, स्कुलमा राम्रो प्रदर्शन नगरेको रूपमा रूढिबद्ध गरिएको जातीय अल्पसङ्ख्यकसँग पहिचान गर्ने बच्चाहरूले आफ्नो जातिसँग सम्बन्धित रूढिबद्धताको बारेमा थाहा पाएपछि स्कुलमा राम्रो प्रदर्शन गर्दैनन्।","udaaharanakaa laagi, skulamaa raamro pradarshana nagareko ruupamaa ruudhibaddha garieko jaatiiya alpasangkhyakasnga pahichaana garne bachchaaharuule aaphno jaatisnga sambandhita ruudhibaddhataako baaremaa thaahaa paaepachhi skulamaa raamro pradarshana gardainan.","udaaharanakaa laagi, skulamaa raamro pradarshana nagareko ruupamaa ruudhibaddha garieko jaatiiya alpasangkhyakasnga pahichaana garne bachchaaharuule aaphno jaatisnga sambandhita ruudhibaddhataako baaremaa thaahaa paaepachhi skulamaa raamro pradarshana gardainan."
MySpace is the third most popular website used in the United States and has 54 million profiles currently.,माइस्पेस संयुक्त राज्य अमेरिकामा प्रयोग हुने तेस्रो सबैभन्दा लोकप्रिय वेबसाइट हो र हाल 54 मिलियन प्रोफाइलहरू छन्।,माइस्पेस संयुक्त राज्य अमेरिकामा प्रयोग हुने तेस्रो सबैभन्दा लोकप्रिय वेबसाइट हो र हाल 54 मिलियन प्रोफाइलहरू छन्।,maaispesa snyukta raajya amerikaamaa prayoga hune tesro sabaibhandaa lokapriya webasaaita ho ra haala 54 miliyana prophaailaharuu chhan.,maaispesa snyukta raajya amerikaamaa prayoga hune tesro sabaibhandaa lokapriya webasaaita ho ra haala 54 miliyana prophaailaharuu chhan.
"These websites have gotten a lot of attention, especially in the education setting.",यी वेबसाइटहरूले विशेष गरी शिक्षा क्षेत्रमा धेरै ध्यान पाएको छ।,यी वेबसाइटहरूले विशेष गरी शिक्षा क्षेत्रमा धेरै ध्यान पाएको छ।,yii webasaaitaharuule wishesha garii shikshaa kshetramaa dherai dhyaana paaeko chha.,yii webasaaitaharuule wishesha garii shikshaa kshetramaa dherai dhyaana paaeko chha.
"There are positive aspects to these websites, which include, being able to easily setup a class page which can include blogs, videos, photos, and other features.","यी वेबसाइटहरूमा सकारात्मक पक्षहरू छन्, जसमा ब्लग, भिडियो, फोटो र अन्य सुविधाहरू समावेश गर्न सक्ने वर्ग पृष्ठ सजिलैसँग सेटअप गर्न सक्षम हुनु समावेश छ।","यी वेबसाइटहरूमा सकारात्मक पक्षहरू छन्, जसमा ब्लग, भिडियो, फोटो र अन्य सुविधाहरू समावेश गर्न सक्ने वर्ग पृष्ठ सजिलैसँग सेटअप गर्न सक्षम हुनु समावेश छ।","yii webasaaitaharuumaa sakaaraatmaka pakshaharuu chhan, jasamaa blaga, bhidiyo, photo ra anya suwidhaaharuu samaawesha garna sakne warga prishtha sajilaisnga setaapa garna sakshama hunu samaawesha chha.","yii webasaaitaharuumaa sakaaraatmaka pakshaharuu chhan, jasamaa blaga, bhidiyo, photo ra anya suwidhaaharuu samaawesha garna sakne warga prishtha sajilaisnga setaapa garna sakshama hunu samaawesha chha."
"This page can easily be accessed by providing just one web address, which makes it easy to remember and easy to type in for students who may have trouble using the keyboard or with spelling.","यो पृष्ठ सजिलैसँग एउटा वेब ठेगाना प्रदान गरेर पहुँच गर्न सकिन्छ, जसले किबोर्ड वा हिज्जे प्रयोग गर्नमा समस्या हुन सक्ने विद्यार्थीहरूका लागि सम्झन सजिलो र टाइप गर्न सजिलो बनाउँछ।","यो पृष्ठ सजिलैसँग एउटा वेब ठेगाना प्रदान गरेर पहुँच गर्न सकिन्छ, जसले किबोर्ड वा हिज्जे प्रयोग गर्नमा समस्या हुन सक्ने विद्यार्थीहरूका लागि सम्झन सजिलो र टाइप गर्न सजिलो बनाउँछ।","yo prishtha sajilaisnga eutaa weba thegaanaa pradaana garera pahuncha garna sakinchha, jasale kiborda waa hijje prayoga garnamaa samasyaa huna sakne widyaarthiiharuukaa laagi samjhana sajilo ra taaipa garna sajilo banaaunchha.","yo prishtha sajilaisnga eutaa weba thegaanaa pradaana garera pahuncha garna sakinchha, jasale kiborda waa hijje prayoga garnamaa samasyaa huna sakne widyaarthiiharuukaa laagi samjhana sajilo ra taaipa garna sajilo banaaunchha."
It can be customized to make it easy to read and also with as much or little color as desired.,यसलाई पढ्न सजिलो बनाउन र इच्छित रूपमा धेरै वा थोरै रङका साथ पनि अनुकूलित गर्न सकिन्छ।,यसलाई पढ्न सजिलो बनाउन र इच्छित रूपमा धेरै वा थोरै रङका साथ पनि अनुकूलित गर्न सकिन्छ।,yasalaaii padhna sajilo banaauna ra ichchhita ruupamaa dherai waa thorai rangakaa saatha pani anukuulita garna sakinchha.,yasalaaii padhna sajilo banaauna ra ichchhita ruupamaa dherai waa thorai rangakaa saatha pani anukuulita garna sakinchha.
"Attention Deficit Disorder ""is a neurological syndrome whose classic defining triad of symptoms including impulsivity, distractibility, and hyperactivity or excess energy"".","ध्यान घाटा विकार ""एक न्यूरोलॉजिकल सिन्ड्रोम हो जसको क्लासिक लक्षणहरूको त्रयीलाई परिभाषित गर्दछ जसमा आवेग, विचलितता, र अति सक्रियता वा अतिरिक्त ऊर्जा समावेश छ।""","ध्यान घाटा विकार ""एक न्यूरोलॉजिकल सिन्ड्रोम हो जसको क्लासिक लक्षणहरूको त्रयीलाई परिभाषित गर्दछ जसमा आवेग, विचलितता, र अति सक्रियता वा अतिरिक्त ऊर्जा समावेश छ।""","dhyaana ghaataa wikaara ""eka nyuurolaojikala sindroma ho jasako klaasika lakshanaharuuko trayiilaaii paribhaashita gardachha jasamaa aawega, wichalitataa, ra ati sakriyataa waa atirikta uurjaa samaawesha chha.""","dhyaana ghaataa wikaara ""eka nyuurolaojikala sindroma ho jasako klaasika lakshanaharuuko trayiilaaii paribhaashita gardachha jasamaa aawega, wichalitataa, ra ati sakriyataa waa atirikta uurjaa samaawesha chha."""
"It is not a learning disability, it is a learning disorder; it ""affects 3 to 5 percent of all children, perhaps as many as 2 million American children"".","यो सिकाइमा असक्षमता होइन, यो सिकाइमा विकार हो; यसले ""सबै बच्चाहरूको 3 देखि 5 प्रतिशतलाई असर गर्छ, सायद 20 लाख अमेरिकी बच्चाहरूलाई।""","यो सिकाइमा असक्षमता होइन, यो सिकाइमा विकार हो; यसले ""सबै बच्चाहरूको 3 देखि 5 प्रतिशतलाई असर गर्छ, सायद 20 लाख अमेरिकी बच्चाहरूलाई।""","yo sikaaimaa asakshamataa hoina, yo sikaaimaa wikaara ho; yasale ""sabai bachchaaharuuko 3 dekhi 5 pratishatalaaii asara garchha, saayada 20 laakha amerikii bachchaaharuulaaii.""","yo sikaaimaa asakshamataa hoina, yo sikaaimaa wikaara ho; yasale ""sabai bachchaaharuuko 3 dekhi 5 pratishatalaaii asara garchha, saayada 20 laakha amerikii bachchaaharuulaaii."""
"Children with ADD have a hard time focusing on things like school work, but they can concentrate on things they enjoy doing like playing games or watching their favorite cartoons or writing sentences without punctuation.","एडीडी भएका बालबालिकाहरूलाई स्कुलको काममा ध्यान केन्द्रित गर्न गाह्रो हुन्छ, तर उनीहरूले खेल खेल्न वा आफ्नो मनपर्ने कार्टुनहरू हेर्न वा विराम चिह्न बिना वाक्यहरू लेख्न जस्ता कामहरूमा ध्यान केन्द्रित गर्न सक्छन्।","एडीडी भएका बालबालिकाहरूलाई स्कुलको काममा ध्यान केन्द्रित गर्न गाह्रो हुन्छ, तर उनीहरूले खेल खेल्न वा आफ्नो मनपर्ने कार्टुनहरू हेर्न वा विराम चिह्न बिना वाक्यहरू लेख्न जस्ता कामहरूमा ध्यान केन्द्रित गर्न सक्छन्।","ediidii bhaekaa baalabaalikaaharuulaaii skulako kaamamaa dhyaana kendrita garna gaahro hunchha, tara uniiharuule khela khelna waa aaphno manaparne kaartunaharuu herna waa wiraama chihna binaa waakyaharuu lekhna jastaa kaamaharuumaa dhyaana kendrita garna sakchhan.","ediidii bhaekaa baalabaalikaaharuulaaii skulako kaamamaa dhyaana kendrita garna gaahro hunchha, tara uniiharuule khela khelna waa aaphno manaparne kaartunaharuu herna waa wiraama chihna binaa waakyaharuu lekhna jastaa kaamaharuumaa dhyaana kendrita garna sakchhan."
"These children tend to get into a lot of trouble, because they ""engage in risky behaviors, get into fights, and challenge authority"" in order to stimulate their brain, since their brain can not be stimulated by normal methods.","यी बच्चाहरू धेरै समस्यामा पर्छन्, किनकि तिनीहरू आफ्नो मस्तिष्कलाई उत्तेजित गर्न ""जोखिमपूर्ण व्यवहारमा संलग्न हुन्छन्, झगडा गर्छन्, र अधिकारलाई चुनौती दिन्छन्"", किनभने तिनीहरूको मस्तिष्क सामान्य विधिहरूद्वारा उत्तेजित हुन सक्दैन।","यी बच्चाहरू धेरै समस्यामा पर्छन्, किनकि तिनीहरू आफ्नो मस्तिष्कलाई उत्तेजित गर्न ""जोखिमपूर्ण व्यवहारमा संलग्न हुन्छन्, झगडा गर्छन्, र अधिकारलाई चुनौती दिन्छन्"", किनभने तिनीहरूको मस्तिष्क सामान्य विधिहरूद्वारा उत्तेजित हुन सक्दैन।","yii bachchaaharuu dherai samasyaamaa parchhan, kinaki tiniiharuu aaphno mastishkalaaii uttejita garna ""jokhimapuurna wyawahaaramaa snlagna hunchhan, jhagadaa garchhan, ra adhikaaralaaii chunautii dinchhan"", kinabhane tiniiharuuko mastishka saamaanya widhiharuudwaaraa uttejita huna sakdaina.","yii bachchaaharuu dherai samasyaamaa parchhan, kinaki tiniiharuu aaphno mastishkalaaii uttejita garna ""jokhimapuurna wyawahaaramaa snlagna hunchhan, jhagadaa garchhan, ra adhikaaralaaii chunautii dinchhan"", kinabhane tiniiharuuko mastishka saamaanya widhiharuudwaaraa uttejita huna sakdaina."
ADD affects relationships with other peers because other children can not understand why they act the way that they do or why they spell they way they do or that their maturity level is different.,एडीडीले अन्य साथीहरूसँग सम्बन्धलाई असर गर्छ किनभने अन्य बच्चाहरूले उनीहरूले गर्ने तरिकामा किन व्यवहार गर्छन् वा उनीहरूले गर्ने तरिकामा किन हिज्जे गर्छन् वा उनीहरूको परिपक्वता स्तर फरक छ भनेर बुझ्न सक्दैनन्।,एडीडीले अन्य साथीहरूसँग सम्बन्धलाई असर गर्छ किनभने अन्य बच्चाहरूले उनीहरूले गर्ने तरिकामा किन व्यवहार गर्छन् वा उनीहरूले गर्ने तरिकामा किन हिज्जे गर्छन् वा उनीहरूको परिपक्वता स्तर फरक छ भनेर बुझ्न सक्दैनन्।,ediidiile anya saathiiharuusnga sambandhalaaii asara garchha kinabhane anya bachchaaharuule uniiharuule garne tarikaamaa kina wyawahaara garchhan waa uniiharuule garne tarikaamaa kina hijje garchhan waa uniiharuuko paripakwataa stara pharaka chha bhanera bujhna sakdainan.,ediidiile anya saathiiharuusnga sambandhalaaii asara garchha kinabhane anya bachchaaharuule uniiharuule garne tarikaamaa kina wyawahaara garchhan waa uniiharuule garne tarikaamaa kina hijje garchhan waa uniiharuuko paripakwataa stara pharaka chha bhanera bujhna sakdainan.
As the ability to obtain knowledge and to learn changed in such a way as mentioned above the base rate at which knowledge was obtained changed.,ज्ञान प्राप्त गर्ने र सिक्ने क्षमता माथि उल्लेख गरिएअनुसार ज्ञान प्राप्त गर्ने आधार दर परिवर्तन भयो।,ज्ञान प्राप्त गर्ने र सिक्ने क्षमता माथि उल्लेख गरिएअनुसार ज्ञान प्राप्त गर्ने आधार दर परिवर्तन भयो।,jnyaana praapta garne ra sikne kshamataa maathi ullekha garieanusaara jnyaana praapta garne aadhaara dara pariwartana bhayo.,jnyaana praapta garne ra sikne kshamataa maathi ullekha garieanusaara jnyaana praapta garne aadhaara dara pariwartana bhayo.
"The approach to obtaining information was different. No longer did pressure reside within individual recall, but the ability to recall text became more of a focus.","जानकारी प्राप्त गर्ने तरिका फरक थियो। अब व्यक्तिगत रिकलभित्र दबाब रहँदैन, तर पाठ सम्झने क्षमता बढी केन्द्रित भयो।","जानकारी प्राप्त गर्ने तरिका फरक थियो। अब व्यक्तिगत रिकलभित्र दबाब रहँदैन, तर पाठ सम्झने क्षमता बढी केन्द्रित भयो।","jaanakaarii praapta garne tarikaa pharaka thiyo. aba wyaktigata rikalabhitra dabaaba rahndaina, tara paatha samjhane kshamataa badhii kendrita bhayo.","jaanakaarii praapta garne tarikaa pharaka thiyo. aba wyaktigata rikalabhitra dabaaba rahndaina, tara paatha samjhane kshamataa badhii kendrita bhayo."
"In essence, the Renaissance made a significant change in the approach to learning and the dissemination of knowledge.","संक्षेपमा, पुनर्जागरणले सिकाइ र ज्ञानको प्रसारको दृष्टिकोणमा महत्त्वपूर्ण परिवर्तन ल्यायो।","संक्षेपमा, पुनर्जागरणले सिकाइ र ज्ञानको प्रसारको दृष्टिकोणमा महत्त्वपूर्ण परिवर्तन ल्यायो।","snkshepamaa, punarjaagaranale sikaai ra jnyaanako prasaarako drishtikonamaa mahattwapuurna pariwartana lyaayo.","snkshepamaa, punarjaagaranale sikaai ra jnyaanako prasaarako drishtikonamaa mahattwapuurna pariwartana lyaayo."
"Unlike other primates, hominids no longer use their hands in locomotion or bearing weight or swinging through the trees.","अन्य प्राइमेटहरू विपरीत, होमिनिडहरूले अब आफ्नो हातलाई चालन वा वजन बोक्ने वा रूखहरू मार्फत झुम्काउने प्रयोग गर्दैनन्।","अन्य प्राइमेटहरू विपरीत, होमिनिडहरूले अब आफ्नो हातलाई चालन वा वजन बोक्ने वा रूखहरू मार्फत झुम्काउने प्रयोग गर्दैनन्।","anya praaimetaharuu wipariita, hominidaharuule aba aaphno haatalaaii chaalana waa wajana bokne waa ruukhaharuu maarphata jhumkaaune prayoga gardainan.","anya praaimetaharuu wipariita, hominidaharuule aba aaphno haatalaaii chaalana waa wajana bokne waa ruukhaharuu maarphata jhumkaaune prayoga gardainan."
"The chimpanzee's hand and foot are similar in size and length, reflecting the hand's use for bearing weight in knuckle walking.","चिम्पान्जीको हात र खुट्टा आकार र लम्बाइमा समान हुन्छन्, जसले नक्कल हिँड्नमा तौल बोक्नका लागि हातको प्रयोगलाई प्रतिबिम्बित गर्दछ।","चिम्पान्जीको हात र खुट्टा आकार र लम्बाइमा समान हुन्छन्, जसले नक्कल हिँड्नमा तौल बोक्नका लागि हातको प्रयोगलाई प्रतिबिम्बित गर्दछ।","chimpaanjiiko haata ra khuttaa aakaara ra lambaaimaa samaana hunchhan, jasale nakkala hindnamaa taula boknakaa laagi haatako prayogalaaii pratibimbita gardachha.","chimpaanjiiko haata ra khuttaa aakaara ra lambaaimaa samaana hunchhan, jasale nakkala hindnamaa taula boknakaa laagi haatako prayogalaaii pratibimbita gardachha."
"The human hand is shorter than the foot, with straighter phalanges.","मानव हात खुट्टाभन्दा छोटो हुन्छ, स्ट्राटर फ्यालान्जहरू हुन्छन्।","मानव हात खुट्टाभन्दा छोटो हुन्छ, स्ट्राटर फ्यालान्जहरू हुन्छन्।","maanawa haata khuttaabhandaa chhoto hunchha, straatara phyaalaanjaharuu hunchhan.","maanawa haata khuttaabhandaa chhoto hunchha, straatara phyaalaanjaharuu hunchhan."
Fossil hand bones two million to three million years old reveal this shift in specialization of the hand from locomotion to manipulation.,20 लाखदेखि 30 लाख वर्ष पुरानो हातका जीवाश्म हड्डीहरूले हातको विशेषीकरणमा गतिबाट हेरफेरमा भएको यो परिवर्तनलाई प्रकट गर्दछ।,20 लाखदेखि 30 लाख वर्ष पुरानो हातका जीवाश्म हड्डीहरूले हातको विशेषीकरणमा गतिबाट हेरफेरमा भएको यो परिवर्तनलाई प्रकट गर्दछ।,20 laakhadekhi 30 laakha warsha puraano haatakaa jiiwaashma haddiiharuule haatako wisheshiikaranamaa gatibaata herapheramaa bhaeko yo pariwartanalaaii prakata gardachha.,20 laakhadekhi 30 laakha warsha puraano haatakaa jiiwaashma haddiiharuule haatako wisheshiikaranamaa gatibaata herapheramaa bhaeko yo pariwartanalaaii prakata gardachha.
Some people believe that experiencing many artificially induced lucid dreams often enough can be very exhausting.,केही मानिसहरू विश्वास गर्छन् कि धेरै कृत्रिम रूपमा प्रेरित स्पष्ट सपनाहरू अनुभव गर्नु धेरै थकित हुन सक्छ।,केही मानिसहरू विश्वास गर्छन् कि धेरै कृत्रिम रूपमा प्रेरित स्पष्ट सपनाहरू अनुभव गर्नु धेरै थकित हुन सक्छ।,kehii maanisaharuu wishwaasa garchhan ki dherai kritrima ruupamaa prerita spashta sapanaaharuu anubhawa garnu dherai thakita huna sakchha.,kehii maanisaharuu wishwaasa garchhan ki dherai kritrima ruupamaa prerita spashta sapanaaharuu anubhawa garnu dherai thakita huna sakchha.
The main reason for this phenomenon is the result of the lucid dreams expanding the length of time between REM states.,यस घटनाको मुख्य कारण आरईएम राज्यहरू बिचको समयको लम्बाइ विस्तार गर्ने स्पष्ट सपनाहरूको परिणाम हो।,यस घटनाको मुख्य कारण आरईएम राज्यहरू बिचको समयको लम्बाइ विस्तार गर्ने स्पष्ट सपनाहरूको परिणाम हो।,yasa ghatanaako mukhya kaarana aaraiiema raajyaharuu bichako samayako lambaai wistaara garne spashta sapanaaharuuko parinaama ho.,yasa ghatanaako mukhya kaarana aaraiiema raajyaharuu bichako samayako lambaai wistaara garne spashta sapanaaharuuko parinaama ho.
"With fewer REMs per night, this state in which you experience actual sleep and your body recovers becomes infrequent enough to become a problem.","प्रति रात कम आरइएमहरू भएको, यो अवस्था जसमा तपाईँले वास्तविक निद्रा अनुभव गर्नुहुन्छ र तपाईँको शरीर निको हुन्छ समस्या बन्न पर्याप्त विरलै हुन्छ।","प्रति रात कम आरइएमहरू भएको, यो अवस्था जसमा तिमीले वास्तविक निद्रा अनुभव गर्नुहुन्छ र तिमीको शरीर निको हुन्छ समस्या बन्न पर्याप्त विरलै हुन्छ।","prati raata kama aaraiemaharuu bhaeko, yo awasthaa jasamaa tapaaiinle waastawika nidraa anubhawa garnuhunchha ra tapaaiinko shariira niko hunchha samasyaa banna paryaapta wiralai hunchha.","prati raata kama aaraiemaharuu bhaeko, yo awasthaa jasamaa timiile waastawika nidraa anubhawa garnuhunchha ra timiiko shariira niko hunchha samasyaa banna paryaapta wiralai hunchha."
This is just as exhausting as if you were to wake up every twenty or thirty minutes and watch TV.,यो त्यति नै थकाउने छ जति तपाईँ प्रत्येक बीस वा तीस मिनेटमा उठ्नुहुन्छ र टिभी हेर्नुहुन्छ।,यो त्यति नै थकाउने छ जति तिमी प्रत्येक बीस वा तीस मिनेटमा उठ्नुहुन्छ र टिभी हेर्नुहुन्छ।,yo tyati nai thakaaune chha jati tapaaiin pratyeka biisa waa tiisa minetamaa uthnuhunchha ra tibhii hernuhunchha.,yo tyati nai thakaaune chha jati timii pratyeka biisa waa tiisa minetamaa uthnuhunchha ra tibhii hernuhunchha.
The effect is dependent on how often your brain attempts to lucidly dream per night.,प्रभाव तपाईँको मस्तिष्कले प्रति रात स्पष्ट रूपमा सपना देख्ने कति पटक प्रयास गर्छ भन्नेमा निर्भर गर्दछ।,प्रभाव तिमीको मस्तिष्कले प्रति रात स्पष्ट रूपमा सपना देख्ने कति पटक प्रयास गर्छ भन्नेमा निर्भर गर्दछ।,prabhaawa tapaaiinko mastishkale prati raata spashta ruupamaa sapanaa dekhne kati pataka prayaasa garchha bhannemaa nirbhara gardachha.,prabhaawa timiiko mastishkale prati raata spashta ruupamaa sapanaa dekhne kati pataka prayaasa garchha bhannemaa nirbhara gardachha.
"Things did not go well for the Italians in North Africa almost from the start. Within a week of Italy's declaration of war on June 10, 1940, the British 11th Hussars had seized Fort Capuzzo in Libya.","उत्तरी अफ्रिकामा इटालियनहरूका लागि लगभग सुरुदेखि नै सबै कुरा ठिक भएन। 10 जुन 1940 मा इटालीले युद्धको घोषणा गरेको एक हप्ताभित्रै, ब्रिटिस 11 औँ हुसारहरूले लिबियाको फोर्ट क्यापुजो कब्जा गरेका थिए।","उत्तरी अफ्रिकामा इटालियनहरूका लागि लगभग सुरुदेखि नै सबै कुरा ठिक भएन। 10 जुन 1940 मा इटालीले युद्धको घोषणा गरेको एक हप्ताभित्रै, ब्रिटिस 11 औँ हुसारहरूले लिबियाको फोर्ट क्यापुजो कब्जा गरेका थिए।","uttarii aphrikaamaa itaaliyanaharuukaa laagi lagabhaga surudekhi nai sabai kuraa thika bhaena. 10 juna 1940 maa itaaliile yuddhako ghoshanaa gareko eka haptaabhitrai, britisa 11 aun husaaraharuule libiyaako phorta kyaapujo kabjaa garekaa thie.","uttarii aphrikaamaa itaaliyanaharuukaa laagi lagabhaga surudekhi nai sabai kuraa thika bhaena. 10 juna 1940 maa itaaliile yuddhako ghoshanaa gareko eka haptaabhitrai, britisa 11 aun husaaraharuule libiyaako phorta kyaapujo kabjaa garekaa thie."
"In an ambush east of Bardia, the British captured the Italian Tenth Army's Engineer-in-Chief, General Lastucci.","बर्डियाको पूर्वमा भएको आक्रमणमा, अङ्ग्रेजहरूले इटालियन दसौँ सेनाका इन्जिनियर-इन-चिफ, जनरल लास्टुचीलाई कब्जा गरे।","बर्डियाको पूर्वमा भएको आक्रमणमा, अङ्ग्रेजहरूले इटालियन दसौँ सेनाका इन्जिनियर-इन-चिफ, जनरल लास्टुचीलाई कब्जा गरे।","bardiyaako puurwamaa bhaeko aakramanamaa, anggrejaharuule itaaliyana dasaun senaakaa injiniyara-ina-chipha, janarala laastuchiilaaii kabjaa gare.","bardiyaako puurwamaa bhaeko aakramanamaa, anggrejaharuule itaaliyana dasaun senaakaa injiniyara-ina-chipha, janarala laastuchiilaaii kabjaa gare."
"On June 28, Marshal Italo Balbo, the Governor-General of Libya and apparent heir to Mussolini, was killed by friendly fire while landing in Tobruk.",जुन 28 मा लिबियाका गभर्नर-जनरल र मुसोलिनीका स्पष्ट उत्तराधिकारी मार्शल इटालो बाल्बोको टोब्रुकमा अवतरण गर्दा मैत्रीपूर्ण गोली हानेर मृत्यु भएको थियो।,जुन 28 मा लिबियाका गभर्नर-जनरल र मुसोलिनीका स्पष्ट उत्तराधिकारी मार्शल इटालो बाल्बोको टोब्रुकमा अवतरण गर्दा मैत्रीपूर्ण गोली हानेर मृत्यु भएको थियो।,juna 28 maa libiyaakaa gabharnara-janarala ra musoliniikaa spashta uttaraadhikaarii maarshala itaalo baalboko tobrukamaa awatarana gardaa maitriipuurna golii haanera mrityu bhaeko thiyo.,juna 28 maa libiyaakaa gabharnara-janarala ra musoliniikaa spashta uttaraadhikaarii maarshala itaalo baalboko tobrukamaa awatarana gardaa maitriipuurna golii haanera mrityu bhaeko thiyo.
"The modern sport of fencing is played at many levels, from students learning at a university to professional and Olympic competition.",फेन्सिङको आधुनिक खेल विश्वविद्यालयमा सिक्ने विद्यार्थीहरूबाट लिएर व्यावसायिक र ओलम्पिक प्रतियोगितासम्म धेरै स्तरमा खेलिन्छ।,फेन्सिङको आधुनिक खेल विश्वविद्यालयमा सिक्ने विद्यार्थीहरूबाट लिएर व्यावसायिक र ओलम्पिक प्रतियोगितासम्म धेरै स्तरमा खेलिन्छ।,phensingako aadhunika khela wishwawidyaalayamaa sikne widyaarthiiharuubaata liera wyaawasaayika ra olampika pratiyogitaasamma dherai staramaa khelinchha.,phensingako aadhunika khela wishwawidyaalayamaa sikne widyaarthiiharuubaata liera wyaawasaayika ra olampika pratiyogitaasamma dherai staramaa khelinchha.
"The sport is primarily played in a duel format, one fencer dueling another.","यो खेल मुख्यतया द्वंद्व प्रारूपमा खेलिन्छ, एक तलवारबाजले अर्कोसँग द्वंद्व खेल्छन्।","यो खेल मुख्यतया द्वंद्व प्रारूपमा खेलिन्छ, एक तलवारबाजले अर्कोसँग द्वंद्व खेल्छन्।","yo khela mukhyatayaa dwndwa praaruupamaa khelinchha, eka talawaarabaajale arkosnga dwndwa khelchhan.","yo khela mukhyatayaa dwndwa praaruupamaa khelinchha, eka talawaarabaajale arkosnga dwndwa khelchhan."
Golf is a game in which players use clubs to hit balls into holes.,गल्फ एउटा यस्तो खेल हो जसमा खेलाडीहरूले बललाई प्वालमा प्रहार गर्न क्लबहरू प्रयोग गर्छन्।,गल्फ एउटा यस्तो खेल हो जसमा खेलाडीहरूले बललाई प्वालमा प्रहार गर्न क्लबहरू प्रयोग गर्छन्।,galpha eutaa yasto khela ho jasamaa khelaadiiharuule balalaaii pwaalamaa prahaara garna klabaharuu prayoga garchhan.,galpha eutaa yasto khela ho jasamaa khelaadiiharuule balalaaii pwaalamaa prahaara garna klabaharuu prayoga garchhan.
"Eighteen holes are played during a regular round, with players usually starting on the first hole on the course and finishing on the eighteenth.","नियमित राउन्डमा अठारवटा प्वालहरू खेलिन्छन्, जसमा खेलाडीहरू सामान्यतया कोर्सको पहिलो प्वालबाट सुरु भएर अठारौँमा समाप्त हुन्छन्।","नियमित राउन्डमा अठारवटा प्वालहरू खेलिन्छन्, जसमा खेलाडीहरू सामान्यतया कोर्सको पहिलो प्वालबाट सुरु भएर अठारौँमा समाप्त हुन्छन्।","niyamita raaundamaa athaarawataa pwaalaharuu khelinchhan, jasamaa khelaadiiharuu saamaanyatayaa korsako pahilo pwaalabaata suru bhaera athaaraunmaa samaapta hunchhan.","niyamita raaundamaa athaarawataa pwaalaharuu khelinchhan, jasamaa khelaadiiharuu saamaanyatayaa korsako pahilo pwaalabaata suru bhaera athaaraunmaa samaapta hunchhan."
"The player who takes the fewest strokes, or swings of the club, to complete the course wins.",कोर्स पूरा गर्न क्लबको सबैभन्दा कम स्ट्रोक वा स्विंग लिने खेलाडीले जित्छ।,कोर्स पूरा गर्न क्लबको सबैभन्दा कम स्ट्रोक वा स्विंग लिने खेलाडीले जित्छ।,korsa puuraa garna klabako sabaibhandaa kama stroka waa swinga line khelaadiile jitchha.,korsa puuraa garna klabako sabaibhandaa kama stroka waa swinga line khelaadiile jitchha.
"The game is played on grass, and the grass around the hole is mown shorter and called the green.","यो खेल घाँसमा खेलिन्छ, र प्वाल वरपरको घाँस छोटो काटिन्छ र यसलाई हरियो भनिन्छ।","यो खेल घाँसमा खेलिन्छ, र प्वाल वरपरको घाँस छोटो काटिन्छ र यसलाई हरियो भनिन्छ।","yo khela ghaansamaa khelinchha, ra pwaala waraparako ghaansa chhoto kaatinchha ra yasalaaii hariyo bhaninchha.","yo khela ghaansamaa khelinchha, ra pwaala waraparako ghaansa chhoto kaatinchha ra yasalaaii hariyo bhaninchha."
Perhaps the most common type of tourism is what most people associate with traveling: Recreation tourism.,सायद पर्यटनको सबैभन्दा सामान्य प्रकार भनेको धेरैजसो मानिसहरूले यात्रासँग जोड्छन्ः मनोरञ्जन पर्यटन।,सायद पर्यटनको सबैभन्दा सामान्य प्रकार भनेको धेरैजसो मानिसहरूले यात्रासँग जोड्छन्ः मनोरञ्जन पर्यटन।,saayada paryatanako sabaibhandaa saamaanya prakaara bhaneko dheraijaso maanisaharuule yaatraasnga jodchhanh manoranyjana paryatana.,saayada paryatanako sabaibhandaa saamaanya prakaara bhaneko dheraijaso maanisaharuule yaatraasnga jodchhanh manoranyjana paryatana.
This is when people go to a place that is very different from their regular day-to-day life to relax and have fun.,यो तब हुन्छ जब मानिसहरू आराम गर्न र रमाइलो गर्न आफ्नो दैनिक जीवनभन्दा धेरै फरक ठाउँमा जान्छन्।,यो तब हुन्छ जब मानिसहरू आराम गर्न र रमाइलो गर्न आफ्नो दैनिक जीवनभन्दा धेरै फरक ठाउँमा जान्छन्।,yo taba hunchha jaba maanisaharuu aaraama garna ra ramaailo garna aaphno dainika jiiwanabhandaa dherai pharaka thaaunmaa jaanchhan.,yo taba hunchha jaba maanisaharuu aaraama garna ra ramaailo garna aaphno dainika jiiwanabhandaa dherai pharaka thaaunmaa jaanchhan.
"Beaches, theme parks and camp grounds are often the most common places frequented by recreational tourists.","समुद्र तट, थिम पार्क र क्याम्प मैदानहरू प्रायः मनोरञ्जनात्मक पर्यटकहरूद्वारा बारम्बार आउने सबैभन्दा सामान्य ठाउँहरू हुन्।","समुद्र तट, थिम पार्क र क्याम्प मैदानहरू प्रायः मनोरञ्जनात्मक पर्यटकहरूद्वारा बारम्बार आउने सबैभन्दा सामान्य ठाउँहरू हुन्।","samudra tata, thima paarka ra kyaampa maidaanaharuu praayh manoranyjanaatmaka paryatakaharuudwaaraa baarambaara aaune sabaibhandaa saamaanya thaaunharuu hun.","samudra tata, thima paarka ra kyaampa maidaanaharuu praayh manoranyjanaatmaka paryatakaharuudwaaraa baarambaara aaune sabaibhandaa saamaanya thaaunharuu hun."
If the objective of one’s visit to a particular place is to get to know its history and culture then this type of tourism is known as cultural tourism.,यदि कुनै विशेष स्थानको भ्रमणको उद्देश्य यसको इतिहास र संस्कृतिलाई जान्नु हो भने यस प्रकारको पर्यटनलाई सांस्कृतिक पर्यटन भनिन्छ।,यदि कुनै विशेष स्थानको भ्रमणको उद्देश्य यसको इतिहास र संस्कृतिलाई जान्नु हो भने यस प्रकारको पर्यटनलाई सांस्कृतिक पर्यटन भनिन्छ।,yadi kunai wishesha sthaanako bhramanako uddeshya yasako itihaasa ra snskritilaaii jaannu ho bhane yasa prakaarako paryatanalaaii saanskritika paryatana bhaninchha.,yadi kunai wishesha sthaanako bhramanako uddeshya yasako itihaasa ra snskritilaaii jaannu ho bhane yasa prakaarako paryatanalaaii saanskritika paryatana bhaninchha.
Tourists may visit different landmarks of a particular country or they may simply opt to focus on just one area.,पर्यटकहरूले कुनै विशेष देशका विभिन्न स्थलहरू भ्रमण गर्न सक्छन् वा उनीहरूले केवल एउटा क्षेत्रमा ध्यान केन्द्रित गर्न छनौट गर्न सक्छन्।,पर्यटकहरूले कुनै विशेष देशका विभिन्न स्थलहरू भ्रमण गर्न सक्छन् वा उनीहरूले केवल एउटा क्षेत्रमा ध्यान केन्द्रित गर्न छनौट गर्न सक्छन्।,paryatakaharuule kunai wishesha deshakaa wibhinna sthalaharuu bhramana garna sakchhan waa uniiharuule kewala eutaa kshetramaa dhyaana kendrita garna chhanauta garna sakchhan.,paryatakaharuule kunai wishesha deshakaa wibhinna sthalaharuu bhramana garna sakchhan waa uniiharuule kewala eutaa kshetramaa dhyaana kendrita garna chhanauta garna sakchhan.
"The Colonists, seeing this activity, had also called for reinforcements.",उपनिवेशवादीहरूले यो गतिविधि देखेर सुदृढीकरणको आह्वान पनि गरेका थिए।,उपनिवेशवादीहरूले यो गतिविधि देखेर सुदृढीकरणको आह्वान पनि गरेका थिए।,upaniweshawaadiiharuule yo gatiwidhi dekhera sudridhiikaranako aahwaana pani garekaa thie.,upaniweshawaadiiharuule yo gatiwidhi dekhera sudridhiikaranako aahwaana pani garekaa thie.
"Troops reinforcing the forward positions included the 1st and 3rd New Hampshire regiments of 200 men, under Colonels John Stark and James Reed (both later became generals).",अग्रगामी स्थितिहरूलाई सुदृढ पार्ने सेनाहरूमा कर्नेल जोन स्टार्क र जेम्स रिड (दुवै पछि जनरल बने) को नेतृत्वमा 200 जना पुरुषहरूको पहिलो र तेस्रो न्यू ह्याम्पसायर रेजिमेन्टहरू समावेश थिए।,अग्रगामी स्थितिहरूलाई सुदृढ पार्ने सेनाहरूमा कर्नेल जोन स्टार्क र जेम्स रिड (दुवै पछि जनरल बने) को नेतृत्वमा 200 जना पुरुषहरूको पहिलो र तेस्रो न्यू ह्याम्पसायर रेजिमेन्टहरू समावेश थिए।,agragaamii sthitiharuulaaii sudridha paarne senaaharuumaa karnela jona staarka ra jemsa rida (duwai pachhi janarala bane) ko netritwamaa 200 janaa purushaharuuko pahilo ra tesro nyuu hyaampasaayara rejimentaharuu samaawesha thie.,agragaamii sthitiharuulaaii sudridha paarne senaaharuumaa karnela jona staarka ra jemsa rida (duwai pachhi janarala bane) ko netritwamaa 200 janaa purushaharuuko pahilo ra tesro nyuu hyaampasaayara rejimentaharuu samaawesha thie.
Stark's men took positions along the fence on the north end of the Colonist's position.,स्टार्कका मानिसहरूले उपनिवेशवादीको स्थितिको उत्तर छेउमा रहेको बाड़मा स्थिति लिए।,स्टार्कका मानिसहरूले उपनिवेशवादीको स्थितिको उत्तर छेउमा रहेको बाड़मा स्थिति लिए।,staarkakaa maanisaharuule upaniweshawaadiiko sthitiko uttara chheumaa raheko baadamaa sthiti lie.,staarkakaa maanisaharuule upaniweshawaadiiko sthitiko uttara chheumaa raheko baadamaa sthiti lie.
"When low tide opened a gap along the Mystic River along the northeast of the peninsula, they quickly extended the fence with a short stone wall to the north ending at the water's edge on a small beach.","जब कम ज्वारले प्रायद्वीपको उत्तरपूर्वमा मिस्टिक नदीको किनारमा एउटा खाली ठाउँ खोल्यो, तिनीहरूले चाँडै उत्तरमा सानो ढुङ्गाको पर्खालको साथ एउटा सानो समुद्र तटमा पानीको किनारमा समाप्त हुने बाड़ विस्तार गरे।","जब कम ज्वारले प्रायद्वीपको उत्तरपूर्वमा मिस्टिक नदीको किनारमा एउटा खाली ठाउँ खोल्यो, तिनीहरूले चाँडै उत्तरमा सानो ढुङ्गाको पर्खालको साथ एउटा सानो समुद्र तटमा पानीको किनारमा समाप्त हुने बाड़ विस्तार गरे।","jaba kama jwaarale praayadwiipako uttarapuurwamaa mistika nadiiko kinaaramaa eutaa khaalii thaaun kholyo, tiniiharuule chaandai uttaramaa saano dhunggaako parkhaalako saatha eutaa saano samudra tatamaa paaniiko kinaaramaa samaapta hune baada wistaara gare.","jaba kama jwaarale praayadwiipako uttarapuurwamaa mistika nadiiko kinaaramaa eutaa khaalii thaaun kholyo, tiniiharuule chaandai uttaramaa saano dhunggaako parkhaalako saatha eutaa saano samudra tatamaa paaniiko kinaaramaa samaapta hune baada wistaara gare."
Gridley or Stark placed a stake about 100 feet (30 m) in front of the fence and ordered that no one fire until the regulars passed it.,ग्रिडली वा स्टार्कले बाड़को अगाडि लगभग 100 फिट (30 मिटर) को डंडा राखे र नियमितहरूले यसलाई पार नगरेसम्म कसैले गोली नलगाउने आदेश दिए।,ग्रिडली वा स्टार्कले बाड़को अगाडि लगभग 100 फिट (30 मिटर) को डंडा राखे र नियमितहरूले यसलाई पार नगरेसम्म कसैले गोली नलगाउने आदेश दिए।,gridalii waa staarkale baadako agaadi lagabhaga 100 phita (30 mitara) ko dndaa raakhe ra niyamitaharuule yasalaaii paara nagaresamma kasaile golii nalagaaune aadesha die.,gridalii waa staarkale baadako agaadi lagabhaga 100 phita (30 mitara) ko dndaa raakhe ra niyamitaharuule yasalaaii paara nagaresamma kasaile golii nalagaaune aadesha die.
The American plan relied on launching coordinated attacks from three different directions.,अमेरिकी योजना तिनवटा भिन्न दिशाहरूबाट समन्वित आक्रमणहरू सुरु गर्नमा निर्भर थियो।,अमेरिकी योजना तिनवटा भिन्न दिशाहरूबाट समन्वित आक्रमणहरू सुरु गर्नमा निर्भर थियो।,amerikii yojanaa tinawataa bhinna dishaaharuubaata samanwita aakramanaharuu suru garnamaa nirbhara thiyo.,amerikii yojanaa tinawataa bhinna dishaaharuubaata samanwita aakramanaharuu suru garnamaa nirbhara thiyo.
"General John Cadwalder would launch a diversionary attack against the British garrison at Bordentown, in order to block off any reinforcements.",जनरल जोन क्याडवाल्डरले कुनै पनि सुदृढीकरणलाई रोक्नका लागि बोर्डटाउनमा ब्रिटिस ग्यारिसन विरुद्ध एक दिशान्तर आक्रमण सुरु गर्नेछन्।,जनरल जोन क्याडवाल्डरले कुनै पनि सुदृढीकरणलाई रोक्नका लागि बोर्डटाउनमा ब्रिटिस ग्यारिसन विरुद्ध एक दिशान्तर आक्रमण सुरु गर्नेछन्।,janarala jona kyaadawaaldarale kunai pani sudridhiikaranalaaii roknakaa laagi bordataaunamaa britisa gyaarisana wiruddha eka dishaantara aakramana suru garnechhan.,janarala jona kyaadawaaldarale kunai pani sudridhiikaranalaaii roknakaa laagi bordataaunamaa britisa gyaarisana wiruddha eka dishaantara aakramana suru garnechhan.
"General James Ewing would take 700 militia across the river at Trenton Ferry, seize the bridge over the Assunpink Creek and prevent any enemy troops from escaping.",जनरल जेम्स इविङले ट्रेन्टन फेरीमा नदी पार गरेर 700 मिलिसियाहरूलाई लिएर असुनपिङ्क खाडीमाथि रहेको पुल कब्जा गर्नेछन् र कुनै पनि शत्रु सेनालाई भाग्नबाट रोक्नेछन्।,जनरल जेम्स इविङले ट्रेन्टन फेरीमा नदी पार गरेर 700 मिलिसियाहरूलाई लिएर असुनपिङ्क खाडीमाथि रहेको पुल कब्जा गर्नेछन् र कुनै पनि शत्रु सेनालाई भाग्नबाट रोक्नेछन्।,janarala jemsa iwingale trentana pheriimaa nadii paara garera 700 milisiyaaharuulaaii liera asunapingka khaadiimaathi raheko pula kabjaa garnechhan ra kunai pani shatru senaalaaii bhaagnabaata roknechhan.,janarala jemsa iwingale trentana pheriimaa nadii paara garera 700 milisiyaaharuulaaii liera asunapingka khaadiimaathi raheko pula kabjaa garnechhan ra kunai pani shatru senaalaaii bhaagnabaata roknechhan.
"The main assault force of 2,400 men would cross the river nine miles north of Trenton, and then split into two groups, one under Greene and one under Sullivan, in order to launch a pre-dawn attack.","2, 400 जना मानिसहरूको मुख्य आक्रमण बलले ट्रेन्टनको नौ माइल उत्तरमा नदी पार गर्नेछ, र त्यसपछि दुई समूहमा विभाजित हुनेछ, एउटा ग्रीनको नेतृत्वमा र एउटा सुलिभानको नेतृत्वमा, बिहान पूर्व आक्रमण सुरु गर्न।","2, 400 जना मानिसहरूको मुख्य आक्रमण बलले ट्रेन्टनको नौ माइल उत्तरमा नदी पार गर्नेछ, र त्यसपछि दुई समूहमा विभाजित हुनेछ, एउटा ग्रीनको नेतृत्वमा र एउटा सुलिभानको नेतृत्वमा, बिहान पूर्व आक्रमण सुरु गर्न।","2, 400 janaa maanisaharuuko mukhya aakramana balale trentanako nau maaila uttaramaa nadii paara garnechha, ra tyasapachhi duii samuuhamaa wibhaajita hunechha, eutaa griinako netritwamaa ra eutaa sulibhaanako netritwamaa, bihaana puurwa aakramana suru garna.","2, 400 janaa maanisaharuuko mukhya aakramana balale trentanako nau maaila uttaramaa nadii paara garnechha, ra tyasapachhi duii samuuhamaa wibhaajita hunechha, eutaa griinako netritwamaa ra eutaa sulibhaanako netritwamaa, bihaana puurwa aakramana suru garna."
"With the change from the quarter to the half mile run, speed becomes of much less importance and endurance becomes an absolute necessity.","क्वार्टरबाट आधा माइल दौडमा परिवर्तनसँगै, गति धेरै कम महत्त्वको हुन्छ र सहनशीलता एक पूर्ण आवश्यकता बन्छ।","क्वार्टरबाट आधा माइल दौडमा परिवर्तनसँगै, गति धेरै कम महत्त्वको हुन्छ र सहनशीलता एक पूर्ण आवश्यकता बन्छ।","kwaartarabaata aadhaa maaila daudamaa pariwartanasngai, gati dherai kama mahattwako hunchha ra sahanashiilataa eka puurna aawashyakataa banchha.","kwaartarabaata aadhaa maaila daudamaa pariwartanasngai, gati dherai kama mahattwako hunchha ra sahanashiilataa eka puurna aawashyakataa banchha."
"Of course a first-class half-miler, a man who can beat two minutes, must be possessed of a fair amount of speed, but endurance must be cultivated at all hazards.","निस्सन्देह प्रथम श्रेणीको आधा मिलर, दुई मिनेट हराउन सक्ने मानिससँग उचित मात्रामा गति हुनुपर्छ, तर सबै खतराहरूमा सहनशीलता खेती गर्नुपर्छ।","निस्सन्देह प्रथम श्रेणीको आधा मिलर, दुई मिनेट हराउन सक्ने मानिससँग उचित मात्रामा गति हुनुपर्छ, तर सबै खतराहरूमा सहनशीलता खेती गर्नुपर्छ।","nissandeha prathama shreniiko aadhaa milara, duii mineta haraauna sakne maanisasnga uchita maatraamaa gati hunuparchha, tara sabai khataraaharuumaa sahanashiilataa khetii garnuparchha.","nissandeha prathama shreniiko aadhaa milara, duii mineta haraauna sakne maanisasnga uchita maatraamaa gati hunuparchha, tara sabai khataraaharuumaa sahanashiilataa khetii garnuparchha."
"Some cross country running during the winter, combined with gymnasium work for the upper part of the body, is the best preparation for the running season.","जाडोमा दौडिरहेका केही क्रस कन्ट्रीहरू, शरीरको माथिल्लो भागका लागि व्यायामशालाको कामसँग संयुक्त, दौड मौसमका लागि उत्तम तयारी हो।","जाडोमा दौडिरहेका केही क्रस कन्ट्रीहरू, शरीरको माथिल्लो भागका लागि व्यायामशालाको कामसँग संयुक्त, दौड मौसमका लागि उत्तम तयारी हो।","jaadomaa daudirahekaa kehii krasa kantriiharuu, shariirako maathillo bhaagakaa laagi wyaayaamashaalaako kaamasnga snyukta, dauda mausamakaa laagi uttama tayaarii ho.","jaadomaa daudirahekaa kehii krasa kantriiharuu, shariirako maathillo bhaagakaa laagi wyaayaamashaalaako kaamasnga snyukta, dauda mausamakaa laagi uttama tayaarii ho."
"Proper nutritional practices alone cannot generate elite performances, but they can significantly affect young athletes' overall wellness.","उचित पोषण अभ्यासहरूले मात्र उत्कृष्ट प्रदर्शनहरू उत्पन्न गर्न सक्दैनन्, तर तिनीहरूले युवा खेलाडीहरूको समग्र स्वास्थ्यलाई उल्लेखनीय रूपमा असर गर्न सक्छन्।","उचित पोषण अभ्यासहरूले मात्र उत्कृष्ट प्रदर्शनहरू उत्पन्न गर्न सक्दैनन्, तर तिनीहरूले युवा खेलाडीहरूको समग्र स्वास्थ्यलाई उल्लेखनीय रूपमा असर गर्न सक्छन्।","uchita poshana abhyaasaharuule maatra utkrishta pradarshanaharuu utpanna garna sakdainan, tara tiniiharuule yuwaa khelaadiiharuuko samagra swaasthyalaaii ullekhaniiya ruupamaa asara garna sakchhan.","uchita poshana abhyaasaharuule maatra utkrishta pradarshanaharuu utpanna garna sakdainan, tara tiniiharuule yuwaa khelaadiiharuuko samagra swaasthyalaaii ullekhaniiya ruupamaa asara garna sakchhan."
"Maintaining a healthy energy balance, practicing effective hydration habits, and understanding the various aspects of supplementation practices can help athletes improve their performance and increase their enjoyment of the sport.","स्वस्थ ऊर्जा सन्तुलन कायम राख्नु, प्रभावकारी हाइड्रेसन बानीहरूको अभ्यास गर्नु, र पूरक अभ्यासका विभिन्न पक्षहरू बुझ्नुले खेलाडीहरूलाई उनीहरूको प्रदर्शन सुधार गर्न र खेलको आनन्द बढाउन मद्दत गर्न सक्छ।","स्वस्थ ऊर्जा सन्तुलन कायम राख्नु, प्रभावकारी हाइड्रेसन बानीहरूको अभ्यास गर्नु, र पूरक अभ्यासका विभिन्न पक्षहरू बुझ्नुले खेलाडीहरूलाई उनीहरूको प्रदर्शन सुधार गर्न र खेलको आनन्द बढाउन मद्दत गर्न सक्छ।","swastha uurjaa santulana kaayama raakhnu, prabhaawakaarii haaidresana baaniiharuuko abhyaasa garnu, ra puuraka abhyaasakaa wibhinna pakshaharuu bujhnule khelaadiiharuulaaii uniiharuuko pradarshana sudhaara garna ra khelako aananda badhaauna maddata garna sakchha.","swastha uurjaa santulana kaayama raakhnu, prabhaawakaarii haaidresana baaniiharuuko abhyaasa garnu, ra puuraka abhyaasakaa wibhinna pakshaharuu bujhnule khelaadiiharuulaaii uniiharuuko pradarshana sudhaara garna ra khelako aananda badhaauna maddata garna sakchha."
"Middle distance running is a relatively inexpensive sport; however, there are many misconceptions regarding the few pieces of equipment required to participate.","मध्य दूरी दौड एक अपेक्षाकृत सस्तो खेल हो; तथापि, भाग लिन आवश्यक उपकरणका केही टुक्राहरूबारे धेरै गलत धारणाहरू छन्।","मध्य दूरी दौड एक अपेक्षाकृत सस्तो खेल हो; तथापि, भाग लिन आवश्यक उपकरणका केही टुक्राहरूबारे धेरै गलत धारणाहरू छन्।","madhya duurii dauda eka apekshaakrita sasto khela ho; tathaapi, bhaaga lina aawashyaka upakaranakaa kehii tukraaharuubaare dherai galata dhaaranaaharuu chhan.","madhya duurii dauda eka apekshaakrita sasto khela ho; tathaapi, bhaaga lina aawashyaka upakaranakaa kehii tukraaharuubaare dherai galata dhaaranaaharuu chhan."
"Products can be purchased as needed, but most will have little or no real impact on performance.","उत्पादनहरू आवश्यकता अनुसार किन्न सकिन्छ, तर धेरै जसोले प्रदर्शनमा थोरै वा कुनै वास्तविक प्रभाव पार्दैन।","उत्पादनहरू आवश्यकता अनुसार किन्न सकिन्छ, तर धेरै जसोले प्रदर्शनमा थोरै वा कुनै वास्तविक प्रभाव पार्दैन।","utpaadanaharuu aawashyakataa anusaara kinna sakinchha, tara dherai jasole pradarshanamaa thorai waa kunai waastawika prabhaawa paardaina.","utpaadanaharuu aawashyakataa anusaara kinna sakinchha, tara dherai jasole pradarshanamaa thorai waa kunai waastawika prabhaawa paardaina."
Athletes may feel that they prefer a product even when it provides no real benefits.,एथलीटहरूले कुनै वास्तविक लाभहरू प्रदान नगरे पनि उनीहरूले उत्पादनलाई रुचाउँछन् भन्ने महसुस गर्न सक्छन्।,एथलीटहरूले कुनै वास्तविक लाभहरू प्रदान नगरे पनि उनीहरूले उत्पादनलाई रुचाउँछन् भन्ने महसुस गर्न सक्छन्।,ethaliitaharuule kunai waastawika laabhaharuu pradaana nagare pani uniiharuule utpaadanalaaii ruchaaunchhan bhanne mahasusa garna sakchhan.,ethaliitaharuule kunai waastawika laabhaharuu pradaana nagare pani uniiharuule utpaadanalaaii ruchaaunchhan bhanne mahasusa garna sakchhan.
The atom can be considered to be one of the fundamental building blocks of all matter.,परमाणुलाई सबै पदार्थको आधारभूत निर्माण खण्डहरू मध्ये एक मान्न सकिन्छ।,परमाणुलाई सबै पदार्थको आधारभूत निर्माण खण्डहरू मध्ये एक मान्न सकिन्छ।,paramaanulaaii sabai padaarthako aadhaarabhuuta nirmaana khandaharuu madhye eka maanna sakinchha.,paramaanulaaii sabai padaarthako aadhaarabhuuta nirmaana khandaharuu madhye eka maanna sakinchha.
"Its a very complex entity which consists, according to a simplified Bohr model, of a central nucleus orbited by electrons, somewhat similar to planets orbiting the sun - see Figure 1.1.","यो एक धेरै जटिल अस्तित्व हो जसमा, एक सरलीकृत बोहर मोडेल अनुसार, इलेक्ट्रोनहरूद्वारा परिक्रमा गरिएको केन्द्रीय केन्द्रकको, सूर्यलाई परिक्रमा गर्ने ग्रहहरूसँग केही हदसम्म मिल्दोजुल्दो छ-चित्र 1.1 हेर्नुहोस्।","यो एक धेरै जटिल अस्तित्व हो जसमा, एक सरलीकृत बोहर मोडेल अनुसार, इलेक्ट्रोनहरूद्वारा परिक्रमा गरिएको केन्द्रीय केन्द्रकको, सूर्यलाई परिक्रमा गर्ने ग्रहहरूसँग केही हदसम्म मिल्दोजुल्दो छ-चित्र 1.1 हेर्नुहोस्।","yo eka dherai jatila astitwa ho jasamaa, eka saraliikrita bohara modela anusaara, ilektronaharuudwaaraa parikramaa garieko kendriiya kendrakako, suuryalaaii parikramaa garne grahaharuusnga kehii hadasamma mildojuldo chha-chitra 1.1 hernuhos.","yo eka dherai jatila astitwa ho jasamaa, eka saraliikrita bohara modela anusaara, ilektronaharuudwaaraa parikramaa garieko kendriiya kendrakako, suuryalaaii parikramaa garne grahaharuusnga kehii hadasamma mildojuldo chha-chitra 1.1 hernuhos."
The nucleus consists of two particles - neutrons and protons.,न्युक्लियसमा दुई कणहरू हुन्छन्-न्युट्रोन र प्रोटोन।,न्युक्लियसमा दुई कणहरू हुन्छन्-न्युट्रोन र प्रोटोन।,nyukliyasamaa duii kanaharuu hunchhan-nyutrona ra protona.,nyukliyasamaa duii kanaharuu hunchhan-nyutrona ra protona.
Protons have a positive electric charge while neutrons have no charge. The electrons have a negative electric charge.,प्रोटोनहरूमा सकारात्मक विद्युत चार्ज हुन्छ जबकि न्युट्रोनहरूमा कुनै चार्ज हुँदैन। इलेक्ट्रोनहरूमा नकारात्मक विद्युत चार्ज हुन्छ।,प्रोटोनहरूमा सकारात्मक विद्युत चार्ज हुन्छ जबकि न्युट्रोनहरूमा कुनै चार्ज हुँदैन। इलेक्ट्रोनहरूमा नकारात्मक विद्युत चार्ज हुन्छ।,protonaharuumaa sakaaraatmaka widyuta chaarja hunchha jabaki nyutronaharuumaa kunai chaarja hundaina. ilektronaharuumaa nakaaraatmaka widyuta chaarja hunchha.,protonaharuumaa sakaaraatmaka widyuta chaarja hunchha jabaki nyutronaharuumaa kunai chaarja hundaina. ilektronaharuumaa nakaaraatmaka widyuta chaarja hunchha.
"To Check the victim, you must first survey the scene to ensure your safety.","पीडितलाई जाँच गर्न, तपाईँले आफ्नो सुरक्षा सुनिश्चित गर्न पहिले दृश्यको सर्वेक्षण गर्नुपर्छ।","पीडितलाई जाँच गर्न, तिमीले आफ्नो सुरक्षा सुनिश्चित गर्न पहिले दृश्यको सर्वेक्षण गर्नुपर्छ।","piiditalaaii jaancha garna, tapaaiinle aaphno surakshaa sunishchita garna pahile drishyako sarwekshana garnuparchha.","piiditalaaii jaancha garna, timiile aaphno surakshaa sunishchita garna pahile drishyako sarwekshana garnuparchha."
You need to notice the victim's position as you approach him or her and any automatic red flags.,तपाईंले पीडितको स्थिति र कुनै पनि स्वचालित रातो झण्डा नजिक पुग्दा ध्यान दिनु आवश्यक छ।,तिमीले पीडितको स्थिति र कुनै पनि स्वचालित रातो झण्डा नजिक पुग्दा ध्यान दिनु आवश्यक छ।,tapaaiinle piiditako sthiti ra kunai pani swachaalita raato jhandaa najika pugdaa dhyaana dinu aawashyaka chha.,timiile piiditako sthiti ra kunai pani swachaalita raato jhandaa najika pugdaa dhyaana dinu aawashyaka chha.
"If you get hurt trying to help, you may only serve to make matters worse.","यदि तपाईँलाई मद्दत गर्ने प्रयास गर्दा चोट लागेको छ भने, तपाईँले केवल मामिलालाई अझ खराब बनाउनका लागि काम गर्न सक्नुहुन्छ।","यदि तिमीलाई मद्दत गर्ने प्रयास गर्दा चोट लागेको छ भने, तिमीले केवल मामिलालाई अझ खराब बनाउनका लागि काम गर्न सक्छौ।","yadi tapaaiinlaaii maddata garne prayaasa gardaa chota laageko chha bhane, tapaaiinle kewala maamilaalaaii ajha kharaaba banaaunakaa laagi kaama garna saknuhunchha.","yadi timiilaaii maddata garne prayaasa gardaa chota laageko chha bhane, timiile kewala maamilaalaaii ajha kharaaba banaaunakaa laagi kaama garna sakchhau."
"The study found that depression, fear and catastrophising mediated the relationship between pain and disability in lower back pain sufferers.","अध्ययनले पत्ता लगायो कि अवसाद, डर र विनाशकारीले तल्लो पिठ्युँ दुख्ने पीडितहरूमा दुखाइ र अशक्तता बीचको सम्बन्धलाई मध्यस्थता गर्दछ।","अध्ययनले पत्ता लगायो कि अवसाद, डर र विनाशकारीले तल्लो पिठ्युँ दुख्ने पीडितहरूमा दुखाइ र अशक्तता बीचको सम्बन्धलाई मध्यस्थता गर्दछ।","adhyayanale pattaa lagaayo ki awasaada, dara ra winaashakaariile tallo pithyun dukhne piiditaharuumaa dukhaai ra ashaktataa biichako sambandhalaaii madhyasthataa gardachha.","adhyayanale pattaa lagaayo ki awasaada, dara ra winaashakaariile tallo pithyun dukhne piiditaharuumaa dukhaai ra ashaktataa biichako sambandhalaaii madhyasthataa gardachha."
"Only the effects of catastrophizing, not depression and fear was conditional of regular weekly structured PA sessions.","केवल विपद् प्रभावहरू, अवसाद र डर होइन नियमित साप्ताहिक संरचित पिए सत्रहरूको सशर्त थियो।","केवल विपद् प्रभावहरू, अवसाद र डर होइन नियमित साप्ताहिक संरचित पिए सत्रहरूको सशर्त थियो।","kewala wipad prabhaawaharuu, awasaada ra dara hoina niyamita saaptaahika snrachita pie satraharuuko sasharta thiyo.","kewala wipad prabhaawaharuu, awasaada ra dara hoina niyamita saaptaahika snrachita pie satraharuuko sasharta thiyo."
Those participating in regular activity required more support in terms of negative perception of pain distinguishing the differences of chronic pain and discomfort feel from normal physical movement.,नियमित गतिविधिमा भाग लिनेहरूलाई दुखाइको नकारात्मक धारणाको सन्दर्भमा थप समर्थन चाहिन्छ जसले पुरानो दुखाइ र असहजताको भिन्नता सामान्य शारीरिक गतिबाट अलग गर्दछ।,नियमित गतिविधिमा भाग लिनेहरूलाई दुखाइको नकारात्मक धारणाको सन्दर्भमा थप समर्थन चाहिन्छ जसले पुरानो दुखाइ र असहजताको भिन्नता सामान्य शारीरिक गतिबाट अलग गर्दछ।,niyamita gatiwidhimaa bhaaga lineharuulaaii dukhaaiko nakaaraatmaka dhaaranaako sandarbhamaa thapa samarthana chaahinchha jasale puraano dukhaai ra asahajataako bhinnataa saamaanya shaariirika gatibaata alaga gardachha.,niyamita gatiwidhimaa bhaaga lineharuulaaii dukhaaiko nakaaraatmaka dhaaranaako sandarbhamaa thapa samarthana chaahinchha jasale puraano dukhaai ra asahajataako bhinnataa saamaanya shaariirika gatibaata alaga gardachha.
"Vision, or the ability to see depends on visual system sensory organs or eyes.","दृष्टि, वा हेर्ने क्षमता दृश्य प्रणाली संवेदी अङ्ग वा आँखामा निर्भर गर्दछ।","दृष्टि, वा हेर्ने क्षमता दृश्य प्रणाली संवेदी अङ्ग वा आँखामा निर्भर गर्दछ।","drishti, waa herne kshamataa drishya pranaalii snwedii angga waa aankhaamaa nirbhara gardachha.","drishti, waa herne kshamataa drishya pranaalii snwedii angga waa aankhaamaa nirbhara gardachha."
"There are many different constructions of eyes, ranging in complexity depending on the requirements of the organism.",जीवको आवश्यकताहरूअनुसार जटिलतामा आधारित आँखाका धेरै फरक-फरक निर्माणहरू छन्।,जीवको आवश्यकताहरूअनुसार जटिलतामा आधारित आँखाका धेरै फरक-फरक निर्माणहरू छन्।,jiiwako aawashyakataaharuuanusaara jatilataamaa aadhaarita aankhaakaa dherai pharaka-pharaka nirmaanaharuu chhan.,jiiwako aawashyakataaharuuanusaara jatilataamaa aadhaarita aankhaakaa dherai pharaka-pharaka nirmaanaharuu chhan.
"The different constructions have different capabilities, are sensitive to different wave-lengths and have differing degrees of acuity, also they require different processing to make sense of the input and different numbers to work optimally.","विभिन्न निर्माणहरूमा विभिन्न क्षमताहरू हुन्छन्, विभिन्न तरंग-लम्बाइप्रति संवेदनशील हुन्छन् र तीक्षताको फरक डिग्रीहरू हुन्छन्, साथै तिनीहरूलाई इनपुटको अर्थ बनाउन विभिन्न प्रशोधन र इष्टतम रूपमा काम गर्न विभिन्न सङ्ख्याहरू आवश्यक पर्दछ।","विभिन्न निर्माणहरूमा विभिन्न क्षमताहरू हुन्छन्, विभिन्न तरंग-लम्बाइप्रति संवेदनशील हुन्छन् र तीक्षताको फरक डिग्रीहरू हुन्छन्, साथै तिनीहरूलाई इनपुटको अर्थ बनाउन विभिन्न प्रशोधन र इष्टतम रूपमा काम गर्न विभिन्न सङ्ख्याहरू आवश्यक पर्दछ।","wibhinna nirmaanaharuumaa wibhinna kshamataaharuu hunchhan, wibhinna tarnga-lambaaiprati snwedanashiila hunchhan ra tiikshataako pharaka digriiharuu hunchhan, saathai tiniiharuulaaii inaputako artha banaauna wibhinna prashodhana ra ishtatama ruupamaa kaama garna wibhinna sangkhyaaharuu aawashyaka pardachha.","wibhinna nirmaanaharuumaa wibhinna kshamataaharuu hunchhan, wibhinna tarnga-lambaaiprati snwedanashiila hunchhan ra tiikshataako pharaka digriiharuu hunchhan, saathai tiniiharuulaaii inaputako artha banaauna wibhinna prashodhana ra ishtatama ruupamaa kaama garna wibhinna sangkhyaaharuu aawashyaka pardachha."
A population is the collection of organisms of a particular species within a given geographic area.,जनसङ्ख्या भनेको दिइएको भौगोलिक क्षेत्रभित्र कुनै विशेष प्रजातिका जीवहरूको सङ्ग्रह हो।,जनसङ्ख्या भनेको दिइएको भौगोलिक क्षेत्रभित्र कुनै विशेष प्रजातिका जीवहरूको सङ्ग्रह हो।,janasangkhyaa bhaneko diieko bhaugolika kshetrabhitra kunai wishesha prajaatikaa jiiwaharuuko sanggraha ho.,janasangkhyaa bhaneko diieko bhaugolika kshetrabhitra kunai wishesha prajaatikaa jiiwaharuuko sanggraha ho.
When all individuals in a population are identical with regard to a particular phenotypic trait they are known as monomorphic.,जब जनसङ्ख्यामा सबै व्यक्तिहरू एक विशेष फेनोटाइपिक विशेषताको सन्दर्भमा समान हुन्छन् तिनीहरूलाई मोनोमोर्फिक भनिन्छ।,जब जनसङ्ख्यामा सबै व्यक्तिहरू एक विशेष फेनोटाइपिक विशेषताको सन्दर्भमा समान हुन्छन् तिनीहरूलाई मोनोमोर्फिक भनिन्छ।,jaba janasangkhyaamaa sabai wyaktiharuu eka wishesha phenotaaipika wisheshataako sandarbhamaa samaana hunchhan tiniiharuulaaii monomorphika bhaninchha.,jaba janasangkhyaamaa sabai wyaktiharuu eka wishesha phenotaaipika wisheshataako sandarbhamaa samaana hunchhan tiniiharuulaaii monomorphika bhaninchha.
When the individuals show several variants of a particular trait they are polymorphic.,जब व्यक्तिहरूले कुनै विशेष विशेषताका धेरै प्रकारहरू देखाउँछन् तिनीहरू बहुरूप हुन्छन्।,जब व्यक्तिहरूले कुनै विशेष विशेषताका धेरै प्रकारहरू देखाउँछन् तिनीहरू बहुरूप हुन्छन्।,jaba wyaktiharuule kunai wishesha wisheshataakaa dherai prakaaraharuu dekhaaunchhan tiniiharuu bahuruupa hunchhan.,jaba wyaktiharuule kunai wishesha wisheshataakaa dherai prakaaraharuu dekhaaunchhan tiniiharuu bahuruupa hunchhan.
Army ant colonies march and nest in different phases as well.,सेनाका चितुवा उपनिवेशहरूले पनि विभिन्न चरणहरूमा पदयात्रा र घोंसला बनाउँछन्।,सेनाका चितुवा उपनिवेशहरूले पनि विभिन्न चरणहरूमा पदयात्रा र घोंसला बनाउँछन्।,senaakaa chituwaa upaniweshaharuule pani wibhinna charanaharuumaa padayaatraa ra ghonsalaa banaaunchhan.,senaakaa chituwaa upaniweshaharuule pani wibhinna charanaharuumaa padayaatraa ra ghonsalaa banaaunchhan.
"In the nomadic phase, army ants march at night and stop to camp during the day.","घुमन्ते चरणमा, सेनाका चितुवा रातमा मार्च गर्छन् र दिनमा शिविरमा रोकिन्छन्।","घुमन्ते चरणमा, सेनाका चितुवा रातमा मार्च गर्छन् र दिनमा शिविरमा रोकिन्छन्।","ghumante charanamaa, senaakaa chituwaa raatamaa maarcha garchhan ra dinamaa shiwiramaa rokinchhan.","ghumante charanamaa, senaakaa chituwaa raatamaa maarcha garchhan ra dinamaa shiwiramaa rokinchhan."
"The colony begins a nomadic phase when available food has decreased. During this phase, the colony makes temporary nests that are changed everyday.","उपलब्ध खाना घट्दा उपनिवेशले घुमन्ते चरण सुरु गर्छ। यस चरणमा, उपनिवेशले अस्थायी गुँड बनाउँछ जुन दैनिक परिवर्तन गरिन्छ।","उपलब्ध खाना घट्दा उपनिवेशले घुमन्ते चरण सुरु गर्छ। यस चरणमा, उपनिवेशले अस्थायी गुँड बनाउँछ जुन दैनिक परिवर्तन गरिन्छ।","upalabdha khaanaa ghatdaa upaniweshale ghumante charana suru garchha. yasa charanamaa, upaniweshale asthaayii gunda banaaunchha juna dainika pariwartana garinchha.","upalabdha khaanaa ghatdaa upaniweshale ghumante charana suru garchha. yasa charanamaa, upaniweshale asthaayii gunda banaaunchha juna dainika pariwartana garinchha."
Each of these nomadic rampages or marches lasts for approximately 17 days.,यी घुमन्ते भिडन्त वा पदयात्राहरू मध्ये प्रत्येक लगभग 17 दिनसम्म रहन्छ।,यी घुमन्ते भिडन्त वा पदयात्राहरू मध्ये प्रत्येक लगभग 17 दिनसम्म रहन्छ।,yii ghumante bhidanta waa padayaatraaharuu madhye pratyeka lagabhaga 17 dinasamma rahanchha.,yii ghumante bhidanta waa padayaatraaharuu madhye pratyeka lagabhaga 17 dinasamma rahanchha.
"What is a cell? The word cell comes from the Latin word ""cella"", meaning ""small room"", and it was first coined by a microscopist observing the structure of cork.","सेल भनेको के हो? सेल शब्द ल्याटिन शब्द ""सेल"" बाट आएको हो, जसको अर्थ ""सानो कोठा"" हो, र यो पहिलो पटक कर्कको संरचना अवलोकन गर्ने माइक्रोस्कोपिस्टद्वारा सिर्जना गरिएको थियो।","सेल भनेको के हो? सेल शब्द ल्याटिन शब्द ""सेल"" बाट आएको हो, जसको अर्थ ""सानो कोठा"" हो, र यो पहिलो पटक कर्कको संरचना अवलोकन गर्ने माइक्रोस्कोपिस्टद्वारा सिर्जना गरिएको थियो।","sela bhaneko ke ho? sela shabda lyaatina shabda ""sela"" baata aaeko ho, jasako artha ""saano kothaa"" ho, ra yo pahilo pataka karkako snrachanaa awalokana garne maaikroskopistadwaaraa sirjanaa garieko thiyo.","sela bhaneko ke ho? sela shabda lyaatina shabda ""sela"" baata aaeko ho, jasako artha ""saano kothaa"" ho, ra yo pahilo pataka karkako snrachanaa awalokana garne maaikroskopistadwaaraa sirjanaa garieko thiyo."
"The cell is the basic unit of all living things, and all organisms are composed of one or more cells.","कोशिकाहरू सबै जीवित वस्तुहरूको आधारभूत एकाइ हो, र सबै जीवहरू एक वा बढी कोशिकाहरू मिलेर बनेका हुन्छन्।","कोशिकाहरू सबै जीवित वस्तुहरूको आधारभूत एकाइ हो, र सबै जीवहरू एक वा बढी कोशिकाहरू मिलेर बनेका हुन्छन्।","koshikaaharuu sabai jiiwita wastuharuuko aadhaarabhuuta ekaai ho, ra sabai jiiwaharuu eka waa badhii koshikaaharuu milera banekaa hunchhan.","koshikaaharuu sabai jiiwita wastuharuuko aadhaarabhuuta ekaai ho, ra sabai jiiwaharuu eka waa badhii koshikaaharuu milera banekaa hunchhan."
"Cells are so basic and critical to the study of life, in fact, that they are often referred to as ""the building blocks of life"".","कोशिकाहरू जीवनको अध्ययनका लागि यति आधारभूत र महत्त्वपूर्ण छन्, वास्तवमा, तिनीहरूलाई प्रायः ""जीवनको निर्माण खण्डहरू"" भनिन्छ।","कोशिकाहरू जीवनको अध्ययनका लागि यति आधारभूत र महत्त्वपूर्ण छन्, वास्तवमा, तिनीहरूलाई प्रायः ""जीवनको निर्माण खण्डहरू"" भनिन्छ।","koshikaaharuu jiiwanako adhyayanakaa laagi yati aadhaarabhuuta ra mahattwapuurna chhan, waastawamaa, tiniiharuulaaii praayh ""jiiwanako nirmaana khandaharuu"" bhaninchha.","koshikaaharuu jiiwanako adhyayanakaa laagi yati aadhaarabhuuta ra mahattwapuurna chhan, waastawamaa, tiniiharuulaaii praayh ""jiiwanako nirmaana khandaharuu"" bhaninchha."
The Nervous System maintains homeostasis by sending nerve impulses through out the body to keep the flow of blood going as well as undisturbed.,स्नायु प्रणालीले रगतको प्रवाहलाई निरन्तर र निर्बाध राख्न शरीरभरि स्नायु आवेगहरू पठाएर होमियोस्टेसिस कायम राख्छ।,स्नायु प्रणालीले रगतको प्रवाहलाई निरन्तर र निर्बाध राख्न शरीरभरि स्नायु आवेगहरू पठाएर होमियोस्टेसिस कायम राख्छ।,snaayu pranaaliile ragatako prawaahalaaii nirantara ra nirbaadha raakhna shariirabhari snaayu aawegaharuu pathaaera homiyostesisa kaayama raakhchha.,snaayu pranaaliile ragatako prawaahalaaii nirantara ra nirbaadha raakhna shariirabhari snaayu aawegaharuu pathaaera homiyostesisa kaayama raakhchha.
These nerve impulses can be sent so quickly throughout the body which helps keep the body safe from any potential threat.,यी स्नायु आवेगहरू शरीरभरि यति छिटो पठाउन सकिन्छ जसले शरीरलाई कुनै पनि सम्भावित खतराबाट सुरक्षित राख्न मद्दत गर्दछ।,यी स्नायु आवेगहरू शरीरभरि यति छिटो पठाउन सकिन्छ जसले शरीरलाई कुनै पनि सम्भावित खतराबाट सुरक्षित राख्न मद्दत गर्दछ।,yii snaayu aawegaharuu shariirabhari yati chhito pathaauna sakinchha jasale shariiralaaii kunai pani sambhaawita khataraabaata surakshita raakhna maddata gardachha.,yii snaayu aawegaharuu shariirabhari yati chhito pathaauna sakinchha jasale shariiralaaii kunai pani sambhaawita khataraabaata surakshita raakhna maddata gardachha.
"Tornadoes strike a small area compared to other violent storms, but they can destroy everything in their path.","अन्य हिंसात्मक आँधीबेहरीको तुलनामा बवंडरले सानो क्षेत्रमा प्रहार गर्छ, तर तिनीहरूले आफ्नो मार्गमा रहेका सबै कुरालाई नष्ट गर्न सक्छन्।","अन्य हिंसात्मक आँधीबेहरीको तुलनामा बवंडरले सानो क्षेत्रमा प्रहार गर्छ, तर तिनीहरूले आफ्नो मार्गमा रहेका सबै कुरालाई नष्ट गर्न सक्छन्।","anya hinsaatmaka aandhiibehariiko tulanaamaa bawndarale saano kshetramaa prahaara garchha, tara tiniiharuule aaphno maargamaa rahekaa sabai kuraalaaii nashta garna sakchhan.","anya hinsaatmaka aandhiibehariiko tulanaamaa bawndarale saano kshetramaa prahaara garchha, tara tiniiharuule aaphno maargamaa rahekaa sabai kuraalaaii nashta garna sakchhan."
"Tornadoes uproot trees, rip boards from buildings, and fling cars up into the sky. The most violent two percent of tornadoes last more than three hours.","बवंडरले रुखहरू उखार्छ, भवनहरूबाट बोर्डहरू फाड्छ, र कारहरू आकाशमा फ्याँक्छन्। सबैभन्दा हिंसात्मक दुई प्रतिशत बवंडरहरू तीन घण्टा भन्दा बढी समयसम्म रहन्छ।","बवंडरले रुखहरू उखार्छ, भवनहरूबाट बोर्डहरू फाड्छ, र कारहरू आकाशमा फ्याँक्छन्। सबैभन्दा हिंसात्मक दुई प्रतिशत बवंडरहरू तीन घण्टा भन्दा बढी समयसम्म रहन्छ।","bawndarale rukhaharuu ukhaarchha, bhawanaharuubaata bordaharuu phaadchha, ra kaaraharuu aakaashamaa phyaankchhan. sabaibhandaa hinsaatmaka duii pratishata bawndaraharuu tiina ghantaa bhandaa badhii samayasamma rahanchha.","bawndarale rukhaharuu ukhaarchha, bhawanaharuubaata bordaharuu phaadchha, ra kaaraharuu aakaashamaa phyaankchhan. sabaibhandaa hinsaatmaka duii pratishata bawndaraharuu tiina ghantaa bhandaa badhii samayasamma rahanchha."
These monster storms have winds up to 480 km/h (133 m/s; 300 mph).,यी राक्षस आँधीबेहरीहरूमा 480 किमी/घन्टा (133 मिटर/सेकेन्ड; 300 माइल प्रति घण्टा) सम्मको हावा हुन्छ।,यी राक्षस आँधीबेहरीहरूमा 480 किमी/घन्टा (133 मिटर/सेकेन्ड; 300 माइल प्रति घण्टा) सम्मको हावा हुन्छ।,yii raakshasa aandhiibehariiharuumaa 480 kimii/ghantaa (133 mitara/sekenda; 300 maaila prati ghantaa) sammako haawaa hunchha.,yii raakshasa aandhiibehariiharuumaa 480 kimii/ghantaa (133 mitara/sekenda; 300 maaila prati ghantaa) sammako haawaa hunchha.
Humans have been making and using lenses for magnification for thousands and thousands of years.,मानिसहरूले हजारौँ र हजारौँ वर्षदेखि म्याग्निफिकेसनका लागि लेन्सहरू बनाइरहेका छन् र प्रयोग गर्दै आएका छन्।,मानिसहरूले हजारौँ र हजारौँ वर्षदेखि म्याग्निफिकेसनका लागि लेन्सहरू बनाइरहेका छन् र प्रयोग गर्दै आएका छन्।,maanisaharuule hajaaraun ra hajaaraun warshadekhi myaagniphikesanakaa laagi lensaharuu banaairahekaa chhan ra prayoga gardai aaekaa chhan.,maanisaharuule hajaaraun ra hajaaraun warshadekhi myaagniphikesanakaa laagi lensaharuu banaairahekaa chhan ra prayoga gardai aaekaa chhan.
"However, the first true telescopes were made in Europe in the late 16th century.","यद्यपि, पहिलो साँचो टेलिस्कोपहरू 16 औँ शताब्दीको उत्तरार्धमा युरोपमा बनाइयो।","यद्यपि, पहिलो साँचो टेलिस्कोपहरू 16 औँ शताब्दीको उत्तरार्धमा युरोपमा बनाइयो।","yadyapi, pahilo saancho teliskopaharuu 16 aun shataabdiiko uttaraardhamaa yuropamaa banaaiyo.","yadyapi, pahilo saancho teliskopaharuu 16 aun shataabdiiko uttaraardhamaa yuropamaa banaaiyo."
These telescopes used a combination of two lenses to make distant objects appear both nearer and larger.,यी दूरबीनहरूले दुई लेन्सहरूको संयोजन प्रयोग गरेर टाढाका वस्तुहरू नजिक र ठुला दुवै देखा पर्छन्।,यी दूरबीनहरूले दुई लेन्सहरूको संयोजन प्रयोग गरेर टाढाका वस्तुहरू नजिक र ठुला दुवै देखा पर्छन्।,yii duurabiinaharuule duii lensaharuuko snyojana prayoga garera taadhaakaa wastuharuu najika ra thulaa duwai dekhaa parchhan.,yii duurabiinaharuule duii lensaharuuko snyojana prayoga garera taadhaakaa wastuharuu najika ra thulaa duwai dekhaa parchhan.
Greed and selfishness will always be with us and it is the nature of cooperation that when the majority benefit there will always be more to gain in the short term by acting selfishly,लोभ र स्वार्थ सधैँ हामीसँग रहनेछ र यो सहयोगको प्रकृति हो कि जब बहुमतले फाइदा लिन्छ तब स्वार्थी व्यवहार गरेर छोटो अवधिमा अझ बढी लाभ हुन्छ।,लोभ र स्वार्थ सधैँ हामीसँग रहनेछ र यो सहयोगको प्रकृति हो कि जब बहुमतले फाइदा लिन्छ तब स्वार्थी व्यवहार गरेर छोटो अवधिमा अझ बढी लाभ हुन्छ।,lobha ra swaartha sadhain haamiisnga rahanechha ra yo sahayogako prakriti ho ki jaba bahumatale phaaidaa linchha taba swaarthii wyawahaara garera chhoto awadhimaa ajha badhii laabha hunchha.,lobha ra swaartha sadhain haamiisnga rahanechha ra yo sahayogako prakriti ho ki jaba bahumatale phaaidaa linchha taba swaarthii wyawahaara garera chhoto awadhimaa ajha badhii laabha hunchha.
"Hopefully, most people will realise that their long term best option is to work together with others.","आशा छ, धेरैजसो मानिसहरूले अरूसँग मिलेर काम गर्नु नै उनीहरूको दीर्घकालीन उत्तम विकल्प हो भन्ने महसुस गर्नेछन्।","आशा छ, धेरैजसो मानिसहरूले अरूसँग मिलेर काम गर्नु नै उनीहरूको दीर्घकालीन उत्तम विकल्प हो भन्ने महसुस गर्नेछन्।","aashaa chha, dheraijaso maanisaharuule aruusnga milera kaama garnu nai uniiharuuko diirghakaaliina uttama wikalpa ho bhanne mahasusa garnechhan.","aashaa chha, dheraijaso maanisaharuule aruusnga milera kaama garnu nai uniiharuuko diirghakaaliina uttama wikalpa ho bhanne mahasusa garnechhan."
"Many people dream of the day when humans can travel to another star and explore other worlds, some people wonder what's out there some belive that aliens or other life may live on another plant.","धेरै मानिसहरू त्यो दिनको सपना देख्छन् जब मानिसहरूले अर्को तारामा यात्रा गर्न र अन्य संसारहरू अन्वेषण गर्न सक्छन्, केही मानिसहरू त्यहाँ के छ भनेर सोच्दछन् कि कोहीले एलियन वा अन्य जीवन अर्को बोटबिरुवामा बाँच्न सक्छ।","धेरै मानिसहरू त्यो दिनको सपना देख्छन् जब मानिसहरूले अर्को तारामा यात्रा गर्न र अन्य संसारहरू अन्वेषण गर्न सक्छन्, केही मानिसहरू त्यहाँ के छ भनेर सोच्दछन् कि कोहीले एलियन वा अन्य जीवन अर्को बोटबिरुवामा बाँच्न सक्छ।","dherai maanisaharuu tyo dinako sapanaa dekhchhan jaba maanisaharuule arko taaraamaa yaatraa garna ra anya snsaaraharuu anweshana garna sakchhan, kehii maanisaharuu tyahaan ke chha bhanera sochdachhan ki kohiile eliyana waa anya jiiwana arko botabiruwaamaa baanchna sakchha.","dherai maanisaharuu tyo dinako sapanaa dekhchhan jaba maanisaharuule arko taaraamaa yaatraa garna ra anya snsaaraharuu anweshana garna sakchhan, kehii maanisaharuu tyahaan ke chha bhanera sochdachhan ki kohiile eliyana waa anya jiiwana arko botabiruwaamaa baanchna sakchha."
"But, if this ever does happen probably won't happen for a very long time. The stars are so spread out that there are trillions of miles between stars that are ""neighbors"".","तर, यदि यस्तो कहिल्यै भयो भने सायद धेरै लामो समयसम्म हुँदैन। ताराहरू यति फैलिएको छ कि ताराहरू बिच खरबौं माइलहरू छन् जुन ""छिमेकीहरू"" हुन्।","तर, यदि यस्तो कहिल्यै भयो भने सायद धेरै लामो समयसम्म हुँदैन। ताराहरू यति फैलिएको छ कि ताराहरू बिच खरबौं माइलहरू छन् जुन ""छिमेकीहरू"" हुन्।","tara, yadi yasto kahilyai bhayo bhane saayada dherai laamo samayasamma hundaina. taaraaharuu yati phailieko chha ki taaraaharuu bicha kharabaun maailaharuu chhan juna ""chhimekiiharuu"" hun.","tara, yadi yasto kahilyai bhayo bhane saayada dherai laamo samayasamma hundaina. taaraaharuu yati phailieko chha ki taaraaharuu bicha kharabaun maailaharuu chhan juna ""chhimekiiharuu"" hun."
"Maybe one day, your great grandchildren will be standing atop an alien world wondering about their ancient ancestors?","सायद एक दिन, तपाईँका हजुरबुबा हजुरआमा आफ्ना प्राचीन पुर्खाहरूको बारेमा सोच्दै विदेशी संसारमा उभिएका हुनेछन्?","सायद एक दिन, तिमीका हजुरबुबा हजुरआमा आफ्ना प्राचीन पुर्खाहरूको बारेमा सोच्दै विदेशी संसारमा उभिएका हुनेछन्?","saayada eka dina, tapaaiinkaa hajurabubaa hajuraaamaa aaphnaa praachiina purkhaaharuuko baaremaa sochdai wideshii snsaaramaa ubhiekaa hunechhan?","saayada eka dina, timiikaa hajurabubaa hajuraaamaa aaphnaa praachiina purkhaaharuuko baaremaa sochdai wideshii snsaaramaa ubhiekaa hunechhan?"
Animals are made of many cells. They eat things and digest them inside. Most animals can move.,जनावरहरू धेरै कोशिकाहरूबाट बनेका हुन्छन्। तिनीहरूले चीजहरू खान्छन् र तिनीहरूलाई भित्र पक्रन्छन्। अधिकांश जनावरहरू सार्न सक्छन्।,जनावरहरू धेरै कोशिकाहरूबाट बनेका हुन्छन्। तिनीहरूले चीजहरू खान्छन् र तिनीहरूलाई भित्र पक्रन्छन्। अधिकांश जनावरहरू सार्न सक्छन्।,janaawaraharuu dherai koshikaaharuubaata banekaa hunchhan. tiniiharuule chiijaharuu khaanchhan ra tiniiharuulaaii bhitra pakranchhan. adhikaansha janaawaraharuu saarna sakchhan.,janaawaraharuu dherai koshikaaharuubaata banekaa hunchhan. tiniiharuule chiijaharuu khaanchhan ra tiniiharuulaaii bhitra pakranchhan. adhikaansha janaawaraharuu saarna sakchhan.
"Only animals have brains (though not even all animals do; jellyfish, for example, do not have brains).","केवल जनावरहरूमा मात्र मस्तिष्क हुन्छ (यद्यपि सबै जनावरहरूमा पनि हुँदैन; जेलीफिस, उदाहरणका लागि, मस्तिष्क हुँदैन)।","केवल जनावरहरूमा मात्र मस्तिष्क हुन्छ (यद्यपि सबै जनावरहरूमा पनि हुँदैन; जेलीफिस, उदाहरणका लागि, मस्तिष्क हुँदैन)।","kewala janaawaraharuumaa maatra mastishka hunchha (yadyapi sabai janaawaraharuumaa pani hundaina; jeliiphisa, udaaharanakaa laagi, mastishka hundaina).","kewala janaawaraharuumaa maatra mastishka hunchha (yadyapi sabai janaawaraharuumaa pani hundaina; jeliiphisa, udaaharanakaa laagi, mastishka hundaina)."
"Animals are found all over the earth. They dig in the ground, swim in the oceans, and fly in the sky.","जनावरहरू पृथ्वीभरि पाइन्छन्। तिनीहरू जमिनमा खोद्छन्, समुद्रमा पौडी उडाउँछन् र आकाशमा उड्छन्।","जनावरहरू पृथ्वीभरि पाइन्छन्। तिनीहरू जमिनमा खोद्छन्, समुद्रमा पौडी उडाउँछन् र आकाशमा उड्छन्।","janaawaraharuu prithwiibhari paainchhan. tiniiharuu jaminamaa khodchhan, samudramaa paudii udaaunchhan ra aakaashamaa udchhan.","janaawaraharuu prithwiibhari paainchhan. tiniiharuu jaminamaa khodchhan, samudramaa paudii udaaunchhan ra aakaashamaa udchhan."
A cell is the smallest structural and functional unit of a living (things) organism.,कोशिकाहरू जीव (वस्तुहरू) को सबैभन्दा सानो संरचनात्मक र कार्यात्मक एकाइ हो।,कोशिकाहरू जीव (वस्तुहरू) को सबैभन्दा सानो संरचनात्मक र कार्यात्मक एकाइ हो।,koshikaaharuu jiiwa (wastuharuu) ko sabaibhandaa saano snrachanaatmaka ra kaaryaatmaka ekaai ho.,koshikaaharuu jiiwa (wastuharuu) ko sabaibhandaa saano snrachanaatmaka ra kaaryaatmaka ekaai ho.
Cell comes from the Latin word cella which means small room.,सेल ल्याटिन शब्द सेलाबाट आएको हो जसको अर्थ सानो कोठा हो।,सेल ल्याटिन शब्द सेलाबाट आएको हो जसको अर्थ सानो कोठा हो।,sela lyaatina shabda selaabaata aaeko ho jasako artha saano kothaa ho.,sela lyaatina shabda selaabaata aaeko ho jasako artha saano kothaa ho.
"If you look at living things under a microscope, you will see that they are made of small squares or balls.","यदि तपाईँले सूक्ष्मदर्शीमुनि जीवित वस्तुहरू हेर्नुभयो भने, तपाईँले देख्नुहुनेछ कि तिनीहरू साना वर्ग वा बलहरूबाट बनेका छन्।","यदि तिमीले सूक्ष्मदर्शीमुनि जीवित वस्तुहरू हेर्नुभयो भने, तिमीले देख्नुहुनेछ कि तिनीहरू साना वर्ग वा बलहरूबाट बनेका छन्।","yadi tapaaiinle suukshmadarshiimuni jiiwita wastuharuu hernubhayo bhane, tapaaiinle dekhnuhunechha ki tiniiharuu saanaa warga waa balaharuubaata banekaa chhan.","yadi timiile suukshmadarshiimuni jiiwita wastuharuu hernubhayo bhane, timiile dekhnuhunechha ki tiniiharuu saanaa warga waa balaharuubaata banekaa chhan."
"Robert Hooke, a biologist from England, saw small squares in cork with a microscope.",इङ्गल्यान्डका जीवविज्ञानी रोबर्ट हुकले माइक्रोस्कोपको साथ कर्कमा साना वर्गहरू देखे।,इङ्गल्यान्डका जीवविज्ञानी रोबर्ट हुकले माइक्रोस्कोपको साथ कर्कमा साना वर्गहरू देखे।,inggalyaandakaa jiiwawijnyaanii robarta hukale maaikroskopako saatha karkamaa saanaa wargaharuu dekhe.,inggalyaandakaa jiiwawijnyaanii robarta hukale maaikroskopako saatha karkamaa saanaa wargaharuu dekhe.
They looked like rooms. He was the first person to observe dead cells,ती कोठाहरू जस्तै देखिन्थे। उनी मृत कक्षहरू अवलोकन गर्ने पहिलो व्यक्ति थिए।,ती कोठाहरू जस्तै देखिन्थे। उनी मृत कक्षहरू अवलोकन गर्ने पहिलो व्यक्ति थिए।,tii kothaaharuu jastai dekhinthe. unii mrita kakshaharuu awalokana garne pahilo wyakti thie.,tii kothaaharuu jastai dekhinthe. unii mrita kakshaharuu awalokana garne pahilo wyakti thie.
Elements and compounds can move from one state to another and not change.,तत्व र यौगिकहरू एक राज्यबाट अर्कोमा सर्न सक्छन् र परिवर्तन हुन सक्दैनन्।,तत्व र यौगिकहरू एक राज्यबाट अर्कोमा सर्न सक्छन् र परिवर्तन हुन सक्दैनन्।,tatwa ra yaugikaharuu eka raajyabaata arkomaa sarna sakchhan ra pariwartana huna sakdainan.,tatwa ra yaugikaharuu eka raajyabaata arkomaa sarna sakchhan ra pariwartana huna sakdainan.
Nitrogen as a gas still has the same properties as liquid nitrogen. The liquid state is denser but the molecules are still the same.,ग्याँसको रूपमा नाइट्रोजनमा अझै पनि तरल नाइट्रोजन जस्तै गुणहरू छन्। तरल अवस्था घना छ तर अणुहरू अझै पनि उस्तै छन्।,ग्याँसको रूपमा नाइट्रोजनमा अझै पनि तरल नाइट्रोजन जस्तै गुणहरू छन्। तरल अवस्था घना छ तर अणुहरू अझै पनि उस्तै छन्।,gyaansako ruupamaa naaitrojanamaa ajhai pani tarala naaitrojana jastai gunaharuu chhan. tarala awasthaa ghanaa chha tara anuharuu ajhai pani ustai chhan.,gyaansako ruupamaa naaitrojanamaa ajhai pani tarala naaitrojana jastai gunaharuu chhan. tarala awasthaa ghanaa chha tara anuharuu ajhai pani ustai chhan.
Water is another example. The compound water is made up of two hydrogen atoms and one oxygen atom.,पानी अर्को उदाहरण हो। यौगिक पानी दुई हाइड्रोजन परमाणु र एउटा अक्सिजन परमाणुबाट बनेको हुन्छ।,पानी अर्को उदाहरण हो। यौगिक पानी दुई हाइड्रोजन परमाणु र एउटा अक्सिजन परमाणुबाट बनेको हुन्छ।,paanii arko udaaharana ho. yaugika paanii duii haaidrojana paramaanu ra eutaa aksijana paramaanubaata baneko hunchha.,paanii arko udaaharana ho. yaugika paanii duii haaidrojana paramaanu ra eutaa aksijana paramaanubaata baneko hunchha.
"It has the same molecular structure whether it is a gas, liquid, or solid.","यसको एउटै आणविक संरचना छ चाहे यो ग्याँस, तरल, वा ठोस होस्।","यसको एउटै आणविक संरचना छ चाहे यो ग्याँस, तरल, वा ठोस होस्।","yasako eutai aanawika snrachanaa chha chaahe yo gyaansa, tarala, waa thosa hos.","yasako eutai aanawika snrachanaa chha chaahe yo gyaansa, tarala, waa thosa hos."
"Although its physical state may change, its chemical state remains the same.","यद्यपि यसको भौतिक अवस्था परिवर्तन हुन सक्छ, यसको रासायनिक अवस्था उस्तै रहन्छ।","यद्यपि यसको भौतिक अवस्था परिवर्तन हुन सक्छ, यसको रासायनिक अवस्था उस्तै रहन्छ।","yadyapi yasako bhautika awasthaa pariwartana huna sakchha, yasako raasaayanika awasthaa ustai rahanchha.","yadyapi yasako bhautika awasthaa pariwartana huna sakchha, yasako raasaayanika awasthaa ustai rahanchha."
"Time is something that is all around us, and affects everything we do, yet is difficult to understand.","समय भनेको हाम्रो वरिपरि रहेको कुरा हो, र हामीले गर्ने सबै कुरामा प्रभाव पार्छ, तर बुझ्न गाह्रो छ।","समय भनेको हाम्रो वरिपरि रहेको कुरा हो, र हामीले गर्ने सबै कुरामा प्रभाव पार्छ, तर बुझ्न गाह्रो छ।","samaya bhaneko haamro waripari raheko kuraa ho, ra haamiile garne sabai kuraamaa prabhaawa paarchha, tara bujhna gaahro chha.","samaya bhaneko haamro waripari raheko kuraa ho, ra haamiile garne sabai kuraamaa prabhaawa paarchha, tara bujhna gaahro chha."
"Time has been studied by religious, philosophical, and scientific scholars for thousands of years.","धार्मिक, दार्शनिक र वैज्ञानिक विद्वानहरूले हजारौँ वर्षदेखि समयको अध्ययन गर्दै आएका छन्।","धार्मिक, दार्शनिक र वैज्ञानिक विद्वानहरूले हजारौँ वर्षदेखि समयको अध्ययन गर्दै आएका छन्।","dhaarmika, daarshanika ra waijnyaanika widwaanaharuule hajaaraun warshadekhi samayako adhyayana gardai aaekaa chhan.","dhaarmika, daarshanika ra waijnyaanika widwaanaharuule hajaaraun warshadekhi samayako adhyayana gardai aaekaa chhan."
We experience time as a series of events passing from the future through the present to the past.,हामी समयलाई भविष्यबाट वर्तमानबाट विगतमा जाने घटनाहरूको शृङ्खलाको रूपमा अनुभव गर्दछौं।,हामी समयलाई भविष्यबाट वर्तमानबाट विगतमा जाने घटनाहरूको शृङ्खलाको रूपमा अनुभव गर्दछौं।,haamii samayalaaii bhawishyabaata wartamaanabaata wigatamaa jaane ghatanaaharuuko shringkhalaako ruupamaa anubhawa gardachhaun.,haamii samayalaaii bhawishyabaata wartamaanabaata wigatamaa jaane ghatanaaharuuko shringkhalaako ruupamaa anubhawa gardachhaun.
Time is also how we compare the duration (length) of events.,समय भनेको हामी घटनाहरूको अवधि (लम्बाइ) कसरी तुलना गर्छौं भन्ने पनि हो।,समय भनेको हामी घटनाहरूको अवधि (लम्बाइ) कसरी तुलना गर्छौं भन्ने पनि हो।,samaya bhaneko haamii ghatanaaharuuko awadhi (lambaai) kasarii tulanaa garchhaun bhanne pani ho.,samaya bhaneko haamii ghatanaaharuuko awadhi (lambaai) kasarii tulanaa garchhaun bhanne pani ho.
You can mark the passing of time yourself by observing the repetition of a cyclical event. A cyclical event is something that happens again and again regularly.,तपाईँले स्वतः समय बित्दै गएको समयलाई चक्रीय घटनाको पुनरावृत्ति अवलोकन गरेर चिह्नित गर्न सक्नुहुन्छ। चक्रीय घटना भनेको नियमित रूपमा बारम्बार हुने कुरा हो।,तिमीले स्वतः समय बित्दै गएको समयलाई चक्रीय घटनाको पुनरावृत्ति अवलोकन गरेर चिह्नित गर्न सक्छौ। चक्रीय घटना भनेको नियमित रूपमा बारम्बार हुने कुरा हो।,tapaaiinle swath samaya bitdai gaeko samayalaaii chakriiya ghatanaako punaraawritti awalokana garera chihnita garna saknuhunchha. chakriiya ghatanaa bhaneko niyamita ruupamaa baarambaara hune kuraa ho.,timiile swath samaya bitdai gaeko samayalaaii chakriiya ghatanaako punaraawritti awalokana garera chihnita garna sakchhau. chakriiya ghatanaa bhaneko niyamita ruupamaa baarambaara hune kuraa ho.
Computers today are used to manipulate pictures and videos.,कम्प्युटरहरू आज चित्र र भिडियोहरू हेरफेर गर्न प्रयोग गरिन्छ।,कम्प्युटरहरू आज चित्र र भिडियोहरू हेरफेर गर्न प्रयोग गरिन्छ।,kampyutaraharuu aaja chitra ra bhidiyoharuu heraphera garna prayoga garinchha.,kampyutaraharuu aaja chitra ra bhidiyoharuu heraphera garna prayoga garinchha.
"Sophisticated animations can be constructed on computers, and this kind of animation is increasingly being used in television and films.","परिष्कृत एनिमेसनहरू कम्प्युटरहरूमा निर्माण गर्न सकिन्छ, र यस प्रकारको एनिमेसन टेलिभिजन र चलचित्रहरूमा बढ्दो रूपमा प्रयोग भइरहेको छ।","परिष्कृत एनिमेसनहरू कम्प्युटरहरूमा निर्माण गर्न सकिन्छ, र यस प्रकारको एनिमेसन टेलिभिजन र चलचित्रहरूमा बढ्दो रूपमा प्रयोग भइरहेको छ।","parishkrita enimesanaharuu kampyutaraharuumaa nirmaana garna sakinchha, ra yasa prakaarako enimesana telibhijana ra chalachitraharuumaa badhdo ruupamaa prayoga bhairaheko chha.","parishkrita enimesanaharuu kampyutaraharuumaa nirmaana garna sakinchha, ra yasa prakaarako enimesana telibhijana ra chalachitraharuumaa badhdo ruupamaa prayoga bhairaheko chha."
Music is often recorded using sophisticated computers to process and mix sounds together.,सङ्गीत प्रायः परिष्कृत कम्प्युटरहरू प्रयोग गरेर आवाजहरू सँगै प्रशोधन गर्न र मिसाउन रेकर्ड गरिन्छ।,सङ्गीत प्रायः परिष्कृत कम्प्युटरहरू प्रयोग गरेर आवाजहरू सँगै प्रशोधन गर्न र मिसाउन रेकर्ड गरिन्छ।,sanggiita praayh parishkrita kampyutaraharuu prayoga garera aawaajaharuu sngai prashodhana garna ra misaauna rekarda garinchha.,sanggiita praayh parishkrita kampyutaraharuu prayoga garera aawaajaharuu sngai prashodhana garna ra misaauna rekarda garinchha.
"For a long time during the nineteenth and twentieth centuries, it was believed the first inhabitants of New Zealand were the Maori people, who hunted giant birds called moas.","उन्नाइसौँ र बिसौँ शताब्दीमा लामो समयसम्म, यो विश्वास गरिएको थियो कि न्युजिल्यान्डका पहिलो बासिन्दाहरू माओरी मानिसहरू थिए, जसले मोआस भनिने विशाल चराहरूको सिकार गर्थे।","उन्नाइसौँ र बिसौँ शताब्दीमा लामो समयसम्म, यो विश्वास गरिएको थियो कि न्युजिल्यान्डका पहिलो बासिन्दाहरू माओरी मानिसहरू थिए, जसले मोआस भनिने विशाल चराहरूको सिकार गर्थे।","unnaaisaun ra bisaun shataabdiimaa laamo samayasamma, yo wishwaasa garieko thiyo ki nyujilyaandakaa pahilo baasindaaharuu maaorii maanisaharuu thie, jasale moaasa bhanine wishaala charaaharuuko sikaara garthe.","unnaaisaun ra bisaun shataabdiimaa laamo samayasamma, yo wishwaasa garieko thiyo ki nyujilyaandakaa pahilo baasindaaharuu maaorii maanisaharuu thie, jasale moaasa bhanine wishaala charaaharuuko sikaara garthe."
"The theory then established the idea that the Maori people migrated from Polynesia in a Great Fleet and took New Zealand from the Moriori, establishing an agricultural society.",यस सिद्धान्तले त्यसपछि माओरी मानिसहरू पोलिनेसियाबाट ठूलो फ्लीटमा बसाइँ सरेका थिए र मोरियोरीबाट न्युजिल्यान्ड लिएर कृषि समाज स्थापना गरे भन्ने विचार स्थापित गऱ्यो।,यस सिद्धान्तले त्यसपछि माओरी मानिसहरू पोलिनेसियाबाट ठूलो फ्लीटमा बसाइँ सरेका थिए र मोरियोरीबाट न्युजिल्यान्ड लिएर कृषि समाज स्थापना गरे भन्ने विचार स्थापित गऱ्यो।,yasa siddhaantale tyasapachhi maaorii maanisaharuu polinesiyaabaata thuulo phliitamaa basaain sarekaa thie ra moriyoriibaata nyujilyaanda liera krishi samaaja sthaapanaa gare bhanne wichaara sthaapita garyo.,yasa siddhaantale tyasapachhi maaorii maanisaharuu polinesiyaabaata thuulo phliitamaa basaain sarekaa thie ra moriyoriibaata nyujilyaanda liera krishi samaaja sthaapanaa gare bhanne wichaara sthaapita garyo.
"However, new evidence suggests that the Moriori were a group of mainland Maori who migrated from New Zealand to the Chatham Islands, developing their own distinctive, peaceful culture.","यद्यपि, नयाँ प्रमाणहरूले सुझाव दिन्छ कि मोरियोरी मुख्य भूमि माओरीको समूह थियो जो न्युजिल्यान्डबाट च्याथम टापुहरूमा बसाइँ सरेका थिए, आफ्नै विशिष्ट, शान्तिपूर्ण संस्कृतिको विकास गर्दै।","यद्यपि, नयाँ प्रमाणहरूले सुझाव दिन्छ कि मोरियोरी मुख्य भूमि माओरीको समूह थियो जो न्युजिल्यान्डबाट च्याथम टापुहरूमा बसाइँ सरेका थिए, आफ्नै विशिष्ट, शान्तिपूर्ण संस्कृतिको विकास गर्दै।","yadyapi, nayaan pramaanaharuule sujhaawa dinchha ki moriyorii mukhya bhuumi maaoriiko samuuha thiyo jo nyujilyaandabaata chyaathama taapuharuumaa basaain sarekaa thie, aaphnai wishishta, shaantipuurna snskritiko wikaasa gardai.","yadyapi, nayaan pramaanaharuule sujhaawa dinchha ki moriyorii mukhya bhuumi maaoriiko samuuha thiyo jo nyujilyaandabaata chyaathama taapuharuumaa basaain sarekaa thie, aaphnai wishishta, shaantipuurna snskritiko wikaasa gardai."
There was also another tribe on the Chatham islands these were Maori who migrated away from New Zealand.,"च्याथम टापुहरूमा अर्को जनजाति पनि थियो, यी माओरी थिए जो न्युजिल्यान्डबाट टाढा बसाइँ सरेका थिए।","च्याथम टापुहरूमा अर्को जनजाति पनि थियो, यी माओरी थिए जो न्युजिल्यान्डबाट टाढा बसाइँ सरेका थिए।","chyaathama taapuharuumaa arko janajaati pani thiyo, yii maaorii thie jo nyujilyaandabaata taadhaa basaain sarekaa thie.","chyaathama taapuharuumaa arko janajaati pani thiyo, yii maaorii thie jo nyujilyaandabaata taadhaa basaain sarekaa thie."
"They called themselves the Moriori there were a few skirmishes and in the end, the Moriori were wiped out","उनीहरूले आफूलाई मोरियोरी भनेका थिए, त्यहाँ केही झडपहरू भए र अन्त्यमा मोरियोरीको सफाया भयो।","उनीहरूले आफूलाई मोरियोरी भनेका थिए, त्यहाँ केही झडपहरू भए र अन्त्यमा मोरियोरीको सफाया भयो।","uniiharuule aaphuulaaii moriyorii bhanekaa thie, tyahaan kehii jhadapaharuu bhae ra antyamaa moriyoriiko saphaayaa bhayo.","uniiharuule aaphuulaaii moriyorii bhanekaa thie, tyahaan kehii jhadapaharuu bhae ra antyamaa moriyoriiko saphaayaa bhayo."
Individuals who had been involved for several decades helped us appreciate our strengths and passions while candidly assessing difficulties and even failures.,धेरै दशकदेखि संलग्न रहेका व्यक्तिहरूले कठिनाइहरू र असफलताहरूको पनि स्पष्ट रूपमा मूल्याङ्कन गर्दा हाम्रो शक्ति र भावनाहरूको कदर गर्न मद्दत गरे।,धेरै दशकदेखि संलग्न रहेका व्यक्तिहरूले कठिनाइहरू र असफलताहरूको पनि स्पष्ट रूपमा मूल्याङ्कन गर्दा हाम्रो शक्ति र भावनाहरूको कदर गर्न मद्दत गरे।,dherai dashakadekhi snlagna rahekaa wyaktiharuule kathinaaiharuu ra asaphalataaharuuko pani spashta ruupamaa muulyaangkana gardaa haamro shakti ra bhaawanaaharuuko kadara garna maddata gare.,dherai dashakadekhi snlagna rahekaa wyaktiharuule kathinaaiharuu ra asaphalataaharuuko pani spashta ruupamaa muulyaangkana gardaa haamro shakti ra bhaawanaaharuuko kadara garna maddata gare.
"While listening to individuals share their individual, family, and organizational stories, we gained valuable insight into the past and some of the personalities who influenced for good or ill the culture of the organization.","व्यक्तिहरूले आफ्नो व्यक्तिगत, परिवार र सङ्गठनात्मक कथाहरू साझा गर्ने कुरा सुनेर, हामीले विगत र केही व्यक्तित्वहरूको बारेमा बहुमूल्य अन्तर्दृष्टि प्राप्त गर्यौँ जसले सङ्गठनको संस्कृतिलाई राम्रो वा नराम्रोका लागि प्रभाव पारेको थियो।","व्यक्तिहरूले आफ्नो व्यक्तिगत, परिवार र सङ्गठनात्मक कथाहरू साझा गर्ने कुरा सुनेर, हामीले विगत र केही व्यक्तित्वहरूको बारेमा बहुमूल्य अन्तर्दृष्टि प्राप्त गर्यौँ जसले सङ्गठनको संस्कृतिलाई राम्रो वा नराम्रोका लागि प्रभाव पारेको थियो।","wyaktiharuule aaphno wyaktigata, pariwaara ra sanggathanaatmaka kathaaharuu saajhaa garne kuraa sunera, haamiile wigata ra kehii wyaktitwaharuuko baaremaa bahumuulya antardrishti praapta garyaun jasale sanggathanako snskritilaaii raamro waa naraamrokaa laagi prabhaawa paareko thiyo.","wyaktiharuule aaphno wyaktigata, pariwaara ra sanggathanaatmaka kathaaharuu saajhaa garne kuraa sunera, haamiile wigata ra kehii wyaktitwaharuuko baaremaa bahumuulya antardrishti praapta garyaun jasale sanggathanako snskritilaaii raamro waa naraamrokaa laagi prabhaawa paareko thiyo."
"While understanding one’s history does not assume understanding of culture, it does at least help people gain a sense of where they fall within the history of the organization.","आफ्नो इतिहास बुझ्दा संस्कृतिको बुझाई मान्दैन, यसले कम्तिमा मानिसहरूलाई संगठनको इतिहासमा कहाँ पर्छन् भन्ने बुझ्ने कुरामा मद्दत गर्छ।","आफ्नो इतिहास बुझ्दा संस्कृतिको बुझाई मान्दैन, यसले कम्तिमा मानिसहरूलाई संगठनको इतिहासमा कहाँ पर्छन् भन्ने बुझ्ने कुरामा मद्दत गर्छ।","aaphno itihaasa bujhdaa snskritiko bujhaaii maandaina, yasale kamtimaa maanisaharuulaaii sngathanako itihaasamaa kahaan parchhan bhanne bujhne kuraamaa maddata garchha.","aaphno itihaasa bujhdaa snskritiko bujhaaii maandaina, yasale kamtimaa maanisaharuulaaii sngathanako itihaasamaa kahaan parchhan bhanne bujhne kuraamaa maddata garchha."
"While assessing the successes and becoming aware of failures, individuals and the whole of the participating persons discover more deeply the values, mission, and driving forces of the organization.","सफलताहरूको मूल्याङ्कन गर्दा र असफलताहरूबारे सचेत हुँदा, व्यक्तिहरू र सम्पूर्ण सहभागी व्यक्तिहरूले सङ्गठनको मूल्य, लक्ष्य र प्रेरक शक्तिहरू अझ गहिरो रूपमा पत्ता लगाउँछन्।","सफलताहरूको मूल्याङ्कन गर्दा र असफलताहरूबारे सचेत हुँदा, व्यक्तिहरू र सम्पूर्ण सहभागी व्यक्तिहरूले सङ्गठनको मूल्य, लक्ष्य र प्रेरक शक्तिहरू अझ गहिरो रूपमा पत्ता लगाउँछन्।","saphalataaharuuko muulyaangkana gardaa ra asaphalataaharuubaare sacheta hundaa, wyaktiharuu ra sampuurna sahabhaagii wyaktiharuule sanggathanako muulya, lakshya ra preraka shaktiharuu ajha gahiro ruupamaa pattaa lagaaunchhan.","saphalataaharuuko muulyaangkana gardaa ra asaphalataaharuubaare sacheta hundaa, wyaktiharuu ra sampuurna sahabhaagii wyaktiharuule sanggathanako muulya, lakshya ra preraka shaktiharuu ajha gahiro ruupamaa pattaa lagaaunchhan."
"In this instance, recalling previous instances of entrepreneurial behavior and resulting successes helped people to be open to new changes and new direction for the local church.","यस उदाहरणमा, उद्यमी व्यवहारका अघिल्लो उदाहरणहरू र परिणामस्वरूप सफलताहरू सम्झनाले मानिसहरूलाई स्थानीय चर्चका लागि नयाँ परिवर्तनहरू र नयाँ दिशाका लागि खुला हुन मद्दत गऱ्यो।","यस उदाहरणमा, उद्यमी व्यवहारका अघिल्लो उदाहरणहरू र परिणामस्वरूप सफलताहरू सम्झनाले मानिसहरूलाई स्थानीय चर्चका लागि नयाँ परिवर्तनहरू र नयाँ दिशाका लागि खुला हुन मद्दत गऱ्यो।","yasa udaaharanamaa, udyamii wyawahaarakaa aghillo udaaharanaharuu ra parinaamaswaruupa saphalataaharuu samjhanaale maanisaharuulaaii sthaaniiya charchakaa laagi nayaan pariwartanaharuu ra nayaan dishaakaa laagi khulaa huna maddata garyo.","yasa udaaharanamaa, udyamii wyawahaarakaa aghillo udaaharanaharuu ra parinaamaswaruupa saphalataaharuu samjhanaale maanisaharuulaaii sthaaniiya charchakaa laagi nayaan pariwartanaharuu ra nayaan dishaakaa laagi khulaa huna maddata garyo."
"Such success stories lessened the fears of change, while creating positive inclinations toward change in the future.","यस्ता सफलताका कथाहरूले परिवर्तनको डरलाई कम गरे, जबकि भविष्यमा परिवर्तनतर्फ सकारात्मक झुकाव सिर्जना गरे।","यस्ता सफलताका कथाहरूले परिवर्तनको डरलाई कम गरे, जबकि भविष्यमा परिवर्तनतर्फ सकारात्मक झुकाव सिर्जना गरे।","yastaa saphalataakaa kathaaharuule pariwartanako daralaaii kama gare, jabaki bhawishyamaa pariwartanatarpha sakaaraatmaka jhukaawa sirjanaa gare.","yastaa saphalataakaa kathaaharuule pariwartanako daralaaii kama gare, jabaki bhawishyamaa pariwartanatarpha sakaaraatmaka jhukaawa sirjanaa gare."
Convergent thinking patterns are problem solving techniques that unite different ideas or fields to find a solution.,अभिसारी सोच ढाँचा समस्या समाधान गर्ने प्रविधिहरू हुन् जसले समाधान खोज्न विभिन्न विचारहरू वा क्षेत्रहरूलाई एकताबद्ध गर्दछ।,अभिसारी सोच ढाँचा समस्या समाधान गर्ने प्रविधिहरू हुन् जसले समाधान खोज्न विभिन्न विचारहरू वा क्षेत्रहरूलाई एकताबद्ध गर्दछ।,abhisaarii socha dhaanchaa samasyaa samaadhaana garne prawidhiharuu hun jasale samaadhaana khojna wibhinna wichaaraharuu waa kshetraharuulaaii ekataabaddha gardachha.,abhisaarii socha dhaanchaa samasyaa samaadhaana garne prawidhiharuu hun jasale samaadhaana khojna wibhinna wichaaraharuu waa kshetraharuulaaii ekataabaddha gardachha.
"The focus of this mindset is speed, logic and accuracy, also identification of facts, reapplying existing techniques, gathering information.","यस मानसिकताको केन्द्र गति, तर्क र शुद्धता हो, तथ्यहरूको पहिचान पनि, अवस्थित प्रविधिहरूको पुनः प्रयोग, जानकारी सङ्कलन।","यस मानसिकताको केन्द्र गति, तर्क र शुद्धता हो, तथ्यहरूको पहिचान पनि, अवस्थित प्रविधिहरूको पुनः प्रयोग, जानकारी सङ्कलन।","yasa maanasikataako kendra gati, tarka ra shuddhataa ho, tathyaharuuko pahichaana pani, awasthita prawidhiharuuko punh prayoga, jaanakaarii sangkalana.","yasa maanasikataako kendra gati, tarka ra shuddhataa ho, tathyaharuuko pahichaana pani, awasthita prawidhiharuuko punh prayoga, jaanakaarii sangkalana."
"The most important factor of this mindset is: there is only one correct answer. You only think of two answers, namely right or wrong.","यस मानसिकताको सबैभन्दा महत्त्वपूर्ण कारक होः त्यहाँ केवल एउटा सही उत्तर छ। तपाईँ केवल दुई उत्तरहरू सोच्नुहुन्छ, अर्थात् सही वा गलत।","यस मानसिकताको सबैभन्दा महत्त्वपूर्ण कारक होः त्यहाँ केवल एउटा सही उत्तर छ। तिमी केवल दुई उत्तरहरू सोच्नुहुन्छ, अर्थात् सही वा गलत।","yasa maanasikataako sabaibhandaa mahattwapuurna kaaraka hoh tyahaan kewala eutaa sahii uttara chha. tapaaiin kewala duii uttaraharuu sochnuhunchha, arthaat sahii waa galata.","yasa maanasikataako sabaibhandaa mahattwapuurna kaaraka hoh tyahaan kewala eutaa sahii uttara chha. timii kewala duii uttaraharuu sochnuhunchha, arthaat sahii waa galata."
This type of thinking is associated with certain science or standard procedures.,यस प्रकारको सोच निश्चित विज्ञान वा मानक प्रक्रियाहरूसँग सम्बन्धित छ।,यस प्रकारको सोच निश्चित विज्ञान वा मानक प्रक्रियाहरूसँग सम्बन्धित छ।,yasa prakaarako socha nishchita wijnyaana waa maanaka prakriyaaharuusnga sambandhita chha.,yasa prakaarako socha nishchita wijnyaana waa maanaka prakriyaaharuusnga sambandhita chha.
"People with this type of thinking have logical thinking, are able to memorize patterns, solve problems and work on scientific tests.","यस प्रकारको सोच भएका व्यक्तिहरूमा तार्किक सोच हुन्छ, ढाँचाहरू सम्झन, समस्याहरू समाधान गर्न र वैज्ञानिक परीक्षणहरूमा काम गर्न सक्षम हुन्छन्।","यस प्रकारको सोच भएका व्यक्तिहरूमा तार्किक सोच हुन्छ, ढाँचाहरू सम्झन, समस्याहरू समाधान गर्न र वैज्ञानिक परीक्षणहरूमा काम गर्न सक्षम हुन्छन्।","yasa prakaarako socha bhaekaa wyaktiharuumaa taarkika socha hunchha, dhaanchaaharuu samjhana, samasyaaharuu samaadhaana garna ra waijnyaanika pariikshanaharuumaa kaama garna sakshama hunchhan.","yasa prakaarako socha bhaekaa wyaktiharuumaa taarkika socha hunchha, dhaanchaaharuu samjhana, samasyaaharuu samaadhaana garna ra waijnyaanika pariikshanaharuumaa kaama garna sakshama hunchhan."
Humans are by far the most talented species in reading the minds of others.,अरूको मन पढ्नमा मानिस सबैभन्दा प्रतिभाशाली प्रजाति हो।,अरूको मन पढ्नमा मानिस सबैभन्दा प्रतिभाशाली प्रजाति हो।,aruuko mana padhnamaa maanisa sabaibhandaa pratibhaashaalii prajaati ho.,aruuko mana padhnamaa maanisa sabaibhandaa pratibhaashaalii prajaati ho.
"That means we are able to successfully predict what other humans perceive, intend, believe, know or desire.","यसको अर्थ हामी अन्य मानिसहरूले के बुझ्छन्, के बुझ्छन्, के बुझ्छन्, के बुझ्छन्, के बुझ्छन्, के जान्दछन् वा के चाहन्छन् भन्नेबारे सफलतापूर्वक भविष्यवाणी गर्न सक्षम छौं।","यसको अर्थ हामी अन्य मानिसहरूले के बुझ्छन्, के बुझ्छन्, के बुझ्छन्, के बुझ्छन्, के बुझ्छन्, के जान्दछन् वा के चाहन्छन् भन्नेबारे सफलतापूर्वक भविष्यवाणी गर्न सक्षम छौं।","yasako artha haamii anya maanisaharuule ke bujhchhan, ke bujhchhan, ke bujhchhan, ke bujhchhan, ke bujhchhan, ke jaandachhan waa ke chaahanchhan bhannebaare saphalataapuurwaka bhawishyawaanii garna sakshama chhaun.","yasako artha haamii anya maanisaharuule ke bujhchhan, ke bujhchhan, ke bujhchhan, ke bujhchhan, ke bujhchhan, ke jaandachhan waa ke chaahanchhan bhannebaare saphalataapuurwaka bhawishyawaanii garna sakshama chhaun."
"Among these abilities, understanding the intention of others is crucial. It allows us to resolve possible ambiguities of physical actions.","यी क्षमताहरूमध्ये, अरूको उद्देश्य बुझ्नु महत्त्वपूर्ण छ। यसले हामीलाई शारीरिक कार्यहरूको सम्भावित अस्पष्टताहरू समाधान गर्न अनुमति दिन्छ।","यी क्षमताहरूमध्ये, अरूको उद्देश्य बुझ्नु महत्त्वपूर्ण छ। यसले हामीलाई शारीरिक कार्यहरूको सम्भावित अस्पष्टताहरू समाधान गर्न अनुमति दिन्छ।","yii kshamataaharuumadhye, aruuko uddeshya bujhnu mahattwapuurna chha. yasale haamiilaaii shaariirika kaaryaharuuko sambhaawita aspashtataaharuu samaadhaana garna anumati dinchha.","yii kshamataaharuumadhye, aruuko uddeshya bujhnu mahattwapuurna chha. yasale haamiilaaii shaariirika kaaryaharuuko sambhaawita aspashtataaharuu samaadhaana garna anumati dinchha."
"For example, if you were to see someone breaking a car window, you would probably assume he was trying to steal a stranger’s car.","उदाहरणका लागि, यदि तपाईँले कसैलाई कारको झ्याल तोडेको देख्नुभयो भने, तपाईँले सम्भवतः ऊ अपरिचितको कार चोर्न खोजिरहेको थियो भन्ने अनुमान गर्नुहुनेछ।","उदाहरणका लागि, यदि तिमीले कसैलाई कारको झ्याल तोडेको देख्नुभयो भने, तिमीले सम्भवतः ऊ अपरिचितको कार चोर्न खोजिरहेको थियो भन्ने अनुमान गर्नुहुनेछ।","udaaharanakaa laagi, yadi tapaaiinle kasailaaii kaarako jhyaala todeko dekhnubhayo bhane, tapaaiinle sambhawath uu aparichitako kaara chorna khojiraheko thiyo bhanne anumaana garnuhunechha.","udaaharanakaa laagi, yadi timiile kasailaaii kaarako jhyaala todeko dekhnubhayo bhane, timiile sambhawath uu aparichitako kaara chorna khojiraheko thiyo bhanne anumaana garnuhunechha."
He would need to be judged differently if he had lost his car keys and it was his own car that he was trying to break into.,यदि उसले आफ्नो कारको चाबी गुमाएको थियो र यो उसको आफ्नै कार थियो जसमा उसले प्रवेश गर्न खोजिरहेको थियो भने उसलाई फरक तरिकाले न्याय गर्न आवश्यक थियो।,यदि उसले आफ्नो कारको चाबी गुमाएको थियो र यो उसको आफ्नै कार थियो जसमा उसले प्रवेश गर्न खोजिरहेको थियो भने उसलाई फरक तरिकाले न्याय गर्न आवश्यक थियो।,yadi usale aaphno kaarako chaabii gumaaeko thiyo ra yo usako aaphnai kaara thiyo jasamaa usale prawesha garna khojiraheko thiyo bhane usalaaii pharaka tarikaale nyaaya garna aawashyaka thiyo.,yadi usale aaphno kaarako chaabii gumaaeko thiyo ra yo usako aaphnai kaara thiyo jasamaa usale prawesha garna khojiraheko thiyo bhane usalaaii pharaka tarikaale nyaaya garna aawashyaka thiyo.
"MRI is based on a physics phenomenon called nuclear magnetic resonance (NMR), which was discovered in the 1930s by Felix Bloch (working at Stanford University) and Edward Purcell (from Harvard University).","एमआरआई आणविक चुम्बकीय अनुनाद (एनएमआर) नामक भौतिक विज्ञानको घटनामा आधारित छ, जुन 1930 को दशकमा फेलिक्स ब्लोच (स्ट्यानफोर्ड विश्वविद्यालयमा काम गर्ने) र एडवर्ड पर्सेल (हार्वर्ड विश्वविद्यालयबाट) द्वारा पत्ता लगाइएको थियो।","एमआरआई आणविक चुम्बकीय अनुनाद (एनएमआर) नामक भौतिक विज्ञानको घटनामा आधारित छ, जुन 1930 को दशकमा फेलिक्स ब्लोच (स्ट्यानफोर्ड विश्वविद्यालयमा काम गर्ने) र एडवर्ड पर्सेल (हार्वर्ड विश्वविद्यालयबाट) द्वारा पत्ता लगाइएको थियो।","emaaaraaaii aanawika chumbakiiya anunaada (enaemaaara) naamaka bhautika wijnyaanako ghatanaamaa aadhaarita chha, juna 1930 ko dashakamaa pheliksa blocha (styaanaphorda wishwawidyaalayamaa kaama garne) ra edawarda parsela (haarwarda wishwawidyaalayabaata) dwaaraa pattaa lagaaieko thiyo.","emaaaraaaii aanawika chumbakiiya anunaada (enaemaaara) naamaka bhautika wijnyaanako ghatanaamaa aadhaarita chha, juna 1930 ko dashakamaa pheliksa blocha (styaanaphorda wishwawidyaalayamaa kaama garne) ra edawarda parsela (haarwarda wishwawidyaalayabaata) dwaaraa pattaa lagaaieko thiyo."
"In this resonance, magnetic field and radio waves cause atoms to give off tiny radio signals.","यस अनुनादमा, चुम्बकीय क्षेत्र र रेडियो तरंगहरूले परमाणुहरूले साना रेडियो सङ्केतहरू छोड्छन्।","यस अनुनादमा, चुम्बकीय क्षेत्र र रेडियो तरंगहरूले परमाणुहरूले साना रेडियो सङ्केतहरू छोड्छन्।","yasa anunaadamaa, chumbakiiya kshetra ra rediyo tarngaharuule paramaanuharuule saanaa rediyo sangketaharuu chhodchhan.","yasa anunaadamaa, chumbakiiya kshetra ra rediyo tarngaharuule paramaanuharuule saanaa rediyo sangketaharuu chhodchhan."
"In the year 1970, Raymond Damadian, a medical doctor and research scientist, discovered the basis for using magnetic resonance imaging as a tool for medical diagnosis.","सन् 1970 मा, मेडिकल डाक्टर र अनुसन्धान वैज्ञानिक रेमण्ड डमाडियनले मेडिकल निदानका लागि उपकरणको रूपमा चुम्बकीय अनुनाद इमेजिङ प्रयोग गर्ने आधार पत्ता लगाए।","सन् 1970 मा, मेडिकल डाक्टर र अनुसन्धान वैज्ञानिक रेमण्ड डमाडियनले मेडिकल निदानका लागि उपकरणको रूपमा चुम्बकीय अनुनाद इमेजिङ प्रयोग गर्ने आधार पत्ता लगाए।","san 1970 maa, medikala daaktara ra anusandhaana waijnyaanika remanda damaadiyanale medikala nidaanakaa laagi upakaranako ruupamaa chumbakiiya anunaada imejinga prayoga garne aadhaara pattaa lagaae.","san 1970 maa, medikala daaktara ra anusandhaana waijnyaanika remanda damaadiyanale medikala nidaanakaa laagi upakaranako ruupamaa chumbakiiya anunaada imejinga prayoga garne aadhaara pattaa lagaae."
"Four years later a patent was granted, which was the world's first patent issued in the field of MRI.","चार वर्षपछि एउटा पेटेन्ट प्रदान गरियो, जुन एमआरआईको क्षेत्रमा जारी गरिएको विश्वको पहिलो पेटेन्ट थियो।","चार वर्षपछि एउटा पेटेन्ट प्रदान गरियो, जुन एमआरआईको क्षेत्रमा जारी गरिएको विश्वको पहिलो पेटेन्ट थियो।","chaara warshapachhi eutaa petenta pradaana gariyo, juna emaaaraaaiiko kshetramaa jaarii garieko wishwako pahilo petenta thiyo.","chaara warshapachhi eutaa petenta pradaana gariyo, juna emaaaraaaiiko kshetramaa jaarii garieko wishwako pahilo petenta thiyo."
"In 1977, Dr. Damadian completed the construction of the first “whole-body” MRI scanner, which he called the ”Indomitable”.","सन् 1977 मा डा. दमाडियनले पहिलो ""सम्पूर्ण शरीर"" एमआरआई स्क्यानरको निर्माण पूरा गरे, जसलाई उनले ""अदम्य"" भने।","सन् 1977 मा डा. दमाडियनले पहिलो ""सम्पूर्ण शरीर"" एमआरआई स्क्यानरको निर्माण पूरा गरे, जसलाई उनले ""अदम्य"" भने।","san 1977 maa daa. damaadiyanale pahilo ""sampuurna shariira"" emaaaraaaii skyaanarako nirmaana puuraa gare, jasalaaii unale ""adamya"" bhane.","san 1977 maa daa. damaadiyanale pahilo ""sampuurna shariira"" emaaaraaaii skyaanarako nirmaana puuraa gare, jasalaaii unale ""adamya"" bhane."
Asynchronous communication encourages time for reflection and reaction to others.,एसिंक्रोनस सञ्चारले अरूलाई प्रतिबिम्बित गर्न र प्रतिक्रियाका लागि समयलाई प्रोत्साहित गर्दछ।,एसिंक्रोनस सञ्चारले अरूलाई प्रतिबिम्बित गर्न र प्रतिक्रियाका लागि समयलाई प्रोत्साहित गर्दछ।,esinkronasa sanychaarale aruulaaii pratibimbita garna ra pratikriyaakaa laagi samayalaaii protsaahita gardachha.,esinkronasa sanychaarale aruulaaii pratibimbita garna ra pratikriyaakaa laagi samayalaaii protsaahita gardachha.
It allows students the ability to work at their own pace and control the pace of instructional information.,यसले विद्यार्थीहरूलाई आफ्नै गतिमा काम गर्ने र निर्देशात्मक जानकारीको गति नियन्त्रण गर्ने क्षमतालाई अनुमति दिन्छ।,यसले विद्यार्थीहरूलाई आफ्नै गतिमा काम गर्ने र निर्देशात्मक जानकारीको गति नियन्त्रण गर्ने क्षमतालाई अनुमति दिन्छ।,yasale widyaarthiiharuulaaii aaphnai gatimaa kaama garne ra nirdeshaatmaka jaanakaariiko gati niyantrana garne kshamataalaaii anumati dinchha.,yasale widyaarthiiharuulaaii aaphnai gatimaa kaama garne ra nirdeshaatmaka jaanakaariiko gati niyantrana garne kshamataalaaii anumati dinchha.
"In addition, there are fewer time restrictions with the possibility of flexible working hours. (Bremer, 1998)","थप रूपमा, लचिलो काम गर्ने घण्टाको सम्भावनाका साथ कम समय प्रतिबन्धहरू छन् (ब्रेमर, 1998)।","थप रूपमा, लचिलो काम गर्ने घण्टाको सम्भावनाका साथ कम समय प्रतिबन्धहरू छन् (ब्रेमर, 1998)।","thapa ruupamaa, lachilo kaama garne ghantaako sambhaawanaakaa saatha kama samaya pratibandhaharuu chhan (bremara, 1998).","thapa ruupamaa, lachilo kaama garne ghantaako sambhaawanaakaa saatha kama samaya pratibandhaharuu chhan (bremara, 1998)."
The use of the Internet and the World Wide Web allows learners to have access to information at all times.,इन्टरनेट र वर्ल्ड वाइड वेबको प्रयोगले विद्यार्थीहरूलाई सबै समयमा जानकारीमा पहुँच गर्न अनुमति दिन्छ।,इन्टरनेट र वर्ल्ड वाइड वेबको प्रयोगले विद्यार्थीहरूलाई सबै समयमा जानकारीमा पहुँच गर्न अनुमति दिन्छ।,intaraneta ra warlda waaida webako prayogale widyaarthiiharuulaaii sabai samayamaa jaanakaariimaa pahuncha garna anumati dinchha.,intaraneta ra warlda waaida webako prayogale widyaarthiiharuulaaii sabai samayamaa jaanakaariimaa pahuncha garna anumati dinchha.
"Students can also submit questions to instructors at any time of day and expect reasonably quick responses, rather than waiting until the next face-to-face meeting.",विद्यार्थीहरूले दिनको कुनै पनि समयमा प्रशिक्षकहरूलाई प्रश्नहरू पेस गर्न सक्छन् र अर्को आमनेसामने बैठकसम्म पर्खनु भन्दा उचित द्रुत प्रतिक्रियाहरूको अपेक्षा गर्न सक्छन्।,विद्यार्थीहरूले दिनको कुनै पनि समयमा प्रशिक्षकहरूलाई प्रश्नहरू पेस गर्न सक्छन् र अर्को आमनेसामने बैठकसम्म पर्खनु भन्दा उचित द्रुत प्रतिक्रियाहरूको अपेक्षा गर्न सक्छन्।,widyaarthiiharuule dinako kunai pani samayamaa prashikshakaharuulaaii prashnaharuu pesa garna sakchhan ra arko aamanesaamane baithakasamma parkhanu bhandaa uchita druta pratikriyaaharuuko apekshaa garna sakchhan.,widyaarthiiharuule dinako kunai pani samayamaa prashikshakaharuulaaii prashnaharuu pesa garna sakchhan ra arko aamanesaamane baithakasamma parkhanu bhandaa uchita druta pratikriyaaharuuko apekshaa garna sakchhan.
The postmodern approach to learning offers the freedom from absolutes. There is no one good way to learn.,सिकाइका लागि उत्तरआधुनिक दृष्टिकोणले निरपेक्षहरूबाट स्वतन्त्रता प्रदान गर्दछ। सिक्ने कुनै राम्रो तरिका छैन।,सिकाइका लागि उत्तरआधुनिक दृष्टिकोणले निरपेक्षहरूबाट स्वतन्त्रता प्रदान गर्दछ। सिक्ने कुनै राम्रो तरिका छैन।,sikaaikaa laagi uttaraaadhunika drishtikonale nirapekshaharuubaata swatantrataa pradaana gardachha. sikne kunai raamro tarikaa chhaina.,sikaaikaa laagi uttaraaadhunika drishtikonale nirapekshaharuubaata swatantrataa pradaana gardachha. sikne kunai raamro tarikaa chhaina.
"Our current experience with all the do-it-yourself and information presenting, learning-based television shows illustrates this point.","सबै डु-इट-योरसेल्फ र सूचना प्रस्तुत गर्ने, सिकाइमा आधारित टेलिभिजन कार्यक्रमहरूसँगको हाम्रो हालको अनुभवले यो बिन्दुलाई स्पष्ट पार्छ।","सबै डु-इट-योरसेल्फ र सूचना प्रस्तुत गर्ने, सिकाइमा आधारित टेलिभिजन कार्यक्रमहरूसँगको हाम्रो हालको अनुभवले यो बिन्दुलाई स्पष्ट पार्छ।","sabai du-ita-yoraselpha ra suuchanaa prastuta garne, sikaaimaa aadhaarita telibhijana kaaryakramaharuusngako haamro haalako anubhawale yo bindulaaii spashta paarchha.","sabai du-ita-yoraselpha ra suuchanaa prastuta garne, sikaaimaa aadhaarita telibhijana kaaryakramaharuusngako haamro haalako anubhawale yo bindulaaii spashta paarchha."
So many of us find ourselves watching a television show that informs us of a process or experience in which we will never participate or apply that knowledge.,हामीमध्ये धेरैले आफूलाई टेलिभिजन कार्यक्रम हेर्दै भेट्टाउँछौं जसले हामीलाई प्रक्रिया वा अनुभवको बारेमा सूचित गर्दछ जसमा हामी कहिल्यै भाग लिने छैनौँ वा त्यो ज्ञान लागू गर्दैनौँ।,हामीमध्ये धेरैले आफूलाई टेलिभिजन कार्यक्रम हेर्दै भेट्टाउँछौं जसले हामीलाई प्रक्रिया वा अनुभवको बारेमा सूचित गर्दछ जसमा हामी कहिल्यै भाग लिने छैनौँ वा त्यो ज्ञान लागू गर्दैनौँ।,haamiimadhye dheraile aaphuulaaii telibhijana kaaryakrama herdai bhettaaunchhaun jasale haamiilaaii prakriyaa waa anubhawako baaremaa suuchita gardachha jasamaa haamii kahilyai bhaaga line chhainaun waa tyo jnyaana laaguu gardainaun.,haamiimadhye dheraile aaphuulaaii telibhijana kaaryakrama herdai bhettaaunchhaun jasale haamiilaaii prakriyaa waa anubhawako baaremaa suuchita gardachha jasamaa haamii kahilyai bhaaga line chhainaun waa tyo jnyaana laaguu gardainaun.
"We will never overhaul a car, build a fountain in our backyard, travel to Peru to examine ancient ruins, or remodel our neighbour's house.","हामी कहिल्यै कारको मर्मत गर्ने छैनौँ, हाम्रो आँगनमा फोहरा निर्माण गर्ने छैनौँ, प्राचीन भग्नावशेषहरू जाँच्न पेरू जाने छैनौँ, वा हाम्रो छिमेकीको घरको पुनर्निर्माण गर्ने छैनौँ।","हामी कहिल्यै कारको मर्मत गर्ने छैनौँ, हाम्रो आँगनमा फोहरा निर्माण गर्ने छैनौँ, प्राचीन भग्नावशेषहरू जाँच्न पेरू जाने छैनौँ, वा हाम्रो छिमेकीको घरको पुनर्निर्माण गर्ने छैनौँ।","haamii kahilyai kaarako marmata garne chhainaun, haamro aanganamaa phoharaa nirmaana garne chhainaun, praachiina bhagnaawasheshaharuu jaanchna peruu jaane chhainaun, waa haamro chhimekiiko gharako punarnirmaana garne chhainaun.","haamii kahilyai kaarako marmata garne chhainaun, haamro aanganamaa phoharaa nirmaana garne chhainaun, praachiina bhagnaawasheshaharuu jaanchna peruu jaane chhainaun, waa haamro chhimekiiko gharako punarnirmaana garne chhainaun."
"Thanks to undersea fiber optic cable links to Europe and broadband satellite, Greenland is well connected with 93% of the population having internet access.","युरोप र ब्रोडब्यान्ड उपग्रहमा समुद्रमुनि फाइबर अप्टिक केबल लिङ्कहरूका लागि धन्यवाद, ग्रीनल्याण्ड इन्टरनेट पहुँच भएको 93 प्रतिशत जनसङ्ख्यासँग राम्रोसँग जोडिएको छ।","युरोप र ब्रोडब्यान्ड उपग्रहमा समुद्रमुनि फाइबर अप्टिक केबल लिङ्कहरूका लागि धन्यवाद, ग्रीनल्याण्ड इन्टरनेट पहुँच भएको 93 प्रतिशत जनसङ्ख्यासँग राम्रोसँग जोडिएको छ।","yuropa ra brodabyaanda upagrahamaa samudramuni phaaibara aptika kebala lingkaharuukaa laagi dhanyawaada, griinalyaanda intaraneta pahuncha bhaeko 93 pratishata janasangkhyaasnga raamrosnga jodieko chha.","yuropa ra brodabyaanda upagrahamaa samudramuni phaaibara aptika kebala lingkaharuukaa laagi dhanyawaada, griinalyaanda intaraneta pahuncha bhaeko 93 pratishata janasangkhyaasnga raamrosnga jodieko chha."
"Your hotel or hosts (if staying in a guesthouse or private home) will likely have wifi or an internet connected PC, and all settlements have an internet cafe or some location with public wifi.","तपाईँको होटल वा होस्टहरू (यदि अतिथिगृह वा निजी घरमा बस्छन् भने) मा सम्भवतः वाइफाइ वा इन्टरनेट जडान गरिएको पीसी हुनेछ, र सबै बस्तीहरूमा इन्टरनेट क्याफे वा सार्वजनिक वाइफाइको साथ कुनै स्थान हुनेछ।","तिमीको होटल वा होस्टहरू (यदि अतिथिगृह वा निजी घरमा बस्छन् भने) मा सम्भवतः वाइफाइ वा इन्टरनेट जडान गरिएको पीसी हुनेछ, र सबै बस्तीहरूमा इन्टरनेट क्याफे वा सार्वजनिक वाइफाइको साथ कुनै स्थान हुनेछ।","tapaaiinko hotala waa hostaharuu (yadi atithigriha waa nijii gharamaa baschhan bhane) maa sambhawath waaiphaai waa intaraneta jadaana garieko piisii hunechha, ra sabai bastiiharuumaa intaraneta kyaaphe waa saarwajanika waaiphaaiko saatha kunai sthaana hunechha.","timiiko hotala waa hostaharuu (yadi atithigriha waa nijii gharamaa baschhan bhane) maa sambhawath waaiphaai waa intaraneta jadaana garieko piisii hunechha, ra sabai bastiiharuumaa intaraneta kyaaphe waa saarwajanika waaiphaaiko saatha kunai sthaana hunechha."
"While you may hear the word used by Greenlandic Natives, its use should be avoided by foreigners.","जबकि तपाईँले ग्रिनल्यान्डका मूल निवासीहरूले प्रयोग गरेको शब्द सुन्न सक्नुहुन्छ, यसको प्रयोग विदेशीहरूले बेवास्ता गर्नुपर्छ।","जबकि तिमीले ग्रिनल्यान्डका मूल निवासीहरूले प्रयोग गरेको शब्द सुन्न सक्छौ, यसको प्रयोग विदेशीहरूले बेवास्ता गर्नुपर्छ।","jabaki tapaaiinle grinalyaandakaa muula niwaasiiharuule prayoga gareko shabda sunna saknuhunchha, yasako prayoga wideshiiharuule bewaastaa garnuparchha.","jabaki timiile grinalyaandakaa muula niwaasiiharuule prayoga gareko shabda sunna sakchhau, yasako prayoga wideshiiharuule bewaastaa garnuparchha."
"The native inhabitants of Greenland call themselves Inuit in Canada and Kalaalleq (plural Kalaallit), a Greenlander, in Greenland.","ग्रिनल्यान्डका मूल निवासीहरूले आफूलाई क्यानाडामा इनुइट र ग्रिनल्यान्डमा कलालेक (बहुवचन कलालिट), एक ग्रिनल्यान्डर भन्छन्।","ग्रिनल्यान्डका मूल निवासीहरूले आफूलाई क्यानाडामा इनुइट र ग्रिनल्यान्डमा कलालेक (बहुवचन कलालिट), एक ग्रिनल्यान्डर भन्छन्।","grinalyaandakaa muula niwaasiiharuule aaphuulaaii kyaanaadaamaa inuita ra grinalyaandamaa kalaaleka (bahuwachana kalaalita), eka grinalyaandara bhanchhan.","grinalyaandakaa muula niwaasiiharuule aaphuulaaii kyaanaadaamaa inuita ra grinalyaandamaa kalaaleka (bahuwachana kalaalita), eka grinalyaandara bhanchhan."
"Crime, and ill-will toward foreigners in general, is virtually unknown in Greenland. Even in the towns, there are no ""rough areas.""","अपराध, र सामान्यतया विदेशीहरूप्रतिको दुर्भावना, ग्रिनल्याण्डमा लगभग अज्ञात छ। सहरहरूमा पनि, त्यहाँ कुनै ""दुर्गम क्षेत्रहरू"" छैनन्।","अपराध, र सामान्यतया विदेशीहरूप्रतिको दुर्भावना, ग्रिनल्याण्डमा लगभग अज्ञात छ। सहरहरूमा पनि, त्यहाँ कुनै ""दुर्गम क्षेत्रहरू"" छैनन्।","aparaadha, ra saamaanyatayaa wideshiiharuupratiko durbhaawanaa, grinalyaandamaa lagabhaga ajnyaata chha. saharaharuumaa pani, tyahaan kunai ""durgama kshetraharuu"" chhainan.","aparaadha, ra saamaanyatayaa wideshiiharuupratiko durbhaawanaa, grinalyaandamaa lagabhaga ajnyaata chha. saharaharuumaa pani, tyahaan kunai ""durgama kshetraharuu"" chhainan."
Cold weather is perhaps the only real danger the unprepared will face.,चिसो मौसम सायद एक मात्र वास्तविक खतरा हो जुन तयारी नभएका मानिसहरूले सामना गर्नेछन्।,चिसो मौसम सायद एक मात्र वास्तविक खतरा हो जुन तयारी नभएका मानिसहरूले सामना गर्नेछन्।,chiso mausama saayada eka maatra waastawika khataraa ho juna tayaarii nabhaekaa maanisaharuule saamanaa garnechhan.,chiso mausama saayada eka maatra waastawika khataraa ho juna tayaarii nabhaekaa maanisaharuule saamanaa garnechhan.
"If you visit Greenland during cold seasons (considering that the further north you go, the colder it will be), it is essential to bring warm enough clothing.","यदि तपाईँ चिसो मौसममा ग्रिनल्याण्ड जानुहुन्छ भने (तपाईँ जति उत्तरमा जानुहुन्छ, त्यति चिसो हुनेछ भन्ने विचार गर्दै), पर्याप्त तातो कपडा ल्याउनु आवश्यक छ।","यदि तिमी चिसो मौसममा ग्रिनल्याण्ड जानुहुन्छ भने (तिमी जति उत्तरमा जानुहुन्छ, त्यति चिसो हुनेछ भन्ने विचार गर्दै), पर्याप्त तातो कपडा ल्याउनु आवश्यक छ।","yadi tapaaiin chiso mausamamaa grinalyaanda jaanuhunchha bhane (tapaaiin jati uttaramaa jaanuhunchha, tyati chiso hunechha bhanne wichaara gardai), paryaapta taato kapadaa lyaaunu aawashyaka chha.","yadi timii chiso mausamamaa grinalyaanda jaanuhunchha bhane (timii jati uttaramaa jaanuhunchha, tyati chiso hunechha bhanne wichaara gardai), paryaapta taato kapadaa lyaaunu aawashyaka chha."
The very long days in the summer can lead to problems getting sufficient sleep and associated health issues.,गर्मीमा धेरै लामो दिनहरूले पर्याप्त निद्रा र सम्बन्धित स्वास्थ्य समस्याहरू निम्त्याउन सक्छ।,गर्मीमा धेरै लामो दिनहरूले पर्याप्त निद्रा र सम्बन्धित स्वास्थ्य समस्याहरू निम्त्याउन सक्छ।,garmiimaa dherai laamo dinaharuule paryaapta nidraa ra sambandhita swaasthya samasyaaharuu nimtyaauna sakchha.,garmiimaa dherai laamo dinaharuule paryaapta nidraa ra sambandhita swaasthya samasyaaharuu nimtyaauna sakchha.
"During the summer, also watch out for the Nordic mosquitoes. Although they do not transmit any diseases, they can be irritating.","गर्मीको समयमा नर्डिक लामखुट्टेहरूका लागि पनि सावधान रहनुहोस्। यद्यपि तिनीहरूले कुनै रोग फैलाउँदैनन्, तिनीहरू रिसाउने हुन सक्छन्।","गर्मीको समयमा नर्डिक लामखुट्टेहरूका लागि पनि सावधान रहनुहोस्। यद्यपि तिनीहरूले कुनै रोग फैलाउँदैनन्, तिनीहरू रिसाउने हुन सक्छन्।","garmiiko samayamaa nardika laamakhutteharuukaa laagi pani saawadhaana rahanuhos. yadyapi tiniiharuule kunai roga phailaaundainan, tiniiharuu risaaune huna sakchhan.","garmiiko samayamaa nardika laamakhutteharuukaa laagi pani saawadhaana rahanuhos. yadyapi tiniiharuule kunai roga phailaaundainan, tiniiharuu risaaune huna sakchhan."
"While San Francisco's economy is linked to it being a world-class tourist attraction, its economy is diversified.","सान फ्रान्सिस्कोको अर्थतन्त्र विश्वस्तरीय पर्यटक आकर्षणका रूपमा जोडिएको छ, यसको अर्थतन्त्र विविधीकृत छ।","सान फ्रान्सिस्कोको अर्थतन्त्र विश्वस्तरीय पर्यटक आकर्षणका रूपमा जोडिएको छ, यसको अर्थतन्त्र विविधीकृत छ।","saana phraansiskoko arthatantra wishwastariiya paryataka aakarshanakaa ruupamaa jodieko chha, yasako arthatantra wiwidhiikrita chha.","saana phraansiskoko arthatantra wishwastariiya paryataka aakarshanakaa ruupamaa jodieko chha, yasako arthatantra wiwidhiikrita chha."
"The largest employment sectors are professional services, government, finance, trade, and tourism.","सबैभन्दा ठुलो रोजगारी क्षेत्रहरू व्यावसायिक सेवा, सरकार, वित्त, व्यापार र पर्यटन हुन्।","सबैभन्दा ठुलो रोजगारी क्षेत्रहरू व्यावसायिक सेवा, सरकार, वित्त, व्यापार र पर्यटन हुन्।","sabaibhandaa thulo rojagaarii kshetraharuu wyaawasaayika sewaa, sarakaara, witta, wyaapaara ra paryatana hun.","sabaibhandaa thulo rojagaarii kshetraharuu wyaawasaayika sewaa, sarakaara, witta, wyaapaara ra paryatana hun."
"Its frequent portrayal in music, films, literature and popular culture has helped make the city and its landmarks known throughout the world.","सङ्गीत, चलचित्र, साहित्य र लोकप्रिय संस्कृतिमा यसको बारम्बार चित्रणले सहर र यसका स्थलचिह्नहरूलाई विश्वभरि परिचित बनाउन मद्दत गरेको छ।","सङ्गीत, चलचित्र, साहित्य र लोकप्रिय संस्कृतिमा यसको बारम्बार चित्रणले सहर र यसका स्थलचिह्नहरूलाई विश्वभरि परिचित बनाउन मद्दत गरेको छ।","sanggiita, chalachitra, saahitya ra lokapriya snskritimaa yasako baarambaara chitranale sahara ra yasakaa sthalachihnaharuulaaii wishwabhari parichita banaauna maddata gareko chha.","sanggiita, chalachitra, saahitya ra lokapriya snskritimaa yasako baarambaara chitranale sahara ra yasakaa sthalachihnaharuulaaii wishwabhari parichita banaauna maddata gareko chha."
"San Francisco has developed a large tourist infrastructure with numerous hotels, restaurants, and top-notch convention facilities.","सान फ्रान्सिस्कोले धेरै होटल, रेस्टुरेन्ट र शीर्ष सम्मेलन सुविधाहरूसहित ठुलो पर्यटक पूर्वाधार विकास गरेको छ।","सान फ्रान्सिस्कोले धेरै होटल, रेस्टुरेन्ट र शीर्ष सम्मेलन सुविधाहरूसहित ठुलो पर्यटक पूर्वाधार विकास गरेको छ।","saana phraansiskole dherai hotala, resturenta ra shiirsha sammelana suwidhaaharuusahita thulo paryataka puurwaadhaara wikaasa gareko chha.","saana phraansiskole dherai hotala, resturenta ra shiirsha sammelana suwidhaaharuusahita thulo paryataka puurwaadhaara wikaasa gareko chha."
"San Francisco is also one of the best places in the nation for other Asian cuisine: Korean, Thai, Indian, and Japanese.","सान फ्रान्सिस्को अन्य एसियाली खानाहरूका लागि राष्ट्रको उत्कृष्ट ठाउँहरू मध्ये एक होः कोरियाली, थाई, भारतीय र जापानी।","सान फ्रान्सिस्को अन्य एसियाली खानाहरूका लागि राष्ट्रको उत्कृष्ट ठाउँहरू मध्ये एक होः कोरियाली, थाई, भारतीय र जापानी।","saana phraansisko anya esiyaalii khaanaaharuukaa laagi raashtrako utkrishta thaaunharuu madhye eka hoh koriyaalii, thaaii, bhaaratiiya ra jaapaanii.","saana phraansisko anya esiyaalii khaanaaharuukaa laagi raashtrako utkrishta thaaunharuu madhye eka hoh koriyaalii, thaaii, bhaaratiiya ra jaapaanii."
Traveling to Walt Disney World represents a major pilgrimage for many American families.,वाल्ट डिज्नी वर्ल्डको यात्राले धेरै अमेरिकी परिवारहरूका लागि एक प्रमुख तीर्थस्थलको प्रतिनिधित्व गर्दछ।,वाल्ट डिज्नी वर्ल्डको यात्राले धेरै अमेरिकी परिवारहरूका लागि एक प्रमुख तीर्थस्थलको प्रतिनिधित्व गर्दछ।,waalta dijnii warldako yaatraale dherai amerikii pariwaaraharuukaa laagi eka pramukha tiirthasthalako pratinidhitwa gardachha.,waalta dijnii warldako yaatraale dherai amerikii pariwaaraharuukaa laagi eka pramukha tiirthasthalako pratinidhitwa gardachha.
"The ""typical"" visit involves flying into Orlando International Airport, busing to an on-site Disney hotel, spending about a week without leaving Disney property, and returning home.","""विशिष्ट"" भ्रमणमा ओर्लान्डो अन्तर्राष्ट्रिय विमानस्थलमा उडान गर्नु, साइटमा रहेको डिज्नी होटलमा बस चढ्नु, डिज्नी सम्पत्ति नछोडे लगभग एक हप्ता बिताउनु र घर फर्कनु समावेश छ।","""विशिष्ट"" भ्रमणमा ओर्लान्डो अन्तर्राष्ट्रिय विमानस्थलमा उडान गर्नु, साइटमा रहेको डिज्नी होटलमा बस चढ्नु, डिज्नी सम्पत्ति नछोडे लगभग एक हप्ता बिताउनु र घर फर्कनु समावेश छ।","""wishishta"" bhramanamaa orlaando antarraashtriya wimaanasthalamaa udaana garnu, saaitamaa raheko dijnii hotalamaa basa chadhnu, dijnii sampatti nachhode lagabhaga eka haptaa bitaaunu ra ghara pharkanu samaawesha chha.","""wishishta"" bhramanamaa orlaando antarraashtriya wimaanasthalamaa udaana garnu, saaitamaa raheko dijnii hotalamaa basa chadhnu, dijnii sampatti nachhode lagabhaga eka haptaa bitaaunu ra ghara pharkanu samaawesha chha."
"There are infinite variations possible, but this remains what most people mean when they talk of ""going to Disney World"".","त्यहाँ अनन्त भिन्नताहरू सम्भव छन्, तर यो धेरै जसो मानिसहरूले ""डिज्नी वर्ल्डमा जाने"" को कुरा गर्दा के बुझ्छन् भन्ने कुरा रहन्छ।","त्यहाँ अनन्त भिन्नताहरू सम्भव छन्, तर यो धेरै जसो मानिसहरूले ""डिज्नी वर्ल्डमा जाने"" को कुरा गर्दा के बुझ्छन् भन्ने कुरा रहन्छ।","tyahaan ananta bhinnataaharuu sambhawa chhan, tara yo dherai jaso maanisaharuule ""dijnii warldamaa jaane"" ko kuraa gardaa ke bujhchhan bhanne kuraa rahanchha.","tyahaan ananta bhinnataaharuu sambhawa chhan, tara yo dherai jaso maanisaharuule ""dijnii warldamaa jaane"" ko kuraa gardaa ke bujhchhan bhanne kuraa rahanchha."
Many tickets sold online through auction websites such as eBay or Craigslist are partially used multi-day park-hopper tickets.,ईबे वा क्रेगलिस्ट जस्ता लिलामी वेबसाइटहरू मार्फत अनलाइन बेचिएका धेरै टिकटहरू आंशिक रूपमा बहु-दिवसीय पार्क-हपर टिकटहरू प्रयोग गरिन्छ।,ईबे वा क्रेगलिस्ट जस्ता लिलामी वेबसाइटहरू मार्फत अनलाइन बेचिएका धेरै टिकटहरू आंशिक रूपमा बहु-दिवसीय पार्क-हपर टिकटहरू प्रयोग गरिन्छ।,iibe waa kregalista jastaa lilaamii webasaaitaharuu maarphata analaaina bechiekaa dherai tikataharuu aanshika ruupamaa bahu-diwasiiya paarka-hapara tikataharuu prayoga garinchha.,iibe waa kregalista jastaa lilaamii webasaaitaharuu maarphata analaaina bechiekaa dherai tikataharuu aanshika ruupamaa bahu-diwasiiya paarka-hapara tikataharuu prayoga garinchha.
"While this is a very common activity, it is prohibited by Disney: the tickets are non-transferable.","जबकि यो एक धेरै सामान्य गतिविधि हो, यो डिज्नीद्वारा निषेध गरिएको छः टिकटहरू गैर-स्थानान्तरण योग्य छन्।","जबकि यो एक धेरै सामान्य गतिविधि हो, यो डिज्नीद्वारा निषेध गरिएको छः टिकटहरू गैर-स्थानान्तरण योग्य छन्।","jabaki yo eka dherai saamaanya gatiwidhi ho, yo dijniidwaaraa nishedha garieko chhh tikataharuu gaira-sthaanaantarana yogya chhan.","jabaki yo eka dherai saamaanya gatiwidhi ho, yo dijniidwaaraa nishedha garieko chhh tikataharuu gaira-sthaanaantarana yogya chhan."
Any camping below the rim in Grand Canyon requires a backcountry permit.,ग्रान्ड क्यानियनको रिममुनि कुनै पनि क्याम्पिङ गर्न ब्याककन्ट्री अनुमति चाहिन्छ।,ग्रान्ड क्यानियनको रिममुनि कुनै पनि क्याम्पिङ गर्न ब्याककन्ट्री अनुमति चाहिन्छ।,graanda kyaaniyanako rimamuni kunai pani kyaampinga garna byaakakantrii anumati chaahinchha.,graanda kyaaniyanako rimamuni kunai pani kyaampinga garna byaakakantrii anumati chaahinchha.
"Permits are limited to protect the canyon, and become available on the 1st day of the month, four months prior to the start month.","अनुमतिहरू घाटीको सुरक्षाका लागि सीमित छन्, र महिनाको पहिलो दिन, सुरु हुने महिनाभन्दा चार महिना अघि उपलब्ध हुन्छन्।","अनुमतिहरू घाटीको सुरक्षाका लागि सीमित छन्, र महिनाको पहिलो दिन, सुरु हुने महिनाभन्दा चार महिना अघि उपलब्ध हुन्छन्।","anumatiharuu ghaatiiko surakshaakaa laagi siimita chhan, ra mahinaako pahilo dina, suru hune mahinaabhandaa chaara mahinaa aghi upalabdha hunchhan.","anumatiharuu ghaatiiko surakshaakaa laagi siimita chhan, ra mahinaako pahilo dina, suru hune mahinaabhandaa chaara mahinaa aghi upalabdha hunchhan."
"Thus, a backcountry permit for any start date in May becomes available on 1 Jan.","यसरी, मेमा कुनै पनि सुरु मितिमा ब्याककन्ट्री अनुमति 1 जनवरीमा उपलब्ध हुन्छ।","यसरी, मेमा कुनै पनि सुरु मितिमा ब्याककन्ट्री अनुमति 1 जनवरीमा उपलब्ध हुन्छ।","yasarii, memaa kunai pani suru mitimaa byaakakantrii anumati 1 janawariimaa upalabdha hunchha.","yasarii, memaa kunai pani suru mitimaa byaakakantrii anumati 1 janawariimaa upalabdha hunchha."
"Space for the most popular areas, such as the Bright Angel Campground adjacent to Phantom Ranch, generally fill up by the requests received on first date they are opened to reservations.","सबैभन्दा लोकप्रिय क्षेत्रहरूका लागि ठाउँ, जस्तै फ्यान्टम रांचको छेउमा रहेको ब्राइट एन्जेल क्याम्पग्राउन्ड, सामान्यतया पहिलो मितिमा प्राप्त अनुरोधहरूद्वारा भर्नुहोस् जुन तिनीहरू आरक्षणका लागि खोलिन्छन्।","सबैभन्दा लोकप्रिय क्षेत्रहरूका लागि ठाउँ, जस्तै फ्यान्टम रांचको छेउमा रहेको ब्राइट एन्जेल क्याम्पग्राउन्ड, सामान्यतया पहिलो मितिमा प्राप्त अनुरोधहरूद्वारा भर्नुहोस् जुन तिनीहरू आरक्षणका लागि खोलिन्छन्।","sabaibhandaa lokapriya kshetraharuukaa laagi thaaun, jastai phyaantama raanchako chheumaa raheko braaita enjela kyaampagraaunda, saamaanyatayaa pahilo mitimaa praapta anurodhaharuudwaaraa bharnuhos juna tiniiharuu aarakshanakaa laagi kholinchhan.","sabaibhandaa lokapriya kshetraharuukaa laagi thaaun, jastai phyaantama raanchako chheumaa raheko braaita enjela kyaampagraaunda, saamaanyatayaa pahilo mitimaa praapta anurodhaharuudwaaraa bharnuhos juna tiniiharuu aarakshanakaa laagi kholinchhan."
"There are a limited number permits reserved for walk-in requests available on a first come, first served basis.","त्यहाँ पहिले आउनुहोस्, पहिले सेवा दिनुहोस् भन्ने आधारमा उपलब्ध वाक-इन अनुरोधहरूका लागि सीमित सङ्ख्यामा अनुमतिहरू आरक्षित छन्।","त्यहाँ पहिले आऊ, पहिले सेवा देऊ भन्ने आधारमा उपलब्ध वाक-इन अनुरोधहरूका लागि सीमित सङ्ख्यामा अनुमतिहरू आरक्षित छन्।","tyahaan pahile aaunuhos, pahile sewaa dinuhos bhanne aadhaaramaa upalabdha waaka-ina anurodhaharuukaa laagi siimita sangkhyaamaa anumatiharuu aarakshita chhan.","tyahaan pahile aauu, pahile sewaa deuu bhanne aadhaaramaa upalabdha waaka-ina anurodhaharuukaa laagi siimita sangkhyaamaa anumatiharuu aarakshita chhan."
Entering Southern Africa by car is an amazing way to see all the region's beauty as well as to get to places off the normal tourist routes.,कारबाट दक्षिणी अफ्रिकामा प्रवेश गर्नु यस क्षेत्रको सबै सुन्दरता हेर्नका साथै सामान्य पर्यटक मार्गहरूबाट टाढा रहेका स्थानहरूमा पुग्ने एउटा अद्भुत तरिका हो।,कारबाट दक्षिणी अफ्रिकामा प्रवेश गर्नु यस क्षेत्रको सबै सुन्दरता हेर्नका साथै सामान्य पर्यटक मार्गहरूबाट टाढा रहेका स्थानहरूमा पुग्ने एउटा अद्भुत तरिका हो।,kaarabaata dakshinii aphrikaamaa prawesha garnu yasa kshetrako sabai sundarataa hernakaa saathai saamaanya paryataka maargaharuubaata taadhaa rahekaa sthaanaharuumaa pugne eutaa adbhuta tarikaa ho.,kaarabaata dakshinii aphrikaamaa prawesha garnu yasa kshetrako sabai sundarataa hernakaa saathai saamaanya paryataka maargaharuubaata taadhaa rahekaa sthaanaharuumaa pugne eutaa adbhuta tarikaa ho.
Keep in mind while planning that although Southern Africa is stable not all neighboring countries are.,योजना बनाउँदा ध्यान राख्नुहोस् कि यद्यपि दक्षिणी अफ्रिका स्थिर छ तर सबै छिमेकी देशहरू छैनन्।,योजना बनाउँदा ध्यान राख्नुहोस् कि यद्यपि दक्षिणी अफ्रिका स्थिर छ तर सबै छिमेकी देशहरू छैनन्।,yojanaa banaaundaa dhyaana raakhnuhos ki yadyapi dakshinii aphrikaa sthira chha tara sabai chhimekii deshaharuu chhainan.,yojanaa banaaundaa dhyaana raakhnuhos ki yadyapi dakshinii aphrikaa sthira chha tara sabai chhimekii deshaharuu chhainan.
Visa requirements and costs vary from nation to nation and are affected by the country you come from.,भिसा आवश्यकताहरू र लागतहरू राष्ट्रबाट राष्ट्रमा भिन्न हुन्छन् र तपाईँबाट आउनुहुने देशबाट प्रभावित हुन्छन्।,भिसा आवश्यकताहरू र लागतहरू राष्ट्रबाट राष्ट्रमा भिन्न हुन्छन् र तिमीबाट आउनुहुने देशबाट प्रभावित हुन्छन्।,bhisaa aawashyakataaharuu ra laagataharuu raashtrabaata raashtramaa bhinna hunchhan ra tapaaiinbaata aaunuhune deshabaata prabhaawita hunchhan.,bhisaa aawashyakataaharuu ra laagataharuu raashtrabaata raashtramaa bhinna hunchhan ra timiibaata aaunuhune deshabaata prabhaawita hunchhan.
Each country also has unique laws requiring what emergency items need to be in the car.,प्रत्येक देशमा कारमा के आपतकालीन वस्तुहरू हुनु आवश्यक छ भनेर अद्वितीय कानूनहरू पनि छन्।,प्रत्येक देशमा कारमा के आपतकालीन वस्तुहरू हुनु आवश्यक छ भनेर अद्वितीय कानूनहरू पनि छन्।,pratyeka deshamaa kaaramaa ke aapatakaaliina wastuharuu hunu aawashyaka chha bhanera adwitiiya kaanuunaharuu pani chhan.,pratyeka deshamaa kaaramaa ke aapatakaaliina wastuharuu hunu aawashyaka chha bhanera adwitiiya kaanuunaharuu pani chhan.
"Victoria Falls is a town in the western portion of Zimbabwe, across the border from Livingstone, Zambia, and near Botswana.","भिक्टोरिया फल्स जिम्बाब्वेको पश्चिमी भागमा रहेको एउटा सहर हो, लिभिङस्टोन, जाम्बिया र बोत्सवाना नजिकैको सीमा पार गर्दै।","भिक्टोरिया फल्स जिम्बाब्वेको पश्चिमी भागमा रहेको एउटा सहर हो, लिभिङस्टोन, जाम्बिया र बोत्सवाना नजिकैको सीमा पार गर्दै।","bhiktoriyaa phalsa jimbaabweko pashchimii bhaagamaa raheko eutaa sahara ho, libhingastona, jaambiyaa ra botsawaanaa najikaiko siimaa paara gardai.","bhiktoriyaa phalsa jimbaabweko pashchimii bhaagamaa raheko eutaa sahara ho, libhingastona, jaambiyaa ra botsawaanaa najikaiko siimaa paara gardai."
"The town lies immediately next to the falls, and they are the major attraction, but this popular tourist destination offers both adventure seekers and sightseers plenty of opportunities for a longer stay.","सहर झर्नाको छेउमा अवस्थित छ, र तिनीहरू प्रमुख आकर्षण हुन्, तर यस लोकप्रिय पर्यटन गन्तव्यले साहसिक खोजी गर्नेहरू र पर्यटकहरू दुवैलाई लामो समय बस्नका लागि प्रशस्त अवसरहरू प्रदान गर्दछ।","सहर झर्नाको छेउमा अवस्थित छ, र तिनीहरू प्रमुख आकर्षण हुन्, तर यस लोकप्रिय पर्यटन गन्तव्यले साहसिक खोजी गर्नेहरू र पर्यटकहरू दुवैलाई लामो समय बस्नका लागि प्रशस्त अवसरहरू प्रदान गर्दछ।","sahara jharnaako chheumaa awasthita chha, ra tiniiharuu pramukha aakarshana hun, tara yasa lokapriya paryatana gantawyale saahasika khojii garneharuu ra paryatakaharuu duwailaaii laamo samaya basnakaa laagi prashasta awasaraharuu pradaana gardachha.","sahara jharnaako chheumaa awasthita chha, ra tiniiharuu pramukha aakarshana hun, tara yasa lokapriya paryatana gantawyale saahasika khojii garneharuu ra paryatakaharuu duwailaaii laamo samaya basnakaa laagi prashasta awasaraharuu pradaana gardachha."
"In the rainy season (November to March), the water volume will be higher and the Falls will be more dramatic.",वर्षाको मौसममा (नोभेम्बरदेखि मार्चसम्म) पानीको मात्रा बढी हुनेछ र झर्ना अझ नाटकीय हुनेछ।,वर्षाको मौसममा (नोभेम्बरदेखि मार्चसम्म) पानीको मात्रा बढी हुनेछ र झर्ना अझ नाटकीय हुनेछ।,warshaako mausamamaa (nobhembaradekhi maarchasamma) paaniiko maatraa badhii hunechha ra jharnaa ajha naatakiiya hunechha.,warshaako mausamamaa (nobhembaradekhi maarchasamma) paaniiko maatraa badhii hunechha ra jharnaa ajha naatakiiya hunechha.
You are guaranteed to get wet if you cross the bridge or walk along the trails winding near the Falls.,यदि तपाईँ पुल पार गर्नुहुन्छ वा झर्ना नजिकै घुमाउने ट्रेल्समा हिँड्नुहुन्छ भने तपाईँ भिजेको सुनिश्चित हुनुहुन्छ।,यदि तिमी पुल पार गर्नुहुन्छ वा झर्ना नजिकै घुमाउने ट्रेल्समा हिँड्नुहुन्छ भने तिमी भिजेको सुनिश्चित छौ।,yadi tapaaiin pula paara garnuhunchha waa jharnaa najikai ghumaaune trelsamaa hindnuhunchha bhane tapaaiin bhijeko sunishchita hunuhunchha.,yadi timii pula paara garnuhunchha waa jharnaa najikai ghumaaune trelsamaa hindnuhunchha bhane timii bhijeko sunishchita chhau.
"On the other hand, it is precisely because the volume of water is so high that your viewing of the actual Falls will be obscured—by all the water!","अर्कोतर्फ, यो ठ्याक्कै किनभने पानीको मात्रा यति धेरै छ कि तपाईँको वास्तविक झर्नाको दृश्य अस्पष्ट हुनेछ-सबै पानीले!","अर्कोतर्फ, यो ठ्याक्कै किनभने पानीको मात्रा यति धेरै छ कि तिमीको वास्तविक झर्नाको दृश्य अस्पष्ट हुनेछ-सबै पानीले!","arkotarpha, yo thyaakkai kinabhane paaniiko maatraa yati dherai chha ki tapaaiinko waastawika jharnaako drishya aspashta hunechha-sabai paaniile!","arkotarpha, yo thyaakkai kinabhane paaniiko maatraa yati dherai chha ki timiiko waastawika jharnaako drishya aspashta hunechha-sabai paaniile!"
"Tomb of Tutankhamun (KV62). KV62 may be the most famous of the tombs in the Valley, the scene of Howard Carter's 1922 discovery of the almost intact royal burial of the young king.","तुतनखामुनको चिहान (केभी62). केभी62 उपत्यकाका चिहानहरू मध्ये सबैभन्दा प्रसिद्ध हुन सक्छ, हावर्ड कार्टरको 1922 को युवा राजाको लगभग अक्षुण्ण शाही दफनको खोजको दृश्य।","तुतनखामुनको चिहान (केभी62). केभी62 उपत्यकाका चिहानहरू मध्ये सबैभन्दा प्रसिद्ध हुन सक्छ, हावर्ड कार्टरको 1922 को युवा राजाको लगभग अक्षुण्ण शाही दफनको खोजको दृश्य।","tutanakhaamunako chihaana (kebhii62). kebhii62 upatyakaakaa chihaanaharuu madhye sabaibhandaa prasiddha huna sakchha, haawarda kaartarako 1922 ko yuwaa raajaako lagabhaga akshunna shaahii daphanako khojako drishya.","tutanakhaamunako chihaana (kebhii62). kebhii62 upatyakaakaa chihaanaharuu madhye sabaibhandaa prasiddha huna sakchha, haawarda kaartarako 1922 ko yuwaa raajaako lagabhaga akshunna shaahii daphanako khojako drishya."
"Compared to most of the other royal tombs, however, the tomb of Tutankhamun is barely worth visiting, being much smaller and with limited decoration.","यद्यपि, अन्य धेरैजसो शाही चिहानहरूको तुलनामा, तुतनखामुनको चिहान धेरै सानो र सीमित सजावट भएको हुनाले भ्रमण गर्न लायक छैन।","यद्यपि, अन्य धेरैजसो शाही चिहानहरूको तुलनामा, तुतनखामुनको चिहान धेरै सानो र सीमित सजावट भएको हुनाले भ्रमण गर्न लायक छैन।","yadyapi, anya dheraijaso shaahii chihaanaharuuko tulanaamaa, tutanakhaamunako chihaana dherai saano ra siimita sajaawata bhaeko hunaale bhramana garna laayaka chhaina.","yadyapi, anya dheraijaso shaahii chihaanaharuuko tulanaamaa, tutanakhaamunako chihaana dherai saano ra siimita sajaawata bhaeko hunaale bhramana garna laayaka chhaina."
Anyone interested in seeing evidence of the damage to the mummy done during attempts to remove it from the coffin will be disappointed as only the head and shoulders are visible.,ममीलाई कफिनबाट हटाउने प्रयासको क्रममा भएको क्षतिको प्रमाण हेर्न इच्छुक जो कोही पनि निराश हुनेछन् किनभने टाउको र काँध मात्र देखिन्छ।,ममीलाई कफिनबाट हटाउने प्रयासको क्रममा भएको क्षतिको प्रमाण हेर्न इच्छुक जो कोही पनि निराश हुनेछन् किनभने टाउको र काँध मात्र देखिन्छ।,mamiilaaii kaphinabaata hataaune prayaasako kramamaa bhaeko kshatiko pramaana herna ichchhuka jo kohii pani niraasha hunechhan kinabhane taauko ra kaandha maatra dekhinchha.,mamiilaaii kaphinabaata hataaune prayaasako kramamaa bhaeko kshatiko pramaana herna ichchhuka jo kohii pani niraasha hunechhan kinabhane taauko ra kaandha maatra dekhinchha.
"The fabulous riches of the tomb are no longer in it, but have been removed to the Egyptian Museum in Cairo.","चिहानको शानदार धन अब यसमा छैन, तर कायरोको इजिप्टको सङ्ग्रहालयमा हटाइयो।","चिहानको शानदार धन अब यसमा छैन, तर कायरोको इजिप्टको सङ्ग्रहालयमा हटाइयो।","chihaanako shaanadaara dhana aba yasamaa chhaina, tara kaayaroko ijiptako sanggrahaalayamaa hataaiyo.","chihaanako shaanadaara dhana aba yasamaa chhaina, tara kaayaroko ijiptako sanggrahaalayamaa hataaiyo."
Visitors with limited time would be best to spend their time elsewhere.,सीमित समय भएका आगन्तुकहरूले आफ्नो समय अन्यत्र बिताउनु उत्तम हुनेछ।,सीमित समय भएका आगन्तुकहरूले आफ्नो समय अन्यत्र बिताउनु उत्तम हुनेछ।,siimita samaya bhaekaa aagantukaharuule aaphno samaya anyatra bitaaunu uttama hunechha.,siimita samaya bhaekaa aagantukaharuule aaphno samaya anyatra bitaaunu uttama hunechha.
"Phnom Krom, 12 km southwest of Siem Reap. This hilltop temple was built at the end of the 9th century, during the reign of King Yasovarman.","नोम क्रोम, सिम रिपबाट 12 किलोमिटर दक्षिणपश्चिममा। यो पाहाडी मन्दिर 9 औँ शताब्दीको अन्त्यमा राजा यासोवर्मनको शासनकालमा निर्माण गरिएको थियो।","नोम क्रोम, सिम रिपबाट 12 किलोमिटर दक्षिणपश्चिममा। यो पाहाडी मन्दिर 9 औँ शताब्दीको अन्त्यमा राजा यासोवर्मनको शासनकालमा निर्माण गरिएको थियो।","noma kroma, sima ripabaata 12 kilomitara dakshinapashchimamaa. yo paahaadii mandira 9 aun shataabdiiko antyamaa raajaa yaasowarmanako shaasanakaalamaa nirmaana garieko thiyo.","noma kroma, sima ripabaata 12 kilomitara dakshinapashchimamaa. yo paahaadii mandira 9 aun shataabdiiko antyamaa raajaa yaasowarmanako shaasanakaalamaa nirmaana garieko thiyo."
The gloomy atmosphere of the temple and the view over the Tonle Sap lake make the climb to the hill worthwhile.,मन्दिरको उदास वातावरण र टोनले साप तालको दृश्यले पाहाडमा चढाईलाई सार्थक बनाउँछ।,मन्दिरको उदास वातावरण र टोनले साप तालको दृश्यले पाहाडमा चढाईलाई सार्थक बनाउँछ।,mandirako udaasa waataawarana ra tonale saapa taalako drishyale paahaadamaa chadhaaiilaaii saarthaka banaaunchha.,mandirako udaasa waataawarana ra tonale saapa taalako drishyale paahaadamaa chadhaaiilaaii saarthaka banaaunchha.
A visit to the site can be conveniently combined with a boat trip to the lake.,साइटको भ्रमणलाई सहजै तालको डुङ्गा यात्रासँग जोड्न सकिन्छ।,साइटको भ्रमणलाई सहजै तालको डुङ्गा यात्रासँग जोड्न सकिन्छ।,saaitako bhramanalaaii sahajai taalako dunggaa yaatraasnga jodna sakinchha.,saaitako bhramanalaaii sahajai taalako dunggaa yaatraasnga jodna sakinchha.
The Angkor Pass is needed to enter the temple so do not forget to bring your passport along when heading to Tonle Sap.,मन्दिरमा प्रवेश गर्न अङ्कोर पास आवश्यक छ त्यसैले टोनले सापमा जाँदा आफ्नो पासपोर्ट साथ ल्याउन नबिर्सनुहोस्।,मन्दिरमा प्रवेश गर्न अङ्कोर पास आवश्यक छ त्यसैले टोनले सापमा जाँदा आफ्नो पासपोर्ट साथ ल्याउन नबिर्सनुहोस्।,mandiramaa prawesha garna angkora paasa aawashyaka chha tyasaile tonale saapamaa jaandaa aaphno paasaporta saatha lyaauna nabirsanuhos.,mandiramaa prawesha garna angkora paasa aawashyaka chha tyasaile tonale saapamaa jaandaa aaphno paasaporta saatha lyaauna nabirsanuhos.
"Jerusalem is the capital and largest city of Israel, though most other countries and the United Nations do not recognize it as Israel's capital.","जेरुसेलम इजरायलको राजधानी र सबैभन्दा ठुलो सहर हो, यद्यपि अन्य धेरै देशहरू र संयुक्त राष्ट्र सङ्घले यसलाई इजरायलको राजधानीको रूपमा मान्यता दिँदैनन्।","जेरुसेलम इजरायलको राजधानी र सबैभन्दा ठुलो सहर हो, यद्यपि अन्य धेरै देशहरू र संयुक्त राष्ट्र सङ्घले यसलाई इजरायलको राजधानीको रूपमा मान्यता दिँदैनन्।","jeruselama ijaraayalako raajadhaanii ra sabaibhandaa thulo sahara ho, yadyapi anya dherai deshaharuu ra snyukta raashtra sangghale yasalaaii ijaraayalako raajadhaaniiko ruupamaa maanyataa dindainan.","jeruselama ijaraayalako raajadhaanii ra sabaibhandaa thulo sahara ho, yadyapi anya dherai deshaharuu ra snyukta raashtra sangghale yasalaaii ijaraayalako raajadhaaniiko ruupamaa maanyataa dindainan."
The ancient city in the Judean Hills has a fascinating history spanning thousands of years.,जुडियन हिल्सको प्राचीन सहरको हजारौँ वर्ष लामो आकर्षक इतिहास छ।,जुडियन हिल्सको प्राचीन सहरको हजारौँ वर्ष लामो आकर्षक इतिहास छ।,judiyana hilsako praachiina saharako hajaaraun warsha laamo aakarshaka itihaasa chha.,judiyana hilsako praachiina saharako hajaaraun warsha laamo aakarshaka itihaasa chha.
"The city is holy to the three monotheistic religions - Judaism, Christianity and Islam, and serves as a spiritual, religious, and cultural center.","यो सहर तिन एकेश्वरवादी धर्महरू-यहूदी धर्म, इसाई धर्म र इस्लामका लागि पवित्र छ र आध्यात्मिक, धार्मिक र सांस्कृतिक केन्द्रको रूपमा सेवा गर्दछ।","यो सहर तिन एकेश्वरवादी धर्महरू-यहूदी धर्म, इसाई धर्म र इस्लामका लागि पवित्र छ र आध्यात्मिक, धार्मिक र सांस्कृतिक केन्द्रको रूपमा सेवा गर्दछ।","yo sahara tina ekeshwarawaadii dharmaharuu-yahuudii dharma, isaaii dharma ra islaamakaa laagi pawitra chha ra aadhyaatmika, dhaarmika ra saanskritika kendrako ruupamaa sewaa gardachha.","yo sahara tina ekeshwarawaadii dharmaharuu-yahuudii dharma, isaaii dharma ra islaamakaa laagi pawitra chha ra aadhyaatmika, dhaarmika ra saanskritika kendrako ruupamaa sewaa gardachha."
"Due to the religious significance of the city, and in particular the many sites of the Old City area, Jerusalem is one of the main tourist destinations in Israel.","सहरको धार्मिक महत्त्वका कारण, र विशेष गरी पुरानो सहर क्षेत्रका धेरै साइटहरू, जेरुसेलम इजरायलको मुख्य पर्यटकीय गन्तव्यहरू मध्ये एक हो।","सहरको धार्मिक महत्त्वका कारण, र विशेष गरी पुरानो सहर क्षेत्रका धेरै साइटहरू, जेरुसेलम इजरायलको मुख्य पर्यटकीय गन्तव्यहरू मध्ये एक हो।","saharako dhaarmika mahattwakaa kaarana, ra wishesha garii puraano sahara kshetrakaa dherai saaitaharuu, jeruselama ijaraayalako mukhya paryatakiiya gantawyaharuu madhye eka ho.","saharako dhaarmika mahattwakaa kaarana, ra wishesha garii puraano sahara kshetrakaa dherai saaitaharuu, jeruselama ijaraayalako mukhya paryatakiiya gantawyaharuu madhye eka ho."
"Jerusalem has many historic, archeological and cultural sites, along with vibrant and crowded shopping centers, cafés, and restaurants.","जेरुसेलममा जीवन्त र भीडभाड भएका किनमेल केन्द्रहरू, क्याफेहरू र रेस्टुरेन्टहरूसँगै धेरै ऐतिहासिक, पुरातात्विक र सांस्कृतिक स्थलहरू छन्।","जेरुसेलममा जीवन्त र भीडभाड भएका किनमेल केन्द्रहरू, क्याफेहरू र रेस्टुरेन्टहरूसँगै धेरै ऐतिहासिक, पुरातात्विक र सांस्कृतिक स्थलहरू छन्।","jeruselamamaa jiiwanta ra bhiidabhaada bhaekaa kinamela kendraharuu, kyaapheharuu ra resturentaharuusngai dherai aitihaasika, puraataatwika ra saanskritika sthalaharuu chhan.","jeruselamamaa jiiwanta ra bhiidabhaada bhaekaa kinamela kendraharuu, kyaapheharuu ra resturentaharuusngai dherai aitihaasika, puraataatwika ra saanskritika sthalaharuu chhan."
Ecuador requires that Cuban citizens receive an invitation letter prior to entering Ecuador through international airports or frontier admission points.,इक्वेडरले क्युबाका नागरिकहरूलाई अन्तर्राष्ट्रिय विमानस्थल वा सीमा प्रवेश बिन्दुहरू मार्फत इक्वेडरमा प्रवेश गर्नु अघि निमन्त्रणा पत्र प्राप्त गर्न आवश्यक छ।,इक्वेडरले क्युबाका नागरिकहरूलाई अन्तर्राष्ट्रिय विमानस्थल वा सीमा प्रवेश बिन्दुहरू मार्फत इक्वेडरमा प्रवेश गर्नु अघि निमन्त्रणा पत्र प्राप्त गर्न आवश्यक छ।,ikwedarale kyubaakaa naagarikaharuulaaii antarraashtriya wimaanasthala waa siimaa prawesha binduharuu maarphata ikwedaramaa prawesha garnu aghi nimantranaa patra praapta garna aawashyaka chha.,ikwedarale kyubaakaa naagarikaharuulaaii antarraashtriya wimaanasthala waa siimaa prawesha binduharuu maarphata ikwedaramaa prawesha garnu aghi nimantranaa patra praapta garna aawashyaka chha.
"This letter must be legalized by the Ecuadorian Ministry of Foreign Affairs, and comply with certain requirements.","यो पत्र इक्वेडोरियन विदेश मामिला मन्त्रालयले वैधानिक बनाउनु पर्छ, र केही आवश्यकताहरू पूरा गर्नुपर्छ।","यो पत्र इक्वेडोरियन विदेश मामिला मन्त्रालयले वैधानिक बनाउनु पर्छ, र केही आवश्यकताहरू पूरा गर्नुपर्छ।","yo patra ikwedoriyana widesha maamilaa mantraalayale waidhaanika banaaunu parchha, ra kehii aawashyakataaharuu puuraa garnuparchha.","yo patra ikwedoriyana widesha maamilaa mantraalayale waidhaanika banaaunu parchha, ra kehii aawashyakataaharuu puuraa garnuparchha."
These requirements are designed to provide an organized migratory flow between both countries.,यी आवश्यकताहरू दुवै देशहरू बिच एक सङ्गठित प्रवासी प्रवाह प्रदान गर्न डिजाइन गरिएको हो।,यी आवश्यकताहरू दुवै देशहरू बिच एक सङ्गठित प्रवासी प्रवाह प्रदान गर्न डिजाइन गरिएको हो।,yii aawashyakataaharuu duwai deshaharuu bicha eka sanggathita prawaasii prawaaha pradaana garna dijaaina garieko ho.,yii aawashyakataaharuu duwai deshaharuu bicha eka sanggathita prawaasii prawaaha pradaana garna dijaaina garieko ho.
Cuban citizens who are US green card holders should visit an Ecuadorian Consulate to obtain an exemption to this requirement.,अमेरिकी ग्रिन कार्ड धारक क्युबाली नागरिकहरूले यस आवश्यकतामा छुट प्राप्त गर्न इक्वेडोरको वाणिज्य दूतावासमा जानु पर्छ।,अमेरिकी ग्रिन कार्ड धारक क्युबाली नागरिकहरूले यस आवश्यकतामा छुट प्राप्त गर्न इक्वेडोरको वाणिज्य दूतावासमा जानु पर्छ।,amerikii grina kaarda dhaaraka kyubaalii naagarikaharuule yasa aawashyakataamaa chhuta praapta garna ikwedorako waanijya duutaawaasamaa jaanu parchha.,amerikii grina kaarda dhaaraka kyubaalii naagarikaharuule yasa aawashyakataamaa chhuta praapta garna ikwedorako waanijya duutaawaasamaa jaanu parchha.
Your passport must be valid for at least 6 months beyond your travel dates. A round/onward trip ticket is needed to prove the length of your stay.,तपाईँको राहदानी तपाईँको यात्रा मितिभन्दा कम्तिमा 6 महिनासम्म मान्य हुनुपर्छ। तपाईँको बस्ने समयावधि प्रमाणित गर्न एक राउन्ड/अगाडि यात्रा टिकट आवश्यक छ।,तिमीको राहदानी तिमीको यात्रा मितिभन्दा कम्तिमा 6 महिनासम्म मान्य हुनुपर्छ। तिमीको बस्ने समयावधि प्रमाणित गर्न एक राउन्ड/अगाडि यात्रा टिकट आवश्यक छ।,tapaaiinko raahadaanii tapaaiinko yaatraa mitibhandaa kamtimaa 6 mahinaasamma maanya hunuparchha. tapaaiinko basne samayaawadhi pramaanita garna eka raaunda/agaadi yaatraa tikata aawashyaka chha.,timiiko raahadaanii timiiko yaatraa mitibhandaa kamtimaa 6 mahinaasamma maanya hunuparchha. timiiko basne samayaawadhi pramaanita garna eka raaunda/agaadi yaatraa tikata aawashyaka chha.
"Tours are cheaper for larger groups, so if you're by yourself or with just one friend, try to meet other people and form a group of four to six for a better per-person rate.","ठुला समूहहरूका लागि भ्रमणहरू सस्तो हुन्छन्, त्यसैले यदि तपाईँ एक्लै हुनुहुन्छ वा केवल एक साथीसँग हुनुहुन्छ भने, अन्य व्यक्तिहरूलाई भेट्ने प्रयास गर्नुहोस् र राम्रो प्रति-व्यक्ति दरका लागि चारदेखि छ जनाको समूह बनाउनुहोस्।","ठुला समूहहरूका लागि भ्रमणहरू सस्तो हुन्छन्, त्यसैले यदि तिमी एक्लै छौ वा केवल एक साथीसँग छौ भने, अन्य व्यक्तिहरूलाई भेट्ने प्रयास गर र राम्रो प्रति-व्यक्ति दरका लागि चारदेखि छ जनाको समूह बनाउनुहोस्।","thulaa samuuhaharuukaa laagi bhramanaharuu sasto hunchhan, tyasaile yadi tapaaiin eklai hunuhunchha waa kewala eka saathiisnga hunuhunchha bhane, anya wyaktiharuulaaii bhetne prayaasa garnuhos ra raamro prati-wyakti darakaa laagi chaaradekhi chha janaako samuuha banaaunuhos.","thulaa samuuhaharuukaa laagi bhramanaharuu sasto hunchhan, tyasaile yadi timii eklai chhau waa kewala eka saathiisnga chhau bhane, anya wyaktiharuulaaii bhetne prayaasa gara ra raamro prati-wyakti darakaa laagi chaaradekhi chha janaako samuuha banaaunuhos."
"However, this shouldn't really be off your concern, because often tourists are shuffled around to fill the cars.","यद्यपि, यो वास्तवमा तपाईँको चिन्ताको विषय हुनु हुँदैन, किनकि प्रायः पर्यटकहरूलाई कारहरू भर्नका लागि वरिपरि घुम्न लगाइन्छ।","यद्यपि, यो वास्तवमा तिमीको चिन्ताको विषय हुनु हुँदैन, किनकि प्रायः पर्यटकहरूलाई कारहरू भर्नका लागि वरिपरि घुम्न लगाइन्छ।","yadyapi, yo waastawamaa tapaaiinko chintaako wishaya hunu hundaina, kinaki praayh paryatakaharuulaaii kaaraharuu bharnakaa laagi waripari ghumna lagaainchha.","yadyapi, yo waastawamaa timiiko chintaako wishaya hunu hundaina, kinaki praayh paryatakaharuulaaii kaaraharuu bharnakaa laagi waripari ghumna lagaainchha."
It seems actually to be more a way of tricking people into believing they have to pay more.,यो वास्तवमा मानिसहरूलाई उनीहरूले बढी तिर्नु पर्छ भन्ने विश्वास गराउन धोका दिने एक तरिका जस्तो देखिन्छ।,यो वास्तवमा मानिसहरूलाई उनीहरूले बढी तिर्नु पर्छ भन्ने विश्वास गराउन धोका दिने एक तरिका जस्तो देखिन्छ।,yo waastawamaa maanisaharuulaaii uniiharuule badhii tirnu parchha bhanne wishwaasa garaauna dhokaa dine eka tarikaa jasto dekhinchha.,yo waastawamaa maanisaharuulaaii uniiharuule badhii tirnu parchha bhanne wishwaasa garaauna dhokaa dine eka tarikaa jasto dekhinchha.
"Towering above the north end of Machu Picchu is this steep mountain, often the backdrop to many photos of the ruins.",माचु पिच्चुको उत्तरी छेउमा रहेको यो ठाडो पहाड प्रायः भग्नावशेषका धेरै फोटोहरूको पृष्ठभूमि हो।,माचु पिच्चुको उत्तरी छेउमा रहेको यो ठाडो पहाड प्रायः भग्नावशेषका धेरै फोटोहरूको पृष्ठभूमि हो।,maachu pichchuko uttarii chheumaa raheko yo thaado pahaada praayh bhagnaawasheshakaa dherai photoharuuko prishthabhuumi ho.,maachu pichchuko uttarii chheumaa raheko yo thaado pahaada praayh bhagnaawasheshakaa dherai photoharuuko prishthabhuumi ho.
"It looks a bit daunting from below, and it is a steep and difficult ascent, but most reasonably fit persons should be able to make it in about 45 minutes.","यो तलबाट अलिक डरलाग्दो देखिन्छ, र यो एक ठाडो र गाह्रो आरोहण हो, तर सबैभन्दा उचित रूपमा फिट व्यक्तिहरूले यसलाई लगभग 45 मिनेटमा बनाउन सक्षम हुनुपर्छ।","यो तलबाट अलिक डरलाग्दो देखिन्छ, र यो एक ठाडो र गाह्रो आरोहण हो, तर सबैभन्दा उचित रूपमा फिट व्यक्तिहरूले यसलाई लगभग 45 मिनेटमा बनाउन सक्षम हुनुपर्छ।","yo talabaata alika daralaagdo dekhinchha, ra yo eka thaado ra gaahro aarohana ho, tara sabaibhandaa uchita ruupamaa phita wyaktiharuule yasalaaii lagabhaga 45 minetamaa banaauna sakshama hunuparchha.","yo talabaata alika daralaagdo dekhinchha, ra yo eka thaado ra gaahro aarohana ho, tara sabaibhandaa uchita ruupamaa phita wyaktiharuule yasalaaii lagabhaga 45 minetamaa banaauna sakshama hunuparchha."
"Stone steps are laid along most of the path, and in the steeper sections steel cables provide a supporting handrail.","अधिकांश बाटोमा ढुङ्गाका सिँढीहरू राखिएका छन्, र ठाडो खण्डहरूमा स्टिलका केबलहरूले सहायक ह्यान्डरेल प्रदान गर्दछ।","अधिकांश बाटोमा ढुङ्गाका सिँढीहरू राखिएका छन्, र ठाडो खण्डहरूमा स्टिलका केबलहरूले सहायक ह्यान्डरेल प्रदान गर्दछ।","adhikaansha baatomaa dhunggaakaa sindhiiharuu raakhiekaa chhan, ra thaado khandaharuumaa stilakaa kebalaharuule sahaayaka hyaandarela pradaana gardachha.","adhikaansha baatomaa dhunggaakaa sindhiiharuu raakhiekaa chhan, ra thaado khandaharuumaa stilakaa kebalaharuule sahaayaka hyaandarela pradaana gardachha."
"That said, expect to be out of breath, and take care in the steeper portions, especially when wet, as it can become dangerous quickly.","यसो भने, सास फेर्ने अपेक्षा गर्नुहोस्, र विशेष गरी भिजेको बेला, ती भागहरूमा हेरचाह गर्नुहोस्, किनकि यो चाँडै खतरनाक हुन सक्छ।","यसो भने, सास फेर्ने अपेक्षा गर, र विशेष गरी भिजेको बेला, ती भागहरूमा हेरचाह गर, किनकि यो चाँडै खतरनाक हुन सक्छ।","yaso bhane, saasa pherne apekshaa garnuhos, ra wishesha garii bhijeko belaa, tii bhaagaharuumaa herachaaha garnuhos, kinaki yo chaandai khataranaaka huna sakchha.","yaso bhane, saasa pherne apekshaa gara, ra wishesha garii bhijeko belaa, tii bhaagaharuumaa herachaaha gara, kinaki yo chaandai khataranaaka huna sakchha."
"There's a tiny cave near the top that must be passed through, it is quite low and a rather tight squeeze.","त्यहाँ शीर्ष नजिकै एउटा सानो गुफा छ जुन पार गर्नुपर्दछ, यो एकदम कम छ र एक कडा निचोड हो।","त्यहाँ शीर्ष नजिकै एउटा सानो गुफा छ जुन पार गर्नुपर्दछ, यो एकदम कम छ र एक कडा निचोड हो।","tyahaan shiirsha najikai eutaa saano guphaa chha juna paara garnupardachha, yo ekadama kama chha ra eka kadaa nichoda ho.","tyahaan shiirsha najikai eutaa saano guphaa chha juna paara garnupardachha, yo ekadama kama chha ra eka kadaa nichoda ho."
"Seeing the sites and wildlife of the Galapagos is best done by boat, just as Charles Darwin did it in 1835.",सन् 1835 मा चार्ल्स डार्विनले जस्तै ग्यालापागोसको स्थल र वन्यजन्तुहरू डुङ्गाद्वारा हेर्नु सबैभन्दा राम्रो हुन्छ।,सन् 1835 मा चार्ल्स डार्विनले जस्तै ग्यालापागोसको स्थल र वन्यजन्तुहरू डुङ्गाद्वारा हेर्नु सबैभन्दा राम्रो हुन्छ।,san 1835 maa chaarlsa daarwinale jastai gyaalaapaagosako sthala ra wanyajantuharuu dunggaadwaaraa hernu sabaibhandaa raamro hunchha.,san 1835 maa chaarlsa daarwinale jastai gyaalaapaagosako sthala ra wanyajantuharuu dunggaadwaaraa hernu sabaibhandaa raamro hunchha.
Over 60 cruise ships ply the Galapagos waters - ranging in size from 8 to 100 passengers.,ग्यालापागोसको पानीमा 60 भन्दा बढी क्रुज जहाजहरू चल्छन्-आकारमा 8 देखि 100 यात्रुहरू।,ग्यालापागोसको पानीमा 60 भन्दा बढी क्रुज जहाजहरू चल्छन्-आकारमा 8 देखि 100 यात्रुहरू।,gyaalaapaagosako paaniimaa 60 bhandaa badhii kruja jahaajaharuu chalchhan-aakaaramaa 8 dekhi 100 yaatruharuu.,gyaalaapaagosako paaniimaa 60 bhandaa badhii kruja jahaajaharuu chalchhan-aakaaramaa 8 dekhi 100 yaatruharuu.
Most people book their place well in advance (as the boats are usually full during the high season).,धेरैजसो मानिसहरूले आफ्नो ठाउँ अग्रिम रूपमा बुक गर्छन् (किनकि डुङ्गाहरू सामान्यतया उच्च मौसममा भरिएका हुन्छन्)।,धेरैजसो मानिसहरूले आफ्नो ठाउँ अग्रिम रूपमा बुक गर्छन् (किनकि डुङ्गाहरू सामान्यतया उच्च मौसममा भरिएका हुन्छन्)।,dheraijaso maanisaharuule aaphno thaaun agrima ruupamaa buka garchhan (kinaki dunggaaharuu saamaanyatayaa uchcha mausamamaa bhariekaa hunchhan).,dheraijaso maanisaharuule aaphno thaaun agrima ruupamaa buka garchhan (kinaki dunggaaharuu saamaanyatayaa uchcha mausamamaa bhariekaa hunchhan).
Be sure the agent through whom you book is a Galapagos specialist with a good knowledge of a wide variety of ships.,तपाईँले बुक गर्नुहुने एजेन्ट ग्यालापागोस विशेषज्ञ हो र जहाजहरूको विस्तृत विविधताको राम्रो ज्ञान छ भन्ने सुनिश्चित गर्नुहोस्।,तिमीले बुक गर्नुहुने एजेन्ट ग्यालापागोस विशेषज्ञ हो र जहाजहरूको विस्तृत विविधताको राम्रो ज्ञान छ भन्ने सुनिश्चित गर।,tapaaiinle buka garnuhune ejenta gyaalaapaagosa wisheshajnya ho ra jahaajaharuuko wistrita wiwidhataako raamro jnyaana chha bhanne sunishchita garnuhos.,timiile buka garnuhune ejenta gyaalaapaagosa wisheshajnya ho ra jahaajaharuuko wistrita wiwidhataako raamro jnyaana chha bhanne sunishchita gara.
This will ensure that your particular interests and/or constraints are matched with the ship most suitable to them.,यसले तपाईँको विशेष रुचिहरू र/वा बाधाहरू तिनीहरूका लागि सबैभन्दा उपयुक्त जहाजसँग मेल खान्छ भनेर सुनिश्चित गर्नेछ।,यसले तिमीको विशेष रुचिहरू र/वा बाधाहरू तिनीहरूका लागि सबैभन्दा उपयुक्त जहाजसँग मेल खान्छ भनेर सुनिश्चित गर्नेछ।,yasale tapaaiinko wishesha ruchiharuu ra/waa baadhaaharuu tiniiharuukaa laagi sabaibhandaa upayukta jahaajasnga mela khaanchha bhanera sunishchita garnechha.,yasale timiiko wishesha ruchiharuu ra/waa baadhaaharuu tiniiharuukaa laagi sabaibhandaa upayukta jahaajasnga mela khaanchha bhanera sunishchita garnechha.
"Before the Spanish arrived in the 16th century, northern Chile was under Inca rule while the indigenous Araucanians (Mapuche) inhabited central and southern Chile.","16 औँ शताब्दीमा स्पेनीहरू आउनुअघि, उत्तरी चिली इन्का शासनको अधीनमा थियो जबकि आदिवासी अराकानियनहरू (मापुचे) मध्य र दक्षिणी चिलीमा बसोबास गर्थे।","16 औँ शताब्दीमा स्पेनीहरू आउनुअघि, उत्तरी चिली इन्का शासनको अधीनमा थियो जबकि आदिवासी अराकानियनहरू (मापुचे) मध्य र दक्षिणी चिलीमा बसोबास गर्थे।","16 aun shataabdiimaa speniiharuu aaunuaghi, uttarii chilii inkaa shaasanako adhiinamaa thiyo jabaki aadiwaasii araakaaniyanaharuu (maapuche) madhya ra dakshinii chiliimaa basobaasa garthe.","16 aun shataabdiimaa speniiharuu aaunuaghi, uttarii chilii inkaa shaasanako adhiinamaa thiyo jabaki aadiwaasii araakaaniyanaharuu (maapuche) madhya ra dakshinii chiliimaa basobaasa garthe."
"The Mapuche were also one of the last independent American indigenous groups, that were not fully absorbed into Spanish-speaking rule until after Chile's independence.","मापुचेहरू अन्तिम स्वतन्त्र अमेरिकी आदिवासी समूहहरू मध्ये एक थिए, जो चिलीको स्वतन्त्रता नभएसम्म स्पेनिस भाषी शासनमा पूर्ण रूपमा समाहित थिएनन्।","मापुचेहरू अन्तिम स्वतन्त्र अमेरिकी आदिवासी समूहहरू मध्ये एक थिए, जो चिलीको स्वतन्त्रता नभएसम्म स्पेनिस भाषी शासनमा पूर्ण रूपमा समाहित थिएनन्।","maapucheharuu antima swatantra amerikii aadiwaasii samuuhaharuu madhye eka thie, jo chiliiko swatantrataa nabhaesamma spenisa bhaashii shaasanamaa puurna ruupamaa samaahita thienan.","maapucheharuu antima swatantra amerikii aadiwaasii samuuhaharuu madhye eka thie, jo chiliiko swatantrataa nabhaesamma spenisa bhaashii shaasanamaa puurna ruupamaa samaahita thienan."
"Although Chile declared independence in 1810 (amid the Napoleonic wars that left Spain without a functioning central government for a couple of years), decisive victory over the Spanish was not achieved until 1818.","यद्यपि चिलीले सन् 1810 मा स्वतन्त्रता घोषणा गऱ्यो (नेपोलियन युद्धहरू बिचमा जसले स्पेनलाई केही वर्षसम्म कार्यशील केन्द्रीय सरकार बिना छोडेको थियो), स्पेनमाथि निर्णायक विजय 1818 सम्म प्राप्त हुन सकेन।","यद्यपि चिलीले सन् 1810 मा स्वतन्त्रता घोषणा गऱ्यो (नेपोलियन युद्धहरू बिचमा जसले स्पेनलाई केही वर्षसम्म कार्यशील केन्द्रीय सरकार बिना छोडेको थियो), स्पेनमाथि निर्णायक विजय 1818 सम्म प्राप्त हुन सकेन।","yadyapi chiliile san 1810 maa swatantrataa ghoshanaa garyo (nepoliyana yuddhaharuu bichamaa jasale spenalaaii kehii warshasamma kaaryashiila kendriiya sarakaara binaa chhodeko thiyo), spenamaathi nirnaayaka wijaya 1818 samma praapta huna sakena.","yadyapi chiliile san 1810 maa swatantrataa ghoshanaa garyo (nepoliyana yuddhaharuu bichamaa jasale spenalaaii kehii warshasamma kaaryashiila kendriiya sarakaara binaa chhodeko thiyo), spenamaathi nirnaayaka wijaya 1818 samma praapta huna sakena."
"Besides white sand beaches and mountain landscapes, the country is home to the oldest European city in the Americas, now part of Santo Domingo.","सेतो बालुवा समुद्र तट र पाहाडी परिदृश्यहरू बाहेक, यो देश अमेरिकाको सबैभन्दा पुरानो युरोपेली सहरको घर हो, जुन अहिले सान्टो डोमिङ्गोको भाग हो।","सेतो बालुवा समुद्र तट र पाहाडी परिदृश्यहरू बाहेक, यो देश अमेरिकाको सबैभन्दा पुरानो युरोपेली सहरको घर हो, जुन अहिले सान्टो डोमिङ्गोको भाग हो।","seto baaluwaa samudra tata ra paahaadii paridrishyaharuu baaheka, yo desha amerikaako sabaibhandaa puraano yuropelii saharako ghara ho, juna ahile saanto dominggoko bhaaga ho.","seto baaluwaa samudra tata ra paahaadii paridrishyaharuu baaheka, yo desha amerikaako sabaibhandaa puraano yuropelii saharako ghara ho, juna ahile saanto dominggoko bhaaga ho."
"The island was first inhabited by the Taínos and Caribes. The Caribes were an Arawakan-speaking people who had arrived around 10,000 BCE.","यो टापुमा पहिलो पटक टाइनोस र क्यारिबहरू बसोबास गर्थे। क्यारिबहरू अरावाकन भाषी मानिसहरू थिए जो लगभग 10,000 इसापूर्वमा आएका थिए।","यो टापुमा पहिलो पटक टाइनोस र क्यारिबहरू बसोबास गर्थे। क्यारिबहरू अरावाकन भाषी मानिसहरू थिए जो लगभग 10,000 इसापूर्वमा आएका थिए।","yo taapumaa pahilo pataka taainosa ra kyaaribaharuu basobaasa garthe. kyaaribaharuu araawaakana bhaashii maanisaharuu thie jo lagabhaga 10,000 isaapuurwamaa aaekaa thie.","yo taapumaa pahilo pataka taainosa ra kyaaribaharuu basobaasa garthe. kyaaribaharuu araawaakana bhaashii maanisaharuu thie jo lagabhaga 10,000 isaapuurwamaa aaekaa thie."
"Within a few short years following the arrival of European explorers, the population of Tainos had significantly been reduced by the Spanish conquerors","युरोपेली अन्वेषकहरूको आगमनपछि केही छोटो वर्षहरूमा, स्पेनका विजेताहरूले टाइनोसको जनसङ्ख्या उल्लेखनीय रूपमा घटाए।","युरोपेली अन्वेषकहरूको आगमनपछि केही छोटो वर्षहरूमा, स्पेनका विजेताहरूले टाइनोसको जनसङ्ख्या उल्लेखनीय रूपमा घटाए।","yuropelii anweshakaharuuko aagamanapachhi kehii chhoto warshaharuumaa, spenakaa wijetaaharuule taainosako janasangkhyaa ullekhaniiya ruupamaa ghataae.","yuropelii anweshakaharuuko aagamanapachhi kehii chhoto warshaharuumaa, spenakaa wijetaaharuule taainosako janasangkhyaa ullekhaniiya ruupamaa ghataae."
"Based on Fray Bartolomé de las Casas (Tratado de las Indias) between 1492 and 1498 the Spanish conquerors killed around 100,000 Taínos.","फ्रे बार्टोलोमे डे लास कासास (ट्राटाडो डे लास इन्डियास) मा आधारित सन् 1492 र 1498 को बिचमा स्पेनिस विजेताहरूले लगभग 100,000 टिनोस मारे।","फ्रे बार्टोलोमे डे लास कासास (ट्राटाडो डे लास इन्डियास) मा आधारित सन् 1492 र 1498 को बिचमा स्पेनिस विजेताहरूले लगभग 100,000 टिनोस मारे।","phre baartolome de laasa kaasaasa (traataado de laasa indiyaasa) maa aadhaarita san 1492 ra 1498 ko bichamaa spenisa wijetaaharuule lagabhaga 100,000 tinosa maare.","phre baartolome de laasa kaasaasa (traataado de laasa indiyaasa) maa aadhaarita san 1492 ra 1498 ko bichamaa spenisa wijetaaharuule lagabhaga 100,000 tinosa maare."
"Jardín de la Unión. This space was built as the atrium for a 17th-century convent, of which the Templo de San Diego is the sole surviving building.","जार्डिन डे ला युनियन। यो ठाउँ 17 औँ शताब्दीको कन्भेन्टको एट्रियमको रूपमा निर्माण गरिएको थियो, जसमध्ये टेम्प्लो डे सान डिएगो एकमात्र जीवित भवन हो।","जार्डिन डे ला युनियन। यो ठाउँ 17 औँ शताब्दीको कन्भेन्टको एट्रियमको रूपमा निर्माण गरिएको थियो, जसमध्ये टेम्प्लो डे सान डिएगो एकमात्र जीवित भवन हो।","jaardina de laa yuniyana. yo thaaun 17 aun shataabdiiko kanbhentako etriyamako ruupamaa nirmaana garieko thiyo, jasamadhye templo de saana diego ekamaatra jiiwita bhawana ho.","jaardina de laa yuniyana. yo thaaun 17 aun shataabdiiko kanbhentako etriyamako ruupamaa nirmaana garieko thiyo, jasamadhye templo de saana diego ekamaatra jiiwita bhawana ho."
"It now functions as the central plaza, and always has a lot of things going on, day and night.","यो अहिले केन्द्रीय प्लाजाको रूपमा कार्य गर्दछ, र सधैँ दिन र रात धेरै कुराहरू चलिरहेको हुन्छ।","यो अहिले केन्द्रीय प्लाजाको रूपमा कार्य गर्दछ, र सधैँ दिन र रात धेरै कुराहरू चलिरहेको हुन्छ।","yo ahile kendriiya plaajaako ruupamaa kaarya gardachha, ra sadhain dina ra raata dherai kuraaharuu chaliraheko hunchha.","yo ahile kendriiya plaajaako ruupamaa kaarya gardachha, ra sadhain dina ra raata dherai kuraaharuu chaliraheko hunchha."
"There are a number of restaurants surrounding the garden, and in the afternoons and evening there free concerts are often given from the central gazebo.","बगैँचाको वरिपरि धेरै रेस्टुरेन्टहरू छन्, र दिउँसो र साँझमा त्यहाँ प्रायः केन्द्रीय गेजेबोबाट निःशुल्क कन्सर्टहरू दिइन्छ।","बगैँचाको वरिपरि धेरै रेस्टुरेन्टहरू छन्, र दिउँसो र साँझमा त्यहाँ प्रायः केन्द्रीय गेजेबोबाट निःशुल्क कन्सर्टहरू दिइन्छ।","bagainchaako waripari dherai resturentaharuu chhan, ra diunso ra saanjhamaa tyahaan praayh kendriiya gejebobaata nihshulka kansartaharuu diinchha.","bagainchaako waripari dherai resturentaharuu chhan, ra diunso ra saanjhamaa tyahaan praayh kendriiya gejebobaata nihshulka kansartaharuu diinchha."
Callejon del Beso (Alley of the Kiss). Two balconies separated by only 69 centimeters is home of an old love legend.,क्यालेजन डेल बेसो (चुम्बनको गल्ली)। 69 सेन्टिमिटरले विभाजित दुईवटा बालकनीहरू पुरानो प्रेम किंवदन्तीको घर हो।,क्यालेजन डेल बेसो (चुम्बनको गल्ली)। 69 सेन्टिमिटरले विभाजित दुईवटा बालकनीहरू पुरानो प्रेम किंवदन्तीको घर हो।,kyaalejana dela beso (chumbanako gallii). 69 sentimitarale wibhaajita duiiwataa baalakaniiharuu puraano prema kinwadantiiko ghara ho.,kyaalejana dela beso (chumbanako gallii). 69 sentimitarale wibhaajita duiiwataa baalakaniiharuu puraano prema kinwadantiiko ghara ho.
For a few pennies some children will tell you the story.,केही पैसाका लागि केही बच्चाहरूले तपाईँलाई कथा सुनाउनेछन्।,केही पैसाका लागि केही बच्चाहरूले तिमीलाई कथा सुनाउनेछन्।,kehii paisaakaa laagi kehii bachchaaharuule tapaaiinlaaii kathaa sunaaunechhan.,kehii paisaakaa laagi kehii bachchaaharuule timiilaaii kathaa sunaaunechhan.
"Bowen Island is a popular day trip or weekend excursion offering kayaking, hiking, shops, restaurants, and more.","बोवेन टापु कयाकिङ, पदयात्रा, पसल, रेस्टुरेन्ट, र अधिक प्रस्ताव गर्ने एक लोकप्रिय दिनको यात्रा वा सप्ताहन्त भ्रमण हो।","बोवेन टापु कयाकिङ, पदयात्रा, पसल, रेस्टुरेन्ट, र अधिक प्रस्ताव गर्ने एक लोकप्रिय दिनको यात्रा वा सप्ताहन्त भ्रमण हो।","bowena taapu kayaakinga, padayaatraa, pasala, resturenta, ra adhika prastaawa garne eka lokapriya dinako yaatraa waa saptaahanta bhramana ho.","bowena taapu kayaakinga, padayaatraa, pasala, resturenta, ra adhika prastaawa garne eka lokapriya dinako yaatraa waa saptaahanta bhramana ho."
"This authentic community is located in Howe Sound just off Vancouver, and is easily accessed via scheduled water taxis departing Granville Island in downtown Vancouver.","यो प्रामाणिक समुदाय भ्यानकुभरको छेउमा हाव साउन्डमा अवस्थित छ, र डाउनटाउन भ्यानकुभरको ग्रानभिल टापुबाट प्रस्थान गर्ने अनुसूचित पानी ट्याक्सीहरू मार्फत सजिलै पहुँच गरिन्छ।","यो प्रामाणिक समुदाय भ्यानकुभरको छेउमा हाव साउन्डमा अवस्थित छ, र डाउनटाउन भ्यानकुभरको ग्रानभिल टापुबाट प्रस्थान गर्ने अनुसूचित पानी ट्याक्सीहरू मार्फत सजिलै पहुँच गरिन्छ।","yo praamaanika samudaaya bhyaanakubharako chheumaa haawa saaundamaa awasthita chha, ra daaunataauna bhyaanakubharako graanabhila taapubaata prasthaana garne anusuuchita paanii tyaaksiiharuu maarphata sajilai pahuncha garinchha.","yo praamaanika samudaaya bhyaanakubharako chheumaa haawa saaundamaa awasthita chha, ra daaunataauna bhyaanakubharako graanabhila taapubaata prasthaana garne anusuuchita paanii tyaaksiiharuu maarphata sajilai pahuncha garinchha."
"For those who enjoy outdoor activities, a trek up the Sea to Sky corridor is essential.","बाहिरी गतिविधिहरूको आनन्द लिनेहरूका लागि, सागरदेखि आकाश कोरिडोरसम्म पैदल यात्रा आवश्यक छ।","बाहिरी गतिविधिहरूको आनन्द लिनेहरूका लागि, सागरदेखि आकाश कोरिडोरसम्म पैदल यात्रा आवश्यक छ।","baahirii gatiwidhiharuuko aananda lineharuukaa laagi, saagaradekhi aakaasha koridorasamma paidala yaatraa aawashyaka chha.","baahirii gatiwidhiharuuko aananda lineharuukaa laagi, saagaradekhi aakaasha koridorasamma paidala yaatraa aawashyaka chha."
Whistler (1.5 hour drive from Vancouver) is expensive but well-known because of the 2010 Winter Olympics.,ह्विस्लर (भ्यानकुभरबाट 1.5 घण्टाको ड्राइभ) महँगो छ तर 2010 शीतकालीन ओलम्पिकका कारण प्रसिद्ध छ।,ह्विस्लर (भ्यानकुभरबाट 1.5 घण्टाको ड्राइभ) महँगो छ तर 2010 शीतकालीन ओलम्पिकका कारण प्रसिद्ध छ।,hwislara (bhyaanakubharabaata 1.5 ghantaako draaibha) mahngo chha tara 2010 shiitakaaliina olampikakaa kaarana prasiddha chha.,hwislara (bhyaanakubharabaata 1.5 ghantaako draaibha) mahngo chha tara 2010 shiitakaaliina olampikakaa kaarana prasiddha chha.
"In the winter, enjoy some of the best skiing in North America, and in the summer try some authentic mountain biking.","जाडोमा, उत्तरी अमेरिकामा केही उत्कृष्ट स्किइङको आनन्द लिनुहोस्, र गर्मीमा केही प्रामाणिक माउन्टेन बाइकिङ गर्ने प्रयास गर्नुहोस्।","जाडोमा, उत्तरी अमेरिकामा केही उत्कृष्ट स्किइङको आनन्द लिनुहोस्, र गर्मीमा केही प्रामाणिक माउन्टेन बाइकिङ गर्ने प्रयास गर।","jaadomaa, uttarii amerikaamaa kehii utkrishta skiingako aananda linuhos, ra garmiimaa kehii praamaanika maauntena baaikinga garne prayaasa garnuhos.","jaadomaa, uttarii amerikaamaa kehii utkrishta skiingako aananda linuhos, ra garmiimaa kehii praamaanika maauntena baaikinga garne prayaasa gara."
Permits must be reserved in advance. You must have a permit to stay overnight at Sirena.,अनुमतिहरू अग्रिम रूपमा आरक्षित हुनुपर्छ। तपाईँसँग सिरेनामा रातभरि बस्न अनुमति हुनुपर्छ।,अनुमतिहरू अग्रिम रूपमा आरक्षित हुनुपर्छ। तिमीसँग सिरेनामा रातभरि बस्न अनुमति हुनुपर्छ।,anumatiharuu agrima ruupamaa aarakshita hunuparchha. tapaaiinsnga sirenaamaa raatabhari basna anumati hunuparchha.,anumatiharuu agrima ruupamaa aarakshita hunuparchha. timiisnga sirenaamaa raatabhari basna anumati hunuparchha.
"Sirena is the only ranger station that offers dormitory lodging and hot meals in addition to camping. La Leona, San Pedrillo, and Los Patos offer only camping with no food service.","साइरेना एक मात्र रेन्जर स्टेसन हो जसले क्याम्पिङका अतिरिक्त शयनगृहमा बस्ने र तातो खाना प्रदान गर्दछ। ला लियोना, सान पेड्रिलो र लस प्याटोसले कुनै खाना सेवा बिना मात्र क्याम्पिङ प्रदान गर्दछ।","साइरेना एक मात्र रेन्जर स्टेसन हो जसले क्याम्पिङका अतिरिक्त शयनगृहमा बस्ने र तातो खाना प्रदान गर्दछ। ला लियोना, सान पेड्रिलो र लस प्याटोसले कुनै खाना सेवा बिना मात्र क्याम्पिङ प्रदान गर्दछ।","saairenaa eka maatra renjara stesana ho jasale kyaampingakaa atirikta shayanagrihamaa basne ra taato khaanaa pradaana gardachha. laa liyonaa, saana pedrilo ra lasa pyaatosale kunai khaanaa sewaa binaa maatra kyaampinga pradaana gardachha.","saairenaa eka maatra renjara stesana ho jasale kyaampingakaa atirikta shayanagrihamaa basne ra taato khaanaa pradaana gardachha. laa liyonaa, saana pedrilo ra lasa pyaatosale kunai khaanaa sewaa binaa maatra kyaampinga pradaana gardachha."
"It is possible to secure park permits directly from the Ranger Station in Puerto Jiménez, but they do not accept credit cards","पोर्टो जिमेनेजको रेन्जर स्टेसनबाट सिधै पार्क अनुमति सुरक्षित गर्न सम्भव छ, तर तिनीहरूले क्रेडिट कार्डहरू स्वीकार गर्दैनन्।","पोर्टो जिमेनेजको रेन्जर स्टेसनबाट सिधै पार्क अनुमति सुरक्षित गर्न सम्भव छ, तर तिनीहरूले क्रेडिट कार्डहरू स्वीकार गर्दैनन्।","porto jimenejako renjara stesanabaata sidhai paarka anumati surakshita garna sambhawa chha, tara tiniiharuule kredita kaardaharuu swiikaara gardainan.","porto jimenejako renjara stesanabaata sidhai paarka anumati surakshita garna sambhawa chha, tara tiniiharuule kredita kaardaharuu swiikaara gardainan."
The Park Service (MINAE) does not issue park permits more than one month in advance of anticipated arrival.,पार्क सेवा (एमआइएनएई) ले अपेक्षित आगमनको एक महिनाभन्दा पहिले पार्क अनुमति जारी गर्दैन।,पार्क सेवा (एमआइएनएई) ले अपेक्षित आगमनको एक महिनाभन्दा पहिले पार्क अनुमति जारी गर्दैन।,paarka sewaa (emaaaienaeii) le apekshita aagamanako eka mahinaabhandaa pahile paarka anumati jaarii gardaina.,paarka sewaa (emaaaienaeii) le apekshita aagamanako eka mahinaabhandaa pahile paarka anumati jaarii gardaina.
"CafeNet El Sol offers a reservation service for a fee of US$30, or $10 for one-day passes; details on their Corcovado page.","क्याफेनेट एल सोलले युएस $30 को शुल्कमा आरक्षण सेवा प्रदान गर्दछ, वा एक दिनको पासका लागि $10; तिनीहरूको कोर्कोभाडो पृष्ठमा विवरणहरू।","क्याफेनेट एल सोलले युएस $30 को शुल्कमा आरक्षण सेवा प्रदान गर्दछ, वा एक दिनको पासका लागि $10; तिनीहरूको कोर्कोभाडो पृष्ठमा विवरणहरू।","kyaapheneta ela solale yuesa $30 ko shulkamaa aarakshana sewaa pradaana gardachha, waa eka dinako paasakaa laagi $10; tiniiharuuko korkobhaado prishthamaa wiwaranaharuu.","kyaapheneta ela solale yuesa $30 ko shulkamaa aarakshana sewaa pradaana gardachha, waa eka dinako paasakaa laagi $10; tiniiharuuko korkobhaado prishthamaa wiwaranaharuu."
"The Cook Islands are an island country in free association with New Zealand, located in Polynesia, in the middle of the South Pacific Ocean.",कुक टापुहरू दक्षिण प्रशान्त महासागरको बिचमा पोलिनेसियामा अवस्थित न्युजिल्यान्डसँग स्वतन्त्र सहकार्यमा रहेको टापु देश हो।,कुक टापुहरू दक्षिण प्रशान्त महासागरको बिचमा पोलिनेसियामा अवस्थित न्युजिल्यान्डसँग स्वतन्त्र सहकार्यमा रहेको टापु देश हो।,kuka taapuharuu dakshina prashaanta mahaasaagarako bichamaa polinesiyaamaa awasthita nyujilyaandasnga swatantra sahakaaryamaa raheko taapu desha ho.,kuka taapuharuu dakshina prashaanta mahaasaagarako bichamaa polinesiyaamaa awasthita nyujilyaandasnga swatantra sahakaaryamaa raheko taapu desha ho.
It is an archipelago with 15 islands spread out over 2.2 million km2 of ocean.,यो 15 वटा टापुहरू भएको एउटा द्वीपसमूह हो जुन 22 लाख वर्ग किलोमिटर समुद्रमा फैलिएको छ।,यो 15 वटा टापुहरू भएको एउटा द्वीपसमूह हो जुन 22 लाख वर्ग किलोमिटर समुद्रमा फैलिएको छ।,yo 15 wataa taapuharuu bhaeko eutaa dwiipasamuuha ho juna 22 laakha warga kilomitara samudramaa phailieko chha.,yo 15 wataa taapuharuu bhaeko eutaa dwiipasamuuha ho juna 22 laakha warga kilomitara samudramaa phailieko chha.
"With the same time zone as Hawaii, the islands are sometimes thought of as ""Hawaii down under"".","हवाई जस्तै समान समय क्षेत्रको साथ, टापुहरूलाई कहिलेकाहीँ ""हवाई डाउन अन्डर"" को रूपमा मानिन्छ।","हवाई जस्तै समान समय क्षेत्रको साथ, टापुहरूलाई कहिलेकाहीँ ""हवाई डाउन अन्डर"" को रूपमा मानिन्छ।","hawaaii jastai samaana samaya kshetrako saatha, taapuharuulaaii kahilekaahiin ""hawaaii daauna andara"" ko ruupamaa maaninchha.","hawaaii jastai samaana samaya kshetrako saatha, taapuharuulaaii kahilekaahiin ""hawaaii daauna andara"" ko ruupamaa maaninchha."
"Though smaller, it reminds some elderly visitors of Hawaii before statehood without all the large tourist hotels and other development.","सानो भए तापनि, यसले सबै ठुला पर्यटक होटलहरू र अन्य विकासहरू बिना राज्यत्व हुनुअघि हवाईका केही वृद्ध आगन्तुकहरूलाई सम्झाउँछ।","सानो भए तापनि, यसले सबै ठुला पर्यटक होटलहरू र अन्य विकासहरू बिना राज्यत्व हुनुअघि हवाईका केही वृद्ध आगन्तुकहरूलाई सम्झाउँछ।","saano bhae taapani, yasale sabai thulaa paryataka hotalaharuu ra anya wikaasaharuu binaa raajyatwa hunuaghi hawaaiikaa kehii wriddha aagantukaharuulaaii samjhaaunchha.","saano bhae taapani, yasale sabai thulaa paryataka hotalaharuu ra anya wikaasaharuu binaa raajyatwa hunuaghi hawaaiikaa kehii wriddha aagantukaharuulaaii samjhaaunchha."
The Cook Islands do not have any cities but are composed of 15 different islands. The main ones are Rarotonga and Aitutaki.,कुक टापुहरूमा कुनै सहरहरू छैनन् तर 15 वटा विभिन्न टापुहरू मिलेर बनेका छन्। मुख्य टापुहरू रारोटोङ्गा र एटुटाकी हुन्।,कुक टापुहरूमा कुनै सहरहरू छैनन् तर 15 वटा विभिन्न टापुहरू मिलेर बनेका छन्। मुख्य टापुहरू रारोटोङ्गा र एटुटाकी हुन्।,kuka taapuharuumaa kunai saharaharuu chhainan tara 15 wataa wibhinna taapuharuu milera banekaa chhan. mukhya taapuharuu raarotonggaa ra etutaakii hun.,kuka taapuharuumaa kunai saharaharuu chhainan tara 15 wataa wibhinna taapuharuu milera banekaa chhan. mukhya taapuharuu raarotonggaa ra etutaakii hun.
"In developed countries today, providing deluxe bed and breakfasts has been raised to a sort of art-form.","आज विकसित देशहरूमा, डिलक्स बेड र ब्रेकफास्ट प्रदान गर्ने एक प्रकारको कला-रूपमा बढाइएको छ।","आज विकसित देशहरूमा, डिलक्स बेड र ब्रेकफास्ट प्रदान गर्ने एक प्रकारको कला-रूपमा बढाइएको छ।","aaja wikasita deshaharuumaa, dilaksa beda ra brekaphaasta pradaana garne eka prakaarako kalaa-ruupamaa badhaaieko chha.","aaja wikasita deshaharuumaa, dilaksa beda ra brekaphaasta pradaana garne eka prakaarako kalaa-ruupamaa badhaaieko chha."
"At the top end, B&Bs obviously compete mainly on two main things: bedding and breakfast.","शीर्ष अन्त्यमा, बी एन्ड बीहरूले स्पष्ट रूपमा मुख्यतया दुई मुख्य चीजहरूमा प्रतिस्पर्धा गर्छन्ः ओछ्यान र बिहानको खाजा।","शीर्ष अन्त्यमा, बी एन्ड बीहरूले स्पष्ट रूपमा मुख्यतया दुई मुख्य चीजहरूमा प्रतिस्पर्धा गर्छन्ः ओछ्यान र बिहानको खाजा।","shiirsha antyamaa, bii enda biiharuule spashta ruupamaa mukhyatayaa duii mukhya chiijaharuumaa pratispardhaa garchhanh ochhyaana ra bihaanako khaajaa.","shiirsha antyamaa, bii enda biiharuule spashta ruupamaa mukhyatayaa duii mukhya chiijaharuumaa pratispardhaa garchhanh ochhyaana ra bihaanako khaajaa."
"Accordingly, at the finest such establishments one is apt to find the most luxurious bedding, maybe a handmade quilt or an antique bed.","तदनुसार, उत्कृष्ट त्यस्ता प्रतिष्ठानहरूमा सबैभन्दा विलासी ओछ्यान, सायद हस्तनिर्मित रजाई वा पुरातन ओछ्यान फेला पार्न उपयुक्त छ।","तदनुसार, उत्कृष्ट त्यस्ता प्रतिष्ठानहरूमा सबैभन्दा विलासी ओछ्यान, सायद हस्तनिर्मित रजाई वा पुरातन ओछ्यान फेला पार्न उपयुक्त छ।","tadanusaara, utkrishta tyastaa pratishthaanaharuumaa sabaibhandaa wilaasii ochhyaana, saayada hastanirmita rajaaii waa puraatana ochhyaana phelaa paarna upayukta chha.","tadanusaara, utkrishta tyastaa pratishthaanaharuumaa sabaibhandaa wilaasii ochhyaana, saayada hastanirmita rajaaii waa puraatana ochhyaana phelaa paarna upayukta chha."
Breakfast may include seasonal delights of the region or the host's speciality dish.,बिहानको खाजा यस क्षेत्रको मौसमी आनन्द वा होस्टको विशेष परिकार समावेश हुन सक्छ।,बिहानको खाजा यस क्षेत्रको मौसमी आनन्द वा होस्टको विशेष परिकार समावेश हुन सक्छ।,bihaanako khaajaa yasa kshetrako mausamii aananda waa hostako wishesha parikaara samaawesha huna sakchha.,bihaanako khaajaa yasa kshetrako mausamii aananda waa hostako wishesha parikaara samaawesha huna sakchha.
"The setting might be an historic old building with antique furnishings, manicured grounds and a swimming pool.","यो सेटिङ पुरातन फर्निचर, म्यानिक्योर मैदान र स्विमिङ पुल भएको ऐतिहासिक पुरानो भवन हुन सक्छ।","यो सेटिङ पुरातन फर्निचर, म्यानिक्योर मैदान र स्विमिङ पुल भएको ऐतिहासिक पुरानो भवन हुन सक्छ।","yo setinga puraatana pharnichara, myaanikyora maidaana ra swiminga pula bhaeko aitihaasika puraano bhawana huna sakchha.","yo setinga puraatana pharnichara, myaanikyora maidaana ra swiminga pula bhaeko aitihaasika puraano bhawana huna sakchha."
Getting into your own car and heading off on a long road trip has an intrinsic appeal in its simplicity.,आफ्नै कारमा चढ्नु र लामो सडक यात्रामा जानु यसको सरलतामा एक आन्तरिक अपील छ।,आफ्नै कारमा चढ्नु र लामो सडक यात्रामा जानु यसको सरलतामा एक आन्तरिक अपील छ।,aaphnai kaaramaa chadhnu ra laamo sadaka yaatraamaa jaanu yasako saralataamaa eka aantarika apiila chha.,aaphnai kaaramaa chadhnu ra laamo sadaka yaatraamaa jaanu yasako saralataamaa eka aantarika apiila chha.
"Unlike larger vehicles, you are probably already familiar with driving your car and know its limitations.","ठुला सवारी साधनहरूको विपरीत, तपाईँ सम्भवतः पहिले नै आफ्नो कार चलाउनसँग परिचित हुनुहुन्छ र यसका सीमाहरू जान्नुहुन्छ।","ठुला सवारी साधनहरूको विपरीत, तिमी सम्भवतः पहिले नै आफ्नो कार चलाउनसँग परिचित छौ र यसका सीमाहरू जान्नुहुन्छ।","thulaa sawaarii saadhanaharuuko wipariita, tapaaiin sambhawath pahile nai aaphno kaara chalaaunasnga parichita hunuhunchha ra yasakaa siimaaharuu jaannuhunchha.","thulaa sawaarii saadhanaharuuko wipariita, timii sambhawath pahile nai aaphno kaara chalaaunasnga parichita chhau ra yasakaa siimaaharuu jaannuhunchha."
Setting up a tent on private property or in a town of any size can easily attract unwanted attention.,निजी सम्पत्तिमा वा कुनै पनि आकारको सहरमा तम्बू स्थापना गर्नाले सजिलै अनावश्यक ध्यान आकर्षित गर्न सक्छ।,निजी सम्पत्तिमा वा कुनै पनि आकारको सहरमा तम्बू स्थापना गर्नाले सजिलै अनावश्यक ध्यान आकर्षित गर्न सक्छ।,nijii sampattimaa waa kunai pani aakaarako saharamaa tambuu sthaapanaa garnaale sajilai anaawashyaka dhyaana aakarshita garna sakchha.,nijii sampattimaa waa kunai pani aakaarako saharamaa tambuu sthaapanaa garnaale sajilai anaawashyaka dhyaana aakarshita garna sakchha.
"In short, using your car is a great way to take a road trip but seldom in itself a way to ""camp"".","संक्षेपमा, तपाईँको कार प्रयोग गर्नु सडक यात्रा गर्ने उत्कृष्ट तरिका हो तर विरलै नै ""क्याम्प"" गर्ने तरिका हो।","संक्षेपमा, तिमीको कार प्रयोग गर्नु सडक यात्रा गर्ने उत्कृष्ट तरिका हो तर विरलै नै ""क्याम्प"" गर्ने तरिका हो।","snkshepamaa, tapaaiinko kaara prayoga garnu sadaka yaatraa garne utkrishta tarikaa ho tara wiralai nai ""kyaampa"" garne tarikaa ho.","snkshepamaa, timiiko kaara prayoga garnu sadaka yaatraa garne utkrishta tarikaa ho tara wiralai nai ""kyaampa"" garne tarikaa ho."
"Car camping is possible if you have a large minivan, SUV, Sedan or Station Wagon with seats that lay down.","यदि तपाईँसँग ठुलो मिनीभान, एसयुवी, सेडान वा स्टेशन वैगन छ भने कार क्याम्पिङ सम्भव छ।","यदि तिमीसँग ठुलो मिनीभान, एसयुवी, सेडान वा स्टेशन वैगन छ भने कार क्याम्पिङ सम्भव छ।","yadi tapaaiinsnga thulo miniibhaana, esayuwii, sedaana waa steshana waigana chha bhane kaara kyaampinga sambhawa chha.","yadi timiisnga thulo miniibhaana, esayuwii, sedaana waa steshana waigana chha bhane kaara kyaampinga sambhawa chha."
"Some hotels have a heritage from the golden age of steam railways and ocean liners; before the Second World War, in the 19th or early 20th centuries.",केही होटलहरूमा 19 औँ वा 20 औँ शताब्दीको सुरुमा दोस्रो विश्वयुद्धअघि स्टीम रेलवे र समुद्री लाइनर्सको स्वर्ण युगको विरासत छ।,केही होटलहरूमा 19 औँ वा 20 औँ शताब्दीको सुरुमा दोस्रो विश्वयुद्धअघि स्टीम रेलवे र समुद्री लाइनर्सको स्वर्ण युगको विरासत छ।,kehii hotalaharuumaa 19 aun waa 20 aun shataabdiiko surumaa dosro wishwayuddhaaghi stiima relawe ra samudrii laainarsako swarna yugako wiraasata chha.,kehii hotalaharuumaa 19 aun waa 20 aun shataabdiiko surumaa dosro wishwayuddhaaghi stiima relawe ra samudrii laainarsako swarna yugako wiraasata chha.
"These hotels were where the rich and the famous of the day would stay, and often had fine dining and nightlife.","यी होटलहरू ती ठाउँहरू थिए जहाँ धनी र प्रसिद्धहरू बस्ने गर्थे, र प्रायः राम्रो भोजन र रात्रि जीवन हुन्थ्यो।","यी होटलहरू ती ठाउँहरू थिए जहाँ धनी र प्रसिद्धहरू बस्ने गर्थे, र प्रायः राम्रो भोजन र रात्रि जीवन हुन्थ्यो।","yii hotalaharuu tii thaaunharuu thie jahaan dhanii ra prasiddhaharuu basne garthe, ra praayh raamro bhojana ra raatri jiiwana hunthyo.","yii hotalaharuu tii thaaunharuu thie jahaan dhanii ra prasiddhaharuu basne garthe, ra praayh raamro bhojana ra raatri jiiwana hunthyo."
"The old fashioned fittings, the lack of the latest amenities, and a certain graceful agedness are also part of their character.","पुराना फेसनका फिटिङहरू, नवीनतम सुविधाहरूको अभाव, र एक निश्चित सुन्दर वृद्धावस्था पनि तिनीहरूको चरित्रको हिस्सा हो।","पुराना फेसनका फिटिङहरू, नवीनतम सुविधाहरूको अभाव, र एक निश्चित सुन्दर वृद्धावस्था पनि तिनीहरूको चरित्रको हिस्सा हो।","puraanaa phesanakaa phitingaharuu, nawiinatama suwidhaaharuuko abhaawa, ra eka nishchita sundara wriddhaawasthaa pani tiniiharuuko charitrako hissaa ho.","puraanaa phesanakaa phitingaharuu, nawiinatama suwidhaaharuuko abhaawa, ra eka nishchita sundara wriddhaawasthaa pani tiniiharuuko charitrako hissaa ho."
"While they are usually privately owned, they sometimes accommodate visiting heads of state and other dignitaries.","तिनीहरू सामान्यतया निजी स्वामित्वमा भए तापनि, तिनीहरू कहिलेकाहीँ राज्यका प्रमुखहरू र अन्य प्रतिष्ठित व्यक्तिहरूलाई समायोजन गर्छन्।","तिनीहरू सामान्यतया निजी स्वामित्वमा भए तापनि, तिनीहरू कहिलेकाहीँ राज्यका प्रमुखहरू र अन्य प्रतिष्ठित व्यक्तिहरूलाई समायोजन गर्छन्।","tiniiharuu saamaanyatayaa nijii swaamitwamaa bhae taapani, tiniiharuu kahilekaahiin raajyakaa pramukhaharuu ra anya pratishthita wyaktiharuulaaii samaayojana garchhan.","tiniiharuu saamaanyatayaa nijii swaamitwamaa bhae taapani, tiniiharuu kahilekaahiin raajyakaa pramukhaharuu ra anya pratishthita wyaktiharuulaaii samaayojana garchhan."
"A traveller with piles of money might consider a round the world flight, broken up with stays in many of these hotels.",पैसाको ढिस्को भएको यात्रुले यी मध्ये धेरै होटलहरूमा बस्ने क्रममा टुटेको विश्व उडानको विचार गर्न सक्छ।,पैसाको ढिस्को भएको यात्रुले यी मध्ये धेरै होटलहरूमा बस्ने क्रममा टुटेको विश्व उडानको विचार गर्न सक्छ।,paisaako dhisko bhaeko yaatrule yii madhye dherai hotalaharuumaa basne kramamaa tuteko wishwa udaanako wichaara garna sakchha.,paisaako dhisko bhaeko yaatrule yii madhye dherai hotalaharuumaa basne kramamaa tuteko wishwa udaanako wichaara garna sakchha.
A hospitality exchange network is the organization that connects travelers with locals in the cities they are going to visit.,आतिथ्य आदानप्रदान सञ्जाल त्यो संस्था हो जसले यात्रुहरूलाई उनीहरूले भ्रमण गर्न जाँदै गरेको सहरका स्थानीयहरूसँग जोड्छ।,आतिथ्य आदानप्रदान सञ्जाल त्यो संस्था हो जसले यात्रुहरूलाई उनीहरूले भ्रमण गर्न जाँदै गरेको सहरका स्थानीयहरूसँग जोड्छ।,aatithya aadaanapradaana sanyjaala tyo snsthaa ho jasale yaatruharuulaaii uniiharuule bhramana garna jaandai gareko saharakaa sthaaniiyaharuusnga jodchha.,aatithya aadaanapradaana sanyjaala tyo snsthaa ho jasale yaatruharuulaaii uniiharuule bhramana garna jaandai gareko saharakaa sthaaniiyaharuusnga jodchha.
Joining such a network usually just requires filling out an online form; although some networks offer or require additional verification.,यस्तो नेटवर्कमा सामेल हुन सामान्यतया केवल अनलाइन फारम भर्न आवश्यक हुन्छ; यद्यपि केही नेटवर्कहरूले प्रस्ताव गर्छन् वा थप प्रमाणिकरण आवश्यक पर्दछ।,यस्तो नेटवर्कमा सामेल हुन सामान्यतया केवल अनलाइन फारम भर्न आवश्यक हुन्छ; यद्यपि केही नेटवर्कहरूले प्रस्ताव गर्छन् वा थप प्रमाणिकरण आवश्यक पर्दछ।,yasto netawarkamaa saamela huna saamaanyatayaa kewala analaaina phaarama bharna aawashyaka hunchha; yadyapi kehii netawarkaharuule prastaawa garchhan waa thapa pramaanikarana aawashyaka pardachha.,yasto netawarkamaa saamela huna saamaanyatayaa kewala analaaina phaarama bharna aawashyaka hunchha; yadyapi kehii netawarkaharuule prastaawa garchhan waa thapa pramaanikarana aawashyaka pardachha.
"A listing of available hosts is then provided either in print and/or online, sometimes with references and reviews by other travelers.","उपलब्ध होस्टहरूको सूची त्यसपछि प्रिन्ट र/वा अनलाइनमा प्रदान गरिन्छ, कहिलेकाहीँ अन्य यात्रुहरूद्वारा सन्दर्भ र समीक्षाहरूका साथ।","उपलब्ध होस्टहरूको सूची त्यसपछि प्रिन्ट र/वा अनलाइनमा प्रदान गरिन्छ, कहिलेकाहीँ अन्य यात्रुहरूद्वारा सन्दर्भ र समीक्षाहरूका साथ।","upalabdha hostaharuuko suuchii tyasapachhi printa ra/waa analaainamaa pradaana garinchha, kahilekaahiin anya yaatruharuudwaaraa sandarbha ra samiikshaaharuukaa saatha.","upalabdha hostaharuuko suuchii tyasapachhi printa ra/waa analaainamaa pradaana garinchha, kahilekaahiin anya yaatruharuudwaaraa sandarbha ra samiikshaaharuukaa saatha."
Couchsurfing was founded in January 2004 after computer programmer Casey Fenton found a cheap flight to Iceland but did not have a place to stay.,कम्प्युटर प्रोग्रामर केसी फेन्टनले आइसल्यान्डका लागि सस्तो उडान फेला पारे तर बस्न ठाउँ नभएको कारण जनवरी 2004 मा काउचसर्फिङको स्थापना भएको थियो।,कम्प्युटर प्रोग्रामर केसी फेन्टनले आइसल्यान्डका लागि सस्तो उडान फेला पारे तर बस्न ठाउँ नभएको कारण जनवरी 2004 मा काउचसर्फिङको स्थापना भएको थियो।,kampyutara prograamara kesii phentanale aaisalyaandakaa laagi sasto udaana phelaa paare tara basna thaaun nabhaeko kaarana janawarii 2004 maa kaauchasarphingako sthaapanaa bhaeko thiyo.,kampyutara prograamara kesii phentanale aaisalyaandakaa laagi sasto udaana phelaa paare tara basna thaaun nabhaeko kaarana janawarii 2004 maa kaauchasarphingako sthaapanaa bhaeko thiyo.
He emailed students at the local university and received an overwhelming number of offers for free accommodation.,उनले स्थानीय विश्वविद्यालयका विद्यार्थीहरूलाई इमेल गरे र निःशुल्क आवासका लागि भारी सङ्ख्यामा प्रस्तावहरू प्राप्त गरे।,उनले स्थानीय विश्वविद्यालयका विद्यार्थीहरूलाई इमेल गरे र निःशुल्क आवासका लागि भारी सङ्ख्यामा प्रस्तावहरू प्राप्त गरे।,unale sthaaniiya wishwawidyaalayakaa widyaarthiiharuulaaii imela gare ra nihshulka aawaasakaa laagi bhaarii sangkhyaamaa prastaawaharuu praapta gare.,unale sthaaniiya wishwawidyaalayakaa widyaarthiiharuulaaii imela gare ra nihshulka aawaasakaa laagi bhaarii sangkhyaamaa prastaawaharuu praapta gare.
Hostels cater primarily to young people – a typical guest is in their twenties – but you can often find older travellers there too.,हस्टलहरूले मुख्यतया युवाहरूका लागि सेवा प्रदान गर्दछ-एक सामान्य अतिथि उनीहरूको बिसको उमेरमा हुन्छ-तर तपाईँले प्रायः त्यहाँ पनि वृद्ध यात्रुहरू फेला पार्न सक्नुहुन्छ।,हस्टलहरूले मुख्यतया युवाहरूका लागि सेवा प्रदान गर्दछ-एक सामान्य अतिथि उनीहरूको बिसको उमेरमा हुन्छ-तर तिमीले प्रायः त्यहाँ पनि वृद्ध यात्रुहरू फेला पार्न सक्छौ।,hastalaharuule mukhyatayaa yuwaaharuukaa laagi sewaa pradaana gardachha-eka saamaanya atithi uniiharuuko bisako umeramaa hunchha-tara tapaaiinle praayh tyahaan pani wriddha yaatruharuu phelaa paarna saknuhunchha.,hastalaharuule mukhyatayaa yuwaaharuukaa laagi sewaa pradaana gardachha-eka saamaanya atithi uniiharuuko bisako umeramaa hunchha-tara timiile praayh tyahaan pani wriddha yaatruharuu phelaa paarna sakchhau.
"Families with children are a rare sight, but some hostels do allow them in private rooms.","बच्चाहरू भएका परिवारहरू दुर्लभ दृश्य हुन्, तर केही हस्टलहरूले उनीहरूलाई निजी कोठाहरूमा अनुमति दिन्छन्।","बच्चाहरू भएका परिवारहरू दुर्लभ दृश्य हुन्, तर केही हस्टलहरूले उनीहरूलाई निजी कोठाहरूमा अनुमति दिन्छन्।","bachchaaharuu bhaekaa pariwaaraharuu durlabha drishya hun, tara kehii hastalaharuule uniiharuulaaii nijii kothaaharuumaa anumati dinchhan.","bachchaaharuu bhaekaa pariwaaraharuu durlabha drishya hun, tara kehii hastalaharuule uniiharuulaaii nijii kothaaharuumaa anumati dinchhan."
"The city of Beijing in China will be the host city of the Olympic Winter Games in 2022, which will make it the first city to have hosted both the summer and winter Olympics.","सन् 2022 मा ओलम्पिक शीतकालीन खेलहरूको आयोजक सहर चिनको बेइजिङ सहर हुनेछ, जसले यसलाई ग्रीष्म र शीतकालीन ओलम्पिक दुवैको आयोजना गर्ने पहिलो सहर बनाउनेछ।","सन् 2022 मा ओलम्पिक शीतकालीन खेलहरूको आयोजक सहर चिनको बेइजिङ सहर हुनेछ, जसले यसलाई ग्रीष्म र शीतकालीन ओलम्पिक दुवैको आयोजना गर्ने पहिलो सहर बनाउनेछ।","san 2022 maa olampika shiitakaaliina khelaharuuko aayojaka sahara chinako beijinga sahara hunechha, jasale yasalaaii griishma ra shiitakaaliina olampika duwaiko aayojanaa garne pahilo sahara banaaunechha.","san 2022 maa olampika shiitakaaliina khelaharuuko aayojaka sahara chinako beijinga sahara hunechha, jasale yasalaaii griishma ra shiitakaaliina olampika duwaiko aayojanaa garne pahilo sahara banaaunechha."
Beijing will host the opening and closing ceremonies and the indoor ice events.,बेइजिङले उद्घाटन र समापन समारोह र इनडोर आइस इभेन्टहरू आयोजना गर्नेछ।,बेइजिङले उद्घाटन र समापन समारोह र इनडोर आइस इभेन्टहरू आयोजना गर्नेछ।,beijingale udghaatana ra samaapana samaaroha ra inadora aaisa ibhentaharuu aayojanaa garnechha.,beijingale udghaatana ra samaapana samaaroha ra inadora aaisa ibhentaharuu aayojanaa garnechha.
"Other skiing events will be at the Taizicheng ski area in Zhangjiakou, about 220 km (140 miles) from Beijing.",अन्य स्किइङ कार्यक्रमहरू बेइजिङबाट लगभग 220 किलोमिटर (140 माइल) टाढा झाङजियाकौको ताइजिचेङ स्की क्षेत्रमा हुनेछन्।,अन्य स्किइङ कार्यक्रमहरू बेइजिङबाट लगभग 220 किलोमिटर (140 माइल) टाढा झाङजियाकौको ताइजिचेङ स्की क्षेत्रमा हुनेछन्।,anya skiinga kaaryakramaharuu beijingabaata lagabhaga 220 kilomitara (140 maaila) taadhaa jhaangajiyaakauko taaijichenga skii kshetramaa hunechhan.,anya skiinga kaaryakramaharuu beijingabaata lagabhaga 220 kilomitara (140 maaila) taadhaa jhaangajiyaakauko taaijichenga skii kshetramaa hunechhan.
"Most of the temples do have an Annual festival starting from November end to Mid of May, which varies according to each temple's annual calendar.","अधिकांश मन्दिरहरूमा नोभेम्बरको अन्त्यदेखि मेको मध्यसम्म वार्षिक उत्सव हुन्छ, जुन प्रत्येक मन्दिरको वार्षिक क्यालेन्डरअनुसार भिन्न हुन्छ।","अधिकांश मन्दिरहरूमा नोभेम्बरको अन्त्यदेखि मेको मध्यसम्म वार्षिक उत्सव हुन्छ, जुन प्रत्येक मन्दिरको वार्षिक क्यालेन्डरअनुसार भिन्न हुन्छ।","adhikaansha mandiraharuumaa nobhembarako antyadekhi meko madhyasamma waarshika utsawa hunchha, juna pratyeka mandirako waarshika kyaalendaraanusaara bhinna hunchha.","adhikaansha mandiraharuumaa nobhembarako antyadekhi meko madhyasamma waarshika utsawa hunchha, juna pratyeka mandirako waarshika kyaalendaraanusaara bhinna hunchha."
Most of the temple festivals is celebrated as part of temple's anniversary or presiding deity's birthday or any other major event associated with the temple.,अधिकांश मन्दिरका चाडपर्वहरू मन्दिरको वार्षिकोत्सव वा अधिष्ठाता देवताको जन्मदिन वा मन्दिरसँग सम्बन्धित कुनै पनि अन्य प्रमुख कार्यक्रमको भागको रूपमा मनाइन्छ।,अधिकांश मन्दिरका चाडपर्वहरू मन्दिरको वार्षिकोत्सव वा अधिष्ठाता देवताको जन्मदिन वा मन्दिरसँग सम्बन्धित कुनै पनि अन्य प्रमुख कार्यक्रमको भागको रूपमा मनाइन्छ।,adhikaansha mandirakaa chaadaparwaharuu mandirako waarshikotsawa waa adhishthaataa dewataako janmadina waa mandirasnga sambandhita kunai pani anya pramukha kaaryakramako bhaagako ruupamaa manaainchha.,adhikaansha mandirakaa chaadaparwaharuu mandirako waarshikotsawa waa adhishthaataa dewataako janmadina waa mandirasnga sambandhita kunai pani anya pramukha kaaryakramako bhaagako ruupamaa manaainchha.
"Kerala's temple festivals are very interesting to see, with regular procession of decorated elephants, temple orchestra and other festivities.","केरला मन्दिरका चाडपर्वहरू हेर्न धेरै रोचक छन्, जसमा सजाइएको हात्ती, मन्दिर अर्केस्ट्रा र अन्य उत्सवहरूको नियमित जुलुस छ।","केरला मन्दिरका चाडपर्वहरू हेर्न धेरै रोचक छन्, जसमा सजाइएको हात्ती, मन्दिर अर्केस्ट्रा र अन्य उत्सवहरूको नियमित जुलुस छ।","keralaa mandirakaa chaadaparwaharuu herna dherai rochaka chhan, jasamaa sajaaieko haattii, mandira arkestraa ra anya utsawaharuuko niyamita julusa chha.","keralaa mandirakaa chaadaparwaharuu herna dherai rochaka chhan, jasamaa sajaaieko haattii, mandira arkestraa ra anya utsawaharuuko niyamita julusa chha."
"A World's Fair (commonly called World Exposition, or simply Expo) is large international festival of arts and sciences.","विश्व मेला (सामान्यतया विश्व प्रदर्शनी, वा केवल एक्सपो भनिन्छ) कला र विज्ञानको ठुलो अन्तर्राष्ट्रिय महोत्सव हो।","विश्व मेला (सामान्यतया विश्व प्रदर्शनी, वा केवल एक्सपो भनिन्छ) कला र विज्ञानको ठुलो अन्तर्राष्ट्रिय महोत्सव हो।","wishwa melaa (saamaanyatayaa wishwa pradarshanii, waa kewala eksapo bhaninchha) kalaa ra wijnyaanako thulo antarraashtriya mahotsawa ho.","wishwa melaa (saamaanyatayaa wishwa pradarshanii, waa kewala eksapo bhaninchha) kalaa ra wijnyaanako thulo antarraashtriya mahotsawa ho."
Participating countries present artistic and educational displays in national pavilions to showcase world issues or their country's culture and history.,सहभागी देशहरूले विश्व मुद्दाहरू वा आफ्नो देशको संस्कृति र इतिहास प्रदर्शन गर्न राष्ट्रिय मण्डपहरूमा कलात्मक र शैक्षिक प्रदर्शनहरू प्रस्तुत गर्छन्।,सहभागी देशहरूले विश्व मुद्दाहरू वा आफ्नो देशको संस्कृति र इतिहास प्रदर्शन गर्न राष्ट्रिय मण्डपहरूमा कलात्मक र शैक्षिक प्रदर्शनहरू प्रस्तुत गर्छन्।,sahabhaagii deshaharuule wishwa muddaaharuu waa aaphno deshako snskriti ra itihaasa pradarshana garna raashtriya mandapaharuumaa kalaatmaka ra shaikshika pradarshanaharuu prastuta garchhan.,sahabhaagii deshaharuule wishwa muddaaharuu waa aaphno deshako snskriti ra itihaasa pradarshana garna raashtriya mandapaharuumaa kalaatmaka ra shaikshika pradarshanaharuu prastuta garchhan.
"International Horticultural Expositions are specialised events which showcase floral displays, botanical gardens and anything else to do with plants.","अन्तर्राष्ट्रिय बागवानी प्रदर्शनीहरू विशेष कार्यक्रमहरू हुन् जसले पुष्प प्रदर्शन, वनस्पति उद्यान र बोटबिरुवाहरूसँग सम्बन्धित अन्य कुनै पनि कुरा प्रदर्शन गर्दछ।","अन्तर्राष्ट्रिय बागवानी प्रदर्शनीहरू विशेष कार्यक्रमहरू हुन् जसले पुष्प प्रदर्शन, वनस्पति उद्यान र बोटबिरुवाहरूसँग सम्बन्धित अन्य कुनै पनि कुरा प्रदर्शन गर्दछ।","antarraashtriya baagawaanii pradarshaniiharuu wishesha kaaryakramaharuu hun jasale pushpa pradarshana, wanaspati udyaana ra botabiruwaaharuusnga sambandhita anya kunai pani kuraa pradarshana gardachha.","antarraashtriya baagawaanii pradarshaniiharuu wishesha kaaryakramaharuu hun jasale pushpa pradarshana, wanaspati udyaana ra botabiruwaaharuusnga sambandhita anya kunai pani kuraa pradarshana gardachha."
"Although in theory they can take place annually (so long as they are in different countries), in practice they are not.","यद्यपि सिद्धान्तमा तिनीहरू वार्षिक रूपमा हुन सक्छन् (जबसम्म तिनीहरू विभिन्न देशहरूमा छन्), अभ्यासमा तिनीहरू छैनन्।","यद्यपि सिद्धान्तमा तिनीहरू वार्षिक रूपमा हुन सक्छन् (जबसम्म तिनीहरू विभिन्न देशहरूमा छन्), अभ्यासमा तिनीहरू छैनन्।","yadyapi siddhaantamaa tiniiharuu waarshika ruupamaa huna sakchhan (jabasamma tiniiharuu wibhinna deshaharuumaa chhan), abhyaasamaa tiniiharuu chhainan.","yadyapi siddhaantamaa tiniiharuu waarshika ruupamaa huna sakchhan (jabasamma tiniiharuu wibhinna deshaharuumaa chhan), abhyaasamaa tiniiharuu chhainan."
"These events normally last anywhere between three and six months, and are held on sites no smaller than 50 hectares.","यी कार्यक्रमहरू सामान्यतया तिनदेखि छ महिनाको बिचमा रहन्छ, र 50 हेक्टरभन्दा कमका साइटहरूमा आयोजित गरिन्छ।","यी कार्यक्रमहरू सामान्यतया तिनदेखि छ महिनाको बिचमा रहन्छ, र 50 हेक्टरभन्दा कमका साइटहरूमा आयोजित गरिन्छ।","yii kaaryakramaharuu saamaanyatayaa tinadekhi chha mahinaako bichamaa rahanchha, ra 50 hektarabhandaa kamakaa saaitaharuumaa aayojita garinchha.","yii kaaryakramaharuu saamaanyatayaa tinadekhi chha mahinaako bichamaa rahanchha, ra 50 hektarabhandaa kamakaa saaitaharuumaa aayojita garinchha."
There are many different film formats that have been used over the years. Standard 35 mm film (36 by 24 mm negative) is much the commonest.,वर्षौंदेखि प्रयोग हुँदै आएका विभिन्न फिल्म ढाँचाहरू छन्। मानक 35 मिमी फिल्म (36 बाय 24 मिमी नेगेटिभ) सबैभन्दा सामान्य छ।,वर्षौंदेखि प्रयोग हुँदै आएका विभिन्न फिल्म ढाँचाहरू छन्। मानक 35 मिमी फिल्म (36 बाय 24 मिमी नेगेटिभ) सबैभन्दा सामान्य छ।,warshaundekhi prayoga hundai aaekaa wibhinna philma dhaanchaaharuu chhan. maanaka 35 mimii philma (36 baaya 24 mimii negetibha) sabaibhandaa saamaanya chha.,warshaundekhi prayoga hundai aaekaa wibhinna philma dhaanchaaharuu chhan. maanaka 35 mimii philma (36 baaya 24 mimii negetibha) sabaibhandaa saamaanya chha.
"It can usually be replenished fairly easily if you run out, and gives resolution roughly comparable to a current DSLR.","यदि तपाईँको समय समाप्त भयो भने यसलाई सामान्यतया सजिलैसँग पुनः भर्न सकिन्छ, र हालको डिएसएलआरसँग लगभग तुलनात्मक रूपमा रिजोलुसन दिन्छ।","यदि तिमीको समय समाप्त भयो भने यसलाई सामान्यतया सजिलैसँग पुनः भर्न सकिन्छ, र हालको डिएसएलआरसँग लगभग तुलनात्मक रूपमा रिजोलुसन दिन्छ।","yadi tapaaiinko samaya samaapta bhayo bhane yasalaaii saamaanyatayaa sajilaisnga punh bharna sakinchha, ra haalako diesaelaaarasnga lagabhaga tulanaatmaka ruupamaa rijolusana dinchha.","yadi timiiko samaya samaapta bhayo bhane yasalaaii saamaanyatayaa sajilaisnga punh bharna sakinchha, ra haalako diesaelaaarasnga lagabhaga tulanaatmaka ruupamaa rijolusana dinchha."
"Some medium-format film cameras use a 6 by 6 cm format, more precisely a 56 by 56 mm negative.","केही मध्यम-ढाँचाका फिल्म क्यामेराहरूले 6 बाय 6 सेमी ढाँचा प्रयोग गर्छन्, अझ स्पष्ट रूपमा 56 बाय 56 मिमी नकारात्मक।","केही मध्यम-ढाँचाका फिल्म क्यामेराहरूले 6 बाय 6 सेमी ढाँचा प्रयोग गर्छन्, अझ स्पष्ट रूपमा 56 बाय 56 मिमी नकारात्मक।","kehii madhyama-dhaanchaakaa philma kyaameraaharuule 6 baaya 6 semii dhaanchaa prayoga garchhan, ajha spashta ruupamaa 56 baaya 56 mimii nakaaraatmaka.","kehii madhyama-dhaanchaakaa philma kyaameraaharuule 6 baaya 6 semii dhaanchaa prayoga garchhan, ajha spashta ruupamaa 56 baaya 56 mimii nakaaraatmaka."
This gives resolution almost four times that of a 35 mm negative (3136 mm2 versus 864).,यसले 35 मिमी नकारात्मक (3136 मिमी2 बनाम 864) भन्दा लगभग चार गुणा रिजोलुसन दिन्छ।,यसले 35 मिमी नकारात्मक (3136 मिमी2 बनाम 864) भन्दा लगभग चार गुणा रिजोलुसन दिन्छ।,yasale 35 mimii nakaaraatmaka (3136 mimii2 banaama 864) bhandaa lagabhaga chaara gunaa rijolusana dinchha.,yasale 35 mimii nakaaraatmaka (3136 mimii2 banaama 864) bhandaa lagabhaga chaara gunaa rijolusana dinchha.
"Wildlife is among the most challenging motifs for a photographer, and needs a combination of good luck, patience, experience and good equipment.","वन्यजन्तु फोटोग्राफरका लागि सबैभन्दा चुनौतीपूर्ण मोटिफहरू मध्ये एक हो, र सौभाग्य, धैर्य, अनुभव र राम्रो उपकरणको संयोजन चाहिन्छ।","वन्यजन्तु फोटोग्राफरका लागि सबैभन्दा चुनौतीपूर्ण मोटिफहरू मध्ये एक हो, र सौभाग्य, धैर्य, अनुभव र राम्रो उपकरणको संयोजन चाहिन्छ।","wanyajantu photograapharakaa laagi sabaibhandaa chunautiipuurna motiphaharuu madhye eka ho, ra saubhaagya, dhairya, anubhawa ra raamro upakaranako snyojana chaahinchha.","wanyajantu photograapharakaa laagi sabaibhandaa chunautiipuurna motiphaharuu madhye eka ho, ra saubhaagya, dhairya, anubhawa ra raamro upakaranako snyojana chaahinchha."
"Wildlife photography is often taken for granted, but like photography in general, a picture is worth a thousand words.","वन्यजन्तु फोटोग्राफीलाई प्रायः सामान्य रूपमा लिइन्छ, तर सामान्यतया फोटोग्राफी जस्तै, एउटा तस्विर हजार शब्दको लायक हुन्छ।","वन्यजन्तु फोटोग्राफीलाई प्रायः सामान्य रूपमा लिइन्छ, तर सामान्यतया फोटोग्राफी जस्तै, एउटा तस्विर हजार शब्दको लायक हुन्छ।","wanyajantu photograaphiilaaii praayh saamaanya ruupamaa liinchha, tara saamaanyatayaa photograaphii jastai, eutaa taswira hajaara shabdako laayaka hunchha.","wanyajantu photograaphiilaaii praayh saamaanya ruupamaa liinchha, tara saamaanyatayaa photograaphii jastai, eutaa taswira hajaara shabdako laayaka hunchha."
"Wildlife photography often requires a long telephoto lens, though things like a flock of birds or a tiny creature need other lenses.","वन्यजन्तु फोटोग्राफीलाई प्रायः लामो टेलिफोटो लेन्स चाहिन्छ, यद्यपि चराहरूको झुण्ड वा सानो प्राणी जस्ता चीजहरूलाई अन्य लेन्सहरू चाहिन्छ।","वन्यजन्तु फोटोग्राफीलाई प्रायः लामो टेलिफोटो लेन्स चाहिन्छ, यद्यपि चराहरूको झुण्ड वा सानो प्राणी जस्ता चीजहरूलाई अन्य लेन्सहरू चाहिन्छ।","wanyajantu photograaphiilaaii praayh laamo teliphoto lensa chaahinchha, yadyapi charaaharuuko jhunda waa saano praanii jastaa chiijaharuulaaii anya lensaharuu chaahinchha.","wanyajantu photograaphiilaaii praayh laamo teliphoto lensa chaahinchha, yadyapi charaaharuuko jhunda waa saano praanii jastaa chiijaharuulaaii anya lensaharuu chaahinchha."
"Many exotic animals are hard to find, and parks sometimes have rules about taking photographs for commercial purposes.","धेरै विदेशी जनावरहरू फेला पार्न गाह्रो हुन्छ, र पार्कहरूमा कहिलेकाहीँ व्यावसायिक उद्देश्यका लागि फोटो खिच्ने नियमहरू हुन्छन्।","धेरै विदेशी जनावरहरू फेला पार्न गाह्रो हुन्छ, र पार्कहरूमा कहिलेकाहीँ व्यावसायिक उद्देश्यका लागि फोटो खिच्ने नियमहरू हुन्छन्।","dherai wideshii janaawaraharuu phelaa paarna gaahro hunchha, ra paarkaharuumaa kahilekaahiin wyaawasaayika uddeshyakaa laagi photo khichne niyamaharuu hunchhan.","dherai wideshii janaawaraharuu phelaa paarna gaahro hunchha, ra paarkaharuumaa kahilekaahiin wyaawasaayika uddeshyakaa laagi photo khichne niyamaharuu hunchhan."
"Wild animals might either be shy or aggressive. The environment might be cold, hot, or otherwise hostile.","जङ्गली जनावरहरू या त लाजमर्दो वा आक्रामक हुन सक्छन्। वातावरण चिसो, तातो वा अन्यथा शत्रुतापूर्ण हुन सक्छ।","जङ्गली जनावरहरू या त लाजमर्दो वा आक्रामक हुन सक्छन्। वातावरण चिसो, तातो वा अन्यथा शत्रुतापूर्ण हुन सक्छ।","janggalii janaawaraharuu yaa ta laajamardo waa aakraamaka huna sakchhan. waataawarana chiso, taato waa anyathaa shatrutaapuurna huna sakchha.","janggalii janaawaraharuu yaa ta laajamardo waa aakraamaka huna sakchhan. waataawarana chiso, taato waa anyathaa shatrutaapuurna huna sakchha."
"The world has over 5,000 different languages, including more than twenty with 50 million or more speakers.","विश्वमा 5 करोड वा सोभन्दा बढी बोल्नेहरूसहित 20 भन्दा बढी विभिन्न भाषाहरूसहित 5,000 भन्दा बढी विभिन्न भाषाहरू छन्।","विश्वमा 5 करोड वा सोभन्दा बढी बोल्नेहरूसहित 20 भन्दा बढी विभिन्न भाषाहरूसहित 5,000 भन्दा बढी विभिन्न भाषाहरू छन्।","wishwamaa 5 karoda waa sobhandaa badhii bolneharuusahita 20 bhandaa badhii wibhinna bhaashaaharuusahita 5,000 bhandaa badhii wibhinna bhaashaaharuu chhan.","wishwamaa 5 karoda waa sobhandaa badhii bolneharuusahita 20 bhandaa badhii wibhinna bhaashaaharuusahita 5,000 bhandaa badhii wibhinna bhaashaaharuu chhan."
"Written words are often easier to understand than spoken words, also. This is especially true of addresses, which are often difficult to pronounce intelligibly.","लिखित शब्दहरू प्रायः बोलेका शब्दहरू भन्दा बुझ्न सजिलो हुन्छ। यो विशेष गरी ठेगानाहरूको सन्दर्भमा सत्य हो, जुन प्रायः समझदारीपूर्वक उच्चारण गर्न गाह्रो हुन्छ।","लिखित शब्दहरू प्रायः बोलेका शब्दहरू भन्दा बुझ्न सजिलो हुन्छ। यो विशेष गरी ठेगानाहरूको सन्दर्भमा सत्य हो, जुन प्रायः समझदारीपूर्वक उच्चारण गर्न गाह्रो हुन्छ।","likhita shabdaharuu praayh bolekaa shabdaharuu bhandaa bujhna sajilo hunchha. yo wishesha garii thegaanaaharuuko sandarbhamaa satya ho, juna praayh samajhadaariipuurwaka uchchaarana garna gaahro hunchha.","likhita shabdaharuu praayh bolekaa shabdaharuu bhandaa bujhna sajilo hunchha. yo wishesha garii thegaanaaharuuko sandarbhamaa satya ho, juna praayh samajhadaariipuurwaka uchchaarana garna gaahro hunchha."
"Many entire nations are completely fluent in English, and in even more you can expect a limited knowledge - especially among younger people.","धेरै सम्पूर्ण राष्ट्रहरू अङ्ग्रेजीमा पूर्ण रूपमा धाराप्रवाह छन्, र अझ बढीमा तपाईँ सीमित ज्ञानको अपेक्षा गर्न सक्नुहुन्छ-विशेष गरी युवाहरूबिच।","धेरै सम्पूर्ण राष्ट्रहरू अङ्ग्रेजीमा पूर्ण रूपमा धाराप्रवाह छन्, र अझ बढीमा तिमी सीमित ज्ञानको अपेक्षा गर्न सक्छौ-विशेष गरी युवाहरूबिच।","dherai sampuurna raashtraharuu anggrejiimaa puurna ruupamaa dhaaraaprawaaha chhan, ra ajha badhiimaa tapaaiin siimita jnyaanako apekshaa garna saknuhunchha-wishesha garii yuwaaharuubicha.","dherai sampuurna raashtraharuu anggrejiimaa puurna ruupamaa dhaaraaprawaaha chhan, ra ajha badhiimaa timii siimita jnyaanako apekshaa garna sakchhau-wishesha garii yuwaaharuubicha."
"Imagine, if you will, a Mancunian, Bostonian, Jamaican and Sydneysider sitting around a table having dinner at a restaurant in Toronto.","कल्पना गर्नुहोस्, यदि तपाईँ चाहनुहुन्छ भने, एउटा म्यानकुनियन, बोस्टनियन, जमैकन र सिड्नीसाइडर टोरन्टोको रेस्टुरेन्टमा टेबलको वरिपरि बसेर रातिको खाना खाँदैछन्।","कल्पना गर, यदि तिमी चाहनुहुन्छ भने, एउटा म्यानकुनियन, बोस्टनियन, जमैकन र सिड्नीसाइडर टोरन्टोको रेस्टुरेन्टमा टेबलको वरिपरि बसेर रातिको खाना खाँदैछन्।","kalpanaa garnuhos, yadi tapaaiin chaahanuhunchha bhane, eutaa myaanakuniyana, bostaniyana, jamaikana ra sidniisaaidara torantoko resturentamaa tebalako waripari basera raatiko khaanaa khaandaichhan.","kalpanaa gara, yadi timii chaahanuhunchha bhane, eutaa myaanakuniyana, bostaniyana, jamaikana ra sidniisaaidara torantoko resturentamaa tebalako waripari basera raatiko khaanaa khaandaichhan."
"They're regaling each other with stories from their hometowns, told in their distinct accents and local argot.","तिनीहरू एकअर्कालाई उनीहरूको गृहनगरका कथाहरू, उनीहरूको विशिष्ट उच्चारण र स्थानीय आर्गोटमा भनिएको छ।","तिनीहरू एकअर्कालाई उनीहरूको गृहनगरका कथाहरू, उनीहरूको विशिष्ट उच्चारण र स्थानीय आर्गोटमा भनिएको छ।","tiniiharuu ekaarkaalaaii uniiharuuko grihanagarakaa kathaaharuu, uniiharuuko wishishta uchchaarana ra sthaaniiya aargotamaa bhanieko chha.","tiniiharuu ekaarkaalaaii uniiharuuko grihanagarakaa kathaaharuu, uniiharuuko wishishta uchchaarana ra sthaaniiya aargotamaa bhanieko chha."
"Buying food in supermarkets is usually the cheapest way to get fed. Without cooking opportunities, choices are however limited to ready-made food.","सुपरमार्केटमा खाना किन्नु सामान्यतया खाना पाउने सबैभन्दा सस्तो तरिका हो। खाना पकाउने अवसरहरू बिना, विकल्पहरू तयार खानामा सीमित छन्।","सुपरमार्केटमा खाना किन्नु सामान्यतया खाना पाउने सबैभन्दा सस्तो तरिका हो। खाना पकाउने अवसरहरू बिना, विकल्पहरू तयार खानामा सीमित छन्।","suparamaarketamaa khaanaa kinnu saamaanyatayaa khaanaa paaune sabaibhandaa sasto tarikaa ho. khaanaa pakaaune awasaraharuu binaa, wikalpaharuu tayaara khaanaamaa siimita chhan.","suparamaarketamaa khaanaa kinnu saamaanyatayaa khaanaa paaune sabaibhandaa sasto tarikaa ho. khaanaa pakaaune awasaraharuu binaa, wikalpaharuu tayaara khaanaamaa siimita chhan."
Increasingly supermarkets are getting a more varied section of ready-made food. Some even provide a microwave oven or other means to heat food.,सुपरमार्केटहरूले तयार खानाको अधिक विविध खण्डहरू प्राप्त गरिरहेका छन्। केहीले माइक्रोवेव ओभन वा खाना तातो गर्ने अन्य माध्यमहरू पनि प्रदान गर्छन्।,सुपरमार्केटहरूले तयार खानाको अधिक विविध खण्डहरू प्राप्त गरिरहेका छन्। केहीले माइक्रोवेव ओभन वा खाना तातो गर्ने अन्य माध्यमहरू पनि प्रदान गर्छन्।,suparamaarketaharuule tayaara khaanaako adhika wiwidha khandaharuu praapta garirahekaa chhan. kehiile maaikrowewa obhana waa khaanaa taato garne anya maadhyamaharuu pani pradaana garchhan.,suparamaarketaharuule tayaara khaanaako adhika wiwidha khandaharuu praapta garirahekaa chhan. kehiile maaikrowewa obhana waa khaanaa taato garne anya maadhyamaharuu pani pradaana garchhan.
"In some countries or types of stores there is at least one on-site restaurant, often a rather informal one with affordable prices.","केही देशहरूमा वा स्टोरका प्रकारहरूमा कम्तिमा एउटा अन-साइट रेस्टुरेन्ट हुन्छ, प्रायः किफायती मूल्यहरूको साथ अनौपचारिक।","केही देशहरूमा वा स्टोरका प्रकारहरूमा कम्तिमा एउटा अन-साइट रेस्टुरेन्ट हुन्छ, प्रायः किफायती मूल्यहरूको साथ अनौपचारिक।","kehii deshaharuumaa waa storakaa prakaaraharuumaa kamtimaa eutaa ana-saaita resturenta hunchha, praayh kiphaayatii muulyaharuuko saatha anaupachaarika.","kehii deshaharuumaa waa storakaa prakaaraharuumaa kamtimaa eutaa ana-saaita resturenta hunchha, praayh kiphaayatii muulyaharuuko saatha anaupachaarika."
Make and carry copies of your policy and your insurer's contact details with you.,तपाईँको नीति र तपाईँको बिमा कम्पनीको सम्पर्क विवरणहरूको प्रतिलिपिहरू बनाउनुहोस् र तपाईँसँग राख्नुहोस्।,तिमीको नीति र तिमीको बिमा कम्पनीको सम्पर्क विवरणहरूको प्रतिलिपिहरू बनाउनुहोस् र तिमीसँग राख्नुहोस्।,tapaaiinko niiti ra tapaaiinko bimaa kampaniiko samparka wiwaranaharuuko pratilipiharuu banaaunuhos ra tapaaiinsnga raakhnuhos.,timiiko niiti ra timiiko bimaa kampaniiko samparka wiwaranaharuuko pratilipiharuu banaaunuhos ra timiisnga raakhnuhos.
They need to show the insurer's e-mail address and international phone numbers for advice/authorizations and making claims.,उनीहरूले सल्लाह/प्राधिकरण र दावी गर्न बीमाकर्ता को ई-मेल ठेगाना र अन्तर्राष्ट्रिय फोन नम्बरहरू देखाउनु आवश्यक छ।,उनीहरूले सल्लाह/प्राधिकरण र दावी गर्न बीमाकर्ता को ई-मेल ठेगाना र अन्तर्राष्ट्रिय फोन नम्बरहरू देखाउनु आवश्यक छ।,uniiharuule sallaaha/praadhikarana ra daawii garna biimaakartaa ko ii-mela thegaanaa ra antarraashtriya phona nambaraharuu dekhaaunu aawashyaka chha.,uniiharuule sallaaha/praadhikarana ra daawii garna biimaakartaa ko ii-mela thegaanaa ra antarraashtriya phona nambaraharuu dekhaaunu aawashyaka chha.
"Have another copy in your luggage and online (e-mail to yourself with attachment, or stored in the ""cloud"").","तपाईँको सामानमा र अनलाइनमा अर्को प्रतिलिपि राख्नुहोस् (संलग्नता सहित आफैलाई ई-मेल गर्नुहोस्, वा ""क्लाउड"" मा भण्डारण गर्नुहोस्)।","तिमीको सामानमा र अनलाइनमा अर्को प्रतिलिपि राख्नुहोस् (संलग्नता सहित आफैलाई ई-मेल गर, वा ""क्लाउड"" मा भण्डारण गर)।","tapaaiinko saamaanamaa ra analaainamaa arko pratilipi raakhnuhos (snlagnataa sahita aaphailaaii ii-mela garnuhos, waa ""klaauda"" maa bhandaarana garnuhos).","timiiko saamaanamaa ra analaainamaa arko pratilipi raakhnuhos (snlagnataa sahita aaphailaaii ii-mela gara, waa ""klaauda"" maa bhandaarana gara)."
"If traveling with a laptop or tablet, store a copy in its memory or disc (accessible without the internet).","यदि ल्यापटप वा ट्याब्लेट लिएर यात्रा गर्दै हुनुहुन्छ भने, यसको मेमोरी वा डिस्कमा प्रतिलिपि भण्डारण गर्नुहोस् (इन्टरनेट बिना पहुँचयोग्य)।","यदि ल्यापटप वा ट्याब्लेट लिएर यात्रा गर्दै छौ भने, यसको मेमोरी वा डिस्कमा प्रतिलिपि भण्डारण गर (इन्टरनेट बिना पहुँचयोग्य)।","yadi lyaapatapa waa tyaableta liera yaatraa gardai hunuhunchha bhane, yasako memorii waa diskamaa pratilipi bhandaarana garnuhos (intaraneta binaa pahunchayogya).","yadi lyaapatapa waa tyaableta liera yaatraa gardai chhau bhane, yasako memorii waa diskamaa pratilipi bhandaarana gara (intaraneta binaa pahunchayogya)."
Also give policy/contact copies to traveling companions and relatives or friends back home willing to help.,मद्दत गर्न इच्छुक घर फर्कने यात्रा साथीहरू र आफन्तहरू वा साथीहरूलाई नीति/सम्पर्क प्रतिलिपिहरू पनि दिनुहोस्।,मद्दत गर्न इच्छुक घर फर्कने यात्रा साथीहरू र आफन्तहरू वा साथीहरूलाई नीति/सम्पर्क प्रतिलिपिहरू पनि देऊ।,maddata garna ichchhuka ghara pharkane yaatraa saathiiharuu ra aaphantaharuu waa saathiiharuulaaii niiti/samparka pratilipiharuu pani dinuhos.,maddata garna ichchhuka ghara pharkane yaatraa saathiiharuu ra aaphantaharuu waa saathiiharuulaaii niiti/samparka pratilipiharuu pani deuu.
"Moose (also known as elk) aren't inherently aggressive, but will defend themselves if they perceive a threat.","मुस (जसलाई एल्क पनि भनिन्छ) स्वाभाविक रूपमा आक्रामक हुँदैनन्, तर यदि तिनीहरूले खतरा महसुस गरे भने आफूलाई बचाउँछन्।","मुस (जसलाई एल्क पनि भनिन्छ) स्वाभाविक रूपमा आक्रामक हुँदैनन्, तर यदि तिनीहरूले खतरा महसुस गरे भने आफूलाई बचाउँछन्।","musa (jasalaaii elka pani bhaninchha) swaabhaawika ruupamaa aakraamaka hundainan, tara yadi tiniiharuule khataraa mahasusa gare bhane aaphuulaaii bachaaunchhan.","musa (jasalaaii elka pani bhaninchha) swaabhaawika ruupamaa aakraamaka hundainan, tara yadi tiniiharuule khataraa mahasusa gare bhane aaphuulaaii bachaaunchhan."
"When people don't see moose as potentially dangerous, they may approach too closely and put themselves at risk.","जब मानिसहरूले मुसलाई सम्भावित खतरनाकको रूपमा देख्दैनन्, तिनीहरू धेरै नजिक पुग्न सक्छन् र आफूलाई जोखिममा पार्न सक्छन्।","जब मानिसहरूले मुसलाई सम्भावित खतरनाकको रूपमा देख्दैनन्, तिनीहरू धेरै नजिक पुग्न सक्छन् र आफूलाई जोखिममा पार्न सक्छन्।","jaba maanisaharuule musalaaii sambhaawita khataranaakako ruupamaa dekhdainan, tiniiharuu dherai najika pugna sakchhan ra aaphuulaaii jokhimamaa paarna sakchhan.","jaba maanisaharuule musalaaii sambhaawita khataranaakako ruupamaa dekhdainan, tiniiharuu dherai najika pugna sakchhan ra aaphuulaaii jokhimamaa paarna sakchhan."
"Drink alcoholic drinks with moderation. Alcohol affects everyone differently, and knowing your limit is very important.","मद्यप पेय पदार्थहरू मित रूपमा पिउनुहोस्। मद्यपानले सबैलाई फरक फरक असर गर्छ, र आफ्नो सीमा जान्नु धेरै महत्त्वपूर्ण छ।","मद्यप पेय पदार्थहरू मित रूपमा पिउनुहोस्। मद्यपानले सबैलाई फरक फरक असर गर्छ, र आफ्नो सीमा जान्नु धेरै महत्त्वपूर्ण छ।","madyapa peya padaarthaharuu mita ruupamaa piunuhos. madyapaanale sabailaaii pharaka pharaka asara garchha, ra aaphno siimaa jaannu dherai mahattwapuurna chha.","madyapa peya padaarthaharuu mita ruupamaa piunuhos. madyapaanale sabailaaii pharaka pharaka asara garchha, ra aaphno siimaa jaannu dherai mahattwapuurna chha."
Possible long term health events from excessive drinking can include liver damage and even blindness and death. The potential danger is increased when consuming illegally produced alcohol.,अत्यधिक पिउनेबाट हुने सम्भावित दीर्घकालीन स्वास्थ्य घटनाहरूमा कलेजोको क्षति र अन्धोपन र मृत्यु पनि समावेश हुन सक्छ। अवैध रूपमा उत्पादित रक्सीको सेवन गर्दा सम्भावित खतरा बढ्छ।,अत्यधिक पिउनेबाट हुने सम्भावित दीर्घकालीन स्वास्थ्य घटनाहरूमा कलेजोको क्षति र अन्धोपन र मृत्यु पनि समावेश हुन सक्छ। अवैध रूपमा उत्पादित रक्सीको सेवन गर्दा सम्भावित खतरा बढ्छ।,atyadhika piunebaata hune sambhaawita diirghakaaliina swaasthya ghatanaaharuumaa kalejoko kshati ra andhopana ra mrityu pani samaawesha huna sakchha. awaidha ruupamaa utpaadita raksiiko sewana gardaa sambhaawita khataraa badhchha.,atyadhika piunebaata hune sambhaawita diirghakaaliina swaasthya ghatanaaharuumaa kalejoko kshati ra andhopana ra mrityu pani samaawesha huna sakchha. awaidha ruupamaa utpaadita raksiiko sewana gardaa sambhaawita khataraa badhchha.
"Illegal spirits can contain various dangerous impurities including methanol, which can cause blindness or death even in small doses.","अवैध स्पिरिटमा मेथनोलसहित विभिन्न खतरनाक अशुद्धताहरू हुन सक्छन्, जसले सानो खुराकमा पनि अन्धोपन वा मृत्यु निम्त्याउन सक्छ।","अवैध स्पिरिटमा मेथनोलसहित विभिन्न खतरनाक अशुद्धताहरू हुन सक्छन्, जसले सानो खुराकमा पनि अन्धोपन वा मृत्यु निम्त्याउन सक्छ।","awaidha spiritamaa methanolasahita wibhinna khataranaaka ashuddhataaharuu huna sakchhan, jasale saano khuraakamaa pani andhopana waa mrityu nimtyaauna sakchha.","awaidha spiritamaa methanolasahita wibhinna khataranaaka ashuddhataaharuu huna sakchhan, jasale saano khuraakamaa pani andhopana waa mrityu nimtyaauna sakchha."
"Eyeglasses can be cheaper in a foreign country, especially in low-income countries where labour costs are lower.","विदेशमा चश्मा सस्तो हुन सक्छ, विशेष गरी कम आय भएका देशहरूमा जहाँ श्रम लागत कम छ।","विदेशमा चश्मा सस्तो हुन सक्छ, विशेष गरी कम आय भएका देशहरूमा जहाँ श्रम लागत कम छ।","wideshamaa chashmaa sasto huna sakchha, wishesha garii kama aaya bhaekaa deshaharuumaa jahaan shrama laagata kama chha.","wideshamaa chashmaa sasto huna sakchha, wishesha garii kama aaya bhaekaa deshaharuumaa jahaan shrama laagata kama chha."
"Consider getting an eye exam at home, especially if insurance covers it, and bringing the prescription along to be filed elsewhere.","घरमा आँखाको जाँच गराउने विचार गर्नुहोस्, विशेष गरी यदि बीमाले यसलाई समेट्छ भने, र प्रिस्क्रिप्शनलाई अन्यत्र दर्ता गर्न ल्याउनुहोस्।","घरमा आँखाको जाँच गराउने विचार गर, विशेष गरी यदि बीमाले यसलाई समेट्छ भने, र प्रिस्क्रिप्शनलाई अन्यत्र दर्ता गर्न ल्याउनुहोस्।","gharamaa aankhaako jaancha garaaune wichaara garnuhos, wishesha garii yadi biimaale yasalaaii sametchha bhane, ra priskripshanalaaii anyatra dartaa garna lyaaunuhos.","gharamaa aankhaako jaancha garaaune wichaara gara, wishesha garii yadi biimaale yasalaaii sametchha bhane, ra priskripshanalaaii anyatra dartaa garna lyaaunuhos."
"High-end brand-name frames available in such areas may have two problems; some may be knock-offs, and the real imported ones may be more expensive than at home.","त्यस्ता क्षेत्रहरूमा उपलब्ध उच्च-अन्त ब्रान्ड-नाम फ्रेमहरूमा दुई समस्याहरू हुन सक्छन्; केही नक-अफ हुन सक्छन्, र वास्तविक आयातितहरू घरको तुलनामा महँगो हुन सक्छन्।","त्यस्ता क्षेत्रहरूमा उपलब्ध उच्च-अन्त ब्रान्ड-नाम फ्रेमहरूमा दुई समस्याहरू हुन सक्छन्; केही नक-अफ हुन सक्छन्, र वास्तविक आयातितहरू घरको तुलनामा महँगो हुन सक्छन्।","tyastaa kshetraharuumaa upalabdha uchcha-anta braanda-naama phremaharuumaa duii samasyaaharuu huna sakchhan; kehii naka-apha huna sakchhan, ra waastawika aayaatitaharuu gharako tulanaamaa mahngo huna sakchhan.","tyastaa kshetraharuumaa upalabdha uchcha-anta braanda-naama phremaharuumaa duii samasyaaharuu huna sakchhan; kehii naka-apha huna sakchhan, ra waastawika aayaatitaharuu gharako tulanaamaa mahngo huna sakchhan."
"Coffee is one of the world's most traded commodities, and you can probably find many types in your home region.","कफी विश्वको सबैभन्दा धेरै व्यापार हुने वस्तुहरू मध्ये एक हो, र तपाईँले सम्भवतः आफ्नो गृह क्षेत्रमा धेरै प्रकारका पाउन सक्नुहुन्छ।","कफी विश्वको सबैभन्दा धेरै व्यापार हुने वस्तुहरू मध्ये एक हो, र तिमीले सम्भवतः आफ्नो गृह क्षेत्रमा धेरै प्रकारका पाउन सक्छौ।","kaphii wishwako sabaibhandaa dherai wyaapaara hune wastuharuu madhye eka ho, ra tapaaiinle sambhawath aaphno griha kshetramaa dherai prakaarakaa paauna saknuhunchha.","kaphii wishwako sabaibhandaa dherai wyaapaara hune wastuharuu madhye eka ho, ra timiile sambhawath aaphno griha kshetramaa dherai prakaarakaa paauna sakchhau."
"Nevertheless, there are many distinctive ways of drinking coffee around the world that are worth experiencing.","जे होस्, संसारभरि कफी पिउने धेरै विशिष्ट तरिकाहरू छन् जुन अनुभव गर्न लायक छन्।","जे होस्, संसारभरि कफी पिउने धेरै विशिष्ट तरिकाहरू छन् जुन अनुभव गर्न लायक छन्।","je hos, snsaarabhari kaphii piune dherai wishishta tarikaaharuu chhan juna anubhawa garna laayaka chhan.","je hos, snsaarabhari kaphii piune dherai wishishta tarikaaharuu chhan juna anubhawa garna laayaka chhan."
"Canyoning (or: canyoneering) is about going in a bottom of a canyon, which is either dry or full of water.","क्यानियोनिङ (वाः क्यान्योनिरिङ) भनेको एउटा घाटीको तलतिर जाने कुरा हो, जुन या त सुख्खा हुन्छ वा पानीले भरिएको हुन्छ।","क्यानियोनिङ (वाः क्यान्योनिरिङ) भनेको एउटा घाटीको तलतिर जाने कुरा हो, जुन या त सुख्खा हुन्छ वा पानीले भरिएको हुन्छ।","kyaaniyoninga (waah kyaanyoniringa) bhaneko eutaa ghaatiiko talatira jaane kuraa ho, juna yaa ta sukhkhaa hunchha waa paaniile bharieko hunchha.","kyaaniyoninga (waah kyaanyoniringa) bhaneko eutaa ghaatiiko talatira jaane kuraa ho, juna yaa ta sukhkhaa hunchha waa paaniile bharieko hunchha."
"Canyoning combines elements from swimming, climbing and jumping--but requires relatively little training or physical shape to get started (compared to rock climbing, scuba diving or alpine skiing, for example).","क्यानियोनिङले पौडी, आरोहण र जम्पिङका तत्वहरूलाई संयोजन गर्दछ-तर सुरु गर्न अपेक्षाकृत थोरै प्रशिक्षण वा शारीरिक आकार चाहिन्छ (उदाहरणका लागि रक क्लाइम्बिङ, स्कुबा डाइभिङ वा अल्पाइन स्किइङको तुलनामा)।","क्यानियोनिङले पौडी, आरोहण र जम्पिङका तत्वहरूलाई संयोजन गर्दछ-तर सुरु गर्न अपेक्षाकृत थोरै प्रशिक्षण वा शारीरिक आकार चाहिन्छ (उदाहरणका लागि रक क्लाइम्बिङ, स्कुबा डाइभिङ वा अल्पाइन स्किइङको तुलनामा)।","kyaaniyoningale paudii, aarohana ra jampingakaa tatwaharuulaaii snyojana gardachha-tara suru garna apekshaakrita thorai prashikshana waa shaariirika aakaara chaahinchha (udaaharanakaa laagi raka klaaimbinga, skubaa daaibhinga waa alpaaina skiingako tulanaamaa).","kyaaniyoningale paudii, aarohana ra jampingakaa tatwaharuulaaii snyojana gardachha-tara suru garna apekshaakrita thorai prashikshana waa shaariirika aakaara chaahinchha (udaaharanakaa laagi raka klaaimbinga, skubaa daaibhinga waa alpaaina skiingako tulanaamaa)."
"Hiking is an outdoor activity which consists of walking in natural environments, often on hiking trails.","पैदल यात्रा एउटा बाहिरी गतिविधि हो जसमा प्राकृतिक वातावरणमा हिँड्नु समावेश हुन्छ, प्रायः पैदल यात्रा ट्रेलहरूमा।","पैदल यात्रा एउटा बाहिरी गतिविधि हो जसमा प्राकृतिक वातावरणमा हिँड्नु समावेश हुन्छ, प्रायः पैदल यात्रा ट्रेलहरूमा।","paidala yaatraa eutaa baahirii gatiwidhi ho jasamaa praakritika waataawaranamaa hindnu samaawesha hunchha, praayh paidala yaatraa trelaharuumaa.","paidala yaatraa eutaa baahirii gatiwidhi ho jasamaa praakritika waataawaranamaa hindnu samaawesha hunchha, praayh paidala yaatraa trelaharuumaa."
Day hiking involves distances of less than a mile up to longer distances that can be covered in a single day.,दिनको पदयात्रा एक माइलभन्दा कमदेखि लामो दुरीसम्मको दूरी समावेश गर्दछ जुन एकै दिनमा कभर गर्न सकिन्छ।,दिनको पदयात्रा एक माइलभन्दा कमदेखि लामो दुरीसम्मको दूरी समावेश गर्दछ जुन एकै दिनमा कभर गर्न सकिन्छ।,dinako padayaatraa eka maailabhandaa kamadekhi laamo duriisammako duurii samaawesha gardachha juna ekai dinamaa kabhara garna sakinchha.,dinako padayaatraa eka maailabhandaa kamadekhi laamo duriisammako duurii samaawesha gardachha juna ekai dinamaa kabhara garna sakinchha.
"For a day hike along an easy trail little preparations are needed, and any moderately fit person can enjoy them.","एक दिनको पदयात्रा गर्न सजिलो ट्रेलमा थोरै तयारीहरू आवश्यक पर्दछ, र कुनै पनि मध्यम रूपमा फिट व्यक्तिले तिनीहरूको आनन्द लिन सक्छ।","एक दिनको पदयात्रा गर्न सजिलो ट्रेलमा थोरै तयारीहरू आवश्यक पर्दछ, र कुनै पनि मध्यम रूपमा फिट व्यक्तिले तिनीहरूको आनन्द लिन सक्छ।","eka dinako padayaatraa garna sajilo trelamaa thorai tayaariiharuu aawashyaka pardachha, ra kunai pani madhyama ruupamaa phita wyaktile tiniiharuuko aananda lina sakchha.","eka dinako padayaatraa garna sajilo trelamaa thorai tayaariiharuu aawashyaka pardachha, ra kunai pani madhyama ruupamaa phita wyaktile tiniiharuuko aananda lina sakchha."
"Families with small children may need more preparations, but a day outdoors is easily possible even with babies and pre-school children.","साना बच्चाहरू भएका परिवारहरूलाई थप तयारी चाहिन्छ, तर बच्चाहरू र पूर्व-विद्यालय बच्चाहरूसित पनि एक दिन बाहिर सजिलै सम्भव छ।","साना बच्चाहरू भएका परिवारहरूलाई थप तयारी चाहिन्छ, तर बच्चाहरू र पूर्व-विद्यालय बच्चाहरूसित पनि एक दिन बाहिर सजिलै सम्भव छ।","saanaa bachchaaharuu bhaekaa pariwaaraharuulaaii thapa tayaarii chaahinchha, tara bachchaaharuu ra puurwa-widyaalaya bachchaaharuusita pani eka dina baahira sajilai sambhawa chha.","saanaa bachchaaharuu bhaekaa pariwaaraharuulaaii thapa tayaarii chaahinchha, tara bachchaaharuu ra puurwa-widyaalaya bachchaaharuusita pani eka dina baahira sajilai sambhawa chha."
"Internationally, there are nearly 200 running tour organizations. Most of them operate independently.","अन्तर्राष्ट्रिय रूपमा, त्यहाँ लगभग 200 चलिरहेको भ्रमण सङ्गठनहरू छन्। तिनीहरूमध्ये अधिकांश स्वतन्त्र रूपमा सञ्चालन हुन्छन्।","अन्तर्राष्ट्रिय रूपमा, त्यहाँ लगभग 200 चलिरहेको भ्रमण सङ्गठनहरू छन्। तिनीहरूमध्ये अधिकांश स्वतन्त्र रूपमा सञ्चालन हुन्छन्।","antarraashtriya ruupamaa, tyahaan lagabhaga 200 chaliraheko bhramana sanggathanaharuu chhan. tiniiharuumadhye adhikaansha swatantra ruupamaa sanychaalana hunchhan.","antarraashtriya ruupamaa, tyahaan lagabhaga 200 chaliraheko bhramana sanggathanaharuu chhan. tiniiharuumadhye adhikaansha swatantra ruupamaa sanychaalana hunchhan."
"The Global Running Tours successor, Go Running Tours networks dozens of sightrunning providers on four continents.","ग्लोबल रनिङ टुरको उत्तराधिकारी, गो रनिङ टुरले चार महाद्वीपहरूमा दर्जनौँ दर्शनीय स्थलहरू प्रदान गर्नेहरूलाई सञ्जाल गर्दछ।","ग्लोबल रनिङ टुरको उत्तराधिकारी, गो रनिङ टुरले चार महाद्वीपहरूमा दर्जनौँ दर्शनीय स्थलहरू प्रदान गर्नेहरूलाई सञ्जाल गर्दछ।","globala raninga turako uttaraadhikaarii, go raninga turale chaara mahaadwiipaharuumaa darjanaun darshaniiya sthalaharuu pradaana garneharuulaaii sanyjaala gardachha.","globala raninga turako uttaraadhikaarii, go raninga turale chaara mahaadwiipaharuumaa darjanaun darshaniiya sthalaharuu pradaana garneharuulaaii sanyjaala gardachha."
"With roots in Barcelona's Running Tours Barcelona and Copenhagen's Running Copenhagen, it was quickly joined by Running Tours Prague based in Prague and others.",बार्सिलोनाको रनिङ टुर बार्सिलोना र कोपनहेगनको रनिङ कोपनहेगनमा जरा भएको यो चाँडै प्रागमा आधारित रनिङ टुर प्राग र अन्यले सामेल भयो।,बार्सिलोनाको रनिङ टुर बार्सिलोना र कोपनहेगनको रनिङ कोपनहेगनमा जरा भएको यो चाँडै प्रागमा आधारित रनिङ टुर प्राग र अन्यले सामेल भयो।,baarsilonaako raninga tura baarsilonaa ra kopanaheganako raninga kopanaheganamaa jaraa bhaeko yo chaandai praagamaa aadhaarita raninga tura praaga ra anyale saamela bhayo.,baarsilonaako raninga tura baarsilonaa ra kopanaheganako raninga kopanaheganamaa jaraa bhaeko yo chaandai praagamaa aadhaarita raninga tura praaga ra anyale saamela bhayo.
There are many things you have to take into consideration before and when you travel somewhere.,त्यहाँ धेरै कुराहरू छन् जुन तपाईंले कतै यात्रा गर्नु अघि र गर्दा ध्यानमा राख्नु पर्छ।,त्यहाँ धेरै कुराहरू छन् जुन तिमीले कतै यात्रा गर्नु अघि र गर्दा ध्यानमा राख्नु पर्छ।,tyahaan dherai kuraaharuu chhan juna tapaaiinle katai yaatraa garnu aghi ra gardaa dhyaanamaa raakhnu parchha.,tyahaan dherai kuraaharuu chhan juna timiile katai yaatraa garnu aghi ra gardaa dhyaanamaa raakhnu parchha.
"When you travel, expect things not to be like they are ""back home"". Manners, laws, food, traffic, lodging, standards, language and so on will to some extent differ from where you live.","जब तपाईँ यात्रा गर्नुहुन्छ, चीजहरू ""घर फर्कने"" जस्तो नहुने अपेक्षा गर्नुहोस्। तरिका, कानुन, खाना, ट्राफिक, बस्ने, मापदण्ड, भाषा र यस्तै केही हदसम्म तपाईँ बस्ने ठाउँभन्दा फरक हुनेछ।","जब तिमी यात्रा गर्नुहुन्छ, चीजहरू ""घर फर्कने"" जस्तो नहुने अपेक्षा गर। तरिका, कानुन, खाना, ट्राफिक, बस्ने, मापदण्ड, भाषा र यस्तै केही हदसम्म तिमी बस्ने ठाउँभन्दा फरक हुनेछ।","jaba tapaaiin yaatraa garnuhunchha, chiijaharuu ""ghara pharkane"" jasto nahune apekshaa garnuhos. tarikaa, kaanuna, khaanaa, traaphika, basne, maapadanda, bhaashaa ra yastai kehii hadasamma tapaaiin basne thaaunbhandaa pharaka hunechha.","jaba timii yaatraa garnuhunchha, chiijaharuu ""ghara pharkane"" jasto nahune apekshaa gara. tarikaa, kaanuna, khaanaa, traaphika, basne, maapadanda, bhaashaa ra yastai kehii hadasamma timii basne thaaunbhandaa pharaka hunechha."
"This is something you always need to keep in mind, to avoid disappointment or perhaps even distaste over local ways to do things.","यो तपाईँले सधैँ मनमा राख्नु पर्ने कुरा हो, निराशाबाट बच्न वा सम्भवतः स्थानीय तरिकाहरूमाथि पनि रिसाउनका लागि।","यो तिमीले सधैँ मनमा राख्नु पर्ने कुरा हो, निराशाबाट बच्न वा सम्भवतः स्थानीय तरिकाहरूमाथि पनि रिसाउनका लागि।","yo tapaaiinle sadhain manamaa raakhnu parne kuraa ho, niraashaabaata bachna waa sambhawath sthaaniiya tarikaaharuumaathi pani risaaunakaa laagi.","yo timiile sadhain manamaa raakhnu parne kuraa ho, niraashaabaata bachna waa sambhawath sthaaniiya tarikaaharuumaathi pani risaaunakaa laagi."
"Travel agencies have been around since the 19th century. A travel agent is usually a good option for a journey which extends beyond a traveller's previous experience of nature, culture, language or low-income countries.","ट्राभल एजेन्सीहरू 19 औँ शताब्दीदेखि नै छन्। एक ट्राभल एजेन्ट सामान्यतया यात्राका लागि राम्रो विकल्प हो जुन यात्रुको प्रकृति, संस्कृति, भाषा वा कम आय भएका देशहरूको अघिल्लो अनुभवभन्दा बाहिर फैलिएको छ।","ट्राभल एजेन्सीहरू 19 औँ शताब्दीदेखि नै छन्। एक ट्राभल एजेन्ट सामान्यतया यात्राका लागि राम्रो विकल्प हो जुन यात्रुको प्रकृति, संस्कृति, भाषा वा कम आय भएका देशहरूको अघिल्लो अनुभवभन्दा बाहिर फैलिएको छ।","traabhala ejensiiharuu 19 aun shataabdiidekhi nai chhan. eka traabhala ejenta saamaanyatayaa yaatraakaa laagi raamro wikalpa ho juna yaatruko prakriti, snskriti, bhaashaa waa kama aaya bhaekaa deshaharuuko aghillo anubhawabhandaa baahira phailieko chha.","traabhala ejensiiharuu 19 aun shataabdiidekhi nai chhan. eka traabhala ejenta saamaanyatayaa yaatraakaa laagi raamro wikalpa ho juna yaatruko prakriti, snskriti, bhaashaa waa kama aaya bhaekaa deshaharuuko aghillo anubhawabhandaa baahira phailieko chha."
"Although most agencies are willing to take on most regular bookings, many agents specialise in particular types of travel, budget ranges or destinations.","यद्यपि धेरैजसो एजेन्सीहरू धेरैजसो नियमित बुकिङहरू लिन इच्छुक छन्, धेरै एजेन्टहरू विशेष प्रकारका यात्रा, बजेट दायरा वा गन्तव्यहरूमा विशेषज्ञ छन्।","यद्यपि धेरैजसो एजेन्सीहरू धेरैजसो नियमित बुकिङहरू लिन इच्छुक छन्, धेरै एजेन्टहरू विशेष प्रकारका यात्रा, बजेट दायरा वा गन्तव्यहरूमा विशेषज्ञ छन्।","yadyapi dheraijaso ejensiiharuu dheraijaso niyamita bukingaharuu lina ichchhuka chhan, dherai ejentaharuu wishesha prakaarakaa yaatraa, bajeta daayaraa waa gantawyaharuumaa wisheshajnya chhan.","yadyapi dheraijaso ejensiiharuu dheraijaso niyamita bukingaharuu lina ichchhuka chhan, dherai ejentaharuu wishesha prakaarakaa yaatraa, bajeta daayaraa waa gantawyaharuumaa wisheshajnya chhan."
It can be better to use an agent who frequently books similar trips to yours.,तपाईँसँग प्रायः यस्तै यात्राहरू बुक गर्ने एजेन्ट प्रयोग गर्नु राम्रो हुन सक्छ।,तिमीसँग प्रायः यस्तै यात्राहरू बुक गर्ने एजेन्ट प्रयोग गर्नु राम्रो हुन सक्छ।,tapaaiinsnga praayh yastai yaatraaharuu buka garne ejenta prayoga garnu raamro huna sakchha.,timiisnga praayh yastai yaatraaharuu buka garne ejenta prayoga garnu raamro huna sakchha.
"Take a look at what trips the agent is promoting, whether on a website or in a shop window.","वेबसाइटमा होस् वा पसलको विन्डोमा, एजेन्टले कुन यात्राहरू प्रचार गरिरहेको छ हेर्नुहोस्।","वेबसाइटमा होस् वा पसलको विन्डोमा, एजेन्टले कुन यात्राहरू प्रचार गरिरहेको छ हेर्नुहोस्।","webasaaitamaa hos waa pasalako windomaa, ejentale kuna yaatraaharuu prachaara gariraheko chha hernuhos.","webasaaitamaa hos waa pasalako windomaa, ejentale kuna yaatraaharuu prachaara gariraheko chha hernuhos."
"If you want to see the world on the cheap, for necessity, lifestyle or challenge, there are some ways to do that.","यदि तपाईँ संसारलाई सस्तो, आवश्यकता, जीवनशैली वा चुनौतीका लागि हेर्न चाहनुहुन्छ भने, त्यहाँ त्यसो गर्ने केही तरिकाहरू छन्।","यदि तिमी संसारलाई सस्तो, आवश्यकता, जीवनशैली वा चुनौतीका लागि हेर्न चाहनुहुन्छ भने, त्यहाँ त्यसो गर्ने केही तरिकाहरू छन्।","yadi tapaaiin snsaaralaaii sasto, aawashyakataa, jiiwanashailii waa chunautiikaa laagi herna chaahanuhunchha bhane, tyahaan tyaso garne kehii tarikaaharuu chhan.","yadi timii snsaaralaaii sasto, aawashyakataa, jiiwanashailii waa chunautiikaa laagi herna chaahanuhunchha bhane, tyahaan tyaso garne kehii tarikaaharuu chhan."
"Basically, they fall into two categories: Either work while you travel or try and limit your expenses. This article is focused on the latter.","मूलतः, तिनीहरू दुई श्रेणीहरूमा पर्छन्ः या त तपाईँ यात्रा गर्दा काम गर्नुहोस् वा तपाईँको खर्च सीमित गर्ने प्रयास गर्नुहोस्। यो लेख पछिल्लोमा केन्द्रित छ।","मूलतः, तिनीहरू दुई श्रेणीहरूमा पर्छन्ः या त तिमी यात्रा गर्दा काम गर वा तिमीको खर्च सीमित गर्ने प्रयास गर। यो लेख पछिल्लोमा केन्द्रित छ।","muulath, tiniiharuu duii shreniiharuumaa parchhanh yaa ta tapaaiin yaatraa gardaa kaama garnuhos waa tapaaiinko kharcha siimita garne prayaasa garnuhos. yo lekha pachhillomaa kendrita chha.","muulath, tiniiharuu duii shreniiharuumaa parchhanh yaa ta timii yaatraa gardaa kaama gara waa timiiko kharcha siimita garne prayaasa gara. yo lekha pachhillomaa kendrita chha."
"For those willing to sacrifice comfort, time and predictability to push expenses down close to zero, see minimum budget travel.","खर्चलाई शून्यको नजिक धकेल्नका लागि आराम, समय र पूर्वानुमान क्षमता त्याग गर्न इच्छुकहरूका लागि, न्यूनतम बजेट यात्रा हेर्नुहोस्।","खर्चलाई शून्यको नजिक धकेल्नका लागि आराम, समय र पूर्वानुमान क्षमता त्याग गर्न इच्छुकहरूका लागि, न्यूनतम बजेट यात्रा हेर्नुहोस्।","kharchalaaii shuunyako najika dhakelnakaa laagi aaraama, samaya ra puurwaanumaana kshamataa tyaaga garna ichchhukaharuukaa laagi, nyuunatama bajeta yaatraa hernuhos.","kharchalaaii shuunyako najika dhakelnakaa laagi aaraama, samaya ra puurwaanumaana kshamataa tyaaga garna ichchhukaharuukaa laagi, nyuunatama bajeta yaatraa hernuhos."
"The advice assumes that travellers do not steal, trespass, participate in the illegal market, beg, or otherwise exploit other people for their own gain.","सल्लाहले यात्रुहरूले चोरी गर्दैनन्, अतिक्रमण गर्दैनन्, अवैध बजारमा भाग लिँदैनन्, भिक्षा माग्दैनन्, वा अन्यथा आफ्नो लाभका लागि अन्य मानिसहरूको शोषण गर्दैनन् भन्ने मान्दछ।","सल्लाहले यात्रुहरूले चोरी गर्दैनन्, अतिक्रमण गर्दैनन्, अवैध बजारमा भाग लिँदैनन्, भिक्षा माग्दैनन्, वा अन्यथा आफ्नो लाभका लागि अन्य मानिसहरूको शोषण गर्दैनन् भन्ने मान्दछ।","sallaahale yaatruharuule chorii gardainan, atikramana gardainan, awaidha bajaaramaa bhaaga lindainan, bhikshaa maagdainan, waa anyathaa aaphno laabhakaa laagi anya maanisaharuuko shoshana gardainan bhanne maandachha.","sallaahale yaatruharuule chorii gardainan, atikramana gardainan, awaidha bajaaramaa bhaaga lindainan, bhikshaa maagdainan, waa anyathaa aaphno laabhakaa laagi anya maanisaharuuko shoshana gardainan bhanne maandachha."
"An immigration checkpoint is usually the first stop when disembarking from a plane, a ship, or another vehicle.","आप्रवासन चेकपोइन्ट सामान्यतया विमान, जहाज, वा अर्को गाडीबाट अवतरण गर्दा पहिलो स्टप हो।","आप्रवासन चेकपोइन्ट सामान्यतया विमान, जहाज, वा अर्को गाडीबाट अवतरण गर्दा पहिलो स्टप हो।","aaprawaasana chekapointa saamaanyatayaa wimaana, jahaaja, waa arko gaadiibaata awatarana gardaa pahilo stapa ho.","aaprawaasana chekapointa saamaanyatayaa wimaana, jahaaja, waa arko gaadiibaata awatarana gardaa pahilo stapa ho."
In some cross-border trains inspections are done on the running train and you should have valid ID with you when boarding one of those trains.,केही सीमापार रेलहरूमा चलिरहेको रेलमा निरीक्षण गरिन्छ र ती रेलहरू मध्ये एउटा चढ्दा तपाईँसँग वैध आईडी हुनुपर्छ।,केही सीमापार रेलहरूमा चलिरहेको रेलमा निरीक्षण गरिन्छ र ती रेलहरू मध्ये एउटा चढ्दा तिमीसँग वैध आईडी हुनुपर्छ।,kehii siimaapaara relaharuumaa chaliraheko relamaa niriikshana garinchha ra tii relaharuu madhye eutaa chadhdaa tapaaiinsnga waidha aaiidii hunuparchha.,kehii siimaapaara relaharuumaa chaliraheko relamaa niriikshana garinchha ra tii relaharuu madhye eutaa chadhdaa timiisnga waidha aaiidii hunuparchha.
"On night sleeper trains, passports may be collected by the conductor so that you do not have your sleep interrupted.","रातको स्लीपर ट्रेनहरूमा, कन्डक्टरद्वारा पासपोर्टहरू सङ्कलन गर्न सकिन्छ ताकि तपाईँको निद्रामा बाधा नपरोस्।","रातको स्लीपर ट्रेनहरूमा, कन्डक्टरद्वारा पासपोर्टहरू सङ्कलन गर्न सकिन्छ ताकि तिमीको निद्रामा बाधा नपरोस्।","raatako sliipara trenaharuumaa, kandaktaradwaaraa paasaportaharuu sangkalana garna sakinchha taaki tapaaiinko nidraamaa baadhaa naparos.","raatako sliipara trenaharuumaa, kandaktaradwaaraa paasaportaharuu sangkalana garna sakinchha taaki timiiko nidraamaa baadhaa naparos."
"Registration is an additional requirement for the visa process. In some countries, you must register your presence and address where you are staying with the local authorities.","भिसा प्रक्रियाका लागि दर्ता एउटा अतिरिक्त आवश्यकता हो। केही देशहरूमा, तपाईँले आफ्नो उपस्थिति र ठेगाना दर्ता गर्नुपर्छ जहाँ तपाईँ स्थानीय अधिकारीहरूसँग बस्नुहुन्छ।","भिसा प्रक्रियाका लागि दर्ता एउटा अतिरिक्त आवश्यकता हो। केही देशहरूमा, तिमीले आफ्नो उपस्थिति र ठेगाना दर्ता गर्नुपर्छ जहाँ तिमी स्थानीय अधिकारीहरूसँग बस्नुहुन्छ।","bhisaa prakriyaakaa laagi dartaa eutaa atirikta aawashyakataa ho. kehii deshaharuumaa, tapaaiinle aaphno upasthiti ra thegaanaa dartaa garnuparchha jahaan tapaaiin sthaaniiya adhikaariiharuusnga basnuhunchha.","bhisaa prakriyaakaa laagi dartaa eutaa atirikta aawashyakataa ho. kehii deshaharuumaa, timiile aaphno upasthiti ra thegaanaa dartaa garnuparchha jahaan timii sthaaniiya adhikaariiharuusnga basnuhunchha."
This might require filling out a form with the local police or a visit to the immigration offices.,यसका लागि स्थानीय पुलिससँग फारम भर्न वा आप्रवासन कार्यालयहरूमा भ्रमण गर्न आवश्यक हुन सक्छ।,यसका लागि स्थानीय पुलिससँग फारम भर्न वा आप्रवासन कार्यालयहरूमा भ्रमण गर्न आवश्यक हुन सक्छ।,yasakaa laagi sthaaniiya pulisasnga phaarama bharna waa aaprawaasana kaaryaalayaharuumaa bhramana garna aawashyaka huna sakchha.,yasakaa laagi sthaaniiya pulisasnga phaarama bharna waa aaprawaasana kaaryaalayaharuumaa bhramana garna aawashyaka huna sakchha.
"In many countries with such a law, local hotels will handle the registration (make sure to ask).","यस्तो कानून भएका धेरै देशहरूमा, स्थानीय होटलहरूले दर्ता गर्नेछन् (सोध्न निश्चित गर्नुहोस्)।","यस्तो कानून भएका धेरै देशहरूमा, स्थानीय होटलहरूले दर्ता गर्नेछन् (सोध्न निश्चित गर)।","yasto kaanuuna bhaekaa dherai deshaharuumaa, sthaaniiya hotalaharuule dartaa garnechhan (sodhna nishchita garnuhos).","yasto kaanuuna bhaekaa dherai deshaharuumaa, sthaaniiya hotalaharuule dartaa garnechhan (sodhna nishchita gara)."
"In other cases, only those staying outside of tourist accommodations need to register. However, this makes the law much more obscure, so find out beforehand.","अन्य अवस्थामा, पर्यटक आवास बाहिर बस्नेहरूले मात्र दर्ता गर्न आवश्यक छ। यद्यपि, यसले कानूनलाई अझ अस्पष्ट बनाउँछ, त्यसैले पहिले नै पत्ता लगाउनुहोस्।","अन्य अवस्थामा, पर्यटक आवास बाहिर बस्नेहरूले मात्र दर्ता गर्न आवश्यक छ। यद्यपि, यसले कानूनलाई अझ अस्पष्ट बनाउँछ, त्यसैले पहिले नै पत्ता लगाउनुहोस्।","anya awasthaamaa, paryataka aawaasa baahira basneharuule maatra dartaa garna aawashyaka chha. yadyapi, yasale kaanuunalaaii ajha aspashta banaaunchha, tyasaile pahile nai pattaa lagaaunuhos.","anya awasthaamaa, paryataka aawaasa baahira basneharuule maatra dartaa garna aawashyaka chha. yadyapi, yasale kaanuunalaaii ajha aspashta banaaunchha, tyasaile pahile nai pattaa lagaaunuhos."
Architecture is concerned with the design and construction of buildings. The architecture of a place is often a tourist attraction in its own right.,वास्तुकला भवनहरूको डिजाइन र निर्माणसँग सम्बन्धित छ। कुनै ठाउँको वास्तुकला प्रायः आफ्नै हिसाबले पर्यटक आकर्षण हो।,वास्तुकला भवनहरूको डिजाइन र निर्माणसँग सम्बन्धित छ। कुनै ठाउँको वास्तुकला प्रायः आफ्नै हिसाबले पर्यटक आकर्षण हो।,waastukalaa bhawanaharuuko dijaaina ra nirmaanasnga sambandhita chha. kunai thaaunko waastukalaa praayh aaphnai hisaabale paryataka aakarshana ho.,waastukalaa bhawanaharuuko dijaaina ra nirmaanasnga sambandhita chha. kunai thaaunko waastukalaa praayh aaphnai hisaabale paryataka aakarshana ho.
Many buildings are quite beautiful to look at and the view from a tall building or from a cleverly-positioned window can be a beauty to behold.,धेरै भवनहरू हेर्नका लागि निकै सुन्दर छन् र अग्लो भवन वा चतुरतापूर्वक अवस्थित झ्यालबाट देखिने दृश्य हेर्नका लागि सुन्दर हुन सक्छ।,धेरै भवनहरू हेर्नका लागि निकै सुन्दर छन् र अग्लो भवन वा चतुरतापूर्वक अवस्थित झ्यालबाट देखिने दृश्य हेर्नका लागि सुन्दर हुन सक्छ।,dherai bhawanaharuu hernakaa laagi nikai sundara chhan ra aglo bhawana waa chaturataapuurwaka awasthita jhyaalabaata dekhine drishya hernakaa laagi sundara huna sakchha.,dherai bhawanaharuu hernakaa laagi nikai sundara chhan ra aglo bhawana waa chaturataapuurwaka awasthita jhyaalabaata dekhine drishya hernakaa laagi sundara huna sakchha.
"Architecture overlaps considerably with other fields including urban planning, civil engineering, decorative arts, interior design and landscape design.","वास्तुकला सहरी योजना, सिभिल इन्जिनियरिङ, सजावटी कला, आन्तरिक डिजाइन र परिदृश्य डिजाइन लगायत अन्य क्षेत्रहरूसँग धेरै हदसम्म ओभरल्याप हुन्छ।","वास्तुकला सहरी योजना, सिभिल इन्जिनियरिङ, सजावटी कला, आन्तरिक डिजाइन र परिदृश्य डिजाइन लगायत अन्य क्षेत्रहरूसँग धेरै हदसम्म ओभरल्याप हुन्छ।","waastukalaa saharii yojanaa, sibhila injiniyaringa, sajaawatii kalaa, aantarika dijaaina ra paridrishya dijaaina lagaayata anya kshetraharuusnga dherai hadasamma obharalyaapa hunchha.","waastukalaa saharii yojanaa, sibhila injiniyaringa, sajaawatii kalaa, aantarika dijaaina ra paridrishya dijaaina lagaayata anya kshetraharuusnga dherai hadasamma obharalyaapa hunchha."
"Given how remote many of the pueblos are, you won't be able to find a significant amount of nightlife without traveling to Albuquerque or Santa Fe.","धेरै पुएब्लोहरू कति टाढामा छन् भन्ने कुरालाई ध्यानमा राख्दै, तपाईँ अल्बुकर्क वा सान्ता फेको यात्रा नगरी नै महत्त्वपूर्ण मात्रामा रात्रि जीवन फेला पार्न सक्नुहुन्न।","धेरै पुएब्लोहरू कति टाढामा छन् भन्ने कुरालाई ध्यानमा राख्दै, तिमी अल्बुकर्क वा सान्ता फेको यात्रा नगरी नै महत्त्वपूर्ण मात्रामा रात्रि जीवन फेला पार्न सक्नुहुन्न।","dherai puebloharuu kati taadhaamaa chhan bhanne kuraalaaii dhyaanamaa raakhdai, tapaaiin albukarka waa saantaa pheko yaatraa nagarii nai mahattwapuurna maatraamaa raatri jiiwana phelaa paarna saknuhunna.","dherai puebloharuu kati taadhaamaa chhan bhanne kuraalaaii dhyaanamaa raakhdai, timii albukarka waa saantaa pheko yaatraa nagarii nai mahattwapuurna maatraamaa raatri jiiwana phelaa paarna saknuhunna."
"However, nearly all of the casinos listed above serve drinks, and several of them bring in name-brand entertainment (primarily the large ones immediately surrounding Albuquerque and Santa Fe).","यद्यपि, माथि सूचीबद्ध लगभग सबै क्यासिनोहरूले पेय पदार्थहरू सेवा गर्छन्, र तिनीहरू मध्ये धेरैले नाम-ब्रान्ड मनोरञ्जनमा ल्याउँछन् (मुख्यतया अल्बुकर्क र सान्ता फे वरपरका ठुला)।","यद्यपि, माथि सूचीबद्ध लगभग सबै क्यासिनोहरूले पेय पदार्थहरू सेवा गर्छन्, र तिनीहरू मध्ये धेरैले नाम-ब्रान्ड मनोरञ्जनमा ल्याउँछन् (मुख्यतया अल्बुकर्क र सान्ता फे वरपरका ठुला)।","yadyapi, maathi suuchiibaddha lagabhaga sabai kyaasinoharuule peya padaarthaharuu sewaa garchhan, ra tiniiharuu madhye dheraile naama-braanda manoranyjanamaa lyaaunchhan (mukhyatayaa albukarka ra saantaa phe waraparakaa thulaa).","yadyapi, maathi suuchiibaddha lagabhaga sabai kyaasinoharuule peya padaarthaharuu sewaa garchhan, ra tiniiharuu madhye dheraile naama-braanda manoranyjanamaa lyaaunchhan (mukhyatayaa albukarka ra saantaa phe waraparakaa thulaa)."
Beware: small-town bars here are not always good places for the out-of-state visitor to hang out.,सावधान रहनुहोस्ः यहाँ साना सहरका बारहरू राज्य बाहिरका आगन्तुकहरूका लागि समय बिताउनका लागि सधैँ राम्रो ठाउँ हुँदैनन्।,सावधान रहनुहोस्ः यहाँ साना सहरका बारहरू राज्य बाहिरका आगन्तुकहरूका लागि समय बिताउनका लागि सधैँ राम्रो ठाउँ हुँदैनन्।,saawadhaana rahanuhosh yahaan saanaa saharakaa baaraharuu raajya baahirakaa aagantukaharuukaa laagi samaya bitaaunakaa laagi sadhain raamro thaaun hundainan.,saawadhaana rahanuhosh yahaan saanaa saharakaa baaraharuu raajya baahirakaa aagantukaharuukaa laagi samaya bitaaunakaa laagi sadhain raamro thaaun hundainan.
"For one thing, northern New Mexico has significant problems with drunk driving, and the concentration of intoxicated drivers is high close to small-town bars.","एउटा कुरा के हो भने, उत्तरी न्यू मेक्सिकोमा रक्सी पिएर गाडी चलाउने महत्त्वपूर्ण समस्याहरू छन्, र नशामा रहेका चालकहरूको एकाग्रता साना सहरका बारहरूको नजिक छ।","एउटा कुरा के हो भने, उत्तरी न्यू मेक्सिकोमा रक्सी पिएर गाडी चलाउने महत्त्वपूर्ण समस्याहरू छन्, र नशामा रहेका चालकहरूको एकाग्रता साना सहरका बारहरूको नजिक छ।","eutaa kuraa ke ho bhane, uttarii nyuu meksikomaa raksii piera gaadii chalaaune mahattwapuurna samasyaaharuu chhan, ra nashaamaa rahekaa chaalakaharuuko ekaagrataa saanaa saharakaa baaraharuuko najika chha.","eutaa kuraa ke ho bhane, uttarii nyuu meksikomaa raksii piera gaadii chalaaune mahattwapuurna samasyaaharuu chhan, ra nashaamaa rahekaa chaalakaharuuko ekaagrataa saanaa saharakaa baaraharuuko najika chha."
Unwanted murals or scribble is known as graffiti.,अनावश्यक भित्तिचित्र वा स्क्रिबललाई ग्राफिटी भनिन्छ।,अनावश्यक भित्तिचित्र वा स्क्रिबललाई ग्राफिटी भनिन्छ।,anaawashyaka bhittichitra waa skribalalaaii graaphitii bhaninchha.,anaawashyaka bhittichitra waa skribalalaaii graaphitii bhaninchha.
"While it's far from a modern phenomenon, most people probably associate it with youth vandalizing public and private property using spray paint.","यो आधुनिक घटनाबाट टाढा भए तापनि, धेरैजसो मानिसहरूले यसलाई प्रायजसो युवाहरूले स्प्रे पेन्ट प्रयोग गरेर सार्वजनिक र निजी सम्पत्तिमा तोडफोड गर्नेसँग जोड्छन्।","यो आधुनिक घटनाबाट टाढा भए तापनि, धेरैजसो मानिसहरूले यसलाई प्रायजसो युवाहरूले स्प्रे पेन्ट प्रयोग गरेर सार्वजनिक र निजी सम्पत्तिमा तोडफोड गर्नेसँग जोड्छन्।","yo aadhunika ghatanaabaata taadhaa bhae taapani, dheraijaso maanisaharuule yasalaaii praayajaso yuwaaharuule spre penta prayoga garera saarwajanika ra nijii sampattimaa todaphoda garnesnga jodchhan.","yo aadhunika ghatanaabaata taadhaa bhae taapani, dheraijaso maanisaharuule yasalaaii praayajaso yuwaaharuule spre penta prayoga garera saarwajanika ra nijii sampattimaa todaphoda garnesnga jodchhan."
"However, nowadays there are established graffiti artists, graffiti events and ""legal"" walls. Graffiti paintings in this context often resemble artworks rather than illegible tags.","यद्यपि, आजकल त्यहाँ स्थापित ग्राफिटी कलाकारहरू, ग्राफिटी घटनाहरू र ""कानुनी"" पर्खालहरू छन्। यस सन्दर्भमा ग्राफिटी चित्रहरू प्रायः अवैध ट्यागहरू भन्दा कलाकृतिहरू जस्तै हुन्छन्।","यद्यपि, आजकल त्यहाँ स्थापित ग्राफिटी कलाकारहरू, ग्राफिटी घटनाहरू र ""कानुनी"" पर्खालहरू छन्। यस सन्दर्भमा ग्राफिटी चित्रहरू प्रायः अवैध ट्यागहरू भन्दा कलाकृतिहरू जस्तै हुन्छन्।","yadyapi, aajakala tyahaan sthaapita graaphitii kalaakaaraharuu, graaphitii ghatanaaharuu ra ""kaanunii"" parkhaalaharuu chhan. yasa sandarbhamaa graaphitii chitraharuu praayh awaidha tyaagaharuu bhandaa kalaakritiharuu jastai hunchhan.","yadyapi, aajakala tyahaan sthaapita graaphitii kalaakaaraharuu, graaphitii ghatanaaharuu ra ""kaanunii"" parkhaalaharuu chhan. yasa sandarbhamaa graaphitii chitraharuu praayh awaidha tyaagaharuu bhandaa kalaakritiharuu jastai hunchhan."
Boomerang throwing is a popular skill that many tourists want to acquire.,बुमेराङ थ्रोइङ एउटा लोकप्रिय कौशल हो जुन धेरै पर्यटकहरू प्राप्त गर्न चाहन्छन्।,बुमेराङ थ्रोइङ एउटा लोकप्रिय कौशल हो जुन धेरै पर्यटकहरू प्राप्त गर्न चाहन्छन्।,bumeraanga throinga eutaa lokapriya kaushala ho juna dherai paryatakaharuu praapta garna chaahanchhan.,bumeraanga throinga eutaa lokapriya kaushala ho juna dherai paryatakaharuu praapta garna chaahanchhan.
"If you want to learn throwing a boomerang that comes back to your hand, make sure you have a suitable boomerang for returning.","यदि तपाईँ आफ्नो हातमा फर्कने बुमेराङ फ्याँक्न सिक्न चाहनुहुन्छ भने, तपाईँसँग फर्कनका लागि उपयुक्त बुमेराङ छ भनी सुनिश्चित गर्नुहोस्।","यदि तिमी आफ्नो हातमा फर्कने बुमेराङ फ्याँक्न सिक्न चाहनुहुन्छ भने, तिमीसँग फर्कनका लागि उपयुक्त बुमेराङ छ भनी सुनिश्चित गर।","yadi tapaaiin aaphno haatamaa pharkane bumeraanga phyaankna sikna chaahanuhunchha bhane, tapaaiinsnga pharkanakaa laagi upayukta bumeraanga chha bhanii sunishchita garnuhos.","yadi timii aaphno haatamaa pharkane bumeraanga phyaankna sikna chaahanuhunchha bhane, timiisnga pharkanakaa laagi upayukta bumeraanga chha bhanii sunishchita gara."
Most boomerangs available in Australia are in fact non-returning. It is best for beginners to not try throwing in windy,अस्ट्रेलियामा उपलब्ध अधिकांश बुमेराङहरू वास्तवमा गैर-फिर्ती हुन्। यो शुरुवातकर्ताहरूका लागि हावा मा फ्याँक्ने प्रयास नगर्नु उत्तम हो।,अस्ट्रेलियामा उपलब्ध अधिकांश बुमेराङहरू वास्तवमा गैर-फिर्ती हुन्। यो शुरुवातकर्ताहरूका लागि हावा मा फ्याँक्ने प्रयास नगर्नु उत्तम हो।,astreliyaamaa upalabdha adhikaansha bumeraangaharuu waastawamaa gaira-phirtii hun. yo shuruwaatakartaaharuukaa laagi haawaa maa phyaankne prayaasa nagarnu uttama ho.,astreliyaamaa upalabdha adhikaansha bumeraangaharuu waastawamaa gaira-phirtii hun. yo shuruwaatakartaaharuukaa laagi haawaa maa phyaankne prayaasa nagarnu uttama ho.
A Hangi Meal is cooked in a hot pit in the ground.,हाङ्गी भोजन जमिनमा तातो गड्ढामा पकाएर बनाइन्छ।,हाङ्गी भोजन जमिनमा तातो गड्ढामा पकाएर बनाइन्छ।,haanggii bhojana jaminamaa taato gaddhaamaa pakaaera banaainchha.,haanggii bhojana jaminamaa taato gaddhaamaa pakaaera banaainchha.
"The pit is either heated with hot stones from a fire, or in some places geothermal heat makes areas of ground naturally hot.","पिटलाई या त आगोबाट तातो ढुङ्गाले तातो गरिन्छ, वा केही ठाउँमा भू-तापीय तापले जमिनका क्षेत्रहरूलाई प्राकृतिक रूपमा तातो बनाउँछ।","पिटलाई या त आगोबाट तातो ढुङ्गाले तातो गरिन्छ, वा केही ठाउँमा भू-तापीय तापले जमिनका क्षेत्रहरूलाई प्राकृतिक रूपमा तातो बनाउँछ।","pitalaaii yaa ta aagobaata taato dhunggaale taato garinchha, waa kehii thaaunmaa bhuu-taapiiya taapale jaminakaa kshetraharuulaaii praakritika ruupamaa taato banaaunchha.","pitalaaii yaa ta aagobaata taato dhunggaale taato garinchha, waa kehii thaaunmaa bhuu-taapiiya taapale jaminakaa kshetraharuulaaii praakritika ruupamaa taato banaaunchha."
The hangi is often used to cook a traditional roast style dinner.,हाङ्गी प्रायः परम्परागत भुने शैलीको रात्रिभोज पकाउन प्रयोग गरिन्छ।,हाङ्गी प्रायः परम्परागत भुने शैलीको रात्रिभोज पकाउन प्रयोग गरिन्छ।,haanggii praayh paramparaagata bhune shailiiko raatribhoja pakaauna prayoga garinchha.,haanggii praayh paramparaagata bhune shailiiko raatribhoja pakaauna prayoga garinchha.
"Several places in Rotorua offer geothermal hangi, while other hangi can be sampled in Christchurch, Wellington and elsewhere.","रोटोरुवाका धेरै ठाउँहरूले भू-तापीय हाङ्गी प्रदान गर्छन्, जबकि अन्य हाङ्गीहरू क्राइस्टचर्च, वेलिङ्गटन र अन्य ठाउँमा नमूना लिन सकिन्छ।","रोटोरुवाका धेरै ठाउँहरूले भू-तापीय हाङ्गी प्रदान गर्छन्, जबकि अन्य हाङ्गीहरू क्राइस्टचर्च, वेलिङ्गटन र अन्य ठाउँमा नमूना लिन सकिन्छ।","rotoruwaakaa dherai thaaunharuule bhuu-taapiiya haanggii pradaana garchhan, jabaki anya haanggiiharuu kraaistacharcha, welinggatana ra anya thaaunmaa namuunaa lina sakinchha.","rotoruwaakaa dherai thaaunharuule bhuu-taapiiya haanggii pradaana garchhan, jabaki anya haanggiiharuu kraaistacharcha, welinggatana ra anya thaaunmaa namuunaa lina sakinchha."
MetroRail has two classes on commuter trains in and around Cape Town: MetroPlus (also called First Class) and Metro (called Third Class).,मेट्रो रेलसँग केप टाउन र वरपरका यात्री रेलहरूमा दुई वर्गहरू छन्ः मेट्रोप्लस (जसलाई प्रथम श्रेणी पनि भनिन्छ) र मेट्रो (जसलाई तेस्रो श्रेणी भनिन्छ)।,मेट्रो रेलसँग केप टाउन र वरपरका यात्री रेलहरूमा दुई वर्गहरू छन्ः मेट्रोप्लस (जसलाई प्रथम श्रेणी पनि भनिन्छ) र मेट्रो (जसलाई तेस्रो श्रेणी भनिन्छ)।,metro relasnga kepa taauna ra waraparakaa yaatrii relaharuumaa duii wargaharuu chhanh metroplasa (jasalaaii prathama shrenii pani bhaninchha) ra metro (jasalaaii tesro shrenii bhaninchha).,metro relasnga kepa taauna ra waraparakaa yaatrii relaharuumaa duii wargaharuu chhanh metroplasa (jasalaaii prathama shrenii pani bhaninchha) ra metro (jasalaaii tesro shrenii bhaninchha).
"MetroPlus is more comfortable and less crowded but slightly more expensive, though still cheaper than normal metro tickets in Europe.","मेट्रोप्लस अधिक आरामदायक र कम भीड छ तर अलिक बढी महँगो छ, यद्यपि अझै पनि युरोपमा सामान्य मेट्रो टिकटहरू भन्दा सस्तो छ।","मेट्रोप्लस अधिक आरामदायक र कम भीड छ तर अलिक बढी महँगो छ, यद्यपि अझै पनि युरोपमा सामान्य मेट्रो टिकटहरू भन्दा सस्तो छ।","metroplasa adhika aaraamadaayaka ra kama bhiida chha tara alika badhii mahngo chha, yadyapi ajhai pani yuropamaa saamaanya metro tikataharuu bhandaa sasto chha.","metroplasa adhika aaraamadaayaka ra kama bhiida chha tara alika badhii mahngo chha, yadyapi ajhai pani yuropamaa saamaanya metro tikataharuu bhandaa sasto chha."
Every train has both MetroPlus and Metro coaches; the MetroPlus coaches are always on the end of the train nearest Cape Town.,प्रत्येक रेलमा मेट्रोप्लस र मेट्रो दुवै कोचहरू हुन्छन्; मेट्रोप्लस कोचहरू सधैँ केप टाउनको नजिकको रेलको अन्त्यमा हुन्छन्।,प्रत्येक रेलमा मेट्रोप्लस र मेट्रो दुवै कोचहरू हुन्छन्; मेट्रोप्लस कोचहरू सधैँ केप टाउनको नजिकको रेलको अन्त्यमा हुन्छन्।,pratyeka relamaa metroplasa ra metro duwai kochaharuu hunchhan; metroplasa kochaharuu sadhain kepa taaunako najikako relako antyamaa hunchhan.,pratyeka relamaa metroplasa ra metro duwai kochaharuu hunchhan; metroplasa kochaharuu sadhain kepa taaunako najikako relako antyamaa hunchhan.
"Carrying for others - Never let your bags out of your sight, especially when you are crossing international borders.","अरूका लागि बोक्ने-आफ्नो झोलालाई कहिल्यै आफ्नो दृष्टिबाट टाढा नछोड्नुहोस्, विशेष गरी जब तपाईँ अन्तर्राष्ट्रिय सीमा पार गर्दै हुनुहुन्छ।","अरूका लागि बोक्ने-आफ्नो झोलालाई कहिल्यै आफ्नो दृष्टिबाट टाढा नछोड्नुहोस्, विशेष गरी जब तिमी अन्तर्राष्ट्रिय सीमा पार गर्दै छौ।","aruukaa laagi bokne-aaphno jholaalaaii kahilyai aaphno drishtibaata taadhaa nachhodnuhos, wishesha garii jaba tapaaiin antarraashtriya siimaa paara gardai hunuhunchha.","aruukaa laagi bokne-aaphno jholaalaaii kahilyai aaphno drishtibaata taadhaa nachhodnuhos, wishesha garii jaba timii antarraashtriya siimaa paara gardai chhau."
"You could find yourself being used as a drug carrier without your knowledge, which will land you in a great deal of trouble.","तपाईँलाई थाहाबिना नै तपाईँलाई लागुऔषध वाहकको रूपमा प्रयोग गरिएको पाउन सक्नुहुन्छ, जसले तपाईँलाई ठुलो समस्यामा पार्नेछ।","तिमीलाई थाहाबिना नै तिमीलाई लागुऔषध वाहकको रूपमा प्रयोग गरिएको पाउन सक्छौ, जसले तिमीलाई ठुलो समस्यामा पार्नेछ।","tapaaiinlaaii thaahaabinaa nai tapaaiinlaaii laaguaushadha waahakako ruupamaa prayoga garieko paauna saknuhunchha, jasale tapaaiinlaaii thulo samasyaamaa paarnechha.","timiilaaii thaahaabinaa nai timiilaaii laaguaushadha waahakako ruupamaa prayoga garieko paauna sakchhau, jasale timiilaaii thulo samasyaamaa paarnechha."
"This includes waiting in line, as drug-sniffing dogs could be used at any time without notice.","यसमा लाइनमा पर्खनु समावेश छ, किनकि लागुऔषध सुन्निने कुकुरहरू कुनै पनि समयमा सूचना बिना प्रयोग गर्न सकिन्छ।","यसमा लाइनमा पर्खनु समावेश छ, किनकि लागुऔषध सुन्निने कुकुरहरू कुनै पनि समयमा सूचना बिना प्रयोग गर्न सकिन्छ।","yasamaa laainamaa parkhanu samaawesha chha, kinaki laaguaushadha sunnine kukuraharuu kunai pani samayamaa suuchanaa binaa prayoga garna sakinchha.","yasamaa laainamaa parkhanu samaawesha chha, kinaki laaguaushadha sunnine kukuraharuu kunai pani samayamaa suuchanaa binaa prayoga garna sakinchha."
Some countries have exceedingly draconian punishments even for first time offenses; these can include prison sentences of over 10 years or death.,केही देशहरूमा पहिलो पटकका अपराधहरूका लागि पनि अत्यधिक कठोर सजायहरू छन्; यसमा 10 वर्षभन्दा बढीको जेल सजाय वा मृत्युदण्ड समावेश हुन सक्छ।,केही देशहरूमा पहिलो पटकका अपराधहरूका लागि पनि अत्यधिक कठोर सजायहरू छन्; यसमा 10 वर्षभन्दा बढीको जेल सजाय वा मृत्युदण्ड समावेश हुन सक्छ।,kehii deshaharuumaa pahilo patakakaa aparaadhaharuukaa laagi pani atyadhika kathora sajaayaharuu chhan; yasamaa 10 warshabhandaa badhiiko jela sajaaya waa mrityudanda samaawesha huna sakchha.,kehii deshaharuumaa pahilo patakakaa aparaadhaharuukaa laagi pani atyadhika kathora sajaayaharuu chhan; yasamaa 10 warshabhandaa badhiiko jela sajaaya waa mrityudanda samaawesha huna sakchha.
Unattended bags are a target for theft and can also attract attention from authorities wary of bomb threats.,बेवास्ता गरिएका झोलाहरू चोरीको लक्ष्य हुन् र बमको खतराहरूबाट सावधान अधिकारीहरूको ध्यान पनि आकर्षित गर्न सक्छन्।,बेवास्ता गरिएका झोलाहरू चोरीको लक्ष्य हुन् र बमको खतराहरूबाट सावधान अधिकारीहरूको ध्यान पनि आकर्षित गर्न सक्छन्।,bewaastaa gariekaa jholaaharuu choriiko lakshya hun ra bamako khataraaharuubaata saawadhaana adhikaariiharuuko dhyaana pani aakarshita garna sakchhan.,bewaastaa gariekaa jholaaharuu choriiko lakshya hun ra bamako khataraaharuubaata saawadhaana adhikaariiharuuko dhyaana pani aakarshita garna sakchhan.
"At home, due to this constant exposure to the local germs, odds are very high that you're already immune to them.","घरमा, स्थानीय कीटाणुहरूको निरन्तर सम्पर्कका कारण, तपाईँ पहिले नै तिनीहरूप्रति प्रतिरक्षित हुनुहुन्छ भन्ने सम्भावना धेरै उच्च छ।","घरमा, स्थानीय कीटाणुहरूको निरन्तर सम्पर्कका कारण, तिमी पहिले नै तिनीहरूप्रति प्रतिरक्षित छौ भन्ने सम्भावना धेरै उच्च छ।","gharamaa, sthaaniiya kiitaanuharuuko nirantara samparkakaa kaarana, tapaaiin pahile nai tiniiharuuprati pratirakshita hunuhunchha bhanne sambhaawanaa dherai uchcha chha.","gharamaa, sthaaniiya kiitaanuharuuko nirantara samparkakaa kaarana, timii pahile nai tiniiharuuprati pratirakshita chhau bhanne sambhaawanaa dherai uchcha chha."
"But in other parts of the world, where the bacteriological fauna are new to you, you're far more likely to run into problems.","तर विश्वका अन्य भागहरूमा, जहाँ ब्याक्टेरियोलोजिकल जीवहरू तपाईँका लागि नयाँ छन्, तपाईँले समस्याहरूमा भाग्ने सम्भावना धेरै हुन्छ।","तर विश्वका अन्य भागहरूमा, जहाँ ब्याक्टेरियोलोजिकल जीवहरू तिमीका लागि नयाँ छन्, तिमीले समस्याहरूमा भाग्ने सम्भावना धेरै हुन्छ।","tara wishwakaa anya bhaagaharuumaa, jahaan byaakteriyolojikala jiiwaharuu tapaaiinkaa laagi nayaan chhan, tapaaiinle samasyaaharuumaa bhaagne sambhaawanaa dherai hunchha.","tara wishwakaa anya bhaagaharuumaa, jahaan byaakteriyolojikala jiiwaharuu timiikaa laagi nayaan chhan, timiile samasyaaharuumaa bhaagne sambhaawanaa dherai hunchha."
"Also, in warmer climates bacteria both grow more quickly and survive longer outside the body.","साथै, तातो मौसममा ब्याक्टेरिया दुवै छिटो बढ्छ र शरीर बाहिर लामो समयसम्म बाँच्छ।","साथै, तातो मौसममा ब्याक्टेरिया दुवै छिटो बढ्छ र शरीर बाहिर लामो समयसम्म बाँच्छ।","saathai, taato mausamamaa byaakteriyaa duwai chhito badhchha ra shariira baahira laamo samayasamma baanchchha.","saathai, taato mausamamaa byaakteriyaa duwai chhito badhchha ra shariira baahira laamo samayasamma baanchchha."
"Thus the scourges of Delhi Belly, the Pharaoh's Curse, Montezuma's Revenge, and their many friends.","यसरी दिल्ली बेलीको कोसे, फिरऊनको श्राप, मोन्टेजुमाको प्रतिशोध, र तिनीहरूका धेरै साथीहरू।","यसरी दिल्ली बेलीको कोसे, फिरऊनको श्राप, मोन्टेजुमाको प्रतिशोध, र तिनीहरूका धेरै साथीहरू।","yasarii dillii beliiko kose, phirauunako shraapa, montejumaako pratishodha, ra tiniiharuukaa dherai saathiiharuu.","yasarii dillii beliiko kose, phirauunako shraapa, montejumaako pratishodha, ra tiniiharuukaa dherai saathiiharuu."
"As with respiratory problems in colder climates, intestinal problems in hot climates are fairly common and in most cases are distinctly annoying but not really dangerous.","चिसो मौसममा श्वासप्रश्वासका समस्याहरू जस्तै, तातो मौसममा आन्द्राको समस्या एकदम सामान्य छ र धेरै जसो अवस्थामा स्पष्ट रूपमा कष्टप्रद हुन्छ तर वास्तवमा खतरनाक हुँदैन।","चिसो मौसममा श्वासप्रश्वासका समस्याहरू जस्तै, तातो मौसममा आन्द्राको समस्या एकदम सामान्य छ र धेरै जसो अवस्थामा स्पष्ट रूपमा कष्टप्रद हुन्छ तर वास्तवमा खतरनाक हुँदैन।","chiso mausamamaa shwaasaprashwaasakaa samasyaaharuu jastai, taato mausamamaa aandraako samasyaa ekadama saamaanya chha ra dherai jaso awasthaamaa spashta ruupamaa kashtaprada hunchha tara waastawamaa khataranaaka hundaina.","chiso mausamamaa shwaasaprashwaasakaa samasyaaharuu jastai, taato mausamamaa aandraako samasyaa ekadama saamaanya chha ra dherai jaso awasthaamaa spashta ruupamaa kashtaprada hunchha tara waastawamaa khataranaaka hundaina."
If traveling in a developing country for the first time – or in a new part of the world – don't underestimate the potential culture shock.,यदि पहिलो पटक विकासशील देशमा यात्रा गर्दै हुनुहुन्छ-वा विश्वको नयाँ भागमा-सम्भावित सांस्कृतिक आघातलाई कम नमाने।,यदि पहिलो पटक विकासशील देशमा यात्रा गर्दै छौ-वा विश्वको नयाँ भागमा-सम्भावित सांस्कृतिक आघातलाई कम नमाने।,yadi pahilo pataka wikaasashiila deshamaa yaatraa gardai hunuhunchha-waa wishwako nayaan bhaagamaa-sambhaawita saanskritika aaghaatalaaii kama namaane.,yadi pahilo pataka wikaasashiila deshamaa yaatraa gardai chhau-waa wishwako nayaan bhaagamaa-sambhaawita saanskritika aaghaatalaaii kama namaane.
"Many a stable, capable traveler has been overcome by the newness of developing world travel, where many little cultural adjustments can add up quickly.","धेरै स्थिर, सक्षम यात्रीहरू विश्व यात्राको विकासको नयाँपनबाट पार भएका छन्, जहाँ धेरै थोरै सांस्कृतिक समायोजनहरू चाँडै थप्न सक्छन्।","धेरै स्थिर, सक्षम यात्रीहरू विश्व यात्राको विकासको नयाँपनबाट पार भएका छन्, जहाँ धेरै थोरै सांस्कृतिक समायोजनहरू चाँडै थप्न सक्छन्।","dherai sthira, sakshama yaatriiharuu wishwa yaatraako wikaasako nayaanpanabaata paara bhaekaa chhan, jahaan dherai thorai saanskritika samaayojanaharuu chaandai thapna sakchhan.","dherai sthira, sakshama yaatriiharuu wishwa yaatraako wikaasako nayaanpanabaata paara bhaekaa chhan, jahaan dherai thorai saanskritika samaayojanaharuu chaandai thapna sakchhan."
"Especially in your initial days, consider splurging on Western-style and -quality hotels, food, and services to help acclimatize.","विशेष गरी तपाईँको प्रारम्भिक दिनहरूमा, अनुकूलन गर्न मद्दत गर्न पश्चिमी शैली र गुणस्तरका होटलहरू, खाना, र सेवाहरूमा खर्च गर्ने विचार गर्नुहोस्।","विशेष गरी तिमीको प्रारम्भिक दिनहरूमा, अनुकूलन गर्न मद्दत गर्न पश्चिमी शैली र गुणस्तरका होटलहरू, खाना, र सेवाहरूमा खर्च गर्ने विचार गर।","wishesha garii tapaaiinko praarambhika dinaharuumaa, anukuulana garna maddata garna pashchimii shailii ra gunastarakaa hotalaharuu, khaanaa, ra sewaaharuumaa kharcha garne wichaara garnuhos.","wishesha garii timiiko praarambhika dinaharuumaa, anukuulana garna maddata garna pashchimii shailii ra gunastarakaa hotalaharuu, khaanaa, ra sewaaharuumaa kharcha garne wichaara gara."
Do not sleep on a mattress or pad on the ground in areas where you do not know the local fauna.,स्थानीय जीवजन्तुहरू थाहा नभएको क्षेत्रमा भुइँमा गद्दा वा प्याडमा नित्नुहोस्।,स्थानीय जीवजन्तुहरू थाहा नभएको क्षेत्रमा भुइँमा गद्दा वा प्याडमा नित्नुहोस्।,sthaaniiya jiiwajantuharuu thaahaa nabhaeko kshetramaa bhuinmaa gaddaa waa pyaadamaa nitnuhos.,sthaaniiya jiiwajantuharuu thaahaa nabhaeko kshetramaa bhuinmaa gaddaa waa pyaadamaa nitnuhos.
"If you are going to camp out, bring a camp cot or hammock to keep you away from snakes, scorpions and such.","यदि तपाईँ शिविरमा जान चाहनुहुन्छ भने, सर्प, बिच्छू र यस्तै अन्यबाट टाढा राख्नका लागि शिविरको खाट वा झूलो ल्याउनुहोस्।","यदि तिमी शिविरमा जान चाहनुहुन्छ भने, सर्प, बिच्छू र यस्तै अन्यबाट टाढा राख्नका लागि शिविरको खाट वा झूलो ल्याउनुहोस्।","yadi tapaaiin shiwiramaa jaana chaahanuhunchha bhane, sarpa, bichchhuu ra yastai anyabaata taadhaa raakhnakaa laagi shiwirako khaata waa jhuulo lyaaunuhos.","yadi timii shiwiramaa jaana chaahanuhunchha bhane, sarpa, bichchhuu ra yastai anyabaata taadhaa raakhnakaa laagi shiwirako khaata waa jhuulo lyaaunuhos."
Fill your home with a rich coffee in the morning and some relaxing chamomile tea at night.,बिहान एउटा समृद्ध कफी र रातमा केही आरामदायी क्यामोमाइल चियाले आफ्नो घर भर्नुहोस्।,बिहान एउटा समृद्ध कफी र रातमा केही आरामदायी क्यामोमाइल चियाले आफ्नो घर भर्नुहोस्।,bihaana eutaa samriddha kaphii ra raatamaa kehii aaraamadaayii kyaamomaaila chiyaale aaphno ghara bharnuhos.,bihaana eutaa samriddha kaphii ra raatamaa kehii aaraamadaayii kyaamomaaila chiyaale aaphno ghara bharnuhos.
"When you're on a staycation, you have the time to treat yourself and take a few extra minutes to brew up something special.","जब तपाईँ बसाइँ सर्दै हुनुहुन्छ, तपाईँसँग आफ्नो उपचार गर्ने समय हुन्छ र केही विशेष बनाउन केही अतिरिक्त मिनेटहरू लिनुहोस्।","जब तिमी बसाइँ सर्दै छौ, तिमीसँग आफ्नो उपचार गर्ने समय हुन्छ र केही विशेष बनाउन केही अतिरिक्त मिनेटहरू लिनुहोस्।","jaba tapaaiin basaain sardai hunuhunchha, tapaaiinsnga aaphno upachaara garne samaya hunchha ra kehii wishesha banaauna kehii atirikta minetaharuu linuhos.","jaba timii basaain sardai chhau, timiisnga aaphno upachaara garne samaya hunchha ra kehii wishesha banaauna kehii atirikta minetaharuu linuhos."
maybe you'll discover a simple beverage that you can make for breakfast when you're back to your daily routine.,सायद तपाईँले एउटा साधारण पेय फेला पार्नुहुनेछ जुन तपाईँले आफ्नो दैनिक दिनचर्यामा फर्कँदा बिहानको नाश्ताका लागि बनाउन सक्नुहुन्छ।,सायद तिमीले एउटा साधारण पेय फेला पार्नुहुनेछ जुन तिमीले आफ्नो दैनिक दिनचर्यामा फर्कँदा बिहानको नाश्ताका लागि बनाउन सक्छौ।,saayada tapaaiinle eutaa saadhaarana peya phelaa paarnuhunechha juna tapaaiinle aaphno dainika dinacharyaamaa pharkndaa bihaanako naashtaakaa laagi banaauna saknuhunchha.,saayada timiile eutaa saadhaarana peya phelaa paarnuhunechha juna timiile aaphno dainika dinacharyaamaa pharkndaa bihaanako naashtaakaa laagi banaauna sakchhau.
"If you live in a city with a varied drinking culture, go to bars or pubs in neighborhoods you don't frequent.","यदि तपाईँ विविध पिउने संस्कृति भएको सहरमा बस्नुहुन्छ भने, तपाईँले बारम्बार नगर्ने छिमेकमा बार वा पबहरूमा जानुहोस्।","यदि तिमी विविध पिउने संस्कृति भएको सहरमा बस्नुहुन्छ भने, तिमीले बारम्बार नगर्ने छिमेकमा बार वा पबहरूमा जाऊ।","yadi tapaaiin wiwidha piune snskriti bhaeko saharamaa basnuhunchha bhane, tapaaiinle baarambaara nagarne chhimekamaa baara waa pabaharuumaa jaanuhos.","yadi timii wiwidha piune snskriti bhaeko saharamaa basnuhunchha bhane, timiile baarambaara nagarne chhimekamaa baara waa pabaharuumaa jaauu."
"For those unfamiliar with medical jargon, the words infectious and contagious have distinct meanings.","चिकित्सा शब्दावलीसँग अपरिचितहरूका लागि, संक्रामक र सङ्क्रामक शब्दहरूको फरक अर्थ हुन्छ।","चिकित्सा शब्दावलीसँग अपरिचितहरूका लागि, संक्रामक र सङ्क्रामक शब्दहरूको फरक अर्थ हुन्छ।","chikitsaa shabdaawaliisnga aparichitaharuukaa laagi, snkraamaka ra sangkraamaka shabdaharuuko pharaka artha hunchha.","chikitsaa shabdaawaliisnga aparichitaharuukaa laagi, snkraamaka ra sangkraamaka shabdaharuuko pharaka artha hunchha."
"An infectious disease is one that is caused by a pathogen, such as a virus, bacterium, fungus or other parasites.","सङ्क्रमण रोग त्यो हो जुन भाइरस, ब्याक्टेरिया, ढुसी वा अन्य परजीवीहरू जस्ता रोगजनकको कारणले हुन्छ।","सङ्क्रमण रोग त्यो हो जुन भाइरस, ब्याक्टेरिया, ढुसी वा अन्य परजीवीहरू जस्ता रोगजनकको कारणले हुन्छ।","sangkramana roga tyo ho juna bhaairasa, byaakteriyaa, dhusii waa anya parajiiwiiharuu jastaa rogajanakako kaaranale hunchha.","sangkramana roga tyo ho juna bhaairasa, byaakteriyaa, dhusii waa anya parajiiwiiharuu jastaa rogajanakako kaaranale hunchha."
A contagious disease is a disease which is easily transmitted by being in the vicinity of an infected person.,सङ्क्रामक रोग एउटा यस्तो रोग हो जुन संक्रमित व्यक्तिको नजिकबाट सजिलै सर्छ।,सङ्क्रामक रोग एउटा यस्तो रोग हो जुन संक्रमित व्यक्तिको नजिकबाट सजिलै सर्छ।,sangkraamaka roga eutaa yasto roga ho juna snkramita wyaktiko najikabaata sajilai sarchha.,sangkraamaka roga eutaa yasto roga ho juna snkramita wyaktiko najikabaata sajilai sarchha.
"Many governments require visitors entering, or residents leaving, their countries to be vaccinated for a range of diseases.","धेरै सरकारहरूले आफ्नो देशमा प्रवेश गर्ने आगन्तुकहरू, वा बासिन्दाहरू बाहिर निस्कनलाई विभिन्न रोगहरूका लागि खोप लगाउन आवश्यक छ।","धेरै सरकारहरूले आफ्नो देशमा प्रवेश गर्ने आगन्तुकहरू, वा बासिन्दाहरू बाहिर निस्कनलाई विभिन्न रोगहरूका लागि खोप लगाउन आवश्यक छ।","dherai sarakaaraharuule aaphno deshamaa prawesha garne aagantukaharuu, waa baasindaaharuu baahira niskanalaaii wibhinna rogaharuukaa laagi khopa lagaauna aawashyaka chha.","dherai sarakaaraharuule aaphno deshamaa prawesha garne aagantukaharuu, waa baasindaaharuu baahira niskanalaaii wibhinna rogaharuukaa laagi khopa lagaauna aawashyaka chha."
These requirements may often depend on what countries a traveller has visited or intends to visit.,यी आवश्यकताहरू प्रायः एक यात्रुले कुन देशहरू भ्रमण गरेको छ वा भ्रमण गर्न चाहन्छ भन्ने कुरामा निर्भर हुन सक्छ।,यी आवश्यकताहरू प्रायः एक यात्रुले कुन देशहरू भ्रमण गरेको छ वा भ्रमण गर्न चाहन्छ भन्ने कुरामा निर्भर हुन सक्छ।,yii aawashyakataaharuu praayh eka yaatrule kuna deshaharuu bhramana gareko chha waa bhramana garna chaahanchha bhanne kuraamaa nirbhara huna sakchha.,yii aawashyakataaharuu praayh eka yaatrule kuna deshaharuu bhramana gareko chha waa bhramana garna chaahanchha bhanne kuraamaa nirbhara huna sakchha.
"One of strong points of Charlotte, North Carolina, is that it has an abundance of high-quality options for families.",उत्तरी क्यारोलिनाको शार्लोटको एउटा बलियो बिन्दु यो हो कि यसमा परिवारहरूका लागि उच्च-गुणस्तरका विकल्पहरूको प्रशस्तता छ।,उत्तरी क्यारोलिनाको शार्लोटको एउटा बलियो बिन्दु यो हो कि यसमा परिवारहरूका लागि उच्च-गुणस्तरका विकल्पहरूको प्रशस्तता छ।,uttarii kyaarolinaako shaarlotako eutaa baliyo bindu yo ho ki yasamaa pariwaaraharuukaa laagi uchcha-gunastarakaa wikalpaharuuko prashastataa chha.,uttarii kyaarolinaako shaarlotako eutaa baliyo bindu yo ho ki yasamaa pariwaaraharuukaa laagi uchcha-gunastarakaa wikalpaharuuko prashastataa chha.
"Residents from other areas often cite family-friendliness as a primary reason for moving there, and visitors often find the city easy to enjoy with children around.","अन्य क्षेत्रका बासिन्दाहरूले प्रायः त्यहाँ सर्ने प्राथमिक कारणको रूपमा पारिवारिक-मित्रता उद्धृत गर्छन्, र आगन्तुकहरूले प्रायः वरपरका बच्चाहरूसँग आनन्द लिन सजिलो सहर पाउँछन्।","अन्य क्षेत्रका बासिन्दाहरूले प्रायः त्यहाँ सर्ने प्राथमिक कारणको रूपमा पारिवारिक-मित्रता उद्धृत गर्छन्, र आगन्तुकहरूले प्रायः वरपरका बच्चाहरूसँग आनन्द लिन सजिलो सहर पाउँछन्।","anya kshetrakaa baasindaaharuule praayh tyahaan sarne praathamika kaaranako ruupamaa paariwaarika-mitrataa uddhrita garchhan, ra aagantukaharuule praayh waraparakaa bachchaaharuusnga aananda lina sajilo sahara paaunchhan.","anya kshetrakaa baasindaaharuule praayh tyahaan sarne praathamika kaaranako ruupamaa paariwaarika-mitrataa uddhrita garchhan, ra aagantukaharuule praayh waraparakaa bachchaaharuusnga aananda lina sajilo sahara paaunchhan."
"In the past 20 years, the amount of child-friendly options in Uptown Charlotte has grown exponentially.","विगत 20 वर्षमा, अपटाउन शार्लोटमा बाल-अनुकूल विकल्पहरूको मात्रा द्रुत गतिमा बढेको छ।","विगत 20 वर्षमा, अपटाउन शार्लोटमा बाल-अनुकूल विकल्पहरूको मात्रा द्रुत गतिमा बढेको छ।","wigata 20 warshamaa, apataauna shaarlotamaa baala-anukuula wikalpaharuuko maatraa druta gatimaa badheko chha.","wigata 20 warshamaa, apataauna shaarlotamaa baala-anukuula wikalpaharuuko maatraa druta gatimaa badheko chha."
"Taxis are not generally used by families in Charlotte, though they can be of some use in certain circumstances.","ट्याक्सीहरू सामान्यतया शार्लोटका परिवारहरूद्वारा प्रयोग गरिँदैनन्, यद्यपि तिनीहरू केही परिस्थितिहरूमा केही उपयोगी हुन सक्छन्।","ट्याक्सीहरू सामान्यतया शार्लोटका परिवारहरूद्वारा प्रयोग गरिँदैनन्, यद्यपि तिनीहरू केही परिस्थितिहरूमा केही उपयोगी हुन सक्छन्।","tyaaksiiharuu saamaanyatayaa shaarlotakaa pariwaaraharuudwaaraa prayoga garindainan, yadyapi tiniiharuu kehii paristhitiharuumaa kehii upayogii huna sakchhan.","tyaaksiiharuu saamaanyatayaa shaarlotakaa pariwaaraharuudwaaraa prayoga garindainan, yadyapi tiniiharuu kehii paristhitiharuumaa kehii upayogii huna sakchhan."
"There is a surcharge for having more than 2 passengers, so this option might be more expensive than necessary.","2 भन्दा बढी यात्रुहरूका लागि अधिभार छ, त्यसैले यो विकल्प आवश्यकभन्दा महँगो हुन सक्छ।","2 भन्दा बढी यात्रुहरूका लागि अधिभार छ, त्यसैले यो विकल्प आवश्यकभन्दा महँगो हुन सक्छ।","2 bhandaa badhii yaatruharuukaa laagi adhibhaara chha, tyasaile yo wikalpa aawashyakabhandaa mahngo huna sakchha.","2 bhandaa badhii yaatruharuukaa laagi adhibhaara chha, tyasaile yo wikalpa aawashyakabhandaa mahngo huna sakchha."
"Antarctica is the coldest place on Earth, and surrounds the South Pole.","अन्टार्कटिका पृथ्वीको सबैभन्दा चिसो ठाउँ हो, र दक्षिणी ध्रुवलाई घेरिएको छ।","अन्टार्कटिका पृथ्वीको सबैभन्दा चिसो ठाउँ हो, र दक्षिणी ध्रुवलाई घेरिएको छ।","antaarkatikaa prithwiiko sabaibhandaa chiso thaaun ho, ra dakshinii dhruwalaaii gherieko chha.","antaarkatikaa prithwiiko sabaibhandaa chiso thaaun ho, ra dakshinii dhruwalaaii gherieko chha."
"Tourist visits are costly, demand physical fitness, can only take place in summer Nov-Feb, and are largely limited to the Peninsula, Islands and Ross Sea.","पर्यटक भ्रमणहरू महँगो हुन्छन्, शारीरिक स्वास्थ्यको माग गर्छन्, गर्मी नोभेम्बर-फेब्रुअरीमा मात्र हुन सक्छन्, र प्रायद्वीप, टापुहरू र रस सागरमा सीमित छन्।","पर्यटक भ्रमणहरू महँगो हुन्छन्, शारीरिक स्वास्थ्यको माग गर्छन्, गर्मी नोभेम्बर-फेब्रुअरीमा मात्र हुन सक्छन्, र प्रायद्वीप, टापुहरू र रस सागरमा सीमित छन्।","paryataka bhramanaharuu mahngo hunchhan, shaariirika swaasthyako maaga garchhan, garmii nobhembara-phebruariimaa maatra huna sakchhan, ra praayadwiipa, taapuharuu ra rasa saagaramaa siimita chhan.","paryataka bhramanaharuu mahngo hunchhan, shaariirika swaasthyako maaga garchhan, garmii nobhembara-phebruariimaa maatra huna sakchhan, ra praayadwiipa, taapuharuu ra rasa saagaramaa siimita chhan."
A couple of thousand staff live here in summer in some four dozen bases mostly in those areas; a small number stay over winter.,गर्मीमा यहाँ केही चार दर्जन आधारहरूमा प्रायः ती क्षेत्रहरूमा दुई हजार कर्मचारीहरू बस्छन्; थोरै सङ्ख्यामा जाडोमा बस्छन्।,गर्मीमा यहाँ केही चार दर्जन आधारहरूमा प्रायः ती क्षेत्रहरूमा दुई हजार कर्मचारीहरू बस्छन्; थोरै सङ्ख्यामा जाडोमा बस्छन्।,garmiimaa yahaan kehii chaara darjana aadhaaraharuumaa praayh tii kshetraharuumaa duii hajaara karmachaariiharuu baschhan; thorai sangkhyaamaa jaadomaa baschhan.,garmiimaa yahaan kehii chaara darjana aadhaaraharuumaa praayh tii kshetraharuumaa duii hajaara karmachaariiharuu baschhan; thorai sangkhyaamaa jaadomaa baschhan.
Inland Antarctica is a desolate plateau covered by 2-3 km of ice.,अन्तर्देशीय अन्टार्कटिका 2-3 किलोमिटर बरफले ढाकिएको निर्जन पठार हो।,अन्तर्देशीय अन्टार्कटिका 2-3 किलोमिटर बरफले ढाकिएको निर्जन पठार हो।,antardeshiiya antaarkatikaa 2-3 kilomitara baraphale dhaakieko nirjana pathaara ho.,antardeshiiya antaarkatikaa 2-3 kilomitara baraphale dhaakieko nirjana pathaara ho.
"Occasional specialist air tours go inland, for mountaineering or to reach the Pole, which has a large base.","कहिलेकाहीँ विशेषज्ञ हवाई भ्रमणहरू अन्तर्देशीय रूपमा, पर्वतारोहणका लागि वा पोलमा पुग्नका लागि जान्छन्, जसको ठुलो आधार छ।","कहिलेकाहीँ विशेषज्ञ हवाई भ्रमणहरू अन्तर्देशीय रूपमा, पर्वतारोहणका लागि वा पोलमा पुग्नका लागि जान्छन्, जसको ठुलो आधार छ।","kahilekaahiin wisheshajnya hawaaii bhramanaharuu antardeshiiya ruupamaa, parwataarohanakaa laagi waa polamaa pugnakaa laagi jaanchhan, jasako thulo aadhaara chha.","kahilekaahiin wisheshajnya hawaaii bhramanaharuu antardeshiiya ruupamaa, parwataarohanakaa laagi waa polamaa pugnakaa laagi jaanchhan, jasako thulo aadhaara chha."
The South Pole Traverse (or Highway) is a 1600 km trail from McMurdo Station on the Ross Sea to the Pole.,साउथ पोल ट्राभर्स (वा राजमार्ग) रस सागरमा रहेको म्याकमर्डो स्टेसनबाट पोलसम्म 1600 किलोमिटरको ट्रेल हो।,साउथ पोल ट्राभर्स (वा राजमार्ग) रस सागरमा रहेको म्याकमर्डो स्टेसनबाट पोलसम्म 1600 किलोमिटरको ट्रेल हो।,saautha pola traabharsa (waa raajamaarga) rasa saagaramaa raheko myaakamardo stesanabaata polasamma 1600 kilomitarako trela ho.,saautha pola traabharsa (waa raajamaarga) rasa saagaramaa raheko myaakamardo stesanabaata polasamma 1600 kilomitarako trela ho.
"It's compacted snow with crevasses filled in and marked by flags. It can only be traveled by specialized tractors, hauling sleds with fuel and supplies.","यो चट्टानहरू भरिएको र झण्डाहरूले चिह्नित गरेको बरफले कम्प्याक्ट गरिएको छ। यसलाई विशेष ट्र्याक्टरहरूद्वारा मात्र यात्रा गर्न सकिन्छ, इन्धन र आपूर्तिको साथ स्लेजहरू ह्याल गर्दै।","यो चट्टानहरू भरिएको र झण्डाहरूले चिह्नित गरेको बरफले कम्प्याक्ट गरिएको छ। यसलाई विशेष ट्र्याक्टरहरूद्वारा मात्र यात्रा गर्न सकिन्छ, इन्धन र आपूर्तिको साथ स्लेजहरू ह्याल गर्दै।","yo chattaanaharuu bharieko ra jhandaaharuule chihnita gareko baraphale kampyaakta garieko chha. yasalaaii wishesha tryaaktaraharuudwaaraa maatra yaatraa garna sakinchha, indhana ra aapuurtiko saatha slejaharuu hyaala gardai.","yo chattaanaharuu bharieko ra jhandaaharuule chihnita gareko baraphale kampyaakta garieko chha. yasalaaii wishesha tryaaktaraharuudwaaraa maatra yaatraa garna sakinchha, indhana ra aapuurtiko saatha slejaharuu hyaala gardai."
These aren't very nimble so the trail has to take a long swerve around the Transantarctic Mountains to come onto the plateau.,यी धेरै चाखलाग्दा छैनन् त्यसैले ट्रेलले पठारमा आउन ट्रान्सान्टार्कटिक पर्वतहरूको वरिपरि लामो घुमाउरो लिनुपर्छ।,यी धेरै चाखलाग्दा छैनन् त्यसैले ट्रेलले पठारमा आउन ट्रान्सान्टार्कटिक पर्वतहरूको वरिपरि लामो घुमाउरो लिनुपर्छ।,yii dherai chaakhalaagdaa chhainan tyasaile trelale pathaaramaa aauna traansaantaarkatika parwataharuuko waripari laamo ghumaauro linuparchha.,yii dherai chaakhalaagdaa chhainan tyasaile trelale pathaaramaa aauna traansaantaarkatika parwataharuuko waripari laamo ghumaauro linuparchha.
"The most common cause for accidents in winter is slippery roads, pavements (sidewalks) and especially steps.","जाडोमा दुर्घटनाको सबैभन्दा सामान्य कारण फिसलन सडक, फुटपाथ (फुटपाथ) र विशेष गरी सिँढीहरू हुन्।","जाडोमा दुर्घटनाको सबैभन्दा सामान्य कारण फिसलन सडक, फुटपाथ (फुटपाथ) र विशेष गरी सिँढीहरू हुन्।","jaadomaa durghatanaako sabaibhandaa saamaanya kaarana phisalana sadaka, phutapaatha (phutapaatha) ra wishesha garii sindhiiharuu hun.","jaadomaa durghatanaako sabaibhandaa saamaanya kaarana phisalana sadaka, phutapaatha (phutapaatha) ra wishesha garii sindhiiharuu hun."
"At a minimum, you need footwear with suitable soles. Summer shoes are usually very slippery on ice and snow, even some winter boots are deficient.","कमसेकम, तपाईँलाई उपयुक्त तलुका जुत्ता चाहिन्छ। गर्मीका जुत्ता सामान्यतया बरफ र हिउँमा धेरै फिसलन हुन्छन्, यहाँसम्म कि केही जाडोका जुत्ताहरूमा पनि कमी हुन्छ।","कमसेकम, तिमीलाई उपयुक्त तलुका जुत्ता चाहिन्छ। गर्मीका जुत्ता सामान्यतया बरफ र हिउँमा धेरै फिसलन हुन्छन्, यहाँसम्म कि केही जाडोका जुत्ताहरूमा पनि कमी हुन्छ।","kamasekama, tapaaiinlaaii upayukta talukaa juttaa chaahinchha. garmiikaa juttaa saamaanyatayaa barapha ra hiunmaa dherai phisalana hunchhan, yahaansamma ki kehii jaadokaa juttaaharuumaa pani kamii hunchha.","kamasekama, timiilaaii upayukta talukaa juttaa chaahinchha. garmiikaa juttaa saamaanyatayaa barapha ra hiunmaa dherai phisalana hunchhan, yahaansamma ki kehii jaadokaa juttaaharuumaa pani kamii hunchha."
"The pattern should be deep enough, 5 mm (1/5 inch) or more, and the material soft enough in cold temperatures.","ढाँचा पर्याप्त गहिरो, 5 मिमी (1/5 इन्च) वा बढी हुनुपर्छ, र सामग्री चिसो तापक्रममा पर्याप्त नरम हुनुपर्छ।","ढाँचा पर्याप्त गहिरो, 5 मिमी (1/5 इन्च) वा बढी हुनुपर्छ, र सामग्री चिसो तापक्रममा पर्याप्त नरम हुनुपर्छ।","dhaanchaa paryaapta gahiro, 5 mimii (1/5 incha) waa badhii hunuparchha, ra saamagrii chiso taapakramamaa paryaapta narama hunuparchha.","dhaanchaa paryaapta gahiro, 5 mimii (1/5 incha) waa badhii hunuparchha, ra saamagrii chiso taapakramamaa paryaapta narama hunuparchha."
"Some boots have studs and there is studded add-on equipment for slippery conditions, suitable for most shoes and boots, for the heels or heels and sole.","केही बुटहरूमा स्टडहरू हुन्छन् र त्यहाँ चिप्लो अवस्थाहरूका लागि जडिएको एड-अन उपकरणहरू हुन्छन्, जुन धेरै जसो जुत्ता र बुटहरूका लागि उपयुक्त हुन्छ, हिल वा हिल र सोलका लागि।","केही बुटहरूमा स्टडहरू हुन्छन् र त्यहाँ चिप्लो अवस्थाहरूका लागि जडिएको एड-अन उपकरणहरू हुन्छन्, जुन धेरै जसो जुत्ता र बुटहरूका लागि उपयुक्त हुन्छ, हिल वा हिल र सोलका लागि।","kehii butaharuumaa stadaharuu hunchhan ra tyahaan chiplo awasthaaharuukaa laagi jadieko eda-ana upakaranaharuu hunchhan, juna dherai jaso juttaa ra butaharuukaa laagi upayukta hunchha, hila waa hila ra solakaa laagi.","kehii butaharuumaa stadaharuu hunchhan ra tyahaan chiplo awasthaaharuukaa laagi jadieko eda-ana upakaranaharuu hunchhan, juna dherai jaso juttaa ra butaharuukaa laagi upayukta hunchha, hila waa hila ra solakaa laagi."
"Heels should be low and wide. Sand, gravel or salt (calcium chloride) is often scattered on roads or paths to improve traction.","खुट्टाहरू कम र फराकिलो हुनुपर्छ। कर्षण सुधार गर्न बालुवा, बजरी वा नुन (क्याल्सियम क्लोराइड) प्रायः सडक वा बाटोमा छरिएर राखिन्छ।","खुट्टाहरू कम र फराकिलो हुनुपर्छ। कर्षण सुधार गर्न बालुवा, बजरी वा नुन (क्याल्सियम क्लोराइड) प्रायः सडक वा बाटोमा छरिएर राखिन्छ।","khuttaaharuu kama ra pharaakilo hunuparchha. karshana sudhaara garna baaluwaa, bajarii waa nuna (kyaalsiyama kloraaida) praayh sadaka waa baatomaa chhariera raakhinchha.","khuttaaharuu kama ra pharaakilo hunuparchha. karshana sudhaara garna baaluwaa, bajarii waa nuna (kyaalsiyama kloraaida) praayh sadaka waa baatomaa chhariera raakhinchha."
"Avalanches are not an abnormality; steep slopes can hold only so much slow, and the excess volumes will come down as avalanches.","हिमस्खलन कुनै असामान्यता होइन; ठाडो ढलानहरूले यति ढिलो मात्र समात्न सक्छ, र अतिरिक्त मात्रा हिमस्खलनको रूपमा तल आउनेछ।","हिमस्खलन कुनै असामान्यता होइन; ठाडो ढलानहरूले यति ढिलो मात्र समात्न सक्छ, र अतिरिक्त मात्रा हिमस्खलनको रूपमा तल आउनेछ।","himaskhalana kunai asaamaanyataa hoina; thaado dhalaanaharuule yati dhilo maatra samaatna sakchha, ra atirikta maatraa himaskhalanako ruupamaa tala aaunechha.","himaskhalana kunai asaamaanyataa hoina; thaado dhalaanaharuule yati dhilo maatra samaatna sakchha, ra atirikta maatraa himaskhalanako ruupamaa tala aaunechha."
"The problem is that snow is sticky, so it needs some triggering to come down, and some snow coming down can be the triggering event for the rest.","समस्या यो हो कि हिउँ चिपचिपा छ, त्यसैले यसलाई तल आउन केही ट्रिगर चाहिन्छ, र केही हिउँ तल आउनु बाँकीका लागि ट्रिगर घटना हुन सक्छ।","समस्या यो हो कि हिउँ चिपचिपा छ, त्यसैले यसलाई तल आउन केही ट्रिगर चाहिन्छ, र केही हिउँ तल आउनु बाँकीका लागि ट्रिगर घटना हुन सक्छ।","samasyaa yo ho ki hiun chipachipaa chha, tyasaile yasalaaii tala aauna kehii trigara chaahinchha, ra kehii hiun tala aaunu baankiikaa laagi trigara ghatanaa huna sakchha.","samasyaa yo ho ki hiun chipachipaa chha, tyasaile yasalaaii tala aauna kehii trigara chaahinchha, ra kehii hiun tala aaunu baankiikaa laagi trigara ghatanaa huna sakchha."
"Sometimes the original trigging event is the sun warming the snow, sometimes some more snowfall, sometimes other natural events, often a human.","कहिलेकाहीँ मूल ट्रिगिङ घटना सूर्यले हिउँलाई तातो पार्छ, कहिलेकाहीँ केही बढी हिमपात, कहिलेकाहीँ अन्य प्राकृतिक घटनाहरू, प्रायः मानव।","कहिलेकाहीँ मूल ट्रिगिङ घटना सूर्यले हिउँलाई तातो पार्छ, कहिलेकाहीँ केही बढी हिमपात, कहिलेकाहीँ अन्य प्राकृतिक घटनाहरू, प्रायः मानव।","kahilekaahiin muula triginga ghatanaa suuryale hiunlaaii taato paarchha, kahilekaahiin kehii badhii himapaata, kahilekaahiin anya praakritika ghatanaaharuu, praayh maanawa.","kahilekaahiin muula triginga ghatanaa suuryale hiunlaaii taato paarchha, kahilekaahiin kehii badhii himapaata, kahilekaahiin anya praakritika ghatanaaharuu, praayh maanawa."
"A tornado is a spinning column of very low-pressure air, which sucks the surrounding air inward and upward.","टर्नेडो धेरै कम-दबाव हावाको एक घुमाउने स्तम्भ हो, जसले वरपरको हावालाई भित्री र माथिको दिशामा चुस्छ।","टर्नेडो धेरै कम-दबाव हावाको एक घुमाउने स्तम्भ हो, जसले वरपरको हावालाई भित्री र माथिको दिशामा चुस्छ।","tarnedo dherai kama-dabaawa haawaako eka ghumaaune stambha ho, jasale waraparako haawaalaaii bhitrii ra maathiko dishaamaa chuschha.","tarnedo dherai kama-dabaawa haawaako eka ghumaaune stambha ho, jasale waraparako haawaalaaii bhitrii ra maathiko dishaamaa chuschha."
"They generate high winds (often 100-200 miles/hour) and can lift heavy objects into the air, carrying them as the tornado moves.","तिनीहरूले उच्च हावा (प्रायः 100-200 माइल/घन्टा) उत्पन्न गर्छन् र भारी वस्तुहरूलाई हावामा उठाउन सक्छन्, तिनीहरूलाई बवंडराले अघि बढ्दा बोक्न सक्छन्।","तिनीहरूले उच्च हावा (प्रायः 100-200 माइल/घन्टा) उत्पन्न गर्छन् र भारी वस्तुहरूलाई हावामा उठाउन सक्छन्, तिनीहरूलाई बवंडराले अघि बढ्दा बोक्न सक्छन्।","tiniiharuule uchcha haawaa (praayh 100-200 maaila/ghantaa) utpanna garchhan ra bhaarii wastuharuulaaii haawaamaa uthaauna sakchhan, tiniiharuulaaii bawndaraale aghi badhdaa bokna sakchhan.","tiniiharuule uchcha haawaa (praayh 100-200 maaila/ghantaa) utpanna garchhan ra bhaarii wastuharuulaaii haawaamaa uthaauna sakchhan, tiniiharuulaaii bawndaraale aghi badhdaa bokna sakchhan."
"They begin as funnels descending from storm clouds, and become ""tornadoes"" when they touch the ground.","तिनीहरू आँधीबेहरी बादलबाट तल झर्ने फनेलको रूपमा सुरु हुन्छन्, र जब तिनीहरू जमिन छोड्छन् ""टोर्नेडो"" बन्छन्।","तिनीहरू आँधीबेहरी बादलबाट तल झर्ने फनेलको रूपमा सुरु हुन्छन्, र जब तिनीहरू जमिन छोड्छन् ""टोर्नेडो"" बन्छन्।","tiniiharuu aandhiibeharii baadalabaata tala jharne phanelako ruupamaa suru hunchhan, ra jaba tiniiharuu jamina chhodchhan ""tornedo"" banchhan.","tiniiharuu aandhiibeharii baadalabaata tala jharne phanelako ruupamaa suru hunchhan, ra jaba tiniiharuu jamina chhodchhan ""tornedo"" banchhan."
Personal VPN (virtual private network) providers are an excellent way of circumventing both political censorship and commercial IP-geofiltering.,व्यक्तिगत भिपिएन (भर्चुअल निजी सञ्जाल) प्रदायकहरू राजनीतिक सेन्सरसिप र व्यावसायिक आईपी-जिओफिल्टरिङ दुवैलाई बेवास्ता गर्ने उत्कृष्ट तरिका हो।,व्यक्तिगत भिपिएन (भर्चुअल निजी सञ्जाल) प्रदायकहरू राजनीतिक सेन्सरसिप र व्यावसायिक आईपी-जिओफिल्टरिङ दुवैलाई बेवास्ता गर्ने उत्कृष्ट तरिका हो।,wyaktigata bhipiena (bharchuala nijii sanyjaala) pradaayakaharuu raajaniitika sensarasipa ra wyaawasaayika aaiipii-jiophiltaringa duwailaaii bewaastaa garne utkrishta tarikaa ho.,wyaktigata bhipiena (bharchuala nijii sanyjaala) pradaayakaharuu raajaniitika sensarasipa ra wyaawasaayika aaiipii-jiophiltaringa duwailaaii bewaastaa garne utkrishta tarikaa ho.
They normally offer higher bandwidth and better quality of service. They are encrypted and thus harder to spy on.,तिनीहरूले सामान्यतया उच्च ब्यान्डविड्थ र सेवाको राम्रो गुणस्तर प्रदान गर्छन्। तिनीहरू इन्क्रिप्टेड हुन्छन् र यसैले जासुसी गर्न गाह्रो हुन्छ।,तिनीहरूले सामान्यतया उच्च ब्यान्डविड्थ र सेवाको राम्रो गुणस्तर प्रदान गर्छन्। तिनीहरू इन्क्रिप्टेड हुन्छन् र यसैले जासुसी गर्न गाह्रो हुन्छ।,tiniiharuule saamaanyatayaa uchcha byaandawidtha ra sewaako raamro gunastara pradaana garchhan. tiniiharuu inkripteda hunchhan ra yasaile jaasusii garna gaahro hunchha.,tiniiharuule saamaanyatayaa uchcha byaandawidtha ra sewaako raamro gunastara pradaana garchhan. tiniiharuu inkripteda hunchhan ra yasaile jaasusii garna gaahro hunchha.
"The media companies routinely lie about the purpose of this, claiming that it is to ""prevent piracy"".","मिडिया कम्पनीहरूले नियमित रूपमा यसको उद्देश्यको बारेमा झूट बोल्छन्, यो ""पाइरेसी रोक्न"" हो भनेर दाबी गर्छन्।","मिडिया कम्पनीहरूले नियमित रूपमा यसको उद्देश्यको बारेमा झूट बोल्छन्, यो ""पाइरेसी रोक्न"" हो भनेर दाबी गर्छन्।","midiyaa kampaniiharuule niyamita ruupamaa yasako uddeshyako baaremaa jhuuta bolchhan, yo ""paairesii rokna"" ho bhanera daabii garchhan.","midiyaa kampaniiharuule niyamita ruupamaa yasako uddeshyako baaremaa jhuuta bolchhan, yo ""paairesii rokna"" ho bhanera daabii garchhan."
"In fact, region codes have absolutely no effect on illegal copying; a bit-for-bit copy of a disk will play just fine on any device where the original will.","वास्तवमा, क्षेत्र कोडहरूले अवैध प्रतिलिपिमा कुनै प्रभाव पार्दैन; डिस्कको बिट-फर-बिट प्रतिलिपि कुनै पनि उपकरणमा ठिक चल्नेछ जहाँ मूल हुनेछ।","वास्तवमा, क्षेत्र कोडहरूले अवैध प्रतिलिपिमा कुनै प्रभाव पार्दैन; डिस्कको बिट-फर-बिट प्रतिलिपि कुनै पनि उपकरणमा ठिक चल्नेछ जहाँ मूल हुनेछ।","waastawamaa, kshetra kodaharuule awaidha pratilipimaa kunai prabhaawa paardaina; diskako bita-phara-bita pratilipi kunai pani upakaranamaa thika chalnechha jahaan muula hunechha.","waastawamaa, kshetra kodaharuule awaidha pratilipimaa kunai prabhaawa paardaina; diskako bita-phara-bita pratilipi kunai pani upakaranamaa thika chalnechha jahaan muula hunechha."
The actual purpose is to give those companies more control over their markets; it's all about money spinning.,वास्तविक उद्देश्य ती कम्पनीहरूलाई उनीहरूको बजारमा थप नियन्त्रण दिनु हो; यो सबै पैसा घुम्ने बारेमा हो।,वास्तविक उद्देश्य ती कम्पनीहरूलाई उनीहरूको बजारमा थप नियन्त्रण दिनु हो; यो सबै पैसा घुम्ने बारेमा हो।,waastawika uddeshya tii kampaniiharuulaaii uniiharuuko bajaaramaa thapa niyantrana dinu ho; yo sabai paisaa ghumne baaremaa ho.,waastawika uddeshya tii kampaniiharuulaaii uniiharuuko bajaaramaa thapa niyantrana dinu ho; yo sabai paisaa ghumne baaremaa ho.
"Because calls are routed over the Internet, you do not need to use a phone company located where you live or where you travel.","कलहरू इन्टरनेटमा पठाइन्छ, तपाईँ जहाँ बस्नुहुन्छ वा जहाँ यात्रा गर्नुहुन्छ त्यहाँ अवस्थित फोन कम्पनी प्रयोग गर्न आवश्यक छैन।","कलहरू इन्टरनेटमा पठाइन्छ, तिमी जहाँ बस्नुहुन्छ वा जहाँ यात्रा गर्नुहुन्छ त्यहाँ अवस्थित फोन कम्पनी प्रयोग गर्न आवश्यक छैन।","kalaharuu intaranetamaa pathaainchha, tapaaiin jahaan basnuhunchha waa jahaan yaatraa garnuhunchha tyahaan awasthita phona kampanii prayoga garna aawashyaka chhaina.","kalaharuu intaranetamaa pathaainchha, timii jahaan basnuhunchha waa jahaan yaatraa garnuhunchha tyahaan awasthita phona kampanii prayoga garna aawashyaka chhaina."
"There is also no requirement that you obtain a local number from the community in which you live; you can obtain a satellite Internet connection in the wilds of Chicken, Alaska and select a number which claims you're in sunny Arizona.","तपाईँ बस्ने समुदायबाट स्थानीय नम्बर प्राप्त गर्नु पनि आवश्यक छैन; तपाईँ चिकेन, अलास्काको जङ्गलमा स्याटेलाइट इन्टरनेट जडान प्राप्त गर्न सक्नुहुन्छ र तपाईँ घामिलो एरिजोनामा हुनुहुन्छ भनी दाबी गर्ने नम्बर चयन गर्न सक्नुहुन्छ।","तिमी बस्ने समुदायबाट स्थानीय नम्बर प्राप्त गर्नु पनि आवश्यक छैन; तिमी चिकेन, अलास्काको जङ्गलमा स्याटेलाइट इन्टरनेट जडान प्राप्त गर्न सक्छौ र तिमी घामिलो एरिजोनामा छौ भनी दाबी गर्ने नम्बर चयन गर्न सक्छौ।","tapaaiin basne samudaayabaata sthaaniiya nambara praapta garnu pani aawashyaka chhaina; tapaaiin chikena, alaaskaako janggalamaa syaatelaaita intaraneta jadaana praapta garna saknuhunchha ra tapaaiin ghaamilo erijonaamaa hunuhunchha bhanii daabii garne nambara chayana garna saknuhunchha.","timii basne samudaayabaata sthaaniiya nambara praapta garnu pani aawashyaka chhaina; timii chikena, alaaskaako janggalamaa syaatelaaita intaraneta jadaana praapta garna sakchhau ra timii ghaamilo erijonaamaa chhau bhanii daabii garne nambara chayana garna sakchhau."
"Often, you have to buy a global number separately that allows PSTN phones to call you. Where the number is from makes a difference for people calling you.","प्रायः, तपाईँले एउटा विश्वव्यापी नम्बर छुट्टै किन्नुपर्छ जसले पिएसटीएन फोनहरूलाई तपाईँलाई कल गर्न अनुमति दिन्छ। नम्बर कहाँबाट छ यसले तपाईँलाई कल गर्ने मानिसहरूका लागि फरक पार्छ।","प्रायः, तिमीले एउटा विश्वव्यापी नम्बर छुट्टै किन्नुपर्छ जसले पिएसटीएन फोनहरूलाई तिमीलाई कल गर्न अनुमति दिन्छ। नम्बर कहाँबाट छ यसले तिमीलाई कल गर्ने मानिसहरूका लागि फरक पार्छ।","praayh, tapaaiinle eutaa wishwawyaapii nambara chhuttai kinnuparchha jasale piesatiiena phonaharuulaaii tapaaiinlaaii kala garna anumati dinchha. nambara kahaanbaata chha yasale tapaaiinlaaii kala garne maanisaharuukaa laagi pharaka paarchha.","praayh, timiile eutaa wishwawyaapii nambara chhuttai kinnuparchha jasale piesatiiena phonaharuulaaii timiilaaii kala garna anumati dinchha. nambara kahaanbaata chha yasale timiilaaii kala garne maanisaharuukaa laagi pharaka paarchha."
Real-time text translator apps – applications that are capable of automatically translating whole segments of text from one language into another.,वास्तविक-समय पाठ अनुवादक अनुप्रयोगहरू-ती अनुप्रयोगहरू जुन पाठको सम्पूर्ण खण्डहरू स्वचालित रूपमा एक भाषाबाट अर्को भाषामा अनुवाद गर्न सक्षम छन्।,वास्तविक-समय पाठ अनुवादक अनुप्रयोगहरू-ती अनुप्रयोगहरू जुन पाठको सम्पूर्ण खण्डहरू स्वचालित रूपमा एक भाषाबाट अर्को भाषामा अनुवाद गर्न सक्षम छन्।,waastawika-samaya paatha anuwaadaka anuprayogaharuu-tii anuprayogaharuu juna paathako sampuurna khandaharuu swachaalita ruupamaa eka bhaashaabaata arko bhaashaamaa anuwaada garna sakshama chhan.,waastawika-samaya paatha anuwaadaka anuprayogaharuu-tii anuprayogaharuu juna paathako sampuurna khandaharuu swachaalita ruupamaa eka bhaashaabaata arko bhaashaamaa anuwaada garna sakshama chhan.
Some of the applications in this category can even translate texts in foreign languages on signs or other objects in the real world when the user points the smartphone towards those objects.,यस श्रेणीका केही अनुप्रयोगहरूले प्रयोगकर्ताले स्मार्टफोनलाई ती वस्तुहरूतिर औंल्याउँदा वास्तविक संसारका सङ्केतहरू वा अन्य वस्तुहरूमा विदेशी भाषाहरूमा पाठहरू अनुवाद गर्न सक्छन्।,यस श्रेणीका केही अनुप्रयोगहरूले प्रयोगकर्ताले स्मार्टफोनलाई ती वस्तुहरूतिर औंल्याउँदा वास्तविक संसारका सङ्केतहरू वा अन्य वस्तुहरूमा विदेशी भाषाहरूमा पाठहरू अनुवाद गर्न सक्छन्।,yasa shreniikaa kehii anuprayogaharuule prayogakartaale smaartaphonalaaii tii wastuharuutira aunlyaaundaa waastawika snsaarakaa sangketaharuu waa anya wastuharuumaa wideshii bhaashaaharuumaa paathaharuu anuwaada garna sakchhan.,yasa shreniikaa kehii anuprayogaharuule prayogakartaale smaartaphonalaaii tii wastuharuutira aunlyaaundaa waastawika snsaarakaa sangketaharuu waa anya wastuharuumaa wideshii bhaashaaharuumaa paathaharuu anuwaada garna sakchhan.
"The translation engines have improved dramatically, and now often give more or less correct translations (and more seldom gibberish), but some care is due, as they still may have gotten it all wrong.","अनुवाद इन्जिनहरूमा नाटकीय रूपमा सुधार भएको छ, र अब प्रायः कम वा कम सही अनुवादहरू (र विरलै गब्बर) दिन्छन्, तर केही हेरचाहको कारण छ, किनकि तिनीहरूले अझै पनि यो सबै गलत पाएका हुन सक्छन्।","अनुवाद इन्जिनहरूमा नाटकीय रूपमा सुधार भएको छ, र अब प्रायः कम वा कम सही अनुवादहरू (र विरलै गब्बर) दिन्छन्, तर केही हेरचाहको कारण छ, किनकि तिनीहरूले अझै पनि यो सबै गलत पाएका हुन सक्छन्।","anuwaada injinaharuumaa naatakiiya ruupamaa sudhaara bhaeko chha, ra aba praayh kama waa kama sahii anuwaadaharuu (ra wiralai gabbara) dinchhan, tara kehii herachaahako kaarana chha, kinaki tiniiharuule ajhai pani yo sabai galata paaekaa huna sakchhan.","anuwaada injinaharuumaa naatakiiya ruupamaa sudhaara bhaeko chha, ra aba praayh kama waa kama sahii anuwaadaharuu (ra wiralai gabbara) dinchhan, tara kehii herachaahako kaarana chha, kinaki tiniiharuule ajhai pani yo sabai galata paaekaa huna sakchhan."
"One of the most prominent apps in this category is Google Translate, which allows offline translation after downloading the desired language data.","यस श्रेणीमा सबैभन्दा प्रमुख एपहरू मध्ये एक गुगल ट्रान्सलेट हो, जसले इच्छित भाषा डेटा डाउनलोड गरेपछि अफलाइन अनुवादलाई अनुमति दिन्छ।","यस श्रेणीमा सबैभन्दा प्रमुख एपहरू मध्ये एक गुगल ट्रान्सलेट हो, जसले इच्छित भाषा डेटा डाउनलोड गरेपछि अफलाइन अनुवादलाई अनुमति दिन्छ।","yasa shreniimaa sabaibhandaa pramukha epaharuu madhye eka gugala traansaleta ho, jasale ichchhita bhaashaa detaa daaunaloda garepachhi aphalaaina anuwaadalaaii anumati dinchha.","yasa shreniimaa sabaibhandaa pramukha epaharuu madhye eka gugala traansaleta ho, jasale ichchhita bhaashaa detaa daaunaloda garepachhi aphalaaina anuwaadalaaii anumati dinchha."
Using GPS navigation apps on your smartphone can be the easiest and most convenient way to navigate when out of your home country.,तपाईँको स्मार्टफोनमा जिपिएस नेभिगेसन एपहरू प्रयोग गर्नु तपाईँको गृह देशबाट बाहिर जाँदा नेभिगेट गर्ने सबैभन्दा सजिलो र सबैभन्दा सुविधाजनक तरिका हुन सक्छ।,तिमीको स्मार्टफोनमा जिपिएस नेभिगेसन एपहरू प्रयोग गर्नु तिमीको गृह देशबाट बाहिर जाँदा नेभिगेट गर्ने सबैभन्दा सजिलो र सबैभन्दा सुविधाजनक तरिका हुन सक्छ।,tapaaiinko smaartaphonamaa jipiesa nebhigesana epaharuu prayoga garnu tapaaiinko griha deshabaata baahira jaandaa nebhigeta garne sabaibhandaa sajilo ra sabaibhandaa suwidhaajanaka tarikaa huna sakchha.,timiiko smaartaphonamaa jipiesa nebhigesana epaharuu prayoga garnu timiiko griha deshabaata baahira jaandaa nebhigeta garne sabaibhandaa sajilo ra sabaibhandaa suwidhaajanaka tarikaa huna sakchha.
"It can save money over buying new maps for a GPS, or a standalone GPS device or renting one from a car rental company.","यसले जिपिएसका लागि नयाँ नक्सा किनेर, वा एकल जिपिएस उपकरण वा कार भाडा कम्पनीबाट भाडामा लिएर पैसा बचत गर्न सक्छ।","यसले जिपिएसका लागि नयाँ नक्सा किनेर, वा एकल जिपिएस उपकरण वा कार भाडा कम्पनीबाट भाडामा लिएर पैसा बचत गर्न सक्छ।","yasale jipiesakaa laagi nayaan naksaa kinera, waa ekala jipiesa upakarana waa kaara bhaadaa kampaniibaata bhaadaamaa liera paisaa bachata garna sakchha.","yasale jipiesakaa laagi nayaan naksaa kinera, waa ekala jipiesa upakarana waa kaara bhaadaa kampaniibaata bhaadaamaa liera paisaa bachata garna sakchha."
"If you don't have a data connection for your phone, or when it is out of range, their performance can be limited or unavailable.","यदि तपाईँसँग आफ्नो फोनका लागि डेटा जडान छैन, वा जब यो दायरा बाहिर छ, तिनीहरूको प्रदर्शन सीमित वा अनुपलब्ध हुन सक्छ।","यदि तिमीसँग आफ्नो फोनका लागि डेटा जडान छैन, वा जब यो दायरा बाहिर छ, तिनीहरूको प्रदर्शन सीमित वा अनुपलब्ध हुन सक्छ।","yadi tapaaiinsnga aaphno phonakaa laagi detaa jadaana chhaina, waa jaba yo daayaraa baahira chha, tiniiharuuko pradarshana siimita waa anupalabdha huna sakchha.","yadi timiisnga aaphno phonakaa laagi detaa jadaana chhaina, waa jaba yo daayaraa baahira chha, tiniiharuuko pradarshana siimita waa anupalabdha huna sakchha."
Every corner store is filled with a confusing array of pre-paid phone cards that can be used from pay phones or ordinary telephones.,प्रत्येक कुना स्टोर पूर्व-भुक्तान फोन कार्डहरूको भ्रमित एरेले भरिएको छ जुन पे फोन वा साधारण टेलिफोनहरूबाट प्रयोग गर्न सकिन्छ।,प्रत्येक कुना स्टोर पूर्व-भुक्तान फोन कार्डहरूको भ्रमित एरेले भरिएको छ जुन पे फोन वा साधारण टेलिफोनहरूबाट प्रयोग गर्न सकिन्छ।,pratyeka kunaa stora puurwa-bhuktaana phona kaardaharuuko bhramita erele bharieko chha juna pe phona waa saadhaarana teliphonaharuubaata prayoga garna sakinchha.,pratyeka kunaa stora puurwa-bhuktaana phona kaardaharuuko bhramita erele bharieko chha juna pe phona waa saadhaarana teliphonaharuubaata prayoga garna sakinchha.
"While most cards are good for calling anywhere, some specialise in providing favourable call rates to specific groups of countries.","जबकि धेरैजसो कार्डहरू कतै पनि कल गर्नका लागि राम्रो हुन्छन्, केही देशहरूका विशिष्ट समूहहरूलाई अनुकूल कल दरहरू प्रदान गर्नमा विशेषज्ञ हुन्छन्।","जबकि धेरैजसो कार्डहरू कतै पनि कल गर्नका लागि राम्रो हुन्छन्, केही देशहरूका विशिष्ट समूहहरूलाई अनुकूल कल दरहरू प्रदान गर्नमा विशेषज्ञ हुन्छन्।","jabaki dheraijaso kaardaharuu katai pani kala garnakaa laagi raamro hunchhan, kehii deshaharuukaa wishishta samuuhaharuulaaii anukuula kala daraharuu pradaana garnamaa wisheshajnya hunchhan.","jabaki dheraijaso kaardaharuu katai pani kala garnakaa laagi raamro hunchhan, kehii deshaharuukaa wishishta samuuhaharuulaaii anukuula kala daraharuu pradaana garnamaa wisheshajnya hunchhan."
Access to these services is often through a toll-free telephone number that can be called from most phones without charge.,यी सेवाहरूमा पहुँच प्रायः टोल-फ्री टेलिफोन नम्बर मार्फत हुन्छ जुन धेरैजसो फोनहरूबाट बिना शुल्क कल गर्न सकिन्छ।,यी सेवाहरूमा पहुँच प्रायः टोल-फ्री टेलिफोन नम्बर मार्फत हुन्छ जुन धेरैजसो फोनहरूबाट बिना शुल्क कल गर्न सकिन्छ।,yii sewaaharuumaa pahuncha praayh tola-phrii teliphona nambara maarphata hunchha juna dheraijaso phonaharuubaata binaa shulka kala garna sakinchha.,yii sewaaharuumaa pahuncha praayh tola-phrii teliphona nambara maarphata hunchha juna dheraijaso phonaharuubaata binaa shulka kala garna sakinchha.
"Rules regarding regular photography also apply to video recording, possibly even more so.","नियमित फोटोग्राफी सम्बन्धी नियमहरू भिडियो रेकर्डिङमा पनि लागू हुन्छन्, सम्भवतः अझ बढी।","नियमित फोटोग्राफी सम्बन्धी नियमहरू भिडियो रेकर्डिङमा पनि लागू हुन्छन्, सम्भवतः अझ बढी।","niyamita photograaphii sambandhii niyamaharuu bhidiyo rekardingamaa pani laaguu hunchhan, sambhawath ajha badhii.","niyamita photograaphii sambandhii niyamaharuu bhidiyo rekardingamaa pani laaguu hunchhan, sambhawath ajha badhii."
"If just taking a photo of something isn't allowed, then you shouldn't even think of recording a video of it.","यदि कुनै कुराको फोटो खिच्न अनुमति छैन भने, तपाईंले यसको भिडियो रेकर्ड गर्ने बारे सोच्नु पनि हुँदैन।","यदि कुनै कुराको फोटो खिच्न अनुमति छैन भने, तिमीले यसको भिडियो रेकर्ड गर्ने बारे सोच्नु पनि हुँदैन।","yadi kunai kuraako photo khichna anumati chhaina bhane, tapaaiinle yasako bhidiyo rekarda garne baare sochnu pani hundaina.","yadi kunai kuraako photo khichna anumati chhaina bhane, timiile yasako bhidiyo rekarda garne baare sochnu pani hundaina."
"If using a drone, check well in advance as to what you are allowed to film and what permits or additional licensing are required.","यदि ड्रोन प्रयोग गर्दै हुनुहुन्छ भने, तपाईँलाई के फिल्म बनाउन अनुमति दिइएको छ र कुन अनुमति वा अतिरिक्त इजाजतपत्र आवश्यक छ भनेर पहिले नै राम्ररी जाँच गर्नुहोस्।","यदि ड्रोन प्रयोग गर्दै छौ भने, तिमीलाई के फिल्म बनाउन अनुमति दिइएको छ र कुन अनुमति वा अतिरिक्त इजाजतपत्र आवश्यक छ भनेर पहिले नै राम्ररी जाँच गर।","yadi drona prayoga gardai hunuhunchha bhane, tapaaiinlaaii ke philma banaauna anumati diieko chha ra kuna anumati waa atirikta ijaajatapatra aawashyaka chha bhanera pahile nai raamrarii jaancha garnuhos.","yadi drona prayoga gardai chhau bhane, timiilaaii ke philma banaauna anumati diieko chha ra kuna anumati waa atirikta ijaajatapatra aawashyaka chha bhanera pahile nai raamrarii jaancha gara."
"Flying a drone near an airport or over a crowd is almost always a bad idea, even if it's not illegal in your area.","एयरपोर्ट नजिकै वा भीडमाथि ड्रोन उडाउनु लगभग सधैँ नराम्रो विचार हो, यदि यो तपाईँको क्षेत्रमा अवैध छैन भने पनि।","एयरपोर्ट नजिकै वा भीडमाथि ड्रोन उडाउनु लगभग सधैँ नराम्रो विचार हो, यदि यो तिमीको क्षेत्रमा अवैध छैन भने पनि।","eyaraporta najikai waa bhiidamaathi drona udaaunu lagabhaga sadhain naraamro wichaara ho, yadi yo tapaaiinko kshetramaa awaidha chhaina bhane pani.","eyaraporta najikai waa bhiidamaathi drona udaaunu lagabhaga sadhain naraamro wichaara ho, yadi yo timiiko kshetramaa awaidha chhaina bhane pani."
Nowadays air travel is only rarely booked directly through the airline without first searching and comparing prices.,आजकल हवाई यात्रा पहिले खोज र मूल्यहरू तुलना नगरी एयरलाइन मार्फत सिधै बुक गर्न विरलै मात्र गरिन्छ।,आजकल हवाई यात्रा पहिले खोज र मूल्यहरू तुलना नगरी एयरलाइन मार्फत सिधै बुक गर्न विरलै मात्र गरिन्छ।,aajakala hawaaii yaatraa pahile khoja ra muulyaharuu tulanaa nagarii eyaralaaina maarphata sidhai buka garna wiralai maatra garinchha.,aajakala hawaaii yaatraa pahile khoja ra muulyaharuu tulanaa nagarii eyaralaaina maarphata sidhai buka garna wiralai maatra garinchha.
Sometimes the same flight can have vastly differing prices at various agregators and it pays to compare search results and to also look at the website of the airline itself before booking.,कहिलेकाहीँ एउटै उडानको विभिन्न सम्झौता गर्नेहरूमा धेरै फरक मूल्यहरू हुन सक्छन् र यसले खोज परिणामहरू तुलना गर्न र बुकिङ गर्नु अघि एयरलाइनको वेबसाइट पनि हेर्न भुक्तान गर्दछ।,कहिलेकाहीँ एउटै उडानको विभिन्न सम्झौता गर्नेहरूमा धेरै फरक मूल्यहरू हुन सक्छन् र यसले खोज परिणामहरू तुलना गर्न र बुकिङ गर्नु अघि एयरलाइनको वेबसाइट पनि हेर्न भुक्तान गर्दछ।,kahilekaahiin eutai udaanako wibhinna samjhautaa garneharuumaa dherai pharaka muulyaharuu huna sakchhan ra yasale khoja parinaamaharuu tulanaa garna ra bukinga garnu aghi eyaralaainako webasaaita pani herna bhuktaana gardachha.,kahilekaahiin eutai udaanako wibhinna samjhautaa garneharuumaa dherai pharaka muulyaharuu huna sakchhan ra yasale khoja parinaamaharuu tulanaa garna ra bukinga garnu aghi eyaralaainako webasaaita pani herna bhuktaana gardachha.
"While you may not need a visa for short visits to certain countries as a tourist or for business, going there as an international student generally requires a longer stay than going there just as a casual tourist.","पर्यटक वा व्यवसायका लागि केही देशहरूमा छोटो भ्रमणका लागि तपाईँलाई भिसा आवश्यक नहुन सक्छ, अन्तर्राष्ट्रिय विद्यार्थीको रूपमा त्यहाँ जान सामान्यतया एक आकस्मिक पर्यटकको रूपमा त्यहाँ जानु भन्दा लामो समय बस्न आवश्यक पर्दछ।","पर्यटक वा व्यवसायका लागि केही देशहरूमा छोटो भ्रमणका लागि तिमीलाई भिसा आवश्यक नहुन सक्छ, अन्तर्राष्ट्रिय विद्यार्थीको रूपमा त्यहाँ जान सामान्यतया एक आकस्मिक पर्यटकको रूपमा त्यहाँ जानु भन्दा लामो समय बस्न आवश्यक पर्दछ।","paryataka waa wyawasaayakaa laagi kehii deshaharuumaa chhoto bhramanakaa laagi tapaaiinlaaii bhisaa aawashyaka nahuna sakchha, antarraashtriya widyaarthiiko ruupamaa tyahaan jaana saamaanyatayaa eka aakasmika paryatakako ruupamaa tyahaan jaanu bhandaa laamo samaya basna aawashyaka pardachha.","paryataka waa wyawasaayakaa laagi kehii deshaharuumaa chhoto bhramanakaa laagi timiilaaii bhisaa aawashyaka nahuna sakchha, antarraashtriya widyaarthiiko ruupamaa tyahaan jaana saamaanyatayaa eka aakasmika paryatakako ruupamaa tyahaan jaanu bhandaa laamo samaya basna aawashyaka pardachha."
"In general, staying in any foreign country for an extended period of time will require you to obtain a visa in advance.","सामान्यतया, विस्तारित अवधिका लागि कुनै पनि विदेशमा बस्नका लागि तपाईँले अग्रिम भिसा प्राप्त गर्न आवश्यक पर्दछ।","सामान्यतया, विस्तारित अवधिका लागि कुनै पनि विदेशमा बस्नका लागि तिमीले अग्रिम भिसा प्राप्त गर्न आवश्यक पर्दछ।","saamaanyatayaa, wistaarita awadhikaa laagi kunai pani wideshamaa basnakaa laagi tapaaiinle agrima bhisaa praapta garna aawashyaka pardachha.","saamaanyatayaa, wistaarita awadhikaa laagi kunai pani wideshamaa basnakaa laagi timiile agrima bhisaa praapta garna aawashyaka pardachha."
Student visas generally have different requirements and application procedures from normal tourist or business visas.,विद्यार्थी भिसाहरूमा सामान्यतया सामान्य पर्यटक वा व्यापार भिसाबाट फरक आवश्यकताहरू र आवेदन प्रक्रियाहरू हुन्छन्।,विद्यार्थी भिसाहरूमा सामान्यतया सामान्य पर्यटक वा व्यापार भिसाबाट फरक आवश्यकताहरू र आवेदन प्रक्रियाहरू हुन्छन्।,widyaarthii bhisaaharuumaa saamaanyatayaa saamaanya paryataka waa wyaapaara bhisaabaata pharaka aawashyakataaharuu ra aawedana prakriyaaharuu hunchhan.,widyaarthii bhisaaharuumaa saamaanyatayaa saamaanya paryataka waa wyaapaara bhisaabaata pharaka aawashyakataaharuu ra aawedana prakriyaaharuu hunchhan.
"For most countries, you will need an offer letter from the institution you wish to study at, and also evidence of funds to support yourself for at least the first year of your course.","धेरैजसो देशहरूका लागि, तपाईँले अध्ययन गर्न चाहनु भएको संस्थाबाट प्रस्ताव पत्र चाहिन्छ, र तपाईँको पाठ्यक्रमको कम्तिमा पहिलो वर्षका लागि आफूलाई समर्थन गर्न कोषको प्रमाण पनि चाहिन्छ।","धेरैजसो देशहरूका लागि, तिमीले अध्ययन गर्न चाहनु भएको संस्थाबाट प्रस्ताव पत्र चाहिन्छ, र तिमीको पाठ्यक्रमको कम्तिमा पहिलो वर्षका लागि आफूलाई समर्थन गर्न कोषको प्रमाण पनि चाहिन्छ।","dheraijaso deshaharuukaa laagi, tapaaiinle adhyayana garna chaahanu bhaeko snsthaabaata prastaawa patra chaahinchha, ra tapaaiinko paathyakramako kamtimaa pahilo warshakaa laagi aaphuulaaii samarthana garna koshako pramaana pani chaahinchha.","dheraijaso deshaharuukaa laagi, timiile adhyayana garna chaahanu bhaeko snsthaabaata prastaawa patra chaahinchha, ra timiiko paathyakramako kamtimaa pahilo warshakaa laagi aaphuulaaii samarthana garna koshako pramaana pani chaahinchha."
"Check with the institution, as well as the immigration department for the country you wish to study in for detailed requirements.","विस्तृत आवश्यकताहरूका लागि तपाईँ अध्ययन गर्न चाहनु भएको देशका लागि संस्थान, साथै आप्रवासन विभागसँग जाँच गर्नुहोस्।","विस्तृत आवश्यकताहरूका लागि तिमी अध्ययन गर्न चाहनु भएको देशका लागि संस्थान, साथै आप्रवासन विभागसँग जाँच गर।","wistrita aawashyakataaharuukaa laagi tapaaiin adhyayana garna chaahanu bhaeko deshakaa laagi snsthaana, saathai aaprawaasana wibhaagasnga jaancha garnuhos.","wistrita aawashyakataaharuukaa laagi timii adhyayana garna chaahanu bhaeko deshakaa laagi snsthaana, saathai aaprawaasana wibhaagasnga jaancha gara."
"Unless you are a diplomat, working overseas generally means that you will have to file income tax in the country you are based in.","जबसम्म तपाईँ कूटनीतिज्ञ हुनुहुन्न, विदेशमा काम गर्ने अर्थ सामान्यतया तपाईँले आधारित देशमा आयकर फाइल गर्नुपर्ने हुन्छ।","जबसम्म तिमी कूटनीतिज्ञ हुनुहुन्न, विदेशमा काम गर्ने अर्थ सामान्यतया तिमीले आधारित देशमा आयकर फाइल गर्नुपर्ने हुन्छ।","jabasamma tapaaiin kuutaniitijnya hunuhunna, wideshamaa kaama garne artha saamaanyatayaa tapaaiinle aadhaarita deshamaa aayakara phaaila garnuparne hunchha.","jabasamma timii kuutaniitijnya hunuhunna, wideshamaa kaama garne artha saamaanyatayaa timiile aadhaarita deshamaa aayakara phaaila garnuparne hunchha."
"Income tax is structured differently in different countries, and the tax rates and brackets vary widely from one country to another.","आयकर विभिन्न देशहरूमा फरक तरिकाले संरचित छ, र कर दर र कोष्ठकहरू एक देशबाट अर्को देशमा व्यापक रूपमा भिन्न हुन्छन्।","आयकर विभिन्न देशहरूमा फरक तरिकाले संरचित छ, र कर दर र कोष्ठकहरू एक देशबाट अर्को देशमा व्यापक रूपमा भिन्न हुन्छन्।","aayakara wibhinna deshaharuumaa pharaka tarikaale snrachita chha, ra kara dara ra koshthakaharuu eka deshabaata arko deshamaa wyaapaka ruupamaa bhinna hunchhan.","aayakara wibhinna deshaharuumaa pharaka tarikaale snrachita chha, ra kara dara ra koshthakaharuu eka deshabaata arko deshamaa wyaapaka ruupamaa bhinna hunchhan."
"In some federal countries, such as the United States and Canada, income tax is levied both at the federal level and at the local level, so the rates and brackets can vary from region to region.","संयुक्त राज्य अमेरिका र क्यानाडा जस्ता केही सङ्घीय देशहरूमा, आयकर सङ्घीय स्तर र स्थानीय स्तर दुवैमा लगाइन्छ, त्यसैले दर र कोष्ठकहरू क्षेत्रअनुसार भिन्न हुन सक्छन्।","संयुक्त राज्य अमेरिका र क्यानाडा जस्ता केही सङ्घीय देशहरूमा, आयकर सङ्घीय स्तर र स्थानीय स्तर दुवैमा लगाइन्छ, त्यसैले दर र कोष्ठकहरू क्षेत्रअनुसार भिन्न हुन सक्छन्।","snyukta raajya amerikaa ra kyaanaadaa jastaa kehii sangghiiya deshaharuumaa, aayakara sangghiiya stara ra sthaaniiya stara duwaimaa lagaainchha, tyasaile dara ra koshthakaharuu kshetraanusaara bhinna huna sakchhan.","snyukta raajya amerikaa ra kyaanaadaa jastaa kehii sangghiiya deshaharuumaa, aayakara sangghiiya stara ra sthaaniiya stara duwaimaa lagaainchha, tyasaile dara ra koshthakaharuu kshetraanusaara bhinna huna sakchhan."
"While immigration check is usually absent or a formality when you arrive in your homeland, customs control can be a hassle.","जबकि आप्रवासन जाँच सामान्यतया अनुपस्थित हुन्छ वा तपाईँ आफ्नो मातृभूमिमा आइपुग्दा औपचारिकता हुन्छ, भन्सार नियन्त्रण एक समस्या हुन सक्छ।","जबकि आप्रवासन जाँच सामान्यतया अनुपस्थित हुन्छ वा तिमी आफ्नो मातृभूमिमा आइपुग्दा औपचारिकता हुन्छ, भन्सार नियन्त्रण एक समस्या हुन सक्छ।","jabaki aaprawaasana jaancha saamaanyatayaa anupasthita hunchha waa tapaaiin aaphno maatribhuumimaa aaipugdaa aupachaarikataa hunchha, bhansaara niyantrana eka samasyaa huna sakchha.","jabaki aaprawaasana jaancha saamaanyatayaa anupasthita hunchha waa timii aaphno maatribhuumimaa aaipugdaa aupachaarikataa hunchha, bhansaara niyantrana eka samasyaa huna sakchha."
Make sure you know what you can and cannot bring in and declare anything over the legal limits.,तपाईँले के ल्याउन सक्नुहुन्छ र ल्याउन सक्नुहुन्न भन्ने कुरा तपाईँलाई थाहा छ र कानुनी सीमाभन्दा माथि केही पनि घोषणा गर्नुहोस् भन्ने सुनिश्चित गर्नुहोस्।,तिमीले के ल्याउन सक्छौ र ल्याउन सक्नुहुन्न भन्ने कुरा तिमीलाई थाहा छ र कानुनी सीमाभन्दा माथि केही पनि घोषणा गर भन्ने सुनिश्चित गर।,tapaaiinle ke lyaauna saknuhunchha ra lyaauna saknuhunna bhanne kuraa tapaaiinlaaii thaahaa chha ra kaanunii siimaabhandaa maathi kehii pani ghoshanaa garnuhos bhanne sunishchita garnuhos.,timiile ke lyaauna sakchhau ra lyaauna saknuhunna bhanne kuraa timiilaaii thaahaa chha ra kaanunii siimaabhandaa maathi kehii pani ghoshanaa gara bhanne sunishchita gara.
The easiest way to get started in the business of travel writing is to hone your skills on an established travel blog website.,यात्रा लेखनको व्यवसायमा सुरु गर्ने सबैभन्दा सजिलो तरिका भनेको स्थापित यात्रा ब्लग वेबसाइटमा आफ्नो सीपलाई सुधार गर्नु हो।,यात्रा लेखनको व्यवसायमा सुरु गर्ने सबैभन्दा सजिलो तरिका भनेको स्थापित यात्रा ब्लग वेबसाइटमा आफ्नो सीपलाई सुधार गर्नु हो।,yaatraa lekhanako wyawasaayamaa suru garne sabaibhandaa sajilo tarikaa bhaneko sthaapita yaatraa blaga webasaaitamaa aaphno siipalaaii sudhaara garnu ho.,yaatraa lekhanako wyawasaayamaa suru garne sabaibhandaa sajilo tarikaa bhaneko sthaapita yaatraa blaga webasaaitamaa aaphno siipalaaii sudhaara garnu ho.
"After you become comfortable with formatting and editing on the web, then later, you might create your own website.","तपाईँ वेबमा ढाँचा र सम्पादन गर्न सहज भएपछि, त्यसपछि, तपाईँले आफ्नै वेबसाइट सिर्जना गर्न सक्नुहुन्छ।","तिमी वेबमा ढाँचा र सम्पादन गर्न सहज भएपछि, त्यसपछि, तिमीले आफ्नै वेबसाइट सिर्जना गर्न सक्छौ।","tapaaiin webamaa dhaanchaa ra sampaadana garna sahaja bhaepachhi, tyasapachhi, tapaaiinle aaphnai webasaaita sirjanaa garna saknuhunchha.","timii webamaa dhaanchaa ra sampaadana garna sahaja bhaepachhi, tyasapachhi, timiile aaphnai webasaaita sirjanaa garna sakchhau."
Volunteering while travelling is a great way to make a difference but it's not just about giving.,यात्रा गर्दा स्वयम्सेवा गर्नु फरक पार्ने एउटा उत्कृष्ट तरिका हो तर यो दिने बारेमा मात्र होइन।,यात्रा गर्दा स्वयम्सेवा गर्नु फरक पार्ने एउटा उत्कृष्ट तरिका हो तर यो दिने बारेमा मात्र होइन।,yaatraa gardaa swayamsewaa garnu pharaka paarne eutaa utkrishta tarikaa ho tara yo dine baaremaa maatra hoina.,yaatraa gardaa swayamsewaa garnu pharaka paarne eutaa utkrishta tarikaa ho tara yo dine baaremaa maatra hoina.
"Living and volunteering in a foreign country is a great way to get to know a different culture, meet new people, learn about yourself, get a sense of perspective and even gain new skills.","विदेशमा बस्नु र स्वयम्सेवा गर्नु फरक संस्कृतिलाई जान्न, नयाँ मानिसहरूलाई भेट्न, आफ्नो बारेमा सिक्न, परिप्रेक्ष्यको भावना प्राप्त गर्न र नयाँ सीपहरू प्राप्त गर्ने एक उत्कृष्ट तरिका हो।","विदेशमा बस्नु र स्वयम्सेवा गर्नु फरक संस्कृतिलाई जान्न, नयाँ मानिसहरूलाई भेट्न, आफ्नो बारेमा सिक्न, परिप्रेक्ष्यको भावना प्राप्त गर्न र नयाँ सीपहरू प्राप्त गर्ने एक उत्कृष्ट तरिका हो।","wideshamaa basnu ra swayamsewaa garnu pharaka snskritilaaii jaanna, nayaan maanisaharuulaaii bhetna, aaphno baaremaa sikna, pariprekshyako bhaawanaa praapta garna ra nayaan siipaharuu praapta garne eka utkrishta tarikaa ho.","wideshamaa basnu ra swayamsewaa garnu pharaka snskritilaaii jaanna, nayaan maanisaharuulaaii bhetna, aaphno baaremaa sikna, pariprekshyako bhaawanaa praapta garna ra nayaan siipaharuu praapta garne eka utkrishta tarikaa ho."
It can also be a good way to stretch a budget to allow a longer stay somewhere since many volunteer jobs provide room and board and a few pay a small salary.,धेरै स्वयंसेवक कामहरूले कोठा र बोर्ड प्रदान गर्दछ र केहीले सानो तलब तिर्ने हुनाले कतै लामो समय बस्न अनुमति दिन बजेट विस्तार गर्ने यो राम्रो तरिका पनि हुन सक्छ।,धेरै स्वयंसेवक कामहरूले कोठा र बोर्ड प्रदान गर्दछ र केहीले सानो तलब तिर्ने हुनाले कतै लामो समय बस्न अनुमति दिन बजेट विस्तार गर्ने यो राम्रो तरिका पनि हुन सक्छ।,dherai swaynsewaka kaamaharuule kothaa ra borda pradaana gardachha ra kehiile saano talaba tirne hunaale katai laamo samaya basna anumati dina bajeta wistaara garne yo raamro tarikaa pani huna sakchha.,dherai swaynsewaka kaamaharuule kothaa ra borda pradaana gardachha ra kehiile saano talaba tirne hunaale katai laamo samaya basna anumati dina bajeta wistaara garne yo raamro tarikaa pani huna sakchha.
"Vikings used the Russian waterways to get to the Black Sea and Caspian Sea. Parts of these routes can still be used. Check possible need for special permits, which may be difficult to get.","भाइकिङहरूले कालो सागर र क्यास्पियन सागरमा पुग्न रूसी जलमार्गहरू प्रयोग गरे। यी मार्गहरूका केही भागहरू अझै पनि प्रयोग गर्न सकिन्छ। विशेष अनुमतिहरूको सम्भावित आवश्यकता जाँच गर्नुहोस्, जुन प्राप्त गर्न गाह्रो हुन सक्छ।","भाइकिङहरूले कालो सागर र क्यास्पियन सागरमा पुग्न रूसी जलमार्गहरू प्रयोग गरे। यी मार्गहरूका केही भागहरू अझै पनि प्रयोग गर्न सकिन्छ। विशेष अनुमतिहरूको सम्भावित आवश्यकता जाँच गर, जुन प्राप्त गर्न गाह्रो हुन सक्छ।","bhaaikingaharuule kaalo saagara ra kyaaspiyana saagaramaa pugna ruusii jalamaargaharuu prayoga gare. yii maargaharuukaa kehii bhaagaharuu ajhai pani prayoga garna sakinchha. wishesha anumatiharuuko sambhaawita aawashyakataa jaancha garnuhos, juna praapta garna gaahro huna sakchha.","bhaaikingaharuule kaalo saagara ra kyaaspiyana saagaramaa pugna ruusii jalamaargaharuu prayoga gare. yii maargaharuukaa kehii bhaagaharuu ajhai pani prayoga garna sakinchha. wishesha anumatiharuuko sambhaawita aawashyakataa jaancha gara, juna praapta garna gaahro huna sakchha."
"The White Sea–Baltic Canal connects the Arctic Ocean to the Baltic Sea, via Lake Onega, Lake Ladoga and Saint Petersburg, mostly by rivers and lakes.","सेतो सागर-बाल्टिक नहरले आर्कटिक महासागरलाई लेक ओनेगा, लेक लाडोगा र सेन्ट पिटर्सबर्ग हुँदै बाल्टिक सागरसँग जोड्छ, प्रायः नदी र तालहरूद्वारा।","सेतो सागर-बाल्टिक नहरले आर्कटिक महासागरलाई लेक ओनेगा, लेक लाडोगा र सेन्ट पिटर्सबर्ग हुँदै बाल्टिक सागरसँग जोड्छ, प्रायः नदी र तालहरूद्वारा।","seto saagara-baaltika naharale aarkatika mahaasaagaralaaii leka onegaa, leka laadogaa ra senta pitarsabarga hundai baaltika saagarasnga jodchha, praayh nadii ra taalaharuudwaaraa.","seto saagara-baaltika naharale aarkatika mahaasaagaralaaii leka onegaa, leka laadogaa ra senta pitarsabarga hundai baaltika saagarasnga jodchha, praayh nadii ra taalaharuudwaaraa."
"Lake Onega is also connected to Volga, so coming from the Caspian Sea through Russia is still possible.","लेक ओनेगा पनि भोल्गासँग जोडिएको छ, त्यसैले क्यास्पियन सागरबाट रुस हुँदै आउन अझै सम्भव छ।","लेक ओनेगा पनि भोल्गासँग जोडिएको छ, त्यसैले क्यास्पियन सागरबाट रुस हुँदै आउन अझै सम्भव छ।","leka onegaa pani bholgaasnga jodieko chha, tyasaile kyaaspiyana saagarabaata rusa hundai aauna ajhai sambhawa chha.","leka onegaa pani bholgaasnga jodieko chha, tyasaile kyaaspiyana saagarabaata rusa hundai aauna ajhai sambhawa chha."
Be assured that once you hit the marinas everything will be pretty obvious. You will meet other boat hitchhikers and they will share their information with you.,एक पटक तपाईँले समुद्री किनारमा हिर्काएपछि सबै कुरा स्पष्ट हुनेछ भन्ने कुरामा आश्वस्त हुनुहोस्। तपाईँले अन्य डुङ्गामा हिचक गर्नेहरूलाई भेट्नुहुनेछ र तिनीहरूले तपाईँसँग आफ्नो जानकारी साझा गर्नेछन्।,एक पटक तिमीले समुद्री किनारमा हिर्काएपछि सबै कुरा स्पष्ट हुनेछ भन्ने कुरामा आश्वस्त हुनुहोस्। तिमीले अन्य डुङ्गामा हिचक गर्नेहरूलाई भेट्नुहुनेछ र तिनीहरूले तिमीसँग आफ्नो जानकारी साझा गर्नेछन्।,eka pataka tapaaiinle samudrii kinaaramaa hirkaaepachhi sabai kuraa spashta hunechha bhanne kuraamaa aashwasta hunuhos. tapaaiinle anya dunggaamaa hichaka garneharuulaaii bhetnuhunechha ra tiniiharuule tapaaiinsnga aaphno jaanakaarii saajhaa garnechhan.,eka pataka timiile samudrii kinaaramaa hirkaaepachhi sabai kuraa spashta hunechha bhanne kuraamaa aashwasta hunuhos. timiile anya dunggaamaa hichaka garneharuulaaii bhetnuhunechha ra tiniiharuule timiisnga aaphno jaanakaarii saajhaa garnechhan.
"Basically you'll be putting up notices offering your help, pacing the docks, approaching people cleaning their yachts, trying to make contact with sailors in the bar, etc.","मूलतः तपाईँले आफ्नो सहयोगको प्रस्ताव गर्ने सूचनाहरू राख्नुहुनेछ, डक्सहरू पेस गर्नु, मानिसहरूलाई उनीहरूको नौका सफा गर्ने, बारमा नाविकहरूसँग सम्पर्क गर्ने प्रयास गर्नु, आदि।","मूलतः तिमीले आफ्नो सहयोगको प्रस्ताव गर्ने सूचनाहरू राख्नुहुनेछ, डक्सहरू पेस गर्नु, मानिसहरूलाई उनीहरूको नौका सफा गर्ने, बारमा नाविकहरूसँग सम्पर्क गर्ने प्रयास गर्नु, आदि।","muulath tapaaiinle aaphno sahayogako prastaawa garne suuchanaaharuu raakhnuhunechha, daksaharuu pesa garnu, maanisaharuulaaii uniiharuuko naukaa saphaa garne, baaramaa naawikaharuusnga samparka garne prayaasa garnu, aadi.","muulath timiile aaphno sahayogako prastaawa garne suuchanaaharuu raakhnuhunechha, daksaharuu pesa garnu, maanisaharuulaaii uniiharuuko naukaa saphaa garne, baaramaa naawikaharuusnga samparka garne prayaasa garnu, aadi."
Try to talk to as many people as possible. After a while everyone will know you and will give you hints as to which boat is looking for someone.,सकेसम्म धेरै मानिसहरूसँग कुरा गर्ने प्रयास गर्नुहोस्। केही समयपछि सबैले तपाईँलाई चिन्नेछन् र कुन डुङ्गाले कसैलाई खोजिरहेको छ भन्ने सङ्केत दिनेछन्।,सकेसम्म धेरै मानिसहरूसँग कुरा गर्ने प्रयास गर। केही समयपछि सबैले तिमीलाई चिन्नेछन् र कुन डुङ्गाले कसैलाई खोजिरहेको छ भन्ने सङ्केत दिनेछन्।,sakesamma dherai maanisaharuusnga kuraa garne prayaasa garnuhos. kehii samayapachhi sabaile tapaaiinlaaii chinnechhan ra kuna dunggaale kasailaaii khojiraheko chha bhanne sangketa dinechhan.,sakesamma dherai maanisaharuusnga kuraa garne prayaasa gara. kehii samayapachhi sabaile timiilaaii chinnechhan ra kuna dunggaale kasailaaii khojiraheko chha bhanne sangketa dinechhan.
You should choose your Frequent Flyer airline in an alliance carefully.,तपाईँले आफ्नो फ्रिक्युएन्ट फ्लायर एयरलाइन्सलाई सावधानीपूर्वक गठबन्धनमा छनौट गर्नुपर्छ।,तिमीले आफ्नो फ्रिक्युएन्ट फ्लायर एयरलाइन्सलाई सावधानीपूर्वक गठबन्धनमा छनौट गर्नुपर्छ।,tapaaiinle aaphno phrikyuenta phlaayara eyaralaainsalaaii saawadhaaniipuurwaka gathabandhanamaa chhanauta garnuparchha.,timiile aaphno phrikyuenta phlaayara eyaralaainsalaaii saawadhaaniipuurwaka gathabandhanamaa chhanauta garnuparchha.
"Although you may think it is intuitive to join the airline you fly most, you should be aware that privileges offered are often different and frequent flyer points may be more generous under a different airline in the same alliance.","यद्यपि तपाईँले सोच्न सक्नुहुन्छ कि तपाईँले सबैभन्दा धेरै उडान गर्ने एयरलाइन्समा सामेल हुनु सहज छ, तपाईँलाई थाहा हुनुपर्छ कि प्रस्ताव गरिएका सुविधाहरू प्रायः फरक हुन्छन् र बारम्बार उडान गर्ने बिन्दुहरू एउटै गठबन्धनमा फरक एयरलाइन्स अन्तर्गत बढी उदार हुन सक्छ।","यद्यपि तिमीले सोच्न सक्छौ कि तिमीले सबैभन्दा धेरै उडान गर्ने एयरलाइन्समा सामेल हुनु सहज छ, तिमीलाई थाहा हुनुपर्छ कि प्रस्ताव गरिएका सुविधाहरू प्रायः फरक हुन्छन् र बारम्बार उडान गर्ने बिन्दुहरू एउटै गठबन्धनमा फरक एयरलाइन्स अन्तर्गत बढी उदार हुन सक्छ।","yadyapi tapaaiinle sochna saknuhunchha ki tapaaiinle sabaibhandaa dherai udaana garne eyaralaainsamaa saamela hunu sahaja chha, tapaaiinlaaii thaahaa hunuparchha ki prastaawa gariekaa suwidhaaharuu praayh pharaka hunchhan ra baarambaara udaana garne binduharuu eutai gathabandhanamaa pharaka eyaralaainsa antargata badhii udaara huna sakchha.","yadyapi timiile sochna sakchhau ki timiile sabaibhandaa dherai udaana garne eyaralaainsamaa saamela hunu sahaja chha, timiilaaii thaahaa hunuparchha ki prastaawa gariekaa suwidhaaharuu praayh pharaka hunchhan ra baarambaara udaana garne binduharuu eutai gathabandhanamaa pharaka eyaralaainsa antargata badhii udaara huna sakchha."
"Airlines such as Emirates, Etihad Airways, Qatar Airways & Turkish Airlines have greatly expanded their services to Africa, and offer connections to many major African cities at competitive rates than other European airlines.","एमिरेट्स, एतिहाद एयरवेज, कतार एयरवेज र टर्की एयरलाइन्स जस्ता एयरलाइन्सहरूले अफ्रिकामा आफ्नो सेवाहरू विस्तार गरेका छन्, र अन्य युरोपेली एयरलाइन्सहरू भन्दा प्रतिस्पर्धी दरमा धेरै प्रमुख अफ्रिकी सहरहरूमा जडानहरू प्रदान गर्छन्।","एमिरेट्स, एतिहाद एयरवेज, कतार एयरवेज र टर्की एयरलाइन्स जस्ता एयरलाइन्सहरूले अफ्रिकामा आफ्नो सेवाहरू विस्तार गरेका छन्, र अन्य युरोपेली एयरलाइन्सहरू भन्दा प्रतिस्पर्धी दरमा धेरै प्रमुख अफ्रिकी सहरहरूमा जडानहरू प्रदान गर्छन्।","emiretsa, etihaada eyaraweja, kataara eyaraweja ra tarkii eyaralaainsa jastaa eyaralaainsaharuule aphrikaamaa aaphno sewaaharuu wistaara garekaa chhan, ra anya yuropelii eyaralaainsaharuu bhandaa pratispardhii daramaa dherai pramukha aphrikii saharaharuumaa jadaanaharuu pradaana garchhan.","emiretsa, etihaada eyaraweja, kataara eyaraweja ra tarkii eyaralaainsa jastaa eyaralaainsaharuule aphrikaamaa aaphno sewaaharuu wistaara garekaa chhan, ra anya yuropelii eyaralaainsaharuu bhandaa pratispardhii daramaa dherai pramukha aphrikii saharaharuumaa jadaanaharuu pradaana garchhan."
Turkish Airlines flies to 39 destinations in 30 African countries as of 2014.,टर्की एयरलाइन्सले सन् 2014 सम्म 30 अफ्रिकी देशहरूमा 39 गन्तव्यहरूमा उडान गर्दछ।,टर्की एयरलाइन्सले सन् 2014 सम्म 30 अफ्रिकी देशहरूमा 39 गन्तव्यहरूमा उडान गर्दछ।,tarkii eyaralaainsale san 2014 samma 30 aphrikii deshaharuumaa 39 gantawyaharuumaa udaana gardachha.,tarkii eyaralaainsale san 2014 samma 30 aphrikii deshaharuumaa 39 gantawyaharuumaa udaana gardachha.
"If you have additional travel time, check to see how your total fare quote to Africa compares with a round-the-world fare.","यदि तपाईँसँग थप यात्रा समय छ भने, अफ्रिकामा तपाईँको कुल भाडा उद्धरणले विश्वव्यापी भाडासँग कसरी तुलना गर्छ भनेर हेर्न जाँच गर्नुहोस्।","यदि तिमीसँग थप यात्रा समय छ भने, अफ्रिकामा तिमीको कुल भाडा उद्धरणले विश्वव्यापी भाडासँग कसरी तुलना गर्छ भनेर हेर्न जाँच गर।","yadi tapaaiinsnga thapa yaatraa samaya chha bhane, aphrikaamaa tapaaiinko kula bhaadaa uddharanale wishwawyaapii bhaadaasnga kasarii tulanaa garchha bhanera herna jaancha garnuhos.","yadi timiisnga thapa yaatraa samaya chha bhane, aphrikaamaa timiiko kula bhaadaa uddharanale wishwawyaapii bhaadaasnga kasarii tulanaa garchha bhanera herna jaancha gara."
"Don't forget to add in the extra costs of additional visas, departure taxes, ground transportation, etc. for all those places outside of Africa.","अफ्रिका बाहिरका ती सबै स्थानहरूका लागि अतिरिक्त भिसा, प्रस्थान कर, भूमि यातायात, आदिको अतिरिक्त लागतहरू थप्न नबिर्सनुहोस्।","अफ्रिका बाहिरका ती सबै स्थानहरूका लागि अतिरिक्त भिसा, प्रस्थान कर, भूमि यातायात, आदिको अतिरिक्त लागतहरू थप्न नबिर्सनुहोस्।","aphrikaa baahirakaa tii sabai sthaanaharuukaa laagi atirikta bhisaa, prasthaana kara, bhuumi yaataayaata, aadiko atirikta laagataharuu thapna nabirsanuhos.","aphrikaa baahirakaa tii sabai sthaanaharuukaa laagi atirikta bhisaa, prasthaana kara, bhuumi yaataayaata, aadiko atirikta laagataharuu thapna nabirsanuhos."
"If you want to fly around the world completely in the Southern Hemisphere, the choice of flights and destinations is limited due to the lack of transoceanic routes.","यदि तपाईँ दक्षिणी गोलार्धमा पूर्ण रूपमा संसारभरि उडान गर्न चाहनुहुन्छ भने, ट्रान्सोसोनिक मार्गहरूको अभावका कारण उडान र गन्तव्यहरूको छनौट सीमित छ।","यदि तिमी दक्षिणी गोलार्धमा पूर्ण रूपमा संसारभरि उडान गर्न चाहनुहुन्छ भने, ट्रान्सोसोनिक मार्गहरूको अभावका कारण उडान र गन्तव्यहरूको छनौट सीमित छ।","yadi tapaaiin dakshinii golaardhamaa puurna ruupamaa snsaarabhari udaana garna chaahanuhunchha bhane, traansosonika maargaharuuko abhaawakaa kaarana udaana ra gantawyaharuuko chhanauta siimita chha.","yadi timii dakshinii golaardhamaa puurna ruupamaa snsaarabhari udaana garna chaahanuhunchha bhane, traansosonika maargaharuuko abhaawakaa kaarana udaana ra gantawyaharuuko chhanauta siimita chha."
No airline alliance covers all three ocean crossings in the Southern Hemisphere (and SkyTeam covers none of the crossings).,कुनै पनि एयरलाइन्स गठबन्धनले दक्षिणी गोलार्धमा तिनै समुद्री क्रसिङ्गहरू समेट्दैन (र स्काइटिमले कुनै पनि क्रसिङ्गहरू समेट्दैन)।,कुनै पनि एयरलाइन्स गठबन्धनले दक्षिणी गोलार्धमा तिनै समुद्री क्रसिङ्गहरू समेट्दैन (र स्काइटिमले कुनै पनि क्रसिङ्गहरू समेट्दैन)।,kunai pani eyaralaainsa gathabandhanale dakshinii golaardhamaa tinai samudrii krasinggaharuu sametdaina (ra skaaitimale kunai pani krasinggaharuu sametdaina).,kunai pani eyaralaainsa gathabandhanale dakshinii golaardhamaa tinai samudrii krasinggaharuu sametdaina (ra skaaitimale kunai pani krasinggaharuu sametdaina).
"However, Star Alliance covers everything except the eastern South Pacific from Santiago de Chile to Tahiti, which is a LATAM Oneworld flight.","यद्यपि, स्टार एलायन्सले सान्टियागो डे चिलीदेखि ताहितीसम्म पूर्वी दक्षिण प्रशान्त बाहेक सबै कुरा समेट्छ, जुन एलएटिएएम वनवर्ल्ड उडान हो।","यद्यपि, स्टार एलायन्सले सान्टियागो डे चिलीदेखि ताहितीसम्म पूर्वी दक्षिण प्रशान्त बाहेक सबै कुरा समेट्छ, जुन एलएटिएएम वनवर्ल्ड उडान हो।","yadyapi, staara elaayansale saantiyaago de chiliidekhi taahitiisamma puurwii dakshina prashaanta baaheka sabai kuraa sametchha, juna elaetieema wanawarlda udaana ho.","yadyapi, staara elaayansale saantiyaago de chiliidekhi taahitiisamma puurwii dakshina prashaanta baaheka sabai kuraa sametchha, juna elaetieema wanawarlda udaana ho."
This flight is not the only option if you want to skip the South Pacific and the west coast of South America. (see below),यदि तपाईँ दक्षिण प्रशान्त र दक्षिण अमेरिकाको पश्चिमी तट छोड्न चाहनुहुन्छ भने यो उडान मात्र विकल्प होइन (तल हेर्नुहोस्)।,यदि तिमी दक्षिण प्रशान्त र दक्षिण अमेरिकाको पश्चिमी तट छोड्न चाहनुहुन्छ भने यो उडान मात्र विकल्प होइन (तल हेर्नुहोस्)।,yadi tapaaiin dakshina prashaanta ra dakshina amerikaako pashchimii tata chhodna chaahanuhunchha bhane yo udaana maatra wikalpa hoina (tala hernuhos).,yadi timii dakshina prashaanta ra dakshina amerikaako pashchimii tata chhodna chaahanuhunchha bhane yo udaana maatra wikalpa hoina (tala hernuhos).
"In 1994, the ethnically Armenian Nagorno-Karabakh region of Azerbaijan waged war against the Azeris.",सन् 1994 मा अजरबैजानको जातीय रूपमा आर्मेनियाली नागोर्नो-काराबाख क्षेत्रले अजरिसहरू विरुद्ध युद्ध लडेको थियो।,सन् 1994 मा अजरबैजानको जातीय रूपमा आर्मेनियाली नागोर्नो-काराबाख क्षेत्रले अजरिसहरू विरुद्ध युद्ध लडेको थियो।,san 1994 maa ajarabaijaanako jaatiiya ruupamaa aarmeniyaalii naagorno-kaaraabaakha kshetrale ajarisaharuu wiruddha yuddha ladeko thiyo.,san 1994 maa ajarabaijaanako jaatiiya ruupamaa aarmeniyaalii naagorno-kaaraabaakha kshetrale ajarisaharuu wiruddha yuddha ladeko thiyo.
"With Armenian backing, a new republic was created. However, no established nation - not even Armenia - officially recognizes it.","आर्मेनियाली समर्थनले नयाँ गणतन्त्रको निर्माण भयो। तर, कुनै पनि स्थापित राष्ट्र-आर्मेनिया पनि-ले यसलाई आधिकारिक रूपमा मान्यता दिँदैन।","आर्मेनियाली समर्थनले नयाँ गणतन्त्रको निर्माण भयो। तर, कुनै पनि स्थापित राष्ट्र-आर्मेनिया पनि-ले यसलाई आधिकारिक रूपमा मान्यता दिँदैन।","aarmeniyaalii samarthanale nayaan ganatantrako nirmaana bhayo. tara, kunai pani sthaapita raashtra-aarmeniyaa pani-le yasalaaii aadhikaarika ruupamaa maanyataa dindaina.","aarmeniyaalii samarthanale nayaan ganatantrako nirmaana bhayo. tara, kunai pani sthaapita raashtra-aarmeniyaa pani-le yasalaaii aadhikaarika ruupamaa maanyataa dindaina."
Diplomatic arguments over the region continue to mar relations between Armenia and Azerbaijan.,यस क्षेत्रमा कूटनीतिक तर्कले आर्मेनिया र अजरबैजानबीचको सम्बन्धलाई बिगार्दै गएको छ।,यस क्षेत्रमा कूटनीतिक तर्कले आर्मेनिया र अजरबैजानबीचको सम्बन्धलाई बिगार्दै गएको छ।,yasa kshetramaa kuutaniitika tarkale aarmeniyaa ra ajarabaijaanabiichako sambandhalaaii bigaardai gaeko chha.,yasa kshetramaa kuutaniitika tarkale aarmeniyaa ra ajarabaijaanabiichako sambandhalaaii bigaardai gaeko chha.
The Canal District (Dutch: Grachtengordel) is the famous 17th-century district surrounding the Binnenstad of Amsterdam.,नहर जिल्ला (डचः ग्राचटेनगोर्डेल) एम्स्टर्डमको बिन्नेन्सटाड वरपरको 17 औँ शताब्दीको प्रसिद्ध जिल्ला हो।,नहर जिल्ला (डचः ग्राचटेनगोर्डेल) एम्स्टर्डमको बिन्नेन्सटाड वरपरको 17 औँ शताब्दीको प्रसिद्ध जिल्ला हो।,nahara jillaa (dachh graachatenagordela) emstardamako binnensataada waraparako 17 aun shataabdiiko prasiddha jillaa ho.,nahara jillaa (dachh graachatenagordela) emstardamako binnensataada waraparako 17 aun shataabdiiko prasiddha jillaa ho.
"The whole district is designated as a UNESCO World Heritage Site for its unique cultural and historical value, and its property values are among the highest of the country.","सम्पूर्ण जिल्लालाई यसको अद्वितीय सांस्कृतिक र ऐतिहासिक मूल्यका लागि युनेस्को विश्व सम्पदा स्थलको रूपमा नामित गरिएको छ, र यसको सम्पत्ति मूल्यहरू देशको उच्चतम मध्ये एक हो।","सम्पूर्ण जिल्लालाई यसको अद्वितीय सांस्कृतिक र ऐतिहासिक मूल्यका लागि युनेस्को विश्व सम्पदा स्थलको रूपमा नामित गरिएको छ, र यसको सम्पत्ति मूल्यहरू देशको उच्चतम मध्ये एक हो।","sampuurna jillaalaaii yasako adwitiiya saanskritika ra aitihaasika muulyakaa laagi yunesko wishwa sampadaa sthalako ruupamaa naamita garieko chha, ra yasako sampatti muulyaharuu deshako uchchatama madhye eka ho.","sampuurna jillaalaaii yasako adwitiiya saanskritika ra aitihaasika muulyakaa laagi yunesko wishwa sampadaa sthalako ruupamaa naamita garieko chha, ra yasako sampatti muulyaharuu deshako uchchatama madhye eka ho."
"Cinque Terre, which means Five Lands, comprises the five small coastal villages of Riomaggiore, Manarola, Corniglia, Vernazza and Monterosso located in the Italian region of Liguria.","सिन्क टेरे, जसको अर्थ पाँच भूमि हो, लिगुरियाको इटालियन क्षेत्रमा अवस्थित रियोमाग्गियोरे, मनारोला, कोर्निग्लिया, भर्नाजा र मोन्टेरोसोका पाँच साना तटीय गाउँहरू समावेश गर्दछ।","सिन्क टेरे, जसको अर्थ पाँच भूमि हो, लिगुरियाको इटालियन क्षेत्रमा अवस्थित रियोमाग्गियोरे, मनारोला, कोर्निग्लिया, भर्नाजा र मोन्टेरोसोका पाँच साना तटीय गाउँहरू समावेश गर्दछ।","sinka tere, jasako artha paancha bhuumi ho, liguriyaako itaaliyana kshetramaa awasthita riyomaaggiyore, manaarolaa, kornigliyaa, bharnaajaa ra monterosokaa paancha saanaa tatiiya gaaunharuu samaawesha gardachha.","sinka tere, jasako artha paancha bhuumi ho, liguriyaako itaaliyana kshetramaa awasthita riyomaaggiyore, manaarolaa, kornigliyaa, bharnaajaa ra monterosokaa paancha saanaa tatiiya gaaunharuu samaawesha gardachha."
They are listed on the UNESCO World Heritage List.,यो युनेस्कोको विश्व सम्पदा सूचीमा समावेश छ।,यो युनेस्कोको विश्व सम्पदा सूचीमा समावेश छ।,yo yuneskoko wishwa sampadaa suuchiimaa samaawesha chha.,yo yuneskoko wishwa sampadaa suuchiimaa samaawesha chha.
"Over the centuries, people have carefully built terraces on the rugged, steep landscape right up to the cliffs that overlook the sea.","शताब्दीयौँदेखि, मानिसहरूले समुद्रलाई हेरेका चट्टानहरूसम्म उबड़-खाबड, ठाडो परिदृश्यमा सावधानीपूर्वक टेरेसहरू निर्माण गरेका छन्।","शताब्दीयौँदेखि, मानिसहरूले समुद्रलाई हेरेका चट्टानहरूसम्म उबड़-खाबड, ठाडो परिदृश्यमा सावधानीपूर्वक टेरेसहरू निर्माण गरेका छन्।","shataabdiiyaundekhi, maanisaharuule samudralaaii herekaa chattaanaharuusamma ubada-khaabada, thaado paridrishyamaa saawadhaaniipuurwaka teresaharuu nirmaana garekaa chhan.","shataabdiiyaundekhi, maanisaharuule samudralaaii herekaa chattaanaharuusamma ubada-khaabada, thaado paridrishyamaa saawadhaaniipuurwaka teresaharuu nirmaana garekaa chhan."
"Part of its charm is the lack of visible corporate development. Paths, trains and boats connect the villages, and cars cannot reach them from the outside.","यसको आकर्षणको एउटा अंश भनेको कर्पोरेट विकासको कमी हो। बाटो, रेल र डुङ्गाहरूले गाउँहरूलाई जोड्छन्, र कारहरू बाहिरबाट पुग्न सक्दैनन्।","यसको आकर्षणको एउटा अंश भनेको कर्पोरेट विकासको कमी हो। बाटो, रेल र डुङ्गाहरूले गाउँहरूलाई जोड्छन्, र कारहरू बाहिरबाट पुग्न सक्दैनन्।","yasako aakarshanako eutaa ansha bhaneko karporeta wikaasako kamii ho. baato, rela ra dunggaaharuule gaaunharuulaaii jodchhan, ra kaaraharuu baahirabaata pugna sakdainan.","yasako aakarshanako eutaa ansha bhaneko karporeta wikaasako kamii ho. baato, rela ra dunggaaharuule gaaunharuulaaii jodchhan, ra kaaraharuu baahirabaata pugna sakdainan."
"The varieties of French which are spoken in Belgium and Switzerland differ slightly from the French spoken in France, though they are similar enough to be mutually intelligible.","बेल्जियम र स्विट्जरल्यान्डमा बोलिने फ्रेन्चका प्रकारहरू फ्रान्समा बोलिने फ्रान्सेलीभन्दा अलि फरक छन्, यद्यपि तिनीहरू पारस्परिक रूपमा बुझ्न योग्य हुन पर्याप्त छन्।","बेल्जियम र स्विट्जरल्यान्डमा बोलिने फ्रेन्चका प्रकारहरू फ्रान्समा बोलिने फ्रान्सेलीभन्दा अलि फरक छन्, यद्यपि तिनीहरू पारस्परिक रूपमा बुझ्न योग्य हुन पर्याप्त छन्।","beljiyama ra switjaralyaandamaa boline phrenchakaa prakaaraharuu phraansamaa boline phraanseliibhandaa ali pharaka chhan, yadyapi tiniiharuu paarasparika ruupamaa bujhna yogya huna paryaapta chhan.","beljiyama ra switjaralyaandamaa boline phrenchakaa prakaaraharuu phraansamaa boline phraanseliibhandaa ali pharaka chhan, yadyapi tiniiharuu paarasparika ruupamaa bujhna yogya huna paryaapta chhan."
"In particular, the numbering system in French-speaking Belgium and Switzerland has some slight peculiarities that are different from the French spoken in France, and the pronunciation of some words is slightly different.","विशेष गरी, फ्रान्सेली भाषी बेल्जियम र स्विट्जरल्यान्डमा सङ्ख्या प्रणालीका केही थोरै विशेषताहरू छन् जुन फ्रान्समा बोलिने फ्रान्सेली भन्दा फरक छन्, र केही शब्दहरूको उच्चारण अलिक फरक छ।","विशेष गरी, फ्रान्सेली भाषी बेल्जियम र स्विट्जरल्यान्डमा सङ्ख्या प्रणालीका केही थोरै विशेषताहरू छन् जुन फ्रान्समा बोलिने फ्रान्सेली भन्दा फरक छन्, र केही शब्दहरूको उच्चारण अलिक फरक छ।","wishesha garii, phraanselii bhaashii beljiyama ra switjaralyaandamaa sangkhyaa pranaaliikaa kehii thorai wisheshataaharuu chhan juna phraansamaa boline phraanselii bhandaa pharaka chhan, ra kehii shabdaharuuko uchchaarana alika pharaka chha.","wishesha garii, phraanselii bhaashii beljiyama ra switjaralyaandamaa sangkhyaa pranaaliikaa kehii thorai wisheshataaharuu chhan juna phraansamaa boline phraanselii bhandaa pharaka chhan, ra kehii shabdaharuuko uchchaarana alika pharaka chha."
"Nevertheless, all French-speaking Belgians and Swiss would have learned standard French in school, so they would be able to understand you even if you used the standard French numbering system.","जे होस्, सबै फ्रान्सेली भाषी बेल्जियम र स्विसहरूले विद्यालयमा मानक फ्रान्सेली सिकेका थिए, त्यसैले तिनीहरूले तपाईँलाई बुझ्न सक्षम हुनेछन् यदि तपाईँले मानक फ्रान्सेली सङ्ख्या प्रणाली प्रयोग गर्नुभयो भने पनि।","जे होस्, सबै फ्रान्सेली भाषी बेल्जियम र स्विसहरूले विद्यालयमा मानक फ्रान्सेली सिकेका थिए, त्यसैले तिनीहरूले तिमीलाई बुझ्न सक्षम हुनेछन् यदि तिमीले मानक फ्रान्सेली सङ्ख्या प्रणाली प्रयोग गर्नुभयो भने पनि।","je hos, sabai phraanselii bhaashii beljiyama ra swisaharuule widyaalayamaa maanaka phraanselii sikekaa thie, tyasaile tiniiharuule tapaaiinlaaii bujhna sakshama hunechhan yadi tapaaiinle maanaka phraanselii sangkhyaa pranaalii prayoga garnubhayo bhane pani.","je hos, sabai phraanselii bhaashii beljiyama ra swisaharuule widyaalayamaa maanaka phraanselii sikekaa thie, tyasaile tiniiharuule timiilaaii bujhna sakshama hunechhan yadi timiile maanaka phraanselii sangkhyaa pranaalii prayoga garnubhayo bhane pani."
"In many parts of the world, waving is a friendly gesture, indicating ""hello.""","विश्वका धेरै भागहरूमा, हात हाल्नु एक मैत्रीपूर्ण हावभाव हो, जसले ""हेलो"" सङ्केत गर्दछ।","विश्वका धेरै भागहरूमा, हात हाल्नु एक मैत्रीपूर्ण हावभाव हो, जसले ""हेलो"" सङ्केत गर्दछ।","wishwakaa dherai bhaagaharuumaa, haata haalnu eka maitriipuurna haawabhaawa ho, jasale ""helo"" sangketa gardachha.","wishwakaa dherai bhaagaharuumaa, haata haalnu eka maitriipuurna haawabhaawa ho, jasale ""helo"" sangketa gardachha."
"However, in Malaysia, at least among the Malays in rural areas, it means ""come over,"" similar to the index finger bent toward the body, a gesture which is used in certain Western countries, and should be used only for that purpose.","यद्यपि, मलेसियामा, कम्तिमा ग्रामीण क्षेत्रका मलयहरू बिच, यसको अर्थ ""आउनुहोस्"" हो, शरीरतिर झुकेको तर्जनी औँला जस्तै, एक हावभाव जुन केही पश्चिमी देशहरूमा प्रयोग गरिन्छ, र त्यस उद्देश्यका लागि मात्र प्रयोग गर्नुपर्छ।","यद्यपि, मलेसियामा, कम्तिमा ग्रामीण क्षेत्रका मलयहरू बिच, यसको अर्थ ""आऊ"" हो, शरीरतिर झुकेको तर्जनी औँला जस्तै, एक हावभाव जुन केही पश्चिमी देशहरूमा प्रयोग गरिन्छ, र त्यस उद्देश्यका लागि मात्र प्रयोग गर्नुपर्छ।","yadyapi, malesiyaamaa, kamtimaa graamiina kshetrakaa malayaharuu bicha, yasako artha ""aaunuhos"" ho, shariiratira jhukeko tarjanii aunlaa jastai, eka haawabhaawa juna kehii pashchimii deshaharuumaa prayoga garinchha, ra tyasa uddeshyakaa laagi maatra prayoga garnuparchha.","yadyapi, malesiyaamaa, kamtimaa graamiina kshetrakaa malayaharuu bicha, yasako artha ""aauu"" ho, shariiratira jhukeko tarjanii aunlaa jastai, eka haawabhaawa juna kehii pashchimii deshaharuumaa prayoga garinchha, ra tyasa uddeshyakaa laagi maatra prayoga garnuparchha."
"Similarly, a British traveller in Spain may mistake a wave goodbye involving the palm facing the waver (rather than the person being waved at) as a gesture to come back.","त्यसैगरी, स्पेनमा एकजना बेलायती यात्रुले फर्कने सङ्केतको रूपमा (हात हाल्ने व्यक्तिलाई नतिरेर) हत्केलाको अनुहारमा रहेको छालको बिदाइलाई गल्ती गर्न सक्छन्।","त्यसैगरी, स्पेनमा एकजना बेलायती यात्रुले फर्कने सङ्केतको रूपमा (हात हाल्ने व्यक्तिलाई नतिरेर) हत्केलाको अनुहारमा रहेको छालको बिदाइलाई गल्ती गर्न सक्छन्।","tyasaigarii, spenamaa ekajanaa belaayatii yaatrule pharkane sangketako ruupamaa (haata haalne wyaktilaaii natirera) hatkelaako anuhaaramaa raheko chhaalako bidaailaaii galtii garna sakchhan.","tyasaigarii, spenamaa ekajanaa belaayatii yaatrule pharkane sangketako ruupamaa (haata haalne wyaktilaaii natirera) hatkelaako anuhaaramaa raheko chhaalako bidaailaaii galtii garna sakchhan."
Auxiliary languages are artificial or constructed languages created with the intent of facilitating communication between peoples who would otherwise have difficulty communicating.,सहायक भाषाहरू कृत्रिम वा निर्मित भाषाहरू हुन् जुन मानिसहरू बिच सञ्चारलाई सजिलो बनाउने उद्देश्यले सिर्जना गरिएको हो जसलाई अन्यथा सञ्चार गर्न गाह्रो हुन्छ।,सहायक भाषाहरू कृत्रिम वा निर्मित भाषाहरू हुन् जुन मानिसहरू बिच सञ्चारलाई सजिलो बनाउने उद्देश्यले सिर्जना गरिएको हो जसलाई अन्यथा सञ्चार गर्न गाह्रो हुन्छ।,sahaayaka bhaashaaharuu kritrima waa nirmita bhaashaaharuu hun juna maanisaharuu bicha sanychaaralaaii sajilo banaaune uddeshyale sirjanaa garieko ho jasalaaii anyathaa sanychaara garna gaahro hunchha.,sahaayaka bhaashaaharuu kritrima waa nirmita bhaashaaharuu hun juna maanisaharuu bicha sanychaaralaaii sajilo banaaune uddeshyale sirjanaa garieko ho jasalaaii anyathaa sanychaara garna gaahro hunchha.
"They are separate from lingua francas, which are natural or organic languages that become dominant for one reason or another as means of communication between speakers of other languages.","तिनीहरू लिङ्ग्वा फ्रान्कासबाट अलग छन्, जुन प्राकृतिक वा जैविक भाषाहरू हुन् जुन कुनै न कुनै कारणले अन्य भाषाहरू बोल्नेहरू बिच सञ्चारको माध्यमको रूपमा प्रमुख हुन्छन्।","तिनीहरू लिङ्ग्वा फ्रान्कासबाट अलग छन्, जुन प्राकृतिक वा जैविक भाषाहरू हुन् जुन कुनै न कुनै कारणले अन्य भाषाहरू बोल्नेहरू बिच सञ्चारको माध्यमको रूपमा प्रमुख हुन्छन्।","tiniiharuu linggwaa phraankaasabaata alaga chhan, juna praakritika waa jaiwika bhaashaaharuu hun juna kunai na kunai kaaranale anya bhaashaaharuu bolneharuu bicha sanychaarako maadhyamako ruupamaa pramukha hunchhan.","tiniiharuu linggwaa phraankaasabaata alaga chhan, juna praakritika waa jaiwika bhaashaaharuu hun juna kunai na kunai kaaranale anya bhaashaaharuu bolneharuu bicha sanychaarako maadhyamako ruupamaa pramukha hunchhan."
"In the heat of the day, travelers can experience mirages that give the illusion of water (or other things).","दिनको गर्मीमा, यात्रुहरूले पानी (वा अन्य चीजहरू) को भ्रम दिने मिराजहरू अनुभव गर्न सक्छन्।","दिनको गर्मीमा, यात्रुहरूले पानी (वा अन्य चीजहरू) को भ्रम दिने मिराजहरू अनुभव गर्न सक्छन्।","dinako garmiimaa, yaatruharuule paanii (waa anya chiijaharuu) ko bhrama dine miraajaharuu anubhawa garna sakchhan.","dinako garmiimaa, yaatruharuule paanii (waa anya chiijaharuu) ko bhrama dine miraajaharuu anubhawa garna sakchhan."
"These can be dangerous if the traveler pursue the mirage, wasting precious energy and remaining water.",यदि यात्रुले बहुमूल्य ऊर्जा र बाँकी पानी बर्बाद गर्दै मिराजको पछि लागे भने यी खतरनाक हुन सक्छन्।,यदि यात्रुले बहुमूल्य ऊर्जा र बाँकी पानी बर्बाद गर्दै मिराजको पछि लागे भने यी खतरनाक हुन सक्छन्।,yadi yaatrule bahumuulya uurjaa ra baankii paanii barbaada gardai miraajako pachhi laage bhane yii khataranaaka huna sakchhan.,yadi yaatrule bahumuulya uurjaa ra baankii paanii barbaada gardai miraajako pachhi laage bhane yii khataranaaka huna sakchhan.
Even the hottest of deserts can become extremely cold at night. Hypothermia is a real risk without warm clothing.,सबैभन्दा तातो मरुभूमि पनि रातमा अत्यन्त चिसो हुन सक्छ। न्यानो कपडा बिना हाइपोथर्मिया वास्तविक जोखिम हो।,सबैभन्दा तातो मरुभूमि पनि रातमा अत्यन्त चिसो हुन सक्छ। न्यानो कपडा बिना हाइपोथर्मिया वास्तविक जोखिम हो।,sabaibhandaa taato marubhuumi pani raatamaa atyanta chiso huna sakchha. nyaano kapadaa binaa haaipotharmiyaa waastawika jokhima ho.,sabaibhandaa taato marubhuumi pani raatamaa atyanta chiso huna sakchha. nyaano kapadaa binaa haaipotharmiyaa waastawika jokhima ho.
"In summer, especially, you'll need to watch out for mosquitoes if you decide to hike through the rainforest.","गर्मीमा, विशेष गरी, यदि तपाईँ वर्षावनबाट हिँड्ने निर्णय गर्नुहुन्छ भने तपाईँले लामखुट्टेहरूको हेरचाह गर्नु आवश्यक छ।","गर्मीमा, विशेष गरी, यदि तिमी वर्षावनबाट हिँड्ने निर्णय गर्नुहुन्छ भने तिमीले लामखुट्टेहरूको हेरचाह गर्नु आवश्यक छ।","garmiimaa, wishesha garii, yadi tapaaiin warshaawanabaata hindne nirnaya garnuhunchha bhane tapaaiinle laamakhutteharuuko herachaaha garnu aawashyaka chha.","garmiimaa, wishesha garii, yadi timii warshaawanabaata hindne nirnaya garnuhunchha bhane timiile laamakhutteharuuko herachaaha garnu aawashyaka chha."
"Even if you're driving through the subtropical rainforest, a few seconds with the doors open while you get inside the vehicle is enough time for mosquitoes to get in the vehicle with you.","यदि तपाईँ उपोष्णकटिबन्धीय वर्षावनबाट गाडी चलाउँदै हुनुहुन्छ भने पनि, तपाईँ गाडीभित्र पुग्दा ढोका खुला भएको केही सेकेन्डहरू लामखुट्टेहरू तपाईँसँग गाडीमा बस्नका लागि पर्याप्त समय हो।","यदि तिमी उपोष्णकटिबन्धीय वर्षावनबाट गाडी चलाउँदै छौ भने पनि, तिमी गाडीभित्र पुग्दा ढोका खुला भएको केही सेकेन्डहरू लामखुट्टेहरू तिमीसँग गाडीमा बस्नका लागि पर्याप्त समय हो।","yadi tapaaiin uposhnakatibandhiiya warshaawanabaata gaadii chalaaundai hunuhunchha bhane pani, tapaaiin gaadiibhitra pugdaa dhokaa khulaa bhaeko kehii sekendaharuu laamakhutteharuu tapaaiinsnga gaadiimaa basnakaa laagi paryaapta samaya ho.","yadi timii uposhnakatibandhiiya warshaawanabaata gaadii chalaaundai chhau bhane pani, timii gaadiibhitra pugdaa dhokaa khulaa bhaeko kehii sekendaharuu laamakhutteharuu timiisnga gaadiimaa basnakaa laagi paryaapta samaya ho."
"Bird flu, or more formally avian influenza, can infect both birds and mammals.","बर्ड फ्लू, वा अधिक औपचारिक रूपमा एभियन इन्फ्लुएन्जा, चराहरू र स्तनपायीहरू दुवैलाई संक्रमित गर्न सक्छ।","बर्ड फ्लू, वा अधिक औपचारिक रूपमा एभियन इन्फ्लुएन्जा, चराहरू र स्तनपायीहरू दुवैलाई संक्रमित गर्न सक्छ।","barda phluu, waa adhika aupachaarika ruupamaa ebhiyana inphluenjaa, charaaharuu ra stanapaayiiharuu duwailaaii snkramita garna sakchha.","barda phluu, waa adhika aupachaarika ruupamaa ebhiyana inphluenjaa, charaaharuu ra stanapaayiiharuu duwailaaii snkramita garna sakchha."
"Fewer than a thousand cases have ever been reported in humans, but some of them have been fatal.","मानिसमा एक हजारभन्दा कम सङ्क्रमण भएको रिपोर्ट गरिएको छ, तर तीमध्ये केही घातक पनि छन्।","मानिसमा एक हजारभन्दा कम सङ्क्रमण भएको रिपोर्ट गरिएको छ, तर तीमध्ये केही घातक पनि छन्।","maanisamaa eka hajaarabhandaa kama sangkramana bhaeko riporta garieko chha, tara tiimadhye kehii ghaataka pani chhan.","maanisamaa eka hajaarabhandaa kama sangkramana bhaeko riporta garieko chha, tara tiimadhye kehii ghaataka pani chhan."
"Most have involved people who work with poultry, but there is also some risk to birdwatchers.","धेरैजसोमा कुखुरासँग काम गर्ने मानिसहरू संलग्न छन्, तर त्यहाँ पक्षी हेर्नेहरूका लागि पनि केही जोखिम छ।","धेरैजसोमा कुखुरासँग काम गर्ने मानिसहरू संलग्न छन्, तर त्यहाँ पक्षी हेर्नेहरूका लागि पनि केही जोखिम छ।","dheraijasomaa kukhuraasnga kaama garne maanisaharuu snlagna chhan, tara tyahaan pakshii herneharuukaa laagi pani kehii jokhima chha.","dheraijasomaa kukhuraasnga kaama garne maanisaharuu snlagna chhan, tara tyahaan pakshii herneharuukaa laagi pani kehii jokhima chha."
"Typical for Norway are steep fjords and valleys that suddenly give way to a high, more or less even plateau.","नर्वेका लागि विशिष्ट ठाडो फ्जोर्ड्स र उपत्यकाहरू हुन् जसले अचानक उच्च, कम वा कम पठारमा बाटो दिन्छ।","नर्वेका लागि विशिष्ट ठाडो फ्जोर्ड्स र उपत्यकाहरू हुन् जसले अचानक उच्च, कम वा कम पठारमा बाटो दिन्छ।","narwekaa laagi wishishta thaado phjordsa ra upatyakaaharuu hun jasale achaanaka uchcha, kama waa kama pathaaramaa baato dinchha.","narwekaa laagi wishishta thaado phjordsa ra upatyakaaharuu hun jasale achaanaka uchcha, kama waa kama pathaaramaa baato dinchha."
"These plateaus are often referred to as ""vidde"" meaning a wide, open treeless space, a boundless expanse.","यी पठारहरूलाई प्रायः ""विद्दे"" भनिन्छ जसको अर्थ चौडा, खुला वृक्षविहीन ठाउँ, असीम विस्तार हो।","यी पठारहरूलाई प्रायः ""विद्दे"" भनिन्छ जसको अर्थ चौडा, खुला वृक्षविहीन ठाउँ, असीम विस्तार हो।","yii pathaaraharuulaaii praayh ""widde"" bhaninchha jasako artha chaudaa, khulaa wrikshawihiina thaaun, asiima wistaara ho.","yii pathaaraharuulaaii praayh ""widde"" bhaninchha jasako artha chaudaa, khulaa wrikshawihiina thaaun, asiima wistaara ho."
"In Rogaland and Agder they are usually called ""hei"" meaning a treeless moorland often covered in heather.","रोगाल्यान्ड र एगरमा तिनीहरूलाई सामान्यतया ""हेई"" भनिन्छ जसको अर्थ प्रायः हेदरले ढाकिएको रूखविहीन मुर्गभूमि हो।","रोगाल्यान्ड र एगरमा तिनीहरूलाई सामान्यतया ""हेई"" भनिन्छ जसको अर्थ प्रायः हेदरले ढाकिएको रूखविहीन मुर्गभूमि हो।","rogaalyaanda ra egaramaa tiniiharuulaaii saamaanyatayaa ""heii"" bhaninchha jasako artha praayh hedarale dhaakieko ruukhawihiina murgabhuumi ho.","rogaalyaanda ra egaramaa tiniiharuulaaii saamaanyatayaa ""heii"" bhaninchha jasako artha praayh hedarale dhaakieko ruukhawihiina murgabhuumi ho."
"The glaciers are not stable, but flow down the mountain. This will cause cracks, crevasses, which may be obscured by snow bridges.","हिमनदीहरू स्थिर छैनन्, तर पहाडबाट बग्छन्। यसले दरारहरू, दरारहरू निम्त्याउँछ, जुन हिउँका पुलहरूले अस्पष्ट हुन सक्छ।","हिमनदीहरू स्थिर छैनन्, तर पहाडबाट बग्छन्। यसले दरारहरू, दरारहरू निम्त्याउँछ, जुन हिउँका पुलहरूले अस्पष्ट हुन सक्छ।","himanadiiharuu sthira chhainan, tara pahaadabaata bagchhan. yasale daraaraharuu, daraaraharuu nimtyaaunchha, juna hiunkaa pulaharuule aspashta huna sakchha.","himanadiiharuu sthira chhainan, tara pahaadabaata bagchhan. yasale daraaraharuu, daraaraharuu nimtyaaunchha, juna hiunkaa pulaharuule aspashta huna sakchha."
The walls and roofs of ice caves can collapse and cracks can get closed.,बरफका गुफाहरूको पर्खाल र छतहरू ढल्न सक्छन् र दरारहरू बन्द हुन सक्छन्।,बरफका गुफाहरूको पर्खाल र छतहरू ढल्न सक्छन् र दरारहरू बन्द हुन सक्छन्।,baraphakaa guphaaharuuko parkhaala ra chhataharuu dhalna sakchhan ra daraaraharuu banda huna sakchhan.,baraphakaa guphaaharuuko parkhaala ra chhataharuu dhalna sakchhan ra daraaraharuu banda huna sakchhan.
"At the edge of glaciers huge blocks break loose, fall down and perhaps jump or roll farther from the edge.","हिमनदीको किनारमा विशाल खण्डहरू ढल्छन्, तल पर्छन् र सायद छेउमाबाट टाढा उफ्रन्छन् वा घुम्छन्।","हिमनदीको किनारमा विशाल खण्डहरू ढल्छन्, तल पर्छन् र सायद छेउमाबाट टाढा उफ्रन्छन् वा घुम्छन्।","himanadiiko kinaaramaa wishaala khandaharuu dhalchhan, tala parchhan ra saayada chheumaabaata taadhaa uphranchhan waa ghumchhan.","himanadiiko kinaaramaa wishaala khandaharuu dhalchhan, tala parchhan ra saayada chheumaabaata taadhaa uphranchhan waa ghumchhan."
The tourist season for the hill stations generally peaks during the Indian summer.,पाहाडी स्टेसनहरूका लागि पर्यटन मौसम सामान्यतया भारतीय गर्मीको समयमा चरम हुन्छ।,पाहाडी स्टेसनहरूका लागि पर्यटन मौसम सामान्यतया भारतीय गर्मीको समयमा चरम हुन्छ।,paahaadii stesanaharuukaa laagi paryatana mausama saamaanyatayaa bhaaratiiya garmiiko samayamaa charama hunchha.,paahaadii stesanaharuukaa laagi paryatana mausama saamaanyatayaa bhaaratiiya garmiiko samayamaa charama hunchha.
"However, they have a different kind of beauty and charm during winter, with many hill stations receiving healthy amounts of snow and offering activities such as skiing and snowboarding.","यद्यपि, तिनीहरूसँग जाडोमा फरक प्रकारको सुन्दरता र आकर्षण हुन्छ, धेरै हिल स्टेसनहरूले स्वस्थ मात्रामा हिउँ प्राप्त गर्छन् र स्किइङ र स्नोबोर्डिङ जस्ता गतिविधिहरू प्रदान गर्छन्।","यद्यपि, तिनीहरूसँग जाडोमा फरक प्रकारको सुन्दरता र आकर्षण हुन्छ, धेरै हिल स्टेसनहरूले स्वस्थ मात्रामा हिउँ प्राप्त गर्छन् र स्किइङ र स्नोबोर्डिङ जस्ता गतिविधिहरू प्रदान गर्छन्।","yadyapi, tiniiharuusnga jaadomaa pharaka prakaarako sundarataa ra aakarshana hunchha, dherai hila stesanaharuule swastha maatraamaa hiun praapta garchhan ra skiinga ra snobordinga jastaa gatiwidhiharuu pradaana garchhan.","yadyapi, tiniiharuusnga jaadomaa pharaka prakaarako sundarataa ra aakarshana hunchha, dherai hila stesanaharuule swastha maatraamaa hiun praapta garchhan ra skiinga ra snobordinga jastaa gatiwidhiharuu pradaana garchhan."
"Only a few airlines still offer bereavement fares, which slightly discount the cost of last-minute funeral travel.","केही एयरलाइन्सहरूले मात्र अझै पनि शोक भाडाको प्रस्ताव गर्छन्, जसले अन्तिम-मिनेटको अन्त्येष्टि यात्राको लागतमा थोरै छुट दिन्छ।","केही एयरलाइन्सहरूले मात्र अझै पनि शोक भाडाको प्रस्ताव गर्छन्, जसले अन्तिम-मिनेटको अन्त्येष्टि यात्राको लागतमा थोरै छुट दिन्छ।","kehii eyaralaainsaharuule maatra ajhai pani shoka bhaadaako prastaawa garchhan, jasale antima-minetako antyeshti yaatraako laagatamaa thorai chhuta dinchha.","kehii eyaralaainsaharuule maatra ajhai pani shoka bhaadaako prastaawa garchhan, jasale antima-minetako antyeshti yaatraako laagatamaa thorai chhuta dinchha."
"Airlines that offer these include Air Canada, Delta Air Lines, Lufthansa for flights originating from the U.S. or Canada, and WestJet.","यी प्रस्ताव गर्ने एयरलाइन्सहरूमा एयर क्यानाडा, डेल्टा एयर लाइन्स, युएस वा क्यानाडाबाट सुरु हुने उडानहरूका लागि लुफ्थान्सा, र वेस्टजेट समावेश छन्।","यी प्रस्ताव गर्ने एयरलाइन्सहरूमा एयर क्यानाडा, डेल्टा एयर लाइन्स, युएस वा क्यानाडाबाट सुरु हुने उडानहरूका लागि लुफ्थान्सा, र वेस्टजेट समावेश छन्।","yii prastaawa garne eyaralaainsaharuumaa eyara kyaanaadaa, deltaa eyara laainsa, yuesa waa kyaanaadaabaata suru hune udaanaharuukaa laagi luphthaansaa, ra westajeta samaawesha chhan.","yii prastaawa garne eyaralaainsaharuumaa eyara kyaanaadaa, deltaa eyara laainsa, yuesa waa kyaanaadaabaata suru hune udaanaharuukaa laagi luphthaansaa, ra westajeta samaawesha chhan."
"In all cases, you must book by phone directly with the airline.","सबै अवस्थामा, तपाईँले सिधा एयरलाइन्ससँग फोनद्वारा बुक गर्नुपर्छ।","सबै अवस्थामा, तिमीले सिधा एयरलाइन्ससँग फोनद्वारा बुक गर्नुपर्छ।","sabai awasthaamaa, tapaaiinle sidhaa eyaralaainsasnga phonadwaaraa buka garnuparchha.","sabai awasthaamaa, timiile sidhaa eyaralaainsasnga phonadwaaraa buka garnuparchha."
"Known for their mobility, the Marathas were able to consolidate their territory during the Mughal–Maratha Wars and later controlled a large part of the Indian subcontinent.","आफ्नो गतिशीलताका लागि परिचित, मराठाहरूले मुगल-मराठा युद्धको समयमा आफ्नो क्षेत्र सुदृढ गर्न सक्षम भए र पछि भारतीय उपमहाद्वीपको ठुलो भागलाई नियन्त्रण गरे।","आफ्नो गतिशीलताका लागि परिचित, मराठाहरूले मुगल-मराठा युद्धको समयमा आफ्नो क्षेत्र सुदृढ गर्न सक्षम भए र पछि भारतीय उपमहाद्वीपको ठुलो भागलाई नियन्त्रण गरे।","aaphno gatishiilataakaa laagi parichita, maraathaaharuule mugala-maraathaa yuddhako samayamaa aaphno kshetra sudridha garna sakshama bhae ra pachhi bhaaratiiya upamahaadwiipako thulo bhaagalaaii niyantrana gare.","aaphno gatishiilataakaa laagi parichita, maraathaaharuule mugala-maraathaa yuddhako samayamaa aaphno kshetra sudridha garna sakshama bhae ra pachhi bhaaratiiya upamahaadwiipako thulo bhaagalaaii niyantrana gare."
"Among veteran players still in the lineup are Jason Huerta, Reyjay Ortuste, Mark Joseph Gonzales, Josefina Maat, Des Oltor, Ronsted Cabayeron and Sara Catain.","अनुभवी खेलाडीहरू मध्ये जेसन हुर्टा, रेजे ओर्टुस्टे, मार्क जोसेफ गोन्जालेस, जोसेफिना माट, डेस ओल्टर, रोन्स्टेड क्याबायरन र सारा क्याटेन अझै लाइनअपमा छन्।","अनुभवी खेलाडीहरू मध्ये जेसन हुर्टा, रेजे ओर्टुस्टे, मार्क जोसेफ गोन्जालेस, जोसेफिना माट, डेस ओल्टर, रोन्स्टेड क्याबायरन र सारा क्याटेन अझै लाइनअपमा छन्।","anubhawii khelaadiiharuu madhye jesana hurtaa, reje ortuste, maarka josepha gonjaalesa, josephinaa maata, desa oltara, ronsteda kyaabaayarana ra saaraa kyaatena ajhai laainaapamaa chhan.","anubhawii khelaadiiharuu madhye jesana hurtaa, reje ortuste, maarka josepha gonjaalesa, josephinaa maata, desa oltara, ronsteda kyaabaayarana ra saaraa kyaatena ajhai laainaapamaa chhan."
The term was later also adopted by the American variant.,यो शब्द पछि अमेरिकी संस्करणद्वारा पनि अपनाइएको थियो।,यो शब्द पछि अमेरिकी संस्करणद्वारा पनि अपनाइएको थियो।,yo shabda pachhi amerikii snskaranadwaaraa pani apanaaieko thiyo.,yo shabda pachhi amerikii snskaranadwaaraa pani apanaaieko thiyo.
"Since kickboxing is a broad term, understanding the history can be somewhat difficult, since combat is an inherent part of being human.","किकबक्सिङ एउटा व्यापक शब्द भएकाले, इतिहास बुझ्न केही गाह्रो हुन सक्छ, किनकि लडाइँ मानव हुनु एउटा अन्तर्निहित अंश हो।","किकबक्सिङ एउटा व्यापक शब्द भएकाले, इतिहास बुझ्न केही गाह्रो हुन सक्छ, किनकि लडाइँ मानव हुनु एउटा अन्तर्निहित अंश हो।","kikabaksinga eutaa wyaapaka shabda bhaekaale, itihaasa bujhna kehii gaahro huna sakchha, kinaki ladaain maanawa hunu eutaa antarnihita ansha ho.","kikabaksinga eutaa wyaapaka shabda bhaekaale, itihaasa bujhna kehii gaahro huna sakchha, kinaki ladaain maanawa hunu eutaa antarnihita ansha ho."
Record the amount of income you bring home in a month.,तपाईँले एक महिनामा घर ल्याउनु भएको आम्दानीको रकम रेकर्ड गर्नुहोस्।,तिमीले एक महिनामा घर ल्याउनु भएको आम्दानीको रकम रेकर्ड गर।,tapaaiinle eka mahinaamaa ghara lyaaunu bhaeko aamdaaniiko rakama rekarda garnuhos.,timiile eka mahinaamaa ghara lyaaunu bhaeko aamdaaniiko rakama rekarda gara.
The Bibighar Well site where a memorial had been built.,बीबीघर कुआँ स्थल जहाँ एउटा स्मारक निर्माण गरिएको थियो।,बीबीघर कुआँ स्थल जहाँ एउटा स्मारक निर्माण गरिएको थियो।,biibiighara kuaan sthala jahaan eutaa smaaraka nirmaana garieko thiyo.,biibiighara kuaan sthala jahaan eutaa smaaraka nirmaana garieko thiyo.
Nana Sahib disappeared near the end of the Rebellion and it is not known what happened to him.,नाना साहेब विद्रोहको अन्त्यतिर बेपत्ता भए र उनलाई के भयो भन्ने थाहा छैन।,नाना साहेब विद्रोहको अन्त्यतिर बेपत्ता भए र उनलाई के भयो भन्ने थाहा छैन।,naanaa saaheba widrohako antyatira bepattaa bhae ra unalaaii ke bhayo bhanne thaahaa chhaina.,naanaa saaheba widrohako antyatira bepattaa bhae ra unalaaii ke bhayo bhanne thaahaa chhaina.
"Shree Govindajee Temple, Andro village, and the Manipur State Museum are in the city.","श्री गोविन्दजी मन्दिर, अन्द्रो गाउँ र मणिपुर राज्य सङ्ग्रहालय सहरमा छन्।","श्री गोविन्दजी मन्दिर, अन्द्रो गाउँ र मणिपुर राज्य सङ्ग्रहालय सहरमा छन्।","shrii gowindajii mandira, andro gaaun ra manipura raajya sanggrahaalaya saharamaa chhan.","shrii gowindajii mandira, andro gaaun ra manipura raajya sanggrahaalaya saharamaa chhan."
Clasps were awarded for the siege of Delhi and the siege and relief of Lucknow.,दिल्लीको घेराबन्दी र लखनऊको घेराबन्दी र राहतका लागि क्लास्पहरू प्रदान गरियो।,दिल्लीको घेराबन्दी र लखनऊको घेराबन्दी र राहतका लागि क्लास्पहरू प्रदान गरियो।,dilliiko gheraabandii ra lakhanauuko gheraabandii ra raahatakaa laagi klaaspaharuu pradaana gariyo.,dilliiko gheraabandii ra lakhanauuko gheraabandii ra raahatakaa laagi klaaspaharuu pradaana gariyo.
"On 20 October 1874, Dayanand arrived in Bombay.",20 अक्टोबर 1874 मा दयानन्द बम्बई आइपुगे।,20 अक्टोबर 1874 मा दयानन्द बम्बई आइपुगे।,20 aktobara 1874 maa dayaananda bambaii aaipuge.,20 aktobara 1874 maa dayaananda bambaii aaipuge.
They also campaigned for widow remarriage and women's education.,उनीहरूले विधवा पुनर्विवाह र महिला शिक्षाका लागि पनि अभियान चलाए।,उनीहरूले विधवा पुनर्विवाह र महिला शिक्षाका लागि पनि अभियान चलाए।,uniiharuule widhawaa punarwiwaaha ra mahilaa shikshaakaa laagi pani abhiyaana chalaae.,uniiharuule widhawaa punarwiwaaha ra mahilaa shikshaakaa laagi pani abhiyaana chalaae.
"Remember to always leave room in your monthly budget for unexpected expenses, like small medical bills or car repairs.",साना चिकित्सा बिलहरू वा कार मर्मत जस्ता अप्रत्याशित खर्चहरूका लागि सधैँ आफ्नो मासिक बजेटमा ठाउँ छोड्न सम्झनुहोस्।,साना चिकित्सा बिलहरू वा कार मर्मत जस्ता अप्रत्याशित खर्चहरूका लागि सधैँ आफ्नो मासिक बजेटमा ठाउँ छोड्न सम्झनुहोस्।,saanaa chikitsaa bilaharuu waa kaara marmata jastaa apratyaashita kharchaharuukaa laagi sadhain aaphno maasika bajetamaa thaaun chhodna samjhanuhos.,saanaa chikitsaa bilaharuu waa kaara marmata jastaa apratyaashita kharchaharuukaa laagi sadhain aaphno maasika bajetamaa thaaun chhodna samjhanuhos.
"To boost its popularity and improve its performance in the forthcoming election, Congress leaders urged Sonia Gandhi, Rajiv Gandhi's widow, to assume leadership of the party.","आगामी चुनावमा यसको लोकप्रियता बढाउन र यसको प्रदर्शन सुधार गर्न, काङ्ग्रेस नेताहरूले राजीव गान्धीकी विधवा सोनिया गान्धीलाई पार्टीको नेतृत्व ग्रहण गर्न आग्रह गरे।","आगामी चुनावमा यसको लोकप्रियता बढाउन र यसको प्रदर्शन सुधार गर्न, काङ्ग्रेस नेताहरूले राजीव गान्धीकी विधवा सोनिया गान्धीलाई पार्टीको नेतृत्व ग्रहण गर्न आग्रह गरे।","aagaamii chunaawamaa yasako lokapriyataa badhaauna ra yasako pradarshana sudhaara garna, kaanggresa netaaharuule raajiiwa gaandhiikii widhawaa soniyaa gaandhiilaaii paartiiko netritwa grahana garna aagraha gare.","aagaamii chunaawamaa yasako lokapriyataa badhaauna ra yasako pradarshana sudhaara garna, kaanggresa netaaharuule raajiiwa gaandhiikii widhawaa soniyaa gaandhiilaaii paartiiko netritwa grahana garna aagraha gare."
She had previously declined offers to become actively involved in party affairs and had stayed away from politics.,उनले यसअघि पार्टी मामिलामा सक्रिय रूपमा संलग्न हुने प्रस्ताव अस्वीकार गरेकी थिइन् र राजनीतिबाट टाढा थिइन्।,उनले यसअघि पार्टी मामिलामा सक्रिय रूपमा संलग्न हुने प्रस्ताव अस्वीकार गरेकी थिइन् र राजनीतिबाट टाढा थिइन्।,unale yasaaghi paartii maamilaamaa sakriya ruupamaa snlagna hune prastaawa aswiikaara garekii thiin ra raajaniitibaata taadhaa thiin.,unale yasaaghi paartii maamilaamaa sakriya ruupamaa snlagna hune prastaawa aswiikaara garekii thiin ra raajaniitibaata taadhaa thiin.
"Despite massive support from within the party, Gandhi declined the post of prime minister, choosing to appoint Manmohan Singh instead.","पार्टीभित्रबाट ठुलो समर्थनका बावजुद, गान्धीले प्रधानमन्त्री पद अस्वीकार गरे, यसको सट्टा मनमोहन सिंहलाई नियुक्त गर्ने निर्णय गरे।","पार्टीभित्रबाट ठुलो समर्थनका बावजुद, गान्धीले प्रधानमन्त्री पद अस्वीकार गरे, यसको सट्टा मनमोहन सिंहलाई नियुक्त गर्ने निर्णय गरे।","paartiibhitrabaata thulo samarthanakaa baawajuda, gaandhiile pradhaanamantrii pada aswiikaara gare, yasako sattaa manamohana sinhalaaii niyukta garne nirnaya gare.","paartiibhitrabaata thulo samarthanakaa baawajuda, gaandhiile pradhaanamantrii pada aswiikaara gare, yasako sattaa manamohana sinhalaaii niyukta garne nirnaya gare."
She remained as party president and headed the National Advisory Council.,उनी पार्टी अध्यक्षका रूपमा रहे र राष्ट्रिय सल्लाहकार परिषद्को नेतृत्व गरिन्।,उनी पार्टी अध्यक्षका रूपमा रहे र राष्ट्रिय सल्लाहकार परिषद्को नेतृत्व गरिन्।,unii paartii adhyakshakaa ruupamaa rahe ra raashtriya sallaahakaara parishadko netritwa garin.,unii paartii adhyakshakaa ruupamaa rahe ra raashtriya sallaahakaara parishadko netritwa garin.
"Two days later, on 15 April, demonstrations occurred in Gujranwala protesting against the killings at Amritsar.","दुई दिनपछि, 15 अप्रिलमा, अमृतसरमा भएको हत्याको विरोधमा गुजरानवालामा प्रदर्शन भयो।","दुई दिनपछि, 15 अप्रिलमा, अमृतसरमा भएको हत्याको विरोधमा गुजरानवालामा प्रदर्शन भयो।","duii dinapachhi, 15 aprilamaa, amritasaramaa bhaeko hatyaako wirodhamaa gujaraanawaalaamaa pradarshana bhayo.","duii dinapachhi, 15 aprilamaa, amritasaramaa bhaeko hatyaako wirodhamaa gujaraanawaalaamaa pradarshana bhayo."
I salute Shaheed-i-Azam Udham Singh with reverence who had kissed the noose so that we may be free.,म शहीद-ए-आजम उधम सिंहलाई श्रद्धाका साथ सलाम गर्दछु जसले हामी स्वतन्त्र हुन सकून् भनेर फाँसी चुम्नुभएको थियो।,म शहीद-ए-आजम उधम सिंहलाई श्रद्धाका साथ सलाम गर्दछु जसले हामी स्वतन्त्र हुन सकून् भनेर फाँसी चुम्नुभएको थियो।,ma shahiida-e-aajama udhama sinhalaaii shraddhaakaa saatha salaama gardachhu jasale haamii swatantra huna sakuun bhanera phaansii chumnubhaeko thiyo.,ma shahiida-e-aajama udhama sinhalaaii shraddhaakaa saatha salaama gardachhu jasale haamii swatantra huna sakuun bhanera phaansii chumnubhaeko thiyo.
The Pandyas steadily routed both the Hoysalas and the Cholas.,पाण्ड्यहरूले लगातार होयसल र चोल दुवैलाई पराजित गरे।,पाण्ड्यहरूले लगातार होयसल र चोल दुवैलाई पराजित गरे।,paandyaharuule lagaataara hoyasala ra chola duwailaaii paraajita gare.,paandyaharuule lagaataara hoyasala ra chola duwailaaii paraajita gare.
"In the early 16th century, Virasekhara Chola, king of Tanjore rose out of obscurity and plundered the dominions of the then Pandya prince in the South.","16 औँ शताब्दीको प्रारम्भमा, तान्जोरका राजा वीरशेखर चोल अस्पष्टताबाट बाहिर निस्किए र दक्षिणमा तत्कालीन पाण्ड्य राजकुमारको आधिपत्य लुटे।","16 औँ शताब्दीको प्रारम्भमा, तान्जोरका राजा वीरशेखर चोल अस्पष्टताबाट बाहिर निस्किए र दक्षिणमा तत्कालीन पाण्ड्य राजकुमारको आधिपत्य लुटे।","16 aun shataabdiiko praarambhamaa, taanjorakaa raajaa wiirashekhara chola aspashtataabaata baahira niskie ra dakshinamaa tatkaaliina paandya raajakumaarako aadhipatya lute.","16 aun shataabdiiko praarambhamaa, taanjorakaa raajaa wiirashekhara chola aspashtataabaata baahira niskie ra dakshinamaa tatkaaliina paandya raajakumaarako aadhipatya lute."
He was born in the previously Chola occupied Srivijaya.,उनको जन्म पहिले चोलले कब्जा गरेको श्रीविजयमा भएको थियो।,उनको जन्म पहिले चोलले कब्जा गरेको श्रीविजयमा भएको थियो।,unako janma pahile cholale kabjaa gareko shriiwijayamaa bhaeko thiyo.,unako janma pahile cholale kabjaa gareko shriiwijayamaa bhaeko thiyo.
It played a significant role in linking the markets of China to the rest of the world.,यसले चिनको बजारलाई बाँकी विश्वसँग जोड्ने महत्त्वपूर्ण भूमिका खेलेको छ।,यसले चिनको बजारलाई बाँकी विश्वसँग जोड्ने महत्त्वपूर्ण भूमिका खेलेको छ।,yasale chinako bajaaralaaii baankii wishwasnga jodne mahattwapuurna bhuumikaa kheleko chha.,yasale chinako bajaaralaaii baankii wishwasnga jodne mahattwapuurna bhuumikaa kheleko chha.
"The Parvati Temple, is located about 140 km southeast to the Badami.","पार्वती मन्दिर, बादामीबाट लगभग 140 किलोमिटर दक्षिणपूर्वमा अवस्थित छ।","पार्वती मन्दिर, बादामीबाट लगभग 140 किलोमिटर दक्षिणपूर्वमा अवस्थित छ।","paarwatii mandira, baadaamiibaata lagabhaga 140 kilomitara dakshinapuurwamaa awasthita chha.","paarwatii mandira, baadaamiibaata lagabhaga 140 kilomitara dakshinapuurwamaa awasthita chha."
Some companies will give you various price quotes.,केही कम्पनीहरूले तपाईँलाई विभिन्न मूल्य उद्धरणहरू दिनेछन्।,केही कम्पनीहरूले तिमीलाई विभिन्न मूल्य उद्धरणहरू दिनेछन्।,kehii kampaniiharuule tapaaiinlaaii wibhinna muulya uddharanaharuu dinechhan.,kehii kampaniiharuule timiilaaii wibhinna muulya uddharanaharuu dinechhan.
"During these famines, Khalji's sultanate granaries and wholesale mandi system with price controls ensured sufficient food for his army, court officials, and the urban population in Delhi.","यी अनिकालको समयमा, खिलजीको सल्तनतको अन्न भण्डार र मूल्य नियन्त्रण भएको थोक मन्डी प्रणालीले उनको सेना, दरबारी अधिकारीहरू र दिल्लीको सहरी जनताका लागि पर्याप्त खाना सुनिश्चित गऱ्यो।","यी अनिकालको समयमा, खिलजीको सल्तनतको अन्न भण्डार र मूल्य नियन्त्रण भएको थोक मन्डी प्रणालीले उनको सेना, दरबारी अधिकारीहरू र दिल्लीको सहरी जनताका लागि पर्याप्त खाना सुनिश्चित गऱ्यो।","yii anikaalako samayamaa, khilajiiko saltanatako anna bhandaara ra muulya niyantrana bhaeko thoka mandii pranaaliile unako senaa, darabaarii adhikaariiharuu ra dilliiko saharii janataakaa laagi paryaapta khaanaa sunishchita garyo.","yii anikaalako samayamaa, khilajiiko saltanatako anna bhandaara ra muulya niyantrana bhaeko thoka mandii pranaaliile unako senaa, darabaarii adhikaariiharuu ra dilliiko saharii janataakaa laagi paryaapta khaanaa sunishchita garyo."
The Periplus further explains ancient Indo-Greek rule and the continued circulation of Indo-Greek coinage in the region.,पेरिप्लसले प्राचीन इन्डो-ग्रिक शासन र यस क्षेत्रमा इन्डो-ग्रिक सिक्काको निरन्तर प्रचलनको व्याख्या गर्दछ।,पेरिप्लसले प्राचीन इन्डो-ग्रिक शासन र यस क्षेत्रमा इन्डो-ग्रिक सिक्काको निरन्तर प्रचलनको व्याख्या गर्दछ।,periplasale praachiina indo-grika shaasana ra yasa kshetramaa indo-grika sikkaako nirantara prachalanako wyaakhyaa gardachha.,periplasale praachiina indo-grika shaasana ra yasa kshetramaa indo-grika sikkaako nirantara prachalanako wyaakhyaa gardachha.
"Mathura may then have been conquered by the Mitra dynasty, or ruled independently by the Datta dynasty during the 1st century BC.",मथुरा तब मित्र वंशद्वारा जितियो वा ईसा पूर्व पहिलो शताब्दीमा दत्त वंशद्वारा स्वतन्त्र रूपमा शासन गरिएको हुन सक्छ।,मथुरा तब मित्र वंशद्वारा जितियो वा ईसा पूर्व पहिलो शताब्दीमा दत्त वंशद्वारा स्वतन्त्र रूपमा शासन गरिएको हुन सक्छ।,mathuraa taba mitra wnshadwaaraa jitiyo waa iisaa puurwa pahilo shataabdiimaa datta wnshadwaaraa swatantra ruupamaa shaasana garieko huna sakchha.,mathuraa taba mitra wnshadwaaraa jitiyo waa iisaa puurwa pahilo shataabdiimaa datta wnshadwaaraa swatantra ruupamaa shaasana garieko huna sakchha.
They would again win independence until being conquered by Samudragupta of the Gupta Empire and would disintegrate soon after.,गुप्त साम्राज्यको समुद्रगुप्तद्वारा पराजित नभएसम्म तिनीहरूले फेरि स्वतन्त्रता प्राप्त गरे र त्यसको लगत्तै विघटित भए।,गुप्त साम्राज्यको समुद्रगुप्तद्वारा पराजित नभएसम्म तिनीहरूले फेरि स्वतन्त्रता प्राप्त गरे र त्यसको लगत्तै विघटित भए।,gupta saamraajyako samudraguptadwaaraa paraajita nabhaesamma tiniiharuule pheri swatantrataa praapta gare ra tyasako lagattai wighatita bhae.,gupta saamraajyako samudraguptadwaaraa paraajita nabhaesamma tiniiharuule pheri swatantrataa praapta gare ra tyasako lagattai wighatita bhae.
Headquarters was located on the mouth river Periyar.,मुख्यालय पेरियार नदीको मुखमा अवस्थित थियो।,मुख्यालय पेरियार नदीको मुखमा अवस्थित थियो।,mukhyaalaya periyaara nadiiko mukhamaa awasthita thiyo.,mukhyaalaya periyaara nadiiko mukhamaa awasthita thiyo.
"The port at Kozhikode held the superior economic and political position in Kerala, while Kollam, Kochi, and Kannur were commercially confined to secondary roles.","कोझिकोडको बन्दरगाहले केरलामा उच्च आर्थिक र राजनीतिक स्थिति राखेको थियो, जबकि कोल्लम, कोची र कन्नुर व्यावसायिक रूपमा माध्यमिक भूमिकाहरूमा सीमित थिए।","कोझिकोडको बन्दरगाहले केरलामा उच्च आर्थिक र राजनीतिक स्थिति राखेको थियो, जबकि कोल्लम, कोची र कन्नुर व्यावसायिक रूपमा माध्यमिक भूमिकाहरूमा सीमित थिए।","kojhikodako bandaragaahale keralaamaa uchcha aarthika ra raajaniitika sthiti raakheko thiyo, jabaki kollama, kochii ra kannura wyaawasaayika ruupamaa maadhyamika bhuumikaaharuumaa siimita thie.","kojhikodako bandaragaahale keralaamaa uchcha aarthika ra raajaniitika sthiti raakheko thiyo, jabaki kollama, kochii ra kannura wyaawasaayika ruupamaa maadhyamika bhuumikaaharuumaa siimita thie."
The state is wedged between the Lakshadweep Sea and the Western Ghats.,यो राज्य लक्षद्वीप सागर र पश्चिमी घाटको बिचमा अवस्थित छ।,यो राज्य लक्षद्वीप सागर र पश्चिमी घाटको बिचमा अवस्थित छ।,yo raajya lakshadwiipa saagara ra pashchimii ghaatako bichamaa awasthita chha.,yo raajya lakshadwiipa saagara ra pashchimii ghaatako bichamaa awasthita chha.
"Lying between northern latitudes 8°18' and 12°48' and eastern longitudes 74°52' and 77°22', Kerala experiences a humid tropical rainforest climate with some cyclones.",उत्तरी अक्षांश 8°18'र 12°48'र पूर्वी देशान्तर 74°52'र 77°22'को बिचमा अवस्थित केरलाले केही चक्रवातहरूसहित आर्द्र उष्णकटिबन्धीय वर्षावनको जलवायु अनुभव गर्दछ।,उत्तरी अक्षांश 8°18'र 12°48'र पूर्वी देशान्तर 74°52'र 77°22'को बिचमा अवस्थित केरलाले केही चक्रवातहरूसहित आर्द्र उष्णकटिबन्धीय वर्षावनको जलवायु अनुभव गर्दछ।,uttarii akshaansha 8°18'ra 12°48'ra puurwii deshaantara 74°52'ra 77°22'ko bichamaa awasthita keralaale kehii chakrawaataharuusahita aardra ushnakatibandhiiya warshaawanako jalawaayu anubhawa gardachha.,uttarii akshaansha 8°18'ra 12°48'ra puurwii deshaantara 74°52'ra 77°22'ko bichamaa awasthita keralaale kehii chakrawaataharuusahita aardra ushnakatibandhiiya warshaawanako jalawaayu anubhawa gardachha.
The battle helped the British East India Company take control of Bengal.,यस युद्धले ब्रिटिस इस्ट इन्डिया कम्पनीलाई बङ्गालको नियन्त्रण लिन मद्दत गऱ्यो।,यस युद्धले ब्रिटिस इस्ट इन्डिया कम्पनीलाई बङ्गालको नियन्त्रण लिन मद्दत गऱ्यो।,yasa yuddhale britisa ista indiyaa kampaniilaaii banggaalako niyantrana lina maddata garyo.,yasa yuddhale britisa ista indiyaa kampaniilaaii banggaalako niyantrana lina maddata garyo.
The caves were possibly excavated during this period.,गुफाहरू सम्भवतः यस अवधिमा उत्खनन गरिएको थियो।,गुफाहरू सम्भवतः यस अवधिमा उत्खनन गरिएको थियो।,guphaaharuu sambhawath yasa awadhimaa utkhanana garieko thiyo.,guphaaharuu sambhawath yasa awadhimaa utkhanana garieko thiyo.
"The British governed western Maharashtra as part of the Bombay Presidency, which spanned an area from Karachi in Pakistan to northern Deccan.","ब्रिटिसहरूले बम्बई प्रेसिडेन्सीको भागको रूपमा पश्चिमी महाराष्ट्रलाई शासन गरे, जुन पाकिस्तानको कराचीदेखि उत्तरी डेक्कनसम्म फैलिएको थियो।","ब्रिटिसहरूले बम्बई प्रेसिडेन्सीको भागको रूपमा पश्चिमी महाराष्ट्रलाई शासन गरे, जुन पाकिस्तानको कराचीदेखि उत्तरी डेक्कनसम्म फैलिएको थियो।","britisaharuule bambaii presidensiiko bhaagako ruupamaa pashchimii mahaaraashtralaaii shaasana gare, juna paakistaanako karaachiidekhi uttarii dekkanasamma phailieko thiyo.","britisaharuule bambaii presidensiiko bhaagako ruupamaa pashchimii mahaaraashtralaaii shaasana gare, juna paakistaanako karaachiidekhi uttarii dekkanasamma phailieko thiyo."
"A number of the Maratha states persisted as princely states, retaining autonomy in return for acknowledging British suzerainty.",ब्रिटिस अधिराज्यलाई स्वीकार गर्ने बदलामा स्वायत्तता कायम राख्दै धेरै मराठा राज्यहरू रियासतहरूको रूपमा कायम रहे।,ब्रिटिस अधिराज्यलाई स्वीकार गर्ने बदलामा स्वायत्तता कायम राख्दै धेरै मराठा राज्यहरू रियासतहरूको रूपमा कायम रहे।,britisa adhiraajyalaaii swiikaara garne badalaamaa swaayattataa kaayama raakhdai dherai maraathaa raajyaharuu riyaasataharuuko ruupamaa kaayama rahe.,britisa adhiraajyalaaii swiikaara garne badalaamaa swaayattataa kaayama raakhdai dherai maraathaa raajyaharuu riyaasataharuuko ruupamaa kaayama rahe.
The British ruled the Maharashtra region from 1818 to 1947 and influenced every aspect of life for the people of the region.,ब्रिटिसहरूले सन् 1818 देखि 1947 सम्म महाराष्ट्र क्षेत्रमा शासन गरे र यस क्षेत्रका मानिसहरूको जीवनको हरेक पक्षलाई प्रभाव पारे।,ब्रिटिसहरूले सन् 1818 देखि 1947 सम्म महाराष्ट्र क्षेत्रमा शासन गरे र यस क्षेत्रका मानिसहरूको जीवनको हरेक पक्षलाई प्रभाव पारे।,britisaharuule san 1818 dekhi 1947 samma mahaaraashtra kshetramaa shaasana gare ra yasa kshetrakaa maanisaharuuko jiiwanako hareka pakshalaaii prabhaawa paare.,britisaharuule san 1818 dekhi 1947 samma mahaaraashtra kshetramaa shaasana gare ra yasa kshetrakaa maanisaharuuko jiiwanako hareka pakshalaaii prabhaawa paare.
Jyotirao Phule was the pioneer of social reform in the Maharashtra region in the second half of the 19th century.,19 औँ शताब्दीको उत्तरार्धमा महाराष्ट्र क्षेत्रमा सामाजिक सुधारका अग्रगामी ज्योतिराव फुले थिए।,19 औँ शताब्दीको उत्तरार्धमा महाराष्ट्र क्षेत्रमा सामाजिक सुधारका अग्रगामी ज्योतिराव फुले थिए।,19 aun shataabdiiko uttaraardhamaa mahaaraashtra kshetramaa saamaajika sudhaarakaa agragaamii jyotiraawa phule thie.,19 aun shataabdiiko uttaraardhamaa mahaaraashtra kshetramaa saamaajika sudhaarakaa agragaamii jyotiraawa phule thie.
The ultimatum to the British during the Quit India Movement was given in Mumbai and culminated in the transfer of power and independence in 1947.,भारत छोडो आन्दोलनको समयमा ब्रिटिसहरूलाई अल्टिमेटम मुम्बईमा दिइएको थियो र सन् 1947 मा सत्ता हस्तान्तरण र स्वतन्त्रतामा परिणत भयो।,भारत छोडो आन्दोलनको समयमा ब्रिटिसहरूलाई अल्टिमेटम मुम्बईमा दिइएको थियो र सन् 1947 मा सत्ता हस्तान्तरण र स्वतन्त्रतामा परिणत भयो।,bhaarata chhodo aandolanako samayamaa britisaharuulaaii altimetama mumbaiimaa diieko thiyo ra san 1947 maa sattaa hastaantarana ra swatantrataamaa parinata bhayo.,bhaarata chhodo aandolanako samayamaa britisaharuulaaii altimetama mumbaiimaa diieko thiyo ra san 1947 maa sattaa hastaantarana ra swatantrataamaa parinata bhayo.
"It has an area of 2,448 square kilometres.","यसको क्षेत्रफल 2,448 वर्ग किलोमिटर छ।","यसको क्षेत्रफल 2,448 वर्ग किलोमिटर छ।","yasako kshetraphala 2,448 warga kilomitara chha.","yasako kshetraphala 2,448 warga kilomitara chha."
"It covers 342,239 square kilometres or 10.4 per cent of India's total geographical area.","यसले 342,239 वर्ग किलोमिटर वा भारतको कुल भौगोलिक क्षेत्रको 10.4 प्रतिशत ओगटेको छ।","यसले 342,239 वर्ग किलोमिटर वा भारतको कुल भौगोलिक क्षेत्रको 10.4 प्रतिशत ओगटेको छ।","yasale 342,239 warga kilomitara waa bhaaratako kula bhaugolika kshetrako 10.4 pratishata ogateko chha.","yasale 342,239 warga kilomitara waa bhaaratako kula bhaugolika kshetrako 10.4 pratishata ogateko chha."
"The biggest contributors to the state's GSDP growth are Agriculture, Public Administration and Construction work.","राज्यको जिएसडिपी वृद्धिका लागि सबैभन्दा ठुलो योगदान कृषि, लोक प्रशासन र निर्माण कार्य हो।","राज्यको जिएसडिपी वृद्धिका लागि सबैभन्दा ठुलो योगदान कृषि, लोक प्रशासन र निर्माण कार्य हो।","raajyako jiesadipii wriddhikaa laagi sabaibhandaa thulo yogadaana krishi, loka prashaasana ra nirmaana kaarya ho.","raajyako jiesadipii wriddhikaa laagi sabaibhandaa thulo yogadaana krishi, loka prashaasana ra nirmaana kaarya ho."
It has one major port at Paradip and a few minor ports.,यसमा पारादीपमा एउटा प्रमुख बन्दरगाह र केही साना बन्दरगाहहरू छन्।,यसमा पारादीपमा एउटा प्रमुख बन्दरगाह र केही साना बन्दरगाहहरू छन्।,yasamaa paaraadiipamaa eutaa pramukha bandaragaaha ra kehii saanaa bandaragaahaharuu chhan.,yasamaa paaraadiipamaa eutaa pramukha bandaragaaha ra kehii saanaa bandaragaahaharuu chhan.
Major cities of Odisha are well connected to all the major cities of India by direct daily trains and weekly trains.,ओडिसाका प्रमुख सहरहरू भारतका सबै प्रमुख सहरहरूसँग प्रत्यक्ष दैनिक रेल र साप्ताहिक रेलहरूद्वारा राम्रोसँग जोडिएका छन्।,ओडिसाका प्रमुख सहरहरू भारतका सबै प्रमुख सहरहरूसँग प्रत्यक्ष दैनिक रेल र साप्ताहिक रेलहरूद्वारा राम्रोसँग जोडिएका छन्।,odisaakaa pramukha saharaharuu bhaaratakaa sabai pramukha saharaharuusnga pratyaksha dainika rela ra saaptaahika relaharuudwaaraa raamrosnga jodiekaa chhan.,odisaakaa pramukha saharaharuu bhaaratakaa sabai pramukha saharaharuusnga pratyaksha dainika rela ra saaptaahika relaharuudwaaraa raamrosnga jodiekaa chhan.
"Data of 1996–2001 showed the life expectancy in the state was 61.64 years, higher than the national value of years.","1996-2001 को तथ्याङ्कले राज्यमा जीवन प्रत्याशा 61.64 वर्ष रहेको देखाउँछ, जुन वर्षको राष्ट्रिय मूल्यभन्दा बढी हो।","1996-2001 को तथ्याङ्कले राज्यमा जीवन प्रत्याशा 61.64 वर्ष रहेको देखाउँछ, जुन वर्षको राष्ट्रिय मूल्यभन्दा बढी हो।","1996-2001 ko tathyaangkale raajyamaa jiiwana pratyaashaa 61.64 warsha raheko dekhaaunchha, juna warshako raashtriya muulyabhandaa badhii ho.","1996-2001 ko tathyaangkale raajyamaa jiiwana pratyaashaa 61.64 warsha raheko dekhaaunchha, juna warshako raashtriya muulyabhandaa badhii ho."
The monsoon season provides most of the rainfall for the region.,मनसुन मौसमले यस क्षेत्रका लागि अधिकांश वर्षा प्रदान गर्दछ।,मनसुन मौसमले यस क्षेत्रका लागि अधिकांश वर्षा प्रदान गर्दछ।,manasuna mausamale yasa kshetrakaa laagi adhikaansha warshaa pradaana gardachha.,manasuna mausamale yasa kshetrakaa laagi adhikaansha warshaa pradaana gardachha.
It will have stops in Ludhiana and Jalandhar.,लुधियाना र जालन्धरमा यसको स्टप हुनेछ।,लुधियाना र जालन्धरमा यसको स्टप हुनेछ।,ludhiyaanaa ra jaalandharamaa yasako stapa hunechha.,ludhiyaanaa ra jaalandharamaa yasako stapa hunechha.
During Aurangzeb's rule Rana Raj Singh I and Veer Durgadas Rathore were chief among those who defied the intolerant emperor of Delhi.,औरङ्गजेबको शासनमा राणा राज सिंह प्रथम र वीर दुर्गादास राठौर दिल्लीका असहिष्णु सम्राटको अवज्ञा गर्नेहरू मध्ये प्रमुख थिए।,औरङ्गजेबको शासनमा राणा राज सिंह प्रथम र वीर दुर्गादास राठौर दिल्लीका असहिष्णु सम्राटको अवज्ञा गर्नेहरू मध्ये प्रमुख थिए।,auranggajebako shaasanamaa raanaa raaja sinha prathama ra wiira durgaadaasa raathaura dilliikaa asahishnu samraatako awajnyaa garneharuu madhye pramukha thie.,auranggajebako shaasanamaa raanaa raaja sinha prathama ra wiira durgaadaasa raathaura dilliikaa asahishnu samraatako awajnyaa garneharuu madhye pramukha thie.
Mount Abu is a popular hill station in Rajasthan.,माउन्ट अबु राजस्थानको एउटा लोकप्रिय हिल स्टेसन हो।,माउन्ट अबु राजस्थानको एउटा लोकप्रिय हिल स्टेसन हो।,maaunta abu raajasthaanako eutaa lokapriya hila stesana ho.,maaunta abu raajasthaanako eutaa lokapriya hila stesana ho.
"Hindi is the official language of the state, while English is the additional official language.","हिन्दी राज्यको आधिकारिक भाषा हो, जबकि अङ्ग्रेजी अतिरिक्त आधिकारिक भाषा हो।","हिन्दी राज्यको आधिकारिक भाषा हो, जबकि अङ्ग्रेजी अतिरिक्त आधिकारिक भाषा हो।","hindii raajyako aadhikaarika bhaashaa ho, jabaki anggrejii atirikta aadhikaarika bhaashaa ho.","hindii raajyako aadhikaarika bhaashaa ho, jabaki anggrejii atirikta aadhikaarika bhaashaa ho."
"The Indian Army has control over a large part of the state, as Sikkim forms part of a sensitive border area with China.",सिक्किम चिनसँगको संवेदनशील सीमा क्षेत्रको हिस्सा भएकाले राज्यको ठुलो भागमा भारतीय सेनाको नियन्त्रण छ।,सिक्किम चिनसँगको संवेदनशील सीमा क्षेत्रको हिस्सा भएकाले राज्यको ठुलो भागमा भारतीय सेनाको नियन्त्रण छ।,sikkima chinasngako snwedanashiila siimaa kshetrako hissaa bhaekaale raajyako thulo bhaagamaa bhaaratiiya senaako niyantrana chha.,sikkima chinasngako snwedanashiila siimaa kshetrako hissaa bhaekaale raajyako thulo bhaagamaa bhaaratiiya senaako niyantrana chha.
"The sex ratio is 889 females per 1,000 males, with a total of 321,661 males and 286,027 females recorded in 2011.","लिङ्ग अनुपात प्रति 1,000 पुरुषमा 889 महिला छन्, जसमा सन् 2011 मा कुल 321,661 पुरुष र 286,027 महिला दर्ता गरिएको थियो।","लिङ्ग अनुपात प्रति 1,000 पुरुषमा 889 महिला छन्, जसमा सन् 2011 मा कुल 321,661 पुरुष र 286,027 महिला दर्ता गरिएको थियो।","lingga anupaata prati 1,000 purushamaa 889 mahilaa chhan, jasamaa san 2011 maa kula 321,661 purusha ra 286,027 mahilaa dartaa garieko thiyo.","lingga anupaata prati 1,000 purushamaa 889 mahilaa chhan, jasamaa san 2011 maa kula 321,661 purusha ra 286,027 mahilaa dartaa garieko thiyo."
"Losar, Saga Dawa, Lhabab Duechen, Drupka Teshi, and Bhumchu are among the Buddhist festivals celebrated in Sikkim.","लोसर, सागा दावा, लबाब दुचेन, द्रुप्का तेसी र भुमचु सिक्किममा मनाइने बौद्ध चाडहरू मध्ये हुन्।","लोसर, सागा दावा, लबाब दुचेन, द्रुप्का तेसी र भुमचु सिक्किममा मनाइने बौद्ध चाडहरू मध्ये हुन्।","losara, saagaa daawaa, labaaba duchena, drupkaa tesii ra bhumachu sikkimamaa manaaine bauddha chaadaharuu madhye hun.","losara, saagaa daawaa, labaaba duchena, drupkaa tesii ra bhumachu sikkimamaa manaaine bauddha chaadaharuu madhye hun."
Christmas has been promoted in Gangtok to attract tourists during the off-season.,अफ सिजनमा पर्यटकहरूलाई आकर्षित गर्न गान्तोकमा क्रिसमसको प्रचार गरिएको छ।,अफ सिजनमा पर्यटकहरूलाई आकर्षित गर्न गान्तोकमा क्रिसमसको प्रचार गरिएको छ।,apha sijanamaa paryatakaharuulaaii aakarshita garna gaantokamaa krisamasako prachaara garieko chha.,apha sijanamaa paryatakaharuulaaii aakarshita garna gaantokamaa krisamasako prachaara garieko chha.
"The oldest Sangam work we have knowledge of is the Tolkappiyam, a book of Tamil grammar.",हामीसँग ज्ञान भएको सबैभन्दा पुरानो सङ्गम कृति तमिल व्याकरणको पुस्तक तोल्काप्पियम हो।,हामीसँग ज्ञान भएको सबैभन्दा पुरानो सङ्गम कृति तमिल व्याकरणको पुस्तक तोल्काप्पियम हो।,haamiisnga jnyaana bhaeko sabaibhandaa puraano sanggama kriti tamila wyaakaranako pustaka tolkaappiyama ho.,haamiisnga jnyaana bhaeko sabaibhandaa puraano sanggama kriti tamila wyaakaranako pustaka tolkaappiyama ho.
"According to Upinder Singh, Bindusara died around 273 BCE.",उपिन्दर सिंहका अनुसार बिन्दुसारको मृत्यु लगभग 273 इसा पूर्वमा भएको थियो।,उपिन्दर सिंहका अनुसार बिन्दुसारको मृत्यु लगभग 273 इसा पूर्वमा भएको थियो।,upindara sinhakaa anusaara bindusaarako mrityu lagabhaga 273 isaa puurwamaa bhaeko thiyo.,upindara sinhakaa anusaara bindusaarako mrityu lagabhaga 273 isaa puurwamaa bhaeko thiyo.
"Shore Temple built by the Pallavas at Mamallapuram during the 8th century, is now a UNESCO World Heritage Site",8 औँ शताब्दीमा मामल्लपुरममा पल्लवहरूले निर्माण गरेको शोर मन्दिर अहिले युनेस्कोको विश्व सम्पदा स्थल बनेको छ।,8 औँ शताब्दीमा मामल्लपुरममा पल्लवहरूले निर्माण गरेको शोर मन्दिर अहिले युनेस्कोको विश्व सम्पदा स्थल बनेको छ।,8 aun shataabdiimaa maamallapuramamaa pallawaharuule nirmaana gareko shora mandira ahile yuneskoko wishwa sampadaa sthala baneko chha.,8 aun shataabdiimaa maamallapuramamaa pallawaharuule nirmaana gareko shora mandira ahile yuneskoko wishwa sampadaa sthala baneko chha.
The Islamic historians Sirhindi and Bihamadkhani provide a detailed account of this period.,इस्लामिक इतिहासकार सरहिन्दी र बिहामदखानीले यस अवधिको विस्तृत विवरण प्रदान गर्छन्।,इस्लामिक इतिहासकार सरहिन्दी र बिहामदखानीले यस अवधिको विस्तृत विवरण प्रदान गर्छन्।,islaamika itihaasakaara sarahindii ra bihaamadakhaaniile yasa awadhiko wistrita wiwarana pradaana garchhan.,islaamika itihaasakaara sarahindii ra bihaamadakhaaniile yasa awadhiko wistrita wiwarana pradaana garchhan.
"In 2008, Tamil Nadu was India's fifth biggest producer of rice.","सन् 2008 मा, तमिलनाडु भारतको पाँचौँ ठुलो चामल उत्पादक थियो।","सन् 2008 मा, तमिलनाडु भारतको पाँचौँ ठुलो चामल उत्पादक थियो।","san 2008 maa, tamilanaadu bhaaratako paanchaun thulo chaamala utpaadaka thiyo.","san 2008 maa, tamilanaadu bhaaratako paanchaun thulo chaamala utpaadaka thiyo."
"The state has 17,000 hectares of land under oil palm cultivation, the second highest in India.","यस राज्यमा 17,000 हेक्टर जमिनमा तेल पाम खेती गरिन्छ, जुन भारतमा दोस्रो सबैभन्दा बढी हो।","यस राज्यमा 17,000 हेक्टर जमिनमा तेल पाम खेती गरिन्छ, जुन भारतमा दोस्रो सबैभन्दा बढी हो।","yasa raajyamaa 17,000 hektara jaminamaa tela paama khetii garinchha, juna bhaaratamaa dosro sabaibhandaa badhii ho.","yasa raajyamaa 17,000 hektara jaminamaa tela paama khetii garinchha, juna bhaaratamaa dosro sabaibhandaa badhii ho."
Tamil Nadu has a well-developed rail network as part of Southern Railway.,तमिलनाडुको दक्षिणी रेलवेको भागको रूपमा राम्रोसँग विकसित रेल सञ्जाल छ।,तमिलनाडुको दक्षिणी रेलवेको भागको रूपमा राम्रोसँग विकसित रेल सञ्जाल छ।,tamilanaaduko dakshinii relaweko bhaagako ruupamaa raamrosnga wikasita rela sanyjaala chha.,tamilanaaduko dakshinii relaweko bhaagako ruupamaa raamrosnga wikasita rela sanyjaala chha.
The government of Tamil Nadu created a Special Purpose Vehicle for implementing the Chennai Metro Rail Project.,तमिलनाडु सरकारले चेन्नई मेट्रो रेल परियोजना कार्यान्वयनका लागि विशेष उद्देश्य वाहन सिर्जना गरेको छ।,तमिलनाडु सरकारले चेन्नई मेट्रो रेल परियोजना कार्यान्वयनका लागि विशेष उद्देश्य वाहन सिर्जना गरेको छ।,tamilanaadu sarakaarale chennaii metro rela pariyojanaa kaaryaanwayanakaa laagi wishesha uddeshya waahana sirjanaa gareko chha.,tamilanaadu sarakaarale chennaii metro rela pariyojanaa kaaryaanwayanakaa laagi wishesha uddeshya waahana sirjanaa gareko chha.
"This SPV named ""Chennai Metro Rail Limited"" was incorporated on 3 December 2007 under the Companies Act.","""चेन्नई मेट्रो रेल लिमिटेड"" नामक यो एसपिभी 3 डिसेम्बर 2007 मा कम्पनी ऐनअन्तर्गत समावेश गरिएको थियो।","""चेन्नई मेट्रो रेल लिमिटेड"" नामक यो एसपिभी 3 डिसेम्बर 2007 मा कम्पनी ऐनअन्तर्गत समावेश गरिएको थियो।","""chennaii metro rela limiteda"" naamaka yo esapibhii 3 disembara 2007 maa kampanii ainaantargata samaawesha garieko thiyo.","""chennaii metro rela limiteda"" naamaka yo esapibhii 3 disembara 2007 maa kampanii ainaantargata samaawesha garieko thiyo."
It is one of the oldest Indian literature amongst all others.,यो अन्य सबै साहित्यहरूमध्ये सबैभन्दा पुरानो भारतीय साहित्य हो।,यो अन्य सबै साहित्यहरूमध्ये सबैभन्दा पुरानो भारतीय साहित्य हो।,yo anya sabai saahityaharuumadhye sabaibhandaa puraano bhaaratiiya saahitya ho.,yo anya sabai saahityaharuumadhye sabaibhandaa puraano bhaaratiiya saahitya ho.
"Of these, the last two are mostly applied in poetry.",यी मध्ये अन्तिम दुई प्रायः कवितामा प्रयोग गरिन्छ।,यी मध्ये अन्तिम दुई प्रायः कवितामा प्रयोग गरिन्छ।,yii madhye antima duii praayh kawitaamaa prayoga garinchha.,yii madhye antima duii praayh kawitaamaa prayoga garinchha.
Pongal also called Tamizhar Thirunaal or Makara Sankranti elsewhere in India is a four-day harvest festival and is one of the most widely celebrated festivals throughout Tamil Nadu.,पोङ्गललाई तमिलहर तिरुनाल वा मकर सङ्क्रान्ति पनि भनिन्छ जुन भारतको अन्य ठाउँमा चार दिनको फसलको चाड हो र यो तमिलनाडुभरि सबैभन्दा व्यापक रूपमा मनाइने चाडहरू मध्ये एक हो।,पोङ्गललाई तमिलहर तिरुनाल वा मकर सङ्क्रान्ति पनि भनिन्छ जुन भारतको अन्य ठाउँमा चार दिनको फसलको चाड हो र यो तमिलनाडुभरि सबैभन्दा व्यापक रूपमा मनाइने चाडहरू मध्ये एक हो।,ponggalalaaii tamilahara tirunaala waa makara sangkraanti pani bhaninchha juna bhaaratako anya thaaunmaa chaara dinako phasalako chaada ho ra yo tamilanaadubhari sabaibhandaa wyaapaka ruupamaa manaaine chaadaharuu madhye eka ho.,ponggalalaaii tamilahara tirunaala waa makara sangkraanti pani bhaninchha juna bhaaratako anya thaaunmaa chaara dinako phasalako chaada ho ra yo tamilanaadubhari sabaibhandaa wyaapaka ruupamaa manaaine chaadaharuu madhye eka ho.
"Other major Hindu festivals, including Deepavali, Ayudha Poojai, Saraswathi Poojai, Ayya Vaikunda Avataram, Krishna Jayanthi, and Vinayaka Chathurthi, are also celebrated.","दीपावली, आयुध पूजा, सरस्वती पूजा, अय्या वैकुण्ड अवतारम, कृष्ण जयन्ती र विनायक चतुर्थी लगायत अन्य प्रमुख हिन्दू चाडपर्वहरू पनि मनाइन्छ।","दीपावली, आयुध पूजा, सरस्वती पूजा, अय्या वैकुण्ड अवतारम, कृष्ण जयन्ती र विनायक चतुर्थी लगायत अन्य प्रमुख हिन्दू चाडपर्वहरू पनि मनाइन्छ।","diipaawalii, aayudha puujaa, saraswatii puujaa, ayyaa waikunda awataarama, krishna jayantii ra winaayaka chaturthii lagaayata anya pramukha hinduu chaadaparwaharuu pani manaainchha.","diipaawalii, aayudha puujaa, saraswatii puujaa, ayyaa waikunda awataarama, krishna jayantii ra winaayaka chaturthii lagaayata anya pramukha hinduu chaadaparwaharuu pani manaainchha."
"On the third day, Maattu Pongal is meant to offer thanks to the cattle, as they provide milk and are used to plough the lands.","तेस्रो दिन, माट्टु पोङ्गल गाईवस्तुहरूलाई धन्यवाद दिन हो, किनकि तिनीहरूले दुध दिन्छन् र जमिन जोताइ गर्न प्रयोग गरिन्छ।","तेस्रो दिन, माट्टु पोङ्गल गाईवस्तुहरूलाई धन्यवाद दिन हो, किनकि तिनीहरूले दुध दिन्छन् र जमिन जोताइ गर्न प्रयोग गरिन्छ।","tesro dina, maattu ponggala gaaiiwastuharuulaaii dhanyawaada dina ho, kinaki tiniiharuule dudha dinchhan ra jamina jotaai garna prayoga garinchha.","tesro dina, maattu ponggala gaaiiwastuharuulaaii dhanyawaada dina ho, kinaki tiniiharuule dudha dinchhan ra jamina jotaai garna prayoga garinchha."
People from all the corners of the country come to Kumbakonam for the festival.,यस पर्वका लागि देशका सबै कुनाबाट मानिसहरू कुम्भकोनममा आउँछन्।,यस पर्वका लागि देशका सबै कुनाबाट मानिसहरू कुम्भकोनममा आउँछन्।,yasa parwakaa laagi deshakaa sabai kunaabaata maanisaharuu kumbhakonamamaa aaunchhan.,yasa parwakaa laagi deshakaa sabai kunaabaata maanisaharuu kumbhakonamamaa aaunchhan.
This festival is also called Kumbamela of South.,यस पर्वलाई दक्षिणको कुम्भमेला पनि भनिन्छ।,यस पर्वलाई दक्षिणको कुम्भमेला पनि भनिन्छ।,yasa parwalaaii dakshinako kumbhamelaa pani bhaninchha.,yasa parwalaaii dakshinako kumbhamelaa pani bhaninchha.
"Idlis, dosas, and sambar are quite common throughout the state.","इडली, डोसा र साम्बर राज्यभरि सामान्य छन्।","इडली, डोसा र साम्बर राज्यभरि सामान्य छन्।","idalii, dosaa ra saambara raajyabhari saamaanya chhan.","idalii, dosaa ra saambara raajyabhari saamaanya chhan."
"Eid ul-Fitr, Bakrid, Milad un Nabi, Muharram are celebrated by Muslims whereas Christmas, Good Friday, Easter are celebrated by Christians in the state.","ईद उल-फितर, बकरीद, मिलाद उन नबी, मुहर्रम मुस्लिमहरूले मनाउँछन् भने क्रिसमस, गुड फ्राइडे, इस्टर राज्यमा इसाईहरूले मनाउँछन्।","ईद उल-फितर, बकरीद, मिलाद उन नबी, मुहर्रम मुस्लिमहरूले मनाउँछन् भने क्रिसमस, गुड फ्राइडे, इस्टर राज्यमा इसाईहरूले मनाउँछन्।","iida ula-phitara, bakariida, milaada una nabii, muharrama muslimaharuule manaaunchhan bhane krisamasa, guda phraaide, istara raajyamaa isaaiiharuule manaaunchhan.","iida ula-phitara, bakariida, milaada una nabii, muharrama muslimaharuule manaaunchhan bhane krisamasa, guda phraaide, istara raajyamaa isaaiiharuule manaaunchhan."
Mahamagam a bathing festival at Kumbakonam in Tamil Nadu is celebrated once in 12 years.,तमिलनाडुको कुम्भकोनममा 12 वर्षमा एक पटक मनाइने स्नान महोत्सव महामागम हो।,तमिलनाडुको कुम्भकोनममा 12 वर्षमा एक पटक मनाइने स्नान महोत्सव महामागम हो।,tamilanaaduko kumbhakonamamaa 12 warshamaa eka pataka manaaine snaana mahotsawa mahaamaagama ho.,tamilanaaduko kumbhakonamamaa 12 warshamaa eka pataka manaaine snaana mahotsawa mahaamaagama ho.
"Aadi Perukku is celebrated on the 18th day of the Tamil month Aadi, which celebrates the rising of the water level in the river Kaveri.",कावेरी नदीमा पानीको स्तर बढेको उत्सव मनाउने तमिल महिना आदिको 18 औँ दिन आदि पेरुक्कु मनाइन्छ।,कावेरी नदीमा पानीको स्तर बढेको उत्सव मनाउने तमिल महिना आदिको 18 औँ दिन आदि पेरुक्कु मनाइन्छ।,kaawerii nadiimaa paaniiko stara badheko utsawa manaaune tamila mahinaa aadiko 18 aun dina aadi perukku manaainchha.,kaawerii nadiimaa paaniiko stara badheko utsawa manaaune tamila mahinaa aadiko 18 aun dina aadi perukku manaainchha.
"Most of these festivals are related to the goddess Maariyamman, the mother goddess of the rain.",यी चाडपर्वहरू मध्ये अधिकांश वर्षाको देवी मारियम्मनसँग सम्बन्धित छन्।,यी चाडपर्वहरू मध्ये अधिकांश वर्षाको देवी मारियम्मनसँग सम्बन्धित छन्।,yii chaadaparwaharuu madhye adhikaansha warshaako dewii maariyammanasnga sambandhita chhan.,yii chaadaparwaharuu madhye adhikaansha warshaako dewii maariyammanasnga sambandhita chhan.
Alanganallur is famous for its Jallikattu contest usually held on the third day of Pongal.,अलङ्गानल्लुर पोङ्गलको तेस्रो दिन आयोजित जल्लिकट्टु प्रतियोगिताका लागि प्रसिद्ध छ।,अलङ्गानल्लुर पोङ्गलको तेस्रो दिन आयोजित जल्लिकट्टु प्रतियोगिताका लागि प्रसिद्ध छ।,alanggaanallura ponggalako tesro dina aayojita jallikattu pratiyogitaakaa laagi prasiddha chha.,alanggaanallura ponggalako tesro dina aayojita jallikattu pratiyogitaakaa laagi prasiddha chha.
"During this final day, Kaanum Pongal – the word kaanum, means 'to view' in Tamil.","यस अन्तिम दिनमा, कानुम पोङ्गल-कानुम शब्दको अर्थ तमिलमा'हेर्नु'हो।","यस अन्तिम दिनमा, कानुम पोङ्गल-कानुम शब्दको अर्थ तमिलमा'हेर्नु'हो।","yasa antima dinamaa, kaanuma ponggala-kaanuma shabdako artha tamilamaa'hernu'ho.","yasa antima dinamaa, kaanuma ponggala-kaanuma shabdako artha tamilamaa'hernu'ho."
The first month in the Tamil calendar is Chittirai and the first day of this month in mid-April is celebrated as Tamil New Year.,तमिल क्यालेन्डरमा पहिलो महिना चित्तिराई हो र अप्रिलको मध्यमा यस महिनाको पहिलो दिन तमिल नयाँ वर्षको रूपमा मनाइन्छ।,तमिल क्यालेन्डरमा पहिलो महिना चित्तिराई हो र अप्रिलको मध्यमा यस महिनाको पहिलो दिन तमिल नयाँ वर्षको रूपमा मनाइन्छ।,tamila kyaalendaramaa pahilo mahinaa chittiraaii ho ra aprilako madhyamaa yasa mahinaako pahilo dina tamila nayaan warshako ruupamaa manaainchha.,tamila kyaalendaramaa pahilo mahinaa chittiraaii ho ra aprilako madhyamaa yasa mahinaako pahilo dina tamila nayaan warshako ruupamaa manaainchha.
"Jallikattu, a bull-taming contest, marks the main event of this day.","जल्लीकट्टु, साँढुलाई नियन्त्रण गर्ने प्रतियोगिता, यस दिनको मुख्य कार्यक्रम हो।","जल्लीकट्टु, साँढुलाई नियन्त्रण गर्ने प्रतियोगिता, यस दिनको मुख्य कार्यक्रम हो।","jalliikattu, saandhulaaii niyantrana garne pratiyogitaa, yasa dinako mukhya kaaryakrama ho.","jalliikattu, saandhulaaii niyantrana garne pratiyogitaa, yasa dinako mukhya kaaryakrama ho."
"Single screen theatres may charge a maximum of ₹50, while theatres with more than three screens may charge a maximum of ₹120 per ticket.","एकल स्क्रिन थिएटरहरूले अधिकतम ₹50 लिन सक्छन्, जबकि तीन भन्दा बढी स्क्रिन भएका थिएटरहरूले प्रति टिकट अधिकतम ₹120 लिन सक्छन्।","एकल स्क्रिन थिएटरहरूले अधिकतम ₹50 लिन सक्छन्, जबकि तीन भन्दा बढी स्क्रिन भएका थिएटरहरूले प्रति टिकट अधिकतम ₹120 लिन सक्छन्।","ekala skrina thietaraharuule adhikatama ₹50 lina sakchhan, jabaki tiina bhandaa badhii skrina bhaekaa thietaraharuule prati tikata adhikatama ₹120 lina sakchhan.","ekala skrina thietaraharuule adhikatama ₹50 lina sakchhan, jabaki tiina bhandaa badhii skrina bhaekaa thietaraharuule prati tikata adhikatama ₹120 lina sakchhan."
"Mom, let's go for a movie tomorrow.","आमा, भोलि चलचित्र हेर्न जाऊ।","आमा, भोलि चलचित्र हेर्न जाऊ।","aamaa, bholi chalachitra herna jaauu.","aamaa, bholi chalachitra herna jaauu."
I don't have to go to school.,मैले स्कुल जानुपर्ने छैन।,मैले स्कुल जानुपर्ने छैन।,maile skula jaanuparne chhaina.,maile skula jaanuparne chhaina.
It is a holiday.,यो छुट्टी हो।,यो छुट्टी हो।,yo chhuttii ho.,yo chhuttii ho.
"Oh, tomorrow is the 14th of April right?","ओह, भोलिको अप्रिल 14 हो, हैन?","ओह, भोलिको अप्रिल 14 हो, हैन?","oha, bholiko aprila 14 ho, haina?","oha, bholiko aprila 14 ho, haina?"
Your dad will also have the day off from work.,तपाईँका बाबुलाई पनि कामबाट छुट्टी दिनेछ।,तिमीका बाबुलाई पनि कामबाट छुट्टी दिनेछ।,tapaaiinkaa baabulaaii pani kaamabaata chhuttii dinechha.,timiikaa baabulaaii pani kaamabaata chhuttii dinechha.
We can make a movie plan!,हामी चलचित्रको योजना बनाउन सक्छौँ!,हामी चलचित्रको योजना बनाउन सक्छौँ!,haamii chalachitrako yojanaa banaauna sakchhaun!,haamii chalachitrako yojanaa banaauna sakchhaun!
That's a good news!,यो राम्रो खबर हो!,यो राम्रो खबर हो!,yo raamro khabara ho!,yo raamro khabara ho!
Why is it a holiday though?,तर यो किन छुट्टी हो?,तर यो किन छुट्टी हो?,tara yo kina chhuttii ho?,tara yo kina chhuttii ho?
"Are all schools, colleges and offices closed tomorrow?","के सबै विद्यालय, कलेज र कार्यालयहरू भोलि बन्द छन्?","के सबै विद्यालय, कलेज र कार्यालयहरू भोलि बन्द छन्?","ke sabai widyaalaya, kaleja ra kaaryaalayaharuu bholi banda chhan?","ke sabai widyaalaya, kaleja ra kaaryaalayaharuu bholi banda chhan?"
It is Ambedkar Jayanti tomorrow!,भोलि अम्बेडकर जयन्ती हो!,भोलि अम्बेडकर जयन्ती हो!,bholi ambedakara jayantii ho!,bholi ambedakara jayantii ho!
This day is celebrated annually to mark the birth of Dr. B. R Ambedkar.,डा. बी. आर. अम्बेडकरको जन्म दिवसको अवसरमा प्रत्येक वर्ष यो दिवस मनाइन्छ।,डा. बी. आर. अम्बेडकरको जन्म दिवसको अवसरमा प्रत्येक वर्ष यो दिवस मनाइन्छ।,daa. bii. aara. ambedakarako janma diwasako awasaramaa pratyeka warsha yo diwasa manaainchha.,daa. bii. aara. ambedakarako janma diwasako awasaramaa pratyeka warsha yo diwasa manaainchha.
Have you heard of him?,के तपाईँले उनको बारेमा सुन्नुभएको छ?,के तिमीले उनको बारेमा सुन्नुभएको छ?,ke tapaaiinle unako baaremaa sunnubhaeko chha?,ke timiile unako baaremaa sunnubhaeko chha?
I think I have seen him in my History and Civics book.,मलाई लाग्छ मैले उनलाई मेरो इतिहास र नागरिकशास्त्रको पुस्तकमा देखेको छु।,मलाई लाग्छ मैले उनलाई मेरो इतिहास र नागरिकशास्त्रको पुस्तकमा देखेको छु।,malaaii laagchha maile unalaaii mero itihaasa ra naagarikashaastrako pustakamaa dekheko chhu.,malaaii laagchha maile unalaaii mero itihaasa ra naagarikashaastrako pustakamaa dekheko chhu.
Is he related to our Constitution?,के उनी हाम्रो संविधानसँग सम्बन्धित छन्?,के उनी हाम्रो संविधानसँग सम्बन्धित छन्?,ke unii haamro snwidhaanasnga sambandhita chhan?,ke unii haamro snwidhaanasnga sambandhita chhan?
Absolutely! He is known as the father of the Indian Constitution.,निश्चय नै! उनलाई भारतीय संविधानको पिता भनिन्छ।,निश्चय नै! उनलाई भारतीय संविधानको पिता भनिन्छ।,nishchaya nai! unalaaii bhaaratiiya snwidhaanako pitaa bhaninchha.,nishchaya nai! unalaaii bhaaratiiya snwidhaanako pitaa bhaninchha.
He was a civil rights activist who played a major role in formulating the Constitution.,उनी एकजना नागरिक अधिकार कार्यकर्ता थिए जसले संविधान निर्माणमा प्रमुख भूमिका खेलेका थिए।,उनी एकजना नागरिक अधिकार कार्यकर्ता थिए जसले संविधान निर्माणमा प्रमुख भूमिका खेलेका थिए।,unii ekajanaa naagarika adhikaara kaaryakartaa thie jasale snwidhaana nirmaanamaa pramukha bhuumikaa khelekaa thie.,unii ekajanaa naagarika adhikaara kaaryakartaa thie jasale snwidhaana nirmaanamaa pramukha bhuumikaa khelekaa thie.
He played a crucial part in shaping the vibrant democratic structure that India prides itself upon.,भारतले आफूलाई गर्व गर्ने जीवन्त लोकतान्त्रिक संरचनालाई आकार दिन उनले महत्त्वपूर्ण भूमिका खेले।,भारतले आफूलाई गर्व गर्ने जीवन्त लोकतान्त्रिक संरचनालाई आकार दिन उनले महत्त्वपूर्ण भूमिका खेले।,bhaaratale aaphuulaaii garwa garne jiiwanta lokataantrika snrachanaalaaii aakaara dina unale mahattwapuurna bhuumikaa khele.,bhaaratale aaphuulaaii garwa garne jiiwanta lokataantrika snrachanaalaaii aakaara dina unale mahattwapuurna bhuumikaa khele.
I remember now!,मलाई अहिले याद छ!,मलाई अहिले याद छ!,malaaii ahile yaada chha!,malaaii ahile yaada chha!
We were discussing about him in our Civics class the other day.,हामीले अघिल्लो दिन हाम्रो नागरिक कक्षामा उनको बारेमा छलफल गरिरहेका थियौँ।,हामीले अघिल्लो दिन हाम्रो नागरिक कक्षामा उनको बारेमा छलफल गरिरहेका थियौँ।,haamiile aghillo dina haamro naagarika kakshaamaa unako baaremaa chhalaphala garirahekaa thiyaun.,haamiile aghillo dina haamro naagarika kakshaamaa unako baaremaa chhalaphala garirahekaa thiyaun.
Ma'am said that she will tell us more about him when we do the chapter on the Indian Constitution,म्याडमले भनिन् कि जब हामी भारतीय संविधानको अध्याय गर्नेछौँ उनले उनको बारेमा थप बताउनेछिन्।,म्याडमले भनिन् कि जब हामी भारतीय संविधानको अध्याय गर्नेछौँ उनले उनको बारेमा थप बताउनेछिन्।,myaadamale bhanin ki jaba haamii bhaaratiiya snwidhaanako adhyaaya garnechhaun unale unako baaremaa thapa bataaunechhin.,myaadamale bhanin ki jaba haamii bhaaratiiya snwidhaanako adhyaaya garnechhaun unale unako baaremaa thapa bataaunechhin.
"He fought to remove the class distinction that prevailed in the society, right?","उनले समाजमा व्याप्त वर्ग भेद हटाउन सङ्घर्ष गरे, हैन?","उनले समाजमा व्याप्त वर्ग भेद हटाउन सङ्घर्ष गरे, हैन?","unale samaajamaa wyaapta warga bheda hataauna sanggharsha gare, haina?","unale samaajamaa wyaapta warga bheda hataauna sanggharsha gare, haina?"
"Yes. Being a Dalit himself, he realised how hard is it to deal with the evil of untouchability.",हो। दलित भएकाले छुवाछुतको दुष्टतालाई सामना गर्न कति गाह्रो छ भन्ने उनले महसुस गरे।,हो। दलित भएकाले छुवाछुतको दुष्टतालाई सामना गर्न कति गाह्रो छ भन्ने उनले महसुस गरे।,ho. dalita bhaekaale chhuwaachhutako dushtataalaaii saamanaa garna kati gaahro chha bhanne unale mahasusa gare.,ho. dalita bhaekaale chhuwaachhutako dushtataalaaii saamanaa garna kati gaahro chha bhanne unale mahasusa gare.
"Thus, he fought for the rights of the lower class.",यसरी उनले तल्लो वर्गको अधिकारका लागि सङ्घर्ष गरे।,यसरी उनले तल्लो वर्गको अधिकारका लागि सङ्घर्ष गरे।,yasarii unale tallo wargako adhikaarakaa laagi sanggharsha gare.,yasarii unale tallo wargako adhikaarakaa laagi sanggharsha gare.
He extensively campaigned against the discrimination and came out victorious.,उनले भेदभावको विरुद्धमा व्यापक अभियान चलाए र विजयी भए।,उनले भेदभावको विरुद्धमा व्यापक अभियान चलाए र विजयी भए।,unale bhedabhaawako wiruddhamaa wyaapaka abhiyaana chalaae ra wijayii bhae.,unale bhedabhaawako wiruddhamaa wyaapaka abhiyaana chalaae ra wijayii bhae.
"Wow, what a strong personality!","वाह, कस्तो बलियो व्यक्तित्व!","वाह, कस्तो बलियो व्यक्तित्व!","waaha, kasto baliyo wyaktitwa!","waaha, kasto baliyo wyaktitwa!"
That is why the day is also commemorated as Equality Day all across the subcontinent.,त्यसैले यो दिनलाई उपमहाद्वीपभरि समानता दिवसको रूपमा पनि मनाइन्छ।,त्यसैले यो दिनलाई उपमहाद्वीपभरि समानता दिवसको रूपमा पनि मनाइन्छ।,tyasaile yo dinalaaii upamahaadwiipabhari samaanataa diwasako ruupamaa pani manaainchha.,tyasaile yo dinalaaii upamahaadwiipabhari samaanataa diwasako ruupamaa pani manaainchha.
I am sure you are going to love reading about this man when you study the chapter in school.,म पक्का छु कि जब तपाईँ स्कुलमा यो अध्याय पढ्नुहुन्छ तब तपाईँले यस व्यक्तिको बारेमा पढ्न मन पराउनुहुनेछ।,म पक्का छु कि जब तिमी स्कुलमा यो अध्याय पढ्नुहुन्छ तब तिमीले यस व्यक्तिको बारेमा पढ्न मन पराउनुहुनेछ।,ma pakkaa chhu ki jaba tapaaiin skulamaa yo adhyaaya padhnuhunchha taba tapaaiinle yasa wyaktiko baaremaa padhna mana paraaunuhunechha.,ma pakkaa chhu ki jaba timii skulamaa yo adhyaaya padhnuhunchha taba timiile yasa wyaktiko baaremaa padhna mana paraaunuhunechha.
"Yes mom, I can't wait for it.","हो आमा, म यसको लागि प्रतीक्षा गर्न सक्दिनँ।","हो आमा, म यसको लागि प्रतीक्षा गर्न सक्दिनँ।","ho aamaa, ma yasako laagi pratiikshaa garna sakdinn.","ho aamaa, ma yasako laagi pratiikshaa garna sakdinn."
I am really intrigued.,म साँच्चै नै उत्सुक छु।,म साँच्चै नै उत्सुक छु।,ma saanchchai nai utsuka chhu.,ma saanchchai nai utsuka chhu.
"Okay, now tell me what movie do you want to go for?","ठिक छ, अब मलाई बताउनुहोस् तपाईँ कुन चलचित्र हेर्न चाहनुहुन्छ?","ठिक छ, अब मलाई बताउनुहोस् तिमी कुन चलचित्र हेर्न चाहनुहुन्छ?","thika chha, aba malaaii bataaunuhos tapaaiin kuna chalachitra herna chaahanuhunchha?","thika chha, aba malaaii bataaunuhos timii kuna chalachitra herna chaahanuhunchha?"
Do you want to watch the new Marvel movie?,के तपाईँ नयाँ मार्भल चलचित्र हेर्न चाहनुहुन्छ?,के तिमी नयाँ मार्भल चलचित्र हेर्न चाहनुहुन्छ?,ke tapaaiin nayaan maarbhala chalachitra herna chaahanuhunchha?,ke timii nayaan maarbhala chalachitra herna chaahanuhunchha?
You mean Doctor Strange and the Multiverse of Madness?,तपाईँको मतलब डाक्टर स्ट्रेन्ज एन्ड द मल्टिभर्स अफ म्याडनेस हो?,तिमीको मतलब डाक्टर स्ट्रेन्ज एन्ड द मल्टिभर्स अफ म्याडनेस हो?,tapaaiinko matalaba daaktara strenja enda da maltibharsa apha myaadanesa ho?,timiiko matalaba daaktara strenja enda da maltibharsa apha myaadanesa ho?
I am dying to watch it.,म यसलाई हेर्नका लागि मर्दैछु।,म यसलाई हेर्नका लागि मर्दैछु।,ma yasalaaii hernakaa laagi mardaichhu.,ma yasalaaii hernakaa laagi mardaichhu.
Can you book the tickets?,के तपाईँ टिकटहरू बुक गर्न सक्नुहुन्छ?,के तिमी टिकटहरू बुक गर्न सक्छौ?,ke tapaaiin tikataharuu buka garna saknuhunchha?,ke timii tikataharuu buka garna sakchhau?
Let me talk to Dad.,मलाई बाबासँग कुरा गर्न दिनुहोस्।,मलाई बाबासँग कुरा गर्न देऊ।,malaaii baabaasnga kuraa garna dinuhos.,malaaii baabaasnga kuraa garna deuu.
"One of my friends is thinking of doing the same so, I told her I'd get some information from you about it.","मेरा एक साथीले पनि यस्तै गर्ने सोचिरहेका छन्, त्यसैले मैले उनलाई भनेँ कि म तपाईँबाट यसका बारेमा केही जानकारी प्राप्त गर्नेछु।","मेरा एक साथीले पनि यस्तै गर्ने सोचिरहेका छन्, त्यसैले मैले उनलाई भनेँ कि म तिमीबाट यसका बारेमा केही जानकारी प्राप्त गर्नेछु।","meraa eka saathiile pani yastai garne sochirahekaa chhan, tyasaile maile unalaaii bhanen ki ma tapaaiinbaata yasakaa baaremaa kehii jaanakaarii praapta garnechhu.","meraa eka saathiile pani yastai garne sochirahekaa chhan, tyasaile maile unalaaii bhanen ki ma timiibaata yasakaa baaremaa kehii jaanakaarii praapta garnechhu."
"Yeah, I am in my second year.","हो, म दोस्रो वर्षमा छु।","हो, म दोस्रो वर्षमा छु।","ho, ma dosro warshamaa chhu.","ho, ma dosro warshamaa chhu."
"That's great, so what does she want to know?","यो राम्रो छ, त्यसैले उनी के जान्न चाहन्छिन्?","यो राम्रो छ, त्यसैले उनी के जान्न चाहन्छिन्?","yo raamro chha, tyasaile unii ke jaanna chaahanchhin?","yo raamro chha, tyasaile unii ke jaanna chaahanchhin?"
Which are the colleges that offer a diploma course in web designing?,वेब डिजाइनिङमा डिप्लोमा कोर्स प्रदान गर्ने कलेजहरू कुन कुन हुन्?,वेब डिजाइनिङमा डिप्लोमा कोर्स प्रदान गर्ने कलेजहरू कुन कुन हुन्?,weba dijaainingamaa diplomaa korsa pradaana garne kalejaharuu kuna kuna hun?,weba dijaainingamaa diplomaa korsa pradaana garne kalejaharuu kuna kuna hun?
"She is not very sure of her choice, so she just wants to try it out at this point.","उनी आफ्नो छनोटको बारेमा धेरै निश्चित छैनन्, त्यसैले उनी यस बिन्दुमा यसलाई प्रयास गर्न चाहन्छिन्।","उनी आफ्नो छनोटको बारेमा धेरै निश्चित छैनन्, त्यसैले उनी यस बिन्दुमा यसलाई प्रयास गर्न चाहन्छिन्।","unii aaphno chhanotako baaremaa dherai nishchita chhainan, tyasaile unii yasa bindumaa yasalaaii prayaasa garna chaahanchhin.","unii aaphno chhanotako baaremaa dherai nishchita chhainan, tyasaile unii yasa bindumaa yasalaaii prayaasa garna chaahanchhin."
"Ok, I get that.","ठिक छ, मैले बुझें।","ठिक छ, मैले बुझें।","thika chha, maile bujhen.","thika chha, maile bujhen."
"It is available at a lot of colleges like the School of Fashion Technology, Pune; Stella Maris College, Chennai and Loyola College, Chennai among numerous others.","यो स्कूल अफ फेसन टेक्नोलोजी, पुणे जस्ता धेरै कलेजहरूमा उपलब्ध छ; स्टेला मारिस कलेज, चेन्नई र लोयोला कलेज, चेन्नई अन्य धेरै अन्य मध्ये।","यो स्कूल अफ फेसन टेक्नोलोजी, पुणे जस्ता धेरै कलेजहरूमा उपलब्ध छ; स्टेला मारिस कलेज, चेन्नई र लोयोला कलेज, चेन्नई अन्य धेरै अन्य मध्ये।","yo skuula apha phesana teknolojii, pune jastaa dherai kalejaharuumaa upalabdha chha; stelaa maarisa kaleja, chennaii ra loyolaa kaleja, chennaii anya dherai anya madhye.","yo skuula apha phesana teknolojii, pune jastaa dherai kalejaharuumaa upalabdha chha; stelaa maarisa kaleja, chennaii ra loyolaa kaleja, chennaii anya dherai anya madhye."
"You went to Loyola College, right?","तपाईँ लोयोला कलेज जानुभयो, होइन?","तिमी लोयोला कलेज जानुभयो, होइन?","tapaaiin loyolaa kaleja jaanubhayo, hoina?","timii loyolaa kaleja jaanubhayo, hoina?"
"Yeah, I studied there.","हो, मैले त्यहाँ पढेँ।","हो, मैले त्यहाँ पढेँ।","ho, maile tyahaan padhen.","ho, maile tyahaan padhen."
These colleges that you mentioned are pretty well known.,तपाईँले उल्लेख गर्नुभएको यी कलेजहरू धेरै परिचित छन्।,तिमीले उल्लेख गर्नुभएको यी कलेजहरू धेरै परिचित छन्।,tapaaiinle ullekha garnubhaeko yii kalejaharuu dherai parichita chhan.,timiile ullekha garnubhaeko yii kalejaharuu dherai parichita chhan.
What is the entrance process?,प्रवेश प्रक्रिया के हो?,प्रवेश प्रक्रिया के हो?,prawesha prakriyaa ke ho?,prawesha prakriyaa ke ho?
"Yeah, some colleges conduct their own entrance exams.","हो, केही कलेजहरूले आफ्नै प्रवेश परीक्षा सञ्चालन गर्छन्।","हो, केही कलेजहरूले आफ्नै प्रवेश परीक्षा सञ्चालन गर्छन्।","ho, kehii kalejaharuule aaphnai prawesha pariikshaa sanychaalana garchhan.","ho, kehii kalejaharuule aaphnai prawesha pariikshaa sanychaalana garchhan."
They look at the 10th and 12th standard grades as well.,उनीहरूले 10औँ र 12औँ कक्षालाई पनि हेर्छन्।,उनीहरूले 10औँ र 12औँ कक्षालाई पनि हेर्छन्।,uniiharuule 10aun ra 12aun kakshaalaaii pani herchhan.,uniiharuule 10aun ra 12aun kakshaalaaii pani herchhan.
"There are national tests like the NID Entrance Exam, too.",एनआइडी प्रवेश परीक्षा जस्ता राष्ट्रिय परीक्षाहरू पनि छन्।,एनआइडी प्रवेश परीक्षा जस्ता राष्ट्रिय परीक्षाहरू पनि छन्।,enaaaidii prawesha pariikshaa jastaa raashtriya pariikshaaharuu pani chhan.,enaaaidii prawesha pariikshaa jastaa raashtriya pariikshaaharuu pani chhan.
"My friend did really well for her boards, so she can ace any merit-based entrance.","मेरो साथीले उनको बोर्डका लागि साँच्चै राम्रो गरे, त्यसैले उनले कुनै पनि योग्यता-आधारित प्रवेश प्राप्त गर्न सक्छन्।","मेरो साथीले उनको बोर्डका लागि साँच्चै राम्रो गरे, त्यसैले उनले कुनै पनि योग्यता-आधारित प्रवेश प्राप्त गर्न सक्छन्।","mero saathiile unako bordakaa laagi saanchchai raamro gare, tyasaile unale kunai pani yogyataa-aadhaarita prawesha praapta garna sakchhan.","mero saathiile unako bordakaa laagi saanchchai raamro gare, tyasaile unale kunai pani yogyataa-aadhaarita prawesha praapta garna sakchhan."
She is not so confident in her creative skills.,उनी आफ्नो रचनात्मक कौशलमा त्यति विश्वस्त छैनन्।,उनी आफ्नो रचनात्मक कौशलमा त्यति विश्वस्त छैनन्।,unii aaphno rachanaatmaka kaushalamaa tyati wishwasta chhainan.,unii aaphno rachanaatmaka kaushalamaa tyati wishwasta chhainan.
How long is the diploma course in these universities?,यी विश्वविद्यालयहरूमा डिप्लोमा पाठ्यक्रम कति लामो हुन्छ?,यी विश्वविद्यालयहरूमा डिप्लोमा पाठ्यक्रम कति लामो हुन्छ?,yii wishwawidyaalayaharuumaa diplomaa paathyakrama kati laamo hunchha?,yii wishwawidyaalayaharuumaa diplomaa paathyakrama kati laamo hunchha?
It usually lasts between a year or two.,यो सामान्यतया एक वा दुई वर्षको बिचमा रहन्छ।,यो सामान्यतया एक वा दुई वर्षको बिचमा रहन्छ।,yo saamaanyatayaa eka waa duii warshako bichamaa rahanchha.,yo saamaanyatayaa eka waa duii warshako bichamaa rahanchha.
It actually depends on the college you take admission at.,यो वास्तवमा तपाईँले भर्ना गर्ने कलेजमा निर्भर गर्दछ।,यो वास्तवमा तिमीले भर्ना गर्ने कलेजमा निर्भर गर्दछ।,yo waastawamaa tapaaiinle bharnaa garne kalejamaa nirbhara gardachha.,yo waastawamaa timiile bharnaa garne kalejamaa nirbhara gardachha.
Are the career options good?,के करियर विकल्पहरू राम्रो छन्?,के करियर विकल्पहरू राम्रो छन्?,ke kariyara wikalpaharuu raamro chhan?,ke kariyara wikalpaharuu raamro chhan?
"Yeah, the job prospects in this field are promising.","हो, यस क्षेत्रमा रोजगारीको सम्भावना आशाजनक छ।","हो, यस क्षेत्रमा रोजगारीको सम्भावना आशाजनक छ।","ho, yasa kshetramaa rojagaariiko sambhaawanaa aashaajanaka chha.","ho, yasa kshetramaa rojagaariiko sambhaawanaa aashaajanaka chha."
This is especially considering the world becoming increasingly digital.,यो विशेष गरी विश्व बढ्दो डिजिटल हुँदै गएको विचार गर्दै छ।,यो विशेष गरी विश्व बढ्दो डिजिटल हुँदै गएको विचार गर्दै छ।,yo wishesha garii wishwa badhdo dijitala hundai gaeko wichaara gardai chha.,yo wishesha garii wishwa badhdo dijitala hundai gaeko wichaara gardai chha.
Hmm.. I see what you mean.,हम्म... तपाईँको मतलब के हो म बुझ्छु।,हम्म... तिमीको मतलब के हो म बुझ्छु।,hamma... tapaaiinko matalaba ke ho ma bujhchhu.,hamma... timiiko matalaba ke ho ma bujhchhu.
Do you know anyone who has taken this course before?,के तपाईँ कसैलाई चिन्नुहुन्छ जसले पहिले यो कोर्स गरेका छन्?,के तिमी कसैलाई चिन्नुहुन्छ जसले पहिले यो कोर्स गरेका छन्?,ke tapaaiin kasailaaii chinnuhunchha jasale pahile yo korsa garekaa chhan?,ke timii kasailaaii chinnuhunchha jasale pahile yo korsa garekaa chhan?
"Yeah, one of my friends did a diploma in web designing some five years back.","हो, मेरा एक साथीले करिब पाँच वर्षअघि वेब डिजाइनिङमा डिप्लोमा गरेका थिए।","हो, मेरा एक साथीले करिब पाँच वर्षअघि वेब डिजाइनिङमा डिप्लोमा गरेका थिए।","ho, meraa eka saathiile kariba paancha warshaaghi weba dijaainingamaa diplomaa garekaa thie.","ho, meraa eka saathiile kariba paancha warshaaghi weba dijaainingamaa diplomaa garekaa thie."
He is a successful web designer today.,उनी आज एक सफल वेब डिजाइनर हुन्।,उनी आज एक सफल वेब डिजाइनर हुन्।,unii aaja eka saphala weba dijaainara hun.,unii aaja eka saphala weba dijaainara hun.
"Can I have his contact information, if you don't mind?",यदि तपाईँलाई कुनै आपत्ति छैन भने के म उसको सम्पर्क जानकारी पाउन सक्छु?,यदि तिमीलाई कुनै आपत्ति छैन भने के म उसको सम्पर्क जानकारी पाउन सक्छु?,yadi tapaaiinlaaii kunai aapatti chhaina bhane ke ma usako samparka jaanakaarii paauna sakchhu?,yadi timiilaaii kunai aapatti chhaina bhane ke ma usako samparka jaanakaarii paauna sakchhu?
Its so that I can give it to my friend so she can talk to someone in detail about the course.,यो म मेरो साथीलाई दिन सक्छु ताकि उनले पाठ्यक्रमको बारेमा कसैसँग विस्तृत रूपमा कुरा गर्न सकून्।,यो म मेरो साथीलाई दिन सक्छु ताकि उनले पाठ्यक्रमको बारेमा कसैसँग विस्तृत रूपमा कुरा गर्न सकून्।,yo ma mero saathiilaaii dina sakchhu taaki unale paathyakramako baaremaa kasaisnga wistrita ruupamaa kuraa garna sakuun.,yo ma mero saathiilaaii dina sakchhu taaki unale paathyakramako baaremaa kasaisnga wistrita ruupamaa kuraa garna sakuun.
"Of course, I shall send you the contact on WhatsApp.","अवश्य पनि, म तपाईँलाई सम्पर्कलाई ह्वाट्सअ्यापमा पठाउनेछु।","अवश्य पनि, म तिमीलाई सम्पर्कलाई ह्वाट्सअ्यापमा पठाउनेछु।","awashya pani, ma tapaaiinlaaii samparkalaaii hwaatsaayaapamaa pathaaunechhu.","awashya pani, ma timiilaaii samparkalaaii hwaatsaayaapamaa pathaaunechhu."
Am I too late?,के म धेरै ढिलो हुँ?,के म धेरै ढिलो हुँ?,ke ma dherai dhilo hun?,ke ma dherai dhilo hun?
Did the parade start?,परेड सुरु भयो?,परेड सुरु भयो?,pareda suru bhayo?,pareda suru bhayo?
I don't know why I overslept.,मलाई थाहा छैन किन म धेरै सुत्न थालें।,मलाई थाहा छैन किन म धेरै सुत्न थालें।,malaaii thaahaa chhaina kina ma dherai sutna thaalen.,malaaii thaahaa chhaina kina ma dherai sutna thaalen.
"Don't worry, you are right on time.","चिन्ता नगर्नुहोस्, तपाईँ सही समयमा हुनुहुन्छ।","चिन्ता नगर, तिमी सही समयमा छौ।","chintaa nagarnuhos, tapaaiin sahii samayamaa hunuhunchha.","chintaa nagara, timii sahii samayamaa chhau."
It has just been 5 minutes.,यो केवल 5 मिनेट भएको छ।,यो केवल 5 मिनेट भएको छ।,yo kewala 5 mineta bhaeko chha.,yo kewala 5 mineta bhaeko chha.
Come and have a seat.,आउनुहोस् र बस्नुहोस्।,आऊ र बस्नुहोस्।,aaunuhos ra basnuhos.,aauu ra basnuhos.
What did I miss?,मैले के गुमाएँ?,मैले के गुमाएँ?,maile ke gumaaen?,maile ke gumaaen?
Nothing much! Just the unfurling of the national flag by the President.,केही पनि धेरै छैन! राष्ट्रपतिले राष्ट्रिय झण्डा फहराउनु मात्र।,केही पनि धेरै छैन! राष्ट्रपतिले राष्ट्रिय झण्डा फहराउनु मात्र।,kehii pani dherai chhaina! raashtrapatile raashtriya jhandaa phaharaaunu maatra.,kehii pani dherai chhaina! raashtrapatile raashtriya jhandaa phaharaaunu maatra.
And the booming 21-gun salute to the president.,र राष्ट्रपतिलाई 21-बन्दुकको सलामी दिइन्छ।,र राष्ट्रपतिलाई 21-बन्दुकको सलामी दिइन्छ।,ra raashtrapatilaaii 21-bandukako salaamii diinchha.,ra raashtrapatilaaii 21-bandukako salaamii diinchha.
"At present, the different regiments of the Army, Navy, and Air Force, along with their bands are marching from the Rashtrapati Bhawan along the Rajpath.","हाल सेना, नौसेना र वायुसेनाका विभिन्न रेजिमेन्टहरू आफ्ना ब्यान्डहरूसहित राष्ट्रपति भवनबाट राजपथको छेउमा पदयात्रा गरिरहेका छन्।","हाल सेना, नौसेना र वायुसेनाका विभिन्न रेजिमेन्टहरू आफ्ना ब्यान्डहरूसहित राष्ट्रपति भवनबाट राजपथको छेउमा पदयात्रा गरिरहेका छन्।","haala senaa, nausenaa ra waayusenaakaa wibhinna rejimentaharuu aaphnaa byaandaharuusahita raashtrapati bhawanabaata raajapathako chheumaa padayaatraa garirahekaa chhan.","haala senaa, nausenaa ra waayusenaakaa wibhinna rejimentaharuu aaphnaa byaandaharuusahita raashtrapati bhawanabaata raajapathako chheumaa padayaatraa garirahekaa chhan."
Where are they heading to?,उनीहरू कहाँ जाँदैछन्?,उनीहरू कहाँ जाँदैछन्?,uniiharuu kahaan jaandaichhan?,uniiharuu kahaan jaandaichhan?
To the India Gate and finally to the Red fort.,इन्डिया गेट र अन्तमा लाल किल्लासम्म।,इन्डिया गेट र अन्तमा लाल किल्लासम्म।,indiyaa geta ra antamaa laala killaasamma.,indiyaa geta ra antamaa laala killaasamma.
"As each of them go by, they pay homage to the President.","तिनीहरू प्रत्येक जाँदा, उनीहरूले राष्ट्रपतिलाई श्रद्धाञ्जलि अर्पण गर्छन्।","तिनीहरू प्रत्येक जाँदा, उनीहरूले राष्ट्रपतिलाई श्रद्धाञ्जलि अर्पण गर्छन्।","tiniiharuu pratyeka jaandaa, uniiharuule raashtrapatilaaii shraddhaanyjali arpana garchhan.","tiniiharuu pratyeka jaandaa, uniiharuule raashtrapatilaaii shraddhaanyjali arpana garchhan."
And look how he in turn is standing up and encouraging them as they march forward.,अनि हेर्नुहोस् कसरी ऊ उभिएर उनीहरूलाई प्रोत्साहित गर्दैछ जब तिनीहरू अगाडि बढ्छन्।,अनि हेर्नुहोस् कसरी ऊ उभिएर उनीहरूलाई प्रोत्साहित गर्दैछ जब तिनीहरू अगाडि बढ्छन्।,ani hernuhos kasarii uu ubhiera uniiharuulaaii protsaahita gardaichha jaba tiniiharuu agaadi badhchhan.,ani hernuhos kasarii uu ubhiera uniiharuulaaii protsaahita gardaichha jaba tiniiharuu agaadi badhchhan.
I wish to see all of it in person someday.,म कुनै दिन व्यक्तिगत रूपमा यी सबै हेर्न चाहन्छु।,म कुनै दिन व्यक्तिगत रूपमा यी सबै हेर्न चाहन्छु।,ma kunai dina wyaktigata ruupamaa yii sabai herna chaahanchhu.,ma kunai dina wyaktigata ruupamaa yii sabai herna chaahanchhu.
What about the representation of different states?,विभिन्न राज्यहरूको प्रतिनिधित्वको के हुन्छ?,विभिन्न राज्यहरूको प्रतिनिधित्वको के हुन्छ?,wibhinna raajyaharuuko pratinidhitwako ke hunchha?,wibhinna raajyaharuuko pratinidhitwako ke hunchha?
Will it be after the army marches past?,के यो सेनाले विगतको पदयात्रा गरेपछि हुनेछ?,के यो सेनाले विगतको पदयात्रा गरेपछि हुनेछ?,ke yo senaale wigatako padayaatraa garepachhi hunechha?,ke yo senaale wigatako padayaatraa garepachhi hunechha?
"Yes, once all the regiments march away, they will arrive.","हो, एकचोटि सबै रेजिमेन्टहरू टाढा पुगेपछि तिनीहरू आइपुग्छन्।","हो, एकचोटि सबै रेजिमेन्टहरू टाढा पुगेपछि तिनीहरू आइपुग्छन्।","ho, ekachoti sabai rejimentaharuu taadhaa pugepachhi tiniiharuu aaipugchhan.","ho, ekachoti sabai rejimentaharuu taadhaa pugepachhi tiniiharuu aaipugchhan."
Each state is represented by a tableaux.,प्रत्येक राज्यलाई एउटा झांकीद्वारा प्रतिनिधित्व गरिन्छ।,प्रत्येक राज्यलाई एउटा झांकीद्वारा प्रतिनिधित्व गरिन्छ।,pratyeka raajyalaaii eutaa jhaankiidwaaraa pratinidhitwa garinchha.,pratyeka raajyalaaii eutaa jhaankiidwaaraa pratinidhitwa garinchha.
"They showcase the history, culture, heritage, dvelopment programmes and environment of their respective states.","उनीहरूले आ-आफ्नो राज्यको इतिहास, संस्कृति, सम्पदा, विकास कार्यक्रम र वातावरण प्रदर्शन गर्छन्।","उनीहरूले आ-आफ्नो राज्यको इतिहास, संस्कृति, सम्पदा, विकास कार्यक्रम र वातावरण प्रदर्शन गर्छन्।","uniiharuule aa-aaphno raajyako itihaasa, snskriti, sampadaa, wikaasa kaaryakrama ra waataawarana pradarshana garchhan.","uniiharuule aa-aaphno raajyako itihaasa, snskriti, sampadaa, wikaasa kaaryakrama ra waataawarana pradarshana garchhan."
They carry some animations and sound along with them.,तिनीहरूसँग केही एनिमेसन र ध्वनि पनि हुन्छन्।,तिनीहरूसँग केही एनिमेसन र ध्वनि पनि हुन्छन्।,tiniiharuusnga kehii enimesana ra dhwani pani hunchhan.,tiniiharuusnga kehii enimesana ra dhwani pani hunchhan.
It is a very colorful display.,यो धेरै रङ्गीन प्रदर्शन हो।,यो धेरै रङ्गीन प्रदर्शन हो।,yo dherai ranggiina pradarshana ho.,yo dherai ranggiina pradarshana ho.
"Yeah, and my favourite part of the entire parade too.","हो, र सम्पूर्ण परेडको मेरो मनपर्ने भाग पनि।","हो, र सम्पूर्ण परेडको मेरो मनपर्ने भाग पनि।","ho, ra sampuurna paredako mero manaparne bhaaga pani.","ho, ra sampuurna paredako mero manaparne bhaaga pani."
I still remember how the tableaux of West Bengal was decorated last time.,पश्चिम बङ्गालको झांकीलाई गत पटक कसरी सजाइएको थियो भन्ने कुरा मलाई अझै पनि याद छ।,पश्चिम बङ्गालको झांकीलाई गत पटक कसरी सजाइएको थियो भन्ने कुरा मलाई अझै पनि याद छ।,pashchima banggaalako jhaankiilaaii gata pataka kasarii sajaaieko thiyo bhanne kuraa malaaii ajhai pani yaada chha.,pashchima banggaalako jhaankiilaaii gata pataka kasarii sajaaieko thiyo bhanne kuraa malaaii ajhai pani yaada chha.
"And also the dancers on it, exhibiting the folk dance form of rural bengal.",अनि यसमा नर्तकहरूले पनि ग्रामीण बङ्गालको लोक नृत्यको प्रदर्शन गर्छन्।,अनि यसमा नर्तकहरूले पनि ग्रामीण बङ्गालको लोक नृत्यको प्रदर्शन गर्छन्।,ani yasamaa nartakaharuule pani graamiina banggaalako loka nrityako pradarshana garchhan.,ani yasamaa nartakaharuule pani graamiina banggaalako loka nrityako pradarshana garchhan.
I wonder what they have in store this year.,मलाई अचम्म लाग्छ कि यस वर्ष तिनीहरूसँग के भण्डारमा छ।,मलाई अचम्म लाग्छ कि यस वर्ष तिनीहरूसँग के भण्डारमा छ।,malaaii achamma laagchha ki yasa warsha tiniiharuusnga ke bhandaaramaa chha.,malaaii achamma laagchha ki yasa warsha tiniiharuusnga ke bhandaaramaa chha.
Let us wait and watch.,हामी पर्खौँ र हेरौँ।,हामी पर्खौँ र हेरौँ।,haamii parkhaun ra heraun.,haamii parkhaun ra heraun.
"But do not forget, you have your sit and draw competition today at around 12 noon.","तर नबिर्सनुहोस्, तपाईँको आज दिउँसो 12 बजेको वरिपरि सिट एन्ड ड्र प्रतियोगिता छ।","तर नबिर्सनुहोस्, तिमीको आज दिउँसो 12 बजेको वरिपरि सिट एन्ड ड्र प्रतियोगिता छ।","tara nabirsanuhos, tapaaiinko aaja diunso 12 bajeko waripari sita enda dra pratiyogitaa chha.","tara nabirsanuhos, timiiko aaja diunso 12 bajeko waripari sita enda dra pratiyogitaa chha."
Are you prepared for that?,के तपाईँ यसका लागि तयार हुनुहुन्छ?,के तिमी यसका लागि तयार छौ?,ke tapaaiin yasakaa laagi tayaara hunuhunchha?,ke timii yasakaa laagi tayaara chhau?
I have practised my sketches already.,मैले पहिले नै मेरा स्केचहरूको अभ्यास गरिसकेको छु।,मैले पहिले नै मेरा स्केचहरूको अभ्यास गरिसकेको छु।,maile pahile nai meraa skechaharuuko abhyaasa garisakeko chhu.,maile pahile nai meraa skechaharuuko abhyaasa garisakeko chhu.
I am drawing a glimpse of the Republic Day parade itself.,म गणतन्त्र दिवस परेडको एउटा झलक खिच्दैछु।,म गणतन्त्र दिवस परेडको एउटा झलक खिच्दैछु।,ma ganatantra diwasa paredako eutaa jhalaka khichdaichhu.,ma ganatantra diwasa paredako eutaa jhalaka khichdaichhu.
I hope I can bag a prize.,म आशा गर्छु कि मैले पुरस्कार प्राप्त गर्न सक्छु।,म आशा गर्छु कि मैले पुरस्कार प्राप्त गर्न सक्छु।,ma aashaa garchhu ki maile puraskaara praapta garna sakchhu.,ma aashaa garchhu ki maile puraskaara praapta garna sakchhu.
Do not bother about the prizes.,पुरस्कारको चिन्ता नगर्नुहोस्।,पुरस्कारको चिन्ता नगर।,puraskaarako chintaa nagarnuhos.,puraskaarako chintaa nagara.
Just enjoy yourself out there.,त्यहाँ बाहिर बस आफैलाई रमाइलो गर्नुहोस्।,त्यहाँ बाहिर बस आफैलाई रमाइलो गर।,tyahaan baahira basa aaphailaaii ramaailo garnuhos.,tyahaan baahira basa aaphailaaii ramaailo gara.
I wish you all the best.,म तपाईँलाई सबै राम्रो कामना गर्दछु।,म तिमीलाई सबै राम्रो कामना गर्दछु।,ma tapaaiinlaaii sabai raamro kaamanaa gardachhu.,ma timiilaaii sabai raamro kaamanaa gardachhu.
Delete Thread,थ्रेड मेटाउनुहोस्,थ्रेड मेटाउनुहोस्,threda metaaunuhos,threda metaaunuhos
(Descending),(घटती),(घटती),(ghatatii),(ghatatii)
Move right,दायाँ सार्नुहोस्,दायाँ सार्नुहोस्,daayaan saarnuhos,daayaan saarnuhos
Clean module associated with current file,हालको फाइलसँग सम्बन्धित मोड्युल सफा गर्नुहोस्,हालको फाइलसँग सम्बन्धित मोड्युल सफा गर,haalako phaailasnga sambandhita modyula saphaa garnuhos,haalako phaailasnga sambandhita modyula saphaa gara
Subversion: Diff complete.,सबभर्सनः भिन्नता पूर्ण भयो।,सबभर्सनः भिन्नता पूर्ण भयो।,sababharsanh bhinnataa puurna bhayo.,sababharsanh bhinnataa puurna bhayo.
"This function returns the probability quantile function, i.e., the inverse of the cumulative distribution function, of the geometric distribution.","यस प्रकार्यले संभाव्यता मात्रात्मक प्रकार्य, अर्थात्, ज्यामितीय वितरणको संचयी वितरण प्रकार्यको विपरीत फिर्ता गर्दछ।","यस प्रकार्यले संभाव्यता मात्रात्मक प्रकार्य, अर्थात्, ज्यामितीय वितरणको संचयी वितरण प्रकार्यको विपरीत फिर्ता गर्दछ।","yasa prakaaryale snbhaawyataa maatraatmaka prakaarya, arthaat, jyaamitiiya witaranako snchayii witarana prakaaryako wipariita phirtaa gardachha.","yasa prakaaryale snbhaawyataa maatraatmaka prakaarya, arthaat, jyaamitiiya witaranako snchayii witarana prakaaryako wipariita phirtaa gardachha."
Error connecting to wireless network,वायरलेस नेटवर्कमा जडान गर्न त्रुटि,वायरलेस नेटवर्कमा जडान गर्न त्रुटि,waayaralesa netawarkamaa jadaana garna truti,waayaralesa netawarkamaa jadaana garna truti
- Empathy IM Client,- सहानुभूति आइएम ग्राहक,- सहानुभूति आइएम ग्राहक,- sahaanubhuuti aaiema graahaka,- sahaanubhuuti aaiema graahaka
This list contains all extra directories containing plugins.,यस सूचीमा प्लगइनहरू समावेश गर्ने सबै अतिरिक्त डाइरेक्टरीहरू समावेश छन्।,यस सूचीमा प्लगइनहरू समावेश गर्ने सबै अतिरिक्त डाइरेक्टरीहरू समावेश छन्।,yasa suuchiimaa plagainaharuu samaawesha garne sabai atirikta daairektariiharuu samaawesha chhan.,yasa suuchiimaa plagainaharuu samaawesha garne sabai atirikta daairektariiharuu samaawesha chhan.
Tetravex,टेट्राभेक्स,टेट्राभेक्स,tetraabheksa,tetraabheksa
Paste the clipboard,क्लिपबोर्ड टाँस्नुहोस्,क्लिपबोर्ड टाँस्नुहोस्,klipaborda taansnuhos,klipaborda taansnuhos
page tab list,पृष्ठ ट्याब सूची,पृष्ठ ट्याब सूची,prishtha tyaaba suuchii,prishtha tyaaba suuchii
Print Size,प्रिन्ट आकार,प्रिन्ट आकार,printa aakaara,printa aakaara
Orientation,अभिमुखीकरण,अभिमुखीकरण,abhimukhiikarana,abhimukhiikarana
Whether there should be a tooltip on the item,वस्तुमा टूलटिप हुनुपर्छ कि हुँदैन,वस्तुमा टूलटिप हुनुपर्छ कि हुँदैन,wastumaa tuulatipa hunuparchha ki hundaina,wastumaa tuulatipa hunuparchha ki hundaina
Add files to an archive,अभिलेखमा फाइलहरू थप्नुहोस्,अभिलेखमा फाइलहरू थप्नुहोस्,abhilekhamaa phaailaharuu thapnuhos,abhilekhamaa phaailaharuu thapnuhos
4 of a Kind [total],4 एक प्रकारको [कुल],4 एक प्रकारको [कुल],4 eka prakaarako [kula],4 eka prakaarako [kula]
Central and South America,मध्य र दक्षिण अमेरिका,मध्य र दक्षिण अमेरिका,madhya ra dakshina amerikaa,madhya ra dakshina amerikaa
Automatically hide panel into corner,स्वचालित रूपमा कुनामा प्यानल लुकाउनुहोस्,स्वचालित रूपमा कुनामा प्यानल लुकाउनुहोस्,swachaalita ruupamaa kunaamaa pyaanala lukaaunuhos,swachaalita ruupamaa kunaamaa pyaanala lukaaunuhos
No signature available,कुनै हस्ताक्षर उपलब्ध छैन,कुनै हस्ताक्षर उपलब्ध छैन,kunai hastaakshara upalabdha chhaina,kunai hastaakshara upalabdha chhaina
Testing Equality of 2 Variances (F-Test),2 भिन्नताहरूको समानताको परीक्षण (एफ-परीक्षण),2 भिन्नताहरूको समानताको परीक्षण (एफ-परीक्षण),2 bhinnataaharuuko samaanataako pariikshana (epha-pariikshana),2 bhinnataaharuuko samaanataako pariikshana (epha-pariikshana)
Could not commit service,सेवा गर्न सकेन,सेवा गर्न सकेन,sewaa garna sakena,sewaa garna sakena
Missing DSN name,डिएसएन नाम हराइरहेको छ,डिएसएन नाम हराइरहेको छ,diesaena naama haraairaheko chha,diesaena naama haraairaheko chha
Show the application's version,अनुप्रयोगको संस्करण देखाउनुहोस्,अनुप्रयोगको संस्करण देखाउनुहोस्,anuprayogako snskarana dekhaaunuhos,anuprayogako snskarana dekhaaunuhos
"(c) 2004-2008, Gilles Caulier","(ग) 2004-2008, गिल्स कुलियर","(ग) 2004-2008, गिल्स कुलियर","(ga) 2004-2008, gilsa kuliyara","(ga) 2004-2008, gilsa kuliyara"
Create a clickable imagemap,क्लिक गर्न सकिने कल्पना मानचित्र सिर्जना गर्नुहोस्,क्लिक गर्न सकिने कल्पना मानचित्र सिर्जना गर,klika garna sakine kalpanaa maanachitra sirjanaa garnuhos,klika garna sakine kalpanaa maanachitra sirjanaa gara
No album selected,कुनै एल्बम चयन गरिएको छैन,कुनै एल्बम चयन गरिएको छैन,kunai elbama chayana garieko chhaina,kunai elbama chayana garieko chhaina
Calendar,क्यालेन्डर,क्यालेन्डर,kyaalendara,kyaalendara
You are searching for a three.,तपाईँ तिनलाई खोज्दै हुनुहुन्छ।,तिमी तिनलाई खोज्दै छौ।,tapaaiin tinalaaii khojdai hunuhunchha.,timii tinalaaii khojdai chhau.
Export bookmarks to a file,फाइलमा बुकमार्कहरू निर्यात गर्नुहोस्,फाइलमा बुकमार्कहरू निर्यात गर,phaailamaa bukamaarkaharuu niryaata garnuhos,phaailamaa bukamaarkaharuu niryaata gara
DateEdit Flags,मिति सम्पादन झण्डा,मिति सम्पादन झण्डा,miti sampaadana jhandaa,miti sampaadana jhandaa
"IP Telephony, VoIP and Video Conferencing","आइपी टेलिफोनी, भिओआइपी र भिडियो कन्फरेन्सिङ","आइपी टेलिफोनी, भिओआइपी र भिडियो कन्फरेन्सिङ","aaipii teliphonii, bhioaaipii ra bhidiyo kanpharensinga","aaipii teliphonii, bhioaaipii ra bhidiyo kanpharensinga"
No more radio buttons.,कुनै रेडियो बटनहरू छैनन्।,कुनै रेडियो बटनहरू छैनन्।,kunai rediyo batanaharuu chhainan.,kunai rediyo batanaharuu chhainan.
Check for new articles automatically,स्वचालित रूपमा नयाँ लेखहरूका लागि जाँच गर्नुहोस्,स्वचालित रूपमा नयाँ लेखहरूका लागि जाँच गर,swachaalita ruupamaa nayaan lekhaharuukaa laagi jaancha garnuhos,swachaalita ruupamaa nayaan lekhaharuukaa laagi jaancha gara
SSHFS Remote Synchronization User Name,एसएसएचएफएस रिमोट सिङ्क्रोनाइजेशन प्रयोगकर्ता नाम,एसएसएचएफएस रिमोट सिङ्क्रोनाइजेशन प्रयोगकर्ता नाम,esaesaechaephaesa rimota singkronaaijeshana prayogakartaa naama,esaesaechaephaesa rimota singkronaaijeshana prayogakartaa naama
Game Over!,खेल समाप्त!,खेल समाप्त!,khela samaapta!,khela samaapta!
Show the previous move,अघिल्लो चाल देखाउनुहोस्,अघिल्लो चाल देखाउनुहोस्,aghillo chaala dekhaaunuhos,aghillo chaala dekhaaunuhos
Saturation,संतृप्ति,संतृप्ति,sntripti,sntripti
There is nothing on the clipboard to paste.,क्लिपबोर्डमा टाँस्नका लागि केही छैन।,क्लिपबोर्डमा टाँस्नका लागि केही छैन।,klipabordamaa taansnakaa laagi kehii chhaina.,klipabordamaa taansnakaa laagi kehii chhaina.
Edit LDAP directory,एलडिएपी निर्देशिका सम्पादन गर्नुहोस्,एलडिएपी निर्देशिका सम्पादन गर,eladiepii nirdeshikaa sampaadana garnuhos,eladiepii nirdeshikaa sampaadana gara
Custom Header,अनुकूलन हेडर,अनुकूलन हेडर,anukuulana hedara,anukuulana hedara
Insert Image,छवि घुसाउनुहोस्,छवि घुसाउनुहोस्,chhawi ghusaaunuhos,chhawi ghusaaunuhos
Email Recipient Certificate,प्राप्तकर्ता प्रमाणपत्र इमेल गर्नुहोस्,प्राप्तकर्ता प्रमाणपत्र इमेल गर,praaptakartaa pramaanapatra imela garnuhos,praaptakartaa pramaanapatra imela gara
Whether to give blocks random colors,ब्लकहरूलाई अनियमित रङहरू दिने कि छैन,ब्लकहरूलाई अनियमित रङहरू दिने कि छैन,blakaharuulaaii aniyamita rangaharuu dine ki chhaina,blakaharuulaaii aniyamita rangaharuu dine ki chhaina
Whether to show contacts that are offline in the contact list.,सम्पर्क सूचीमा अफलाइन रहेका सम्पर्कहरू देखाउने कि भनेर।,सम्पर्क सूचीमा अफलाइन रहेका सम्पर्कहरू देखाउने कि भनेर।,samparka suuchiimaa aphalaaina rahekaa samparkaharuu dekhaaune ki bhanera.,samparka suuchiimaa aphalaaina rahekaa samparkaharuu dekhaaune ki bhanera.
An unknown person,अज्ञात व्यक्ति,अज्ञात व्यक्ति,ajnyaata wyakti,ajnyaata wyakti
Copy the selection,चयन प्रतिलिपि गर्नुहोस्,चयन प्रतिलिपि गर,chayana pratilipi garnuhos,chayana pratilipi gara
New Game,नयाँ खेल,नयाँ खेल,nayaan khela,nayaan khela
Cycles the debug level at run time.,चलिरहेको समयमा डिबग स्तरलाई चक्र गर्दछ।,चलिरहेको समयमा डिबग स्तरलाई चक्र गर्दछ।,chaliraheko samayamaa dibaga staralaaii chakra gardachha.,chaliraheko samayamaa dibaga staralaaii chakra gardachha.
Support infrared remote control,इन्फ्रारेड रिमोट कन्ट्रोललाई समर्थन गर्नुहोस्,इन्फ्रारेड रिमोट कन्ट्रोललाई समर्थन गर,inphraareda rimota kantrolalaaii samarthana garnuhos,inphraareda rimota kantrolalaaii samarthana gara
No such book,त्यस्तो कुनै पुस्तक छैन।,त्यस्तो कुनै पुस्तक छैन।,tyasto kunai pustaka chhaina.,tyasto kunai pustaka chhaina.
Unable to edit script,स्क्रिप्ट सम्पादन गर्न असमर्थ,स्क्रिप्ट सम्पादन गर्न असमर्थ,skripta sampaadana garna asamartha,skripta sampaadana garna asamartha
selected,चयन गरियो,चयन गरियो,chayana gariyo,chayana gariyo
"This key determines if the ""Contains the text"" search option is selected when the search tool is started.","यो कुञ्जीले खोज उपकरण सुरु हुँदा ""पाठ समावेश गर्दछ"" खोज विकल्प चयन गरिएको छ कि छैन भनेर निर्धारण गर्दछ।","यो कुञ्जीले खोज उपकरण सुरु हुँदा ""पाठ समावेश गर्दछ"" खोज विकल्प चयन गरिएको छ कि छैन भनेर निर्धारण गर्दछ।","yo kunyjiile khoja upakarana suru hundaa ""paatha samaawesha gardachha"" khoja wikalpa chayana garieko chha ki chhaina bhanera nirdhaarana gardachha.","yo kunyjiile khoja upakarana suru hundaa ""paatha samaawesha gardachha"" khoja wikalpa chayana garieko chha ki chhaina bhanera nirdhaarana gardachha."
Remove current disc cover,हालको डिस्क आवरण हटाउनुहोस्,हालको डिस्क आवरण हटाउनुहोस्,haalako diska aawarana hataaunuhos,haalako diska aawarana hataaunuhos
Jump to Breakpoint,ब्रेकपोइन्टमा जानुहोस्,ब्रेकपोइन्टमा जाऊ,brekapointamaa jaanuhos,brekapointamaa jaauu
Priority Text Beside Icons,आइकनहरूको छेउमा प्राथमिक पाठ,आइकनहरूको छेउमा प्राथमिक पाठ,aaikanaharuuko chheumaa praathamika paatha,aaikanaharuuko chheumaa praathamika paatha
No more paragraphs.,कुनै थप अनुच्छेदहरू छैनन्।,कुनै थप अनुच्छेदहरू छैनन्।,kunai thapa anuchchhedaharuu chhainan.,kunai thapa anuchchhedaharuu chhainan.
Whether or not to use animation.,एनिमेसन प्रयोग गर्ने वा नगर्ने।,एनिमेसन प्रयोग गर्ने वा नगर्ने।,enimesana prayoga garne waa nagarne.,enimesana prayoga garne waa nagarne.
Level two,स्तर दुई,स्तर दुई,stara duii,stara duii
Contact Details,सम्पर्क विवरणहरू,सम्पर्क विवरणहरू,samparka wiwaranaharuu,samparka wiwaranaharuu
Red Dragon,रेड ड्र्यागन,रेड ड्र्यागन,reda dryaagana,reda dryaagana
five of clubs,पाँच क्लबहरू,पाँच क्लबहरू,paancha klabaharuu,paancha klabaharuu
"Default font color for new sticky notes. This should be in html hex specification, for example ""#000000"".","नयाँ चिपचिपा नोटहरूका लागि पूर्वनिर्धारित फन्ट रङ। यो एचटिएमएल हेक्स विनिर्देशमा हुनुपर्छ, उदाहरणका लागि ""#000000""।","नयाँ चिपचिपा नोटहरूका लागि पूर्वनिर्धारित फन्ट रङ। यो एचटिएमएल हेक्स विनिर्देशमा हुनुपर्छ, उदाहरणका लागि ""#000000""।","nayaan chipachipaa notaharuukaa laagi puurwanirdhaarita phanta ranga. yo echatiemaela heksa winirdeshamaa hunuparchha, udaaharanakaa laagi ""#000000"".","nayaan chipachipaa notaharuukaa laagi puurwanirdhaarita phanta ranga. yo echatiemaela heksa winirdeshamaa hunuparchha, udaaharanakaa laagi ""#000000""."
Pelopones,पेलोपोन्स,पेलोपोन्स,peloponsa,peloponsa
Start a new game,नयाँ खेल सुरु गर्नुहोस्,नयाँ खेल सुरु गर,nayaan khela suru garnuhos,nayaan khela suru gara
Number of rows in a custom game,कस्टम खेलमा पङ्क्तिहरूको सङ्ख्या,कस्टम खेलमा पङ्क्तिहरूको सङ्ख्या,kastama khelamaa pangktiharuuko sangkhyaa,kastama khelamaa pangktiharuuko sangkhyaa
Choose a working directory,एउटा कार्यशील निर्देशिका छान्नुहोस्,एउटा कार्यशील निर्देशिका छान्नुहोस्,eutaa kaaryashiila nirdeshikaa chhaannuhos,eutaa kaaryashiila nirdeshikaa chhaannuhos
Rockhampton,रकहेम्प्टन,रकहेम्प्टन,rakahemptana,rakahemptana
Known Property Value,ज्ञात सम्पत्ति मूल्य,ज्ञात सम्पत्ति मूल्य,jnyaata sampatti muulya,jnyaata sampatti muulya
Set a global variable,विश्वव्यापी चर सेट गर्नुहोस्,विश्वव्यापी चर सेट गर,wishwawyaapii chara seta garnuhos,wishwawyaapii chara seta gara
Scan Filesystem,फाइल प्रणाली स्क्यान गर्नुहोस्,फाइल प्रणाली स्क्यान गर,phaaila pranaalii skyaana garnuhos,phaaila pranaalii skyaana gara
Tagging Declaration,ट्यागिङ घोषणा,ट्यागिङ घोषणा,tyaaginga ghoshanaa,tyaaginga ghoshanaa
Deselect all files,सबै फाइलहरू चयन नगर्नुहोस्,सबै फाइलहरू चयन नगर,sabai phaailaharuu chayana nagarnuhos,sabai phaailaharuu chayana nagara
A subset of possible encodings are presented in the Encoding submenu. This is a list of encodings to appear there.,सम्भावित सङ्केतहरूको एउटा उपसमुच्चय सङ्केत उपमेनुमा प्रस्तुत गरिएको छ। यो त्यहाँ देखा पर्ने सङ्केतहरूको सूची हो।,सम्भावित सङ्केतहरूको एउटा उपसमुच्चय सङ्केत उपमेनुमा प्रस्तुत गरिएको छ। यो त्यहाँ देखा पर्ने सङ्केतहरूको सूची हो।,sambhaawita sangketaharuuko eutaa upasamuchchaya sangketa upamenumaa prastuta garieko chha. yo tyahaan dekhaa parne sangketaharuuko suuchii ho.,sambhaawita sangketaharuuko eutaa upasamuchchaya sangketa upamenumaa prastuta garieko chha. yo tyahaan dekhaa parne sangketaharuuko suuchii ho.
Speaks unicode value of the current flat review character.,हालको समतल समीक्षा वर्णको युनिकोड मान बोल्छ।,हालको समतल समीक्षा वर्णको युनिकोड मान बोल्छ।,haalako samatala samiikshaa warnako yunikoda maana bolchha.,haalako samatala samiikshaa warnako yunikoda maana bolchha.
Select the topmost layer,सबैभन्दा माथिल्लो तह चयन गर्नुहोस्,सबैभन्दा माथिल्लो तह चयन गर,sabaibhandaa maathillo taha chayana garnuhos,sabaibhandaa maathillo taha chayana gara
New Address Book,नयाँ ठेगाना पुस्तक,नयाँ ठेगाना पुस्तक,nayaan thegaanaa pustaka,nayaan thegaanaa pustaka
Attach mask to clip at clip position in clip size,क्लिपको आकारमा क्लिपको स्थितिमा क्लिपमा मास्क जोड्नुहोस्,क्लिपको आकारमा क्लिपको स्थितिमा क्लिपमा मास्क जोड्नुहोस्,klipako aakaaramaa klipako sthitimaa klipamaa maaska jodnuhos,klipako aakaaramaa klipako sthitimaa klipamaa maaska jodnuhos
Perform changes within non-string values,गैर-स्ट्रिङ मानहरूभित्र परिवर्तनहरू प्रदर्शन गर्नुहोस्,गैर-स्ट्रिङ मानहरूभित्र परिवर्तनहरू प्रदर्शन गर,gaira-stringa maanaharuubhitra pariwartanaharuu pradarshana garnuhos,gaira-stringa maanaharuubhitra pariwartanaharuu pradarshana gara
Raise layer(s) to top,तहहरू माथि उठाउनुहोस्,तहहरू माथि उठाउनुहोस्,tahaharuu maathi uthaaunuhos,tahaharuu maathi uthaaunuhos
Retinex Image Enhancement,रेटिनेक्स छवि वृद्धि,रेटिनेक्स छवि वृद्धि,retineksa chhawi wriddhi,retineksa chhawi wriddhi
left alt,बायाँ अल्ट,बायाँ अल्ट,baayaan alta,baayaan alta
Server synchronization interval,सर्भर सिङ्क्रोनाइजेशन अन्तराल,सर्भर सिङ्क्रोनाइजेशन अन्तराल,sarbhara singkronaaijeshana antaraala,sarbhara singkronaaijeshana antaraala
Close this window,यो विन्डो बन्द गर्नुहोस्,यो विन्डो बन्द गर,yo windo banda garnuhos,yo windo banda gara
Video Player,भिडियो प्लेयर,भिडियो प्लेयर,bhidiyo pleyara,bhidiyo pleyara
Set Signal Property,सङ्केत सम्पत्ति सेट गर्नुहोस्,सङ्केत सम्पत्ति सेट गर,sangketa sampatti seta garnuhos,sangketa sampatti seta gara
Show or hide the toolbar,उपकरणपट्टी देखाउनुहोस् वा लुकाउनुहोस्,उपकरणपट्टी देखाउनुहोस् वा लुकाउनुहोस्,upakaranapattii dekhaaunuhos waa lukaaunuhos,upakaranapattii dekhaaunuhos waa lukaaunuhos
Show Side Pane,साइड फलक देखाउनुहोस्,साइड फलक देखाउनुहोस्,saaida phalaka dekhaaunuhos,saaida phalaka dekhaaunuhos
Whether to display line numbers,रेखा सङ्ख्याहरू प्रदर्शन गर्ने कि छैन,रेखा सङ्ख्याहरू प्रदर्शन गर्ने कि छैन,rekhaa sangkhyaaharuu pradarshana garne ki chhaina,rekhaa sangkhyaaharuu pradarshana garne ki chhaina
Create a search folder for this sender,यो प्रेषकका लागि खोज फोल्डर सिर्जना गर्नुहोस्,यो प्रेषकका लागि खोज फोल्डर सिर्जना गर,yo preshakakaa laagi khoja pholdara sirjanaa garnuhos,yo preshakakaa laagi khoja pholdara sirjanaa gara
Goes to the top of the file.,फाइलको शीर्षमा जान्छ।,फाइलको शीर्षमा जान्छ।,phaailako shiirshamaa jaanchha.,phaailako shiirshamaa jaanchha.
Save the edited search,सम्पादन गरिएको खोजलाई बचत गर्नुहोस्,सम्पादन गरिएको खोजलाई बचत गर,sampaadana garieko khojalaaii bachata garnuhos,sampaadana garieko khojalaaii bachata gara
Display computer thoughts,कम्प्युटरका विचारहरू प्रदर्शन गर्नुहोस्,कम्प्युटरका विचारहरू प्रदर्शन गर,kampyutarakaa wichaaraharuu pradarshana garnuhos,kampyutarakaa wichaaraharuu pradarshana gara
Test Connection,परीक्षण जडान,परीक्षण जडान,pariikshana jadaana,pariikshana jadaana
Integer output base,पूर्णांक उत्पादन आधार,पूर्णांक उत्पादन आधार,puurnaanka utpaadana aadhaara,puurnaanka utpaadana aadhaara
SSL Certificate Authority,एसएसएल प्रमाणपत्र प्राधिकरण,एसएसएल प्रमाणपत्र प्राधिकरण,esaesaela pramaanapatra praadhikarana,esaesaela pramaanapatra praadhikarana
Disconnect from current MUD,हालको एमयुडीबाट डिस्कनेक्ट गर्नुहोस्,हालको एमयुडीबाट डिस्कनेक्ट गर,haalako emayudiibaata diskanekta garnuhos,haalako emayudiibaata diskanekta gara
Heavy rain,भारी वर्षा,भारी वर्षा,bhaarii warshaa,bhaarii warshaa
Change the current working directory,हालको कार्यशील निर्देशिका परिवर्तन गर्नुहोस्,हालको कार्यशील निर्देशिका परिवर्तन गर,haalako kaaryashiila nirdeshikaa pariwartana garnuhos,haalako kaaryashiila nirdeshikaa pariwartana gara
Could not execute command,आदेश कार्यान्वयन गर्न सकेन,आदेश कार्यान्वयन गर्न सकेन,aadesha kaaryaanwayana garna sakena,aadesha kaaryaanwayana garna sakena
Cape Vincent,केप भिन्सेन्ट,केप भिन्सेन्ट,kepa bhinsenta,kepa bhinsenta
Meld Preferences,मेल्ड प्राथमिकताहरू,मेल्ड प्राथमिकताहरू,melda praathamikataaharuu,melda praathamikataaharuu
Mobile Phone,मोबाइल फोन,मोबाइल फोन,mobaaila phona,mobaaila phona
"""Send and Receive Mail"" window width","""मेल पठाउनुहोस् र प्राप्त गर्नुहोस्"" विन्डो चौडाइ","""मेल पठाउनुहोस् र प्राप्त गर"" विन्डो चौडाइ","""mela pathaaunuhos ra praapta garnuhos"" windo chaudaai","""mela pathaaunuhos ra praapta gara"" windo chaudaai"
by description,वर्णनद्वारा,वर्णनद्वारा,warnanadwaaraa,warnanadwaaraa
Show toolbar. A standard option for toolbars.,उपकरण पट्टी देखाउनुहोस्। उपकरण पट्टीहरूका लागि मानक विकल्प।,उपकरण पट्टी देखाउनुहोस्। उपकरण पट्टीहरूका लागि मानक विकल्प।,upakarana pattii dekhaaunuhos. upakarana pattiiharuukaa laagi maanaka wikalpa.,upakarana pattii dekhaaunuhos. upakarana pattiiharuukaa laagi maanaka wikalpa.
Developer,विकासकर्ता,विकासकर्ता,wikaasakartaa,wikaasakartaa
Use super safe moves. The player is alerted when there is no safe move and the only option is to teleport out.,सुपर सेफ चालहरू प्रयोग गर्नुहोस्। कुनै सुरक्षित चाल नभएको बेला खेलाडीलाई सचेत गराइन्छ र टेलिपोर्ट आउट गर्नु मात्र विकल्प हो।,सुपर सेफ चालहरू प्रयोग गर। कुनै सुरक्षित चाल नभएको बेला खेलाडीलाई सचेत गराइन्छ र टेलिपोर्ट आउट गर्नु मात्र विकल्प हो।,supara sepha chaalaharuu prayoga garnuhos. kunai surakshita chaala nabhaeko belaa khelaadiilaaii sacheta garaainchha ra teliporta aauta garnu maatra wikalpa ho.,supara sepha chaalaharuu prayoga gara. kunai surakshita chaala nabhaeko belaa khelaadiilaaii sacheta garaainchha ra teliporta aauta garnu maatra wikalpa ho.
Enable or disable the prompt whilst marking multiple messages.,धेरै सन्देशहरू चिन्ह लगाउँदा प्रम्प्ट सक्षम वा असक्षम गर्नुहोस्।,धेरै सन्देशहरू चिन्ह लगाउँदा प्रम्प्ट सक्षम वा असक्षम गर।,dherai sandeshaharuu chinha lagaaundaa prampta sakshama waa asakshama garnuhos.,dherai sandeshaharuu chinha lagaaundaa prampta sakshama waa asakshama gara.
User function,प्रयोगकर्ता प्रकार्य,प्रयोगकर्ता प्रकार्य,prayogakartaa prakaarya,prayogakartaa prakaarya
Line numbers,लाइन नम्बरहरू,लाइन नम्बरहरू,laaina nambaraharuu,laaina nambaraharuu
Fullerton,फुलर्टन,फुलर्टन,phulartana,phulartana
Frequent Contacts,बारम्बार सम्पर्कहरू,बारम्बार सम्पर्कहरू,baarambaara samparkaharuu,baarambaara samparkaharuu
Browse with caret,केरेटको साथ ब्राउज गर्नुहोस्,केरेटको साथ ब्राउज गर,keretako saatha braauja garnuhos,keretako saatha braauja gara
Exits the program,कार्यक्रमबाट बाहिर निस्कन्छ,कार्यक्रमबाट बाहिर निस्कन्छ,kaaryakramabaata baahira niskanchha,kaaryakramabaata baahira niskanchha
Prince Edward Island,प्रिन्स एडवर्ड टापु,प्रिन्स एडवर्ड टापु,prinsa edawarda taapu,prinsa edawarda taapu
Ugaritic,युगारिटिक,युगारिटिक,yugaaritika,yugaaritika
Import project,आयात परियोजना,आयात परियोजना,aayaata pariyojanaa,aayaata pariyojanaa
Insufficient Permissions,अपर्याप्त अनुमतिहरू,अपर्याप्त अनुमतिहरू,aparyaapta anumatiharuu,aparyaapta anumatiharuu
Move window to workspace 9,कार्यस्थल 9 मा विन्डो सार्नुहोस्,कार्यस्थल 9 मा विन्डो सार्नुहोस्,kaaryasthala 9 maa windo saarnuhos,kaaryasthala 9 maa windo saarnuhos
ON: Automatic delete of onionskin layer(s). Works on framechanges via 'VCR Navigator' and go to operations in the video menu -- but not on explicite save from the file menu. Use this option if you dont want onionskin layers to appear in thumbnail files.,चालुः प्याजको छालाको तह (हरू) स्वचालित रूपमा मेटाउनुहोस्।'भिसिआर नेभिगेटर'मार्फत फ्रेमचेन्जहरूमा काम गर्दछ र भिडियो मेनूमा अपरेसनहरूमा जान्छ-तर फाइल मेनुबाट स्पष्ट बचतमा होइन। यदि तपाईँ थम्बनेल फाइलहरूमा प्याजको छालाको तहहरू देखा पर्न चाहनुहुन्न भने यो विकल्प प्रयोग गर्नुहोस्।,चालुः प्याजको छालाको तह (हरू) स्वचालित रूपमा मेटाउनुहोस्।'भिसिआर नेभिगेटर'मार्फत फ्रेमचेन्जहरूमा काम गर्दछ र भिडियो मेनूमा अपरेसनहरूमा जान्छ-तर फाइल मेनुबाट स्पष्ट बचतमा होइन। यदि तिमी थम्बनेल फाइलहरूमा प्याजको छालाको तहहरू देखा पर्न चाहनुहुन्न भने यो विकल्प प्रयोग गर।,chaaluh pyaajako chhaalaako taha (haruu) swachaalita ruupamaa metaaunuhos.'bhisiaara nebhigetara'maarphata phremachenjaharuumaa kaama gardachha ra bhidiyo menuumaa aparesanaharuumaa jaanchha-tara phaaila menubaata spashta bachatamaa hoina. yadi tapaaiin thambanela phaailaharuumaa pyaajako chhaalaako tahaharuu dekhaa parna chaahanuhunna bhane yo wikalpa prayoga garnuhos.,chaaluh pyaajako chhaalaako taha (haruu) swachaalita ruupamaa metaaunuhos.'bhisiaara nebhigetara'maarphata phremachenjaharuumaa kaama gardachha ra bhidiyo menuumaa aparesanaharuumaa jaanchha-tara phaaila menubaata spashta bachatamaa hoina. yadi timii thambanela phaailaharuumaa pyaajako chhaalaako tahaharuu dekhaa parna chaahanuhunna bhane yo wikalpa prayoga gara.
File forward,फाइल अगाडि,फाइल अगाडि,phaaila agaadi,phaaila agaadi
Coningsby,कोनिङ्स्बी,कोनिङ्स्बी,koningsbii,koningsbii
Copy Gradient Flare,ग्रेडिएन्ट फ्लेयर प्रतिलिपि गर्नुहोस्,ग्रेडिएन्ट फ्लेयर प्रतिलिपि गर,gredienta phleyara pratilipi garnuhos,gredienta phleyara pratilipi gara
Conglomerate could not find a data file.,कङ्गोमरेटले डेटा फाइल फेला पार्न सकेन।,कङ्गोमरेटले डेटा फाइल फेला पार्न सकेन।,kanggomaretale detaa phaaila phelaa paarna sakena.,kanggomaretale detaa phaaila phelaa paarna sakena.
Whether to eject the CD when finished extracting,सिडी निकाल्ने काम समाप्त भएपछि यसलाई बाहिर निकाल्ने कि छैन,सिडी निकाल्ने काम समाप्त भएपछि यसलाई बाहिर निकाल्ने कि छैन,sidii nikaalne kaama samaapta bhaepachhi yasalaaii baahira nikaalne ki chhaina,sidii nikaalne kaama samaapta bhaepachhi yasalaaii baahira nikaalne ki chhaina
File Loader,फाइल लोडर,फाइल लोडर,phaaila lodara,phaaila lodara
1st to 10th,1 देखि 10 सम्म,1 देखि 10 सम्म,1 dekhi 10 samma,1 dekhi 10 samma
Four-in-a-Row,चार-इन-ए-रो,चार-इन-ए-रो,chaara-ina-e-ro,chaara-ina-e-ro
Purge old appointments and meetings,पुराना अपोइन्टमेन्ट र बैठकहरू सफा गर्नुहोस्,पुराना अपोइन्टमेन्ट र बैठकहरू सफा गर,puraanaa apointamenta ra baithakaharuu saphaa garnuhos,puraanaa apointamenta ra baithakaharuu saphaa gara
Printing Line Wrapping Mode,प्रिन्टिङ लाइन रैपिङ मोड,प्रिन्टिङ लाइन रैपिङ मोड,printinga laaina raipinga moda,printinga laaina raipinga moda
Convert End Of Line characters to Unix EOL (LF),लाइन क्यारेक्टरको अन्त्यलाई युनिक्स इओएल (एलएफ) मा रूपान्तरण गर्नुहोस्,लाइन क्यारेक्टरको अन्त्यलाई युनिक्स इओएल (एलएफ) मा रूपान्तरण गर,laaina kyaarektarako antyalaaii yuniksa ioela (elaepha) maa ruupaantarana garnuhos,laaina kyaarektarako antyalaaii yuniksa ioela (elaepha) maa ruupaantarana gara
Searching by copyright,प्रतिलिपि अधिकारद्वारा खोज,प्रतिलिपि अधिकारद्वारा खोज,pratilipi adhikaaradwaaraa khoja,pratilipi adhikaaradwaaraa khoja
Horizontal Flip,क्षैतिज पल्ट,क्षैतिज पल्ट,kshaitija palta,kshaitija palta
Pop up notifications when a contact logs in,सम्पर्क लग इन गर्दा सूचनाहरू पप अप गर्नुहोस्,सम्पर्क लग इन गर्दा सूचनाहरू पप अप गर,samparka laga ina gardaa suuchanaaharuu papa apa garnuhos,samparka laga ina gardaa suuchanaaharuu papa apa gara
The downloads folder,डाउनलोड फोल्डर,डाउनलोड फोल्डर,daaunaloda pholdara,daaunaloda pholdara
translator-credits,अनुवादक-क्रेडिटहरू,अनुवादक-क्रेडिटहरू,anuwaadaka-kreditaharuu,anuwaadaka-kreditaharuu
Compact Folder,कम्प्याक्ट फोल्डर,कम्प्याक्ट फोल्डर,kampyaakta pholdara,kampyaakta pholdara
Insert predefined macros into Editor,सम्पादकमा पूर्वनिर्धारित म्याक्रोहरू घुसाउनुहोस्,सम्पादकमा पूर्वनिर्धारित म्याक्रोहरू घुसाउनुहोस्,sampaadakamaa puurwanirdhaarita myaakroharuu ghusaaunuhos,sampaadakamaa puurwanirdhaarita myaakroharuu ghusaaunuhos
"Position of the horizontal pane, between the date navigator calendar and the task list when not in the month view, in pixels","तेर्सो फलकको स्थिति, मिति नेभिगेटर क्यालेन्डर र कार्य सूचीको बिचमा जब महिना दृश्यमा हुँदैन, पिक्सेलमा","तेर्सो फलकको स्थिति, मिति नेभिगेटर क्यालेन्डर र कार्य सूचीको बिचमा जब महिना दृश्यमा हुँदैन, पिक्सेलमा","terso phalakako sthiti, miti nebhigetara kyaalendara ra kaarya suuchiiko bichamaa jaba mahinaa drishyamaa hundaina, pikselamaa","terso phalakako sthiti, miti nebhigetara kyaalendara ra kaarya suuchiiko bichamaa jaba mahinaa drishyamaa hundaina, pikselamaa"
About this game,यस खेलको बारेमा,यस खेलको बारेमा,yasa khelako baaremaa,yasa khelako baaremaa
Create a combo box,एउटा कम्बो बक्स सिर्जना गर्नुहोस्,एउटा कम्बो बक्स सिर्जना गर,eutaa kambo baksa sirjanaa garnuhos,eutaa kambo baksa sirjanaa gara
Cream Marbles,क्रीम मार्बलहरू,क्रीम मार्बलहरू,kriima maarbalaharuu,kriima maarbalaharuu
Loads data from an iCal file,आइकाल फाइलबाट डेटा लोड गर्दछ,आइकाल फाइलबाट डेटा लोड गर्दछ,aaikaala phaailabaata detaa loda gardachha,aaikaala phaailabaata detaa loda gardachha
Server Settings,सर्भर सेटिङहरू,सर्भर सेटिङहरू,sarbhara setingaharuu,sarbhara setingaharuu
White Side,सेतो पक्ष,सेतो पक्ष,seto paksha,seto paksha
Move Path,मार्ग सार्नुहोस्,मार्ग सार्नुहोस्,maarga saarnuhos,maarga saarnuhos
Operation operator,सञ्चालन अपरेटर,सञ्चालन अपरेटर,sanychaalana aparetara,sanychaalana aparetara
entire document selected,सम्पूर्ण कागजात चयन गरियो,सम्पूर्ण कागजात चयन गरियो,sampuurna kaagajaata chayana gariyo,sampuurna kaagajaata chayana gariyo
Encoding Description,एन्कोडिङ विवरण,एन्कोडिङ विवरण,enkodinga wiwarana,enkodinga wiwarana
Pyramid's Walls,पिरामिडका पर्खालहरू,पिरामिडका पर्खालहरू,piraamidakaa parkhaalaharuu,piraamidakaa parkhaalaharuu
Lesser General Public License(LGPL),कम सामान्य सार्वजनिक इजाजतपत्र (एलजीपिएल),कम सामान्य सार्वजनिक इजाजतपत्र (एलजीपिएल),kama saamaanya saarwajanika ijaajatapatra (elajiipiela),kama saamaanya saarwajanika ijaajatapatra (elajiipiela)
No hint available.,कुनै सङ्केत उपलब्ध छैन।,कुनै सङ्केत उपलब्ध छैन।,kunai sangketa upalabdha chhaina.,kunai sangketa upalabdha chhaina.
Active plugins,सक्रिय प्लगइनहरू,सक्रिय प्लगइनहरू,sakriya plagainaharuu,sakriya plagainaharuu
"If true, allows remote access to the desktop via the RFB protocol. Users on remote machines may then connect to the desktop using a vncviewer.","यदि सत्य हो भने, आरएफबी प्रोटोकल मार्फत डेस्कटपमा रिमोट पहुँचको अनुमति दिन्छ। रिमोट मेसिनहरूमा रहेका प्रयोगकर्ताहरूले त्यसपछि भिएनसिभ्युअर प्रयोग गरेर डेस्कटपमा जडान गर्न सक्छन्।","यदि सत्य हो भने, आरएफबी प्रोटोकल मार्फत डेस्कटपमा रिमोट पहुँचको अनुमति दिन्छ। रिमोट मेसिनहरूमा रहेका प्रयोगकर्ताहरूले त्यसपछि भिएनसिभ्युअर प्रयोग गरेर डेस्कटपमा जडान गर्न सक्छन्।","yadi satya ho bhane, aaraephabii protokala maarphata deskatapamaa rimota pahunchako anumati dinchha. rimota mesinaharuumaa rahekaa prayogakartaaharuule tyasapachhi bhienasibhyuara prayoga garera deskatapamaa jadaana garna sakchhan.","yadi satya ho bhane, aaraephabii protokala maarphata deskatapamaa rimota pahunchako anumati dinchha. rimota mesinaharuumaa rahekaa prayogakartaaharuule tyasapachhi bhienasibhyuara prayoga garera deskatapamaa jadaana garna sakchhan."
The type of text to display (if the text is enabled).,प्रदर्शन गर्न पाठको प्रकार (यदि पाठ सक्षम छ भने)।,प्रदर्शन गर्न पाठको प्रकार (यदि पाठ सक्षम छ भने)।,pradarshana garna paathako prakaara (yadi paatha sakshama chha bhane).,pradarshana garna paathako prakaara (yadi paatha sakshama chha bhane).
No content available,कुनै सामग्री उपलब्ध छैन,कुनै सामग्री उपलब्ध छैन,kunai saamagrii upalabdha chhaina,kunai saamagrii upalabdha chhaina
These files are on a Video DVD.,यी फाइलहरू भिडियो डिभिडीमा छन्।,यी फाइलहरू भिडियो डिभिडीमा छन्।,yii phaailaharuu bhidiyo dibhidiimaa chhan.,yii phaailaharuu bhidiyo dibhidiimaa chhan.
Requested action aborted: error in processing,अनुरोध गरिएको कार्य रद्द गरियोः प्रशोधनमा त्रुटि,अनुरोध गरिएको कार्य रद्द गरियोः प्रशोधनमा त्रुटि,anurodha garieko kaarya radda gariyoh prashodhanamaa truti,anurodha garieko kaarya radda gariyoh prashodhanamaa truti
Delete the selected bookmark or topic,चयन गरिएको बुकमार्क वा विषय मेटाउनुहोस्,चयन गरिएको बुकमार्क वा विषय मेटाउनुहोस्,chayana garieko bukamaarka waa wishaya metaaunuhos,chayana garieko bukamaarka waa wishaya metaaunuhos
"This variable determines where the format toolbar should be shown. 0 is left, 1 is right, 2 is top.","यो चरले ढाँचा उपकरणपट्टी कहाँ देखाउनुपर्छ भनेर निर्धारण गर्दछ। 0 बायाँ छ, 1 दायाँ छ, 2 शीर्षमा छ।","यो चरले ढाँचा उपकरणपट्टी कहाँ देखाउनुपर्छ भनेर निर्धारण गर्दछ। 0 बायाँ छ, 1 दायाँ छ, 2 शीर्षमा छ।","yo charale dhaanchaa upakaranapattii kahaan dekhaaunuparchha bhanera nirdhaarana gardachha. 0 baayaan chha, 1 daayaan chha, 2 shiirshamaa chha.","yo charale dhaanchaa upakaranapattii kahaan dekhaaunuparchha bhanera nirdhaarana gardachha. 0 baayaan chha, 1 daayaan chha, 2 shiirshamaa chha."
Memo layout style,मेमो लेआउट शैली,मेमो लेआउट शैली,memo leaauta shailii,memo leaauta shailii
Configure,कन्फिगर गर्नुहोस्,कन्फिगर गर,kanphigara garnuhos,kanphigara gara
New project creation has failed,नयाँ परियोजना निर्माण असफल भएको छ।,नयाँ परियोजना निर्माण असफल भएको छ।,nayaan pariyojanaa nirmaana asaphala bhaeko chha.,nayaan pariyojanaa nirmaana asaphala bhaeko chha.
Completed spell checking,हिज्जे जाँच पूरा गरियो,हिज्जे जाँच पूरा गरियो,hijje jaancha puuraa gariyo,hijje jaancha puuraa gariyo
Press Enter to convert to a selection,चयनमा रूपान्तरण गर्न प्रविष्ट गर्नुहोस् थिच्नुहोस्,चयनमा रूपान्तरण गर्न प्रविष्ट गर थिच्नुहोस्,chayanamaa ruupaantarana garna prawishta garnuhos thichnuhos,chayanamaa ruupaantarana garna prawishta gara thichnuhos
Avoid the robots and make them crash into each other,रोबोटहरूबाट टाढा रहनुहोस् र तिनीहरूलाई एकअर्कामा टक्कर हाल्नुहोस्।,रोबोटहरूबाट टाढा रहनुहोस् र तिनीहरूलाई एकअर्कामा टक्कर हाल्नुहोस्।,robotaharuubaata taadhaa rahanuhos ra tiniiharuulaaii ekaarkaamaa takkara haalnuhos.,robotaharuubaata taadhaa rahanuhos ra tiniiharuulaaii ekaarkaamaa takkara haalnuhos.
Add related record,सम्बन्धित रेकर्ड थप्नुहोस्,सम्बन्धित रेकर्ड थप्नुहोस्,sambandhita rekarda thapnuhos,sambandhita rekarda thapnuhos
Confirm Password,पासवर्ड पुष्टि गर्नुहोस्,पासवर्ड पुष्टि गर,paasawarda pushti garnuhos,paasawarda pushti gara
Move to parent folder,अभिभावक फोल्डरमा सर्नुहोस्,अभिभावक फोल्डरमा सर्नुहोस्,abhibhaawaka pholdaramaa sarnuhos,abhibhaawaka pholdaramaa sarnuhos
scroll pane,स्क्रोल फलक,स्क्रोल फलक,skrola phalaka,skrola phalaka
Create a search folder for this subject,यस विषयका लागि खोज फोल्डर सिर्जना गर्नुहोस्,यस विषयका लागि खोज फोल्डर सिर्जना गर,yasa wishayakaa laagi khoja pholdara sirjanaa garnuhos,yasa wishayakaa laagi khoja pholdara sirjanaa gara
Top-level Element,शीर्ष-स्तर तत्व,शीर्ष-स्तर तत्व,shiirsha-stara tatwa,shiirsha-stara tatwa
Asia/ Makassar,एसिया/मकस्सर,एसिया/मकस्सर,esiyaa/makassara,esiyaa/makassara
Pennant Puzzle,पेनान्ट पजल,पेनान्ट पजल,penaanta pajala,penaanta pajala
DSA (sign only),डिएसए (साइन मात्र),डिएसए (साइन मात्र),diesae (saaina maatra),diesae (saaina maatra)
Make the selected text lowercase,चयन गरिएको पाठलाई सानो अक्षरमा बनाउनुहोस्,चयन गरिएको पाठलाई सानो अक्षरमा बनाउनुहोस्,chayana garieko paathalaaii saano aksharamaa banaaunuhos,chayana garieko paathalaaii saano aksharamaa banaaunuhos
Speech enabled.,भाषण सक्षम गरियो।,भाषण सक्षम गरियो।,bhaashana sakshama gariyo.,bhaashana sakshama gariyo.
The program Robots was unable to find any valid game configuration files. Please check that the program is installed correctly.,प्रोग्राम रोबोटहरूले कुनै पनि मान्य खेल कन्फिगरेसन फाइलहरू फेला पार्न सकेन। कृपया प्रोग्राम सही रूपमा स्थापना गरिएको छ कि छैन जाँच गर्नुहोस्।,प्रोग्राम रोबोटहरूले कुनै पनि मान्य खेल कन्फिगरेसन फाइलहरू फेला पार्न सकेन। कृपया प्रोग्राम सही रूपमा स्थापना गरिएको छ कि छैन जाँच गर।,prograama robotaharuule kunai pani maanya khela kanphigaresana phaailaharuu phelaa paarna sakena. kripayaa prograama sahii ruupamaa sthaapanaa garieko chha ki chhaina jaancha garnuhos.,prograama robotaharuule kunai pani maanya khela kanphigaresana phaailaharuu phelaa paarna sakena. kripayaa prograama sahii ruupamaa sthaapanaa garieko chha ki chhaina jaancha gara.
You turn to stone... --More--,तपाईँ ढुङ्गामा फर्कनुहुन्छ...-- अझ...,तिमी ढुङ्गामा फर्कनुहुन्छ...-- अझ...,tapaaiin dhunggaamaa pharkanuhunchha...-- ajha...,timii dhunggaamaa pharkanuhunchha...-- ajha...
Generate empty constructors,खाली निर्माणकर्ताहरू उत्पन्न गर्नुहोस्,खाली निर्माणकर्ताहरू उत्पन्न गर,khaalii nirmaanakartaaharuu utpanna garnuhos,khaalii nirmaanakartaaharuu utpanna gara
The program is running. Do you still want to stop the debugger?,प्रोग्राम चलिरहेको छ। के तपाईँ अझै पनि डिबगर रोक्न चाहनुहुन्छ?,प्रोग्राम चलिरहेको छ। के तिमी अझै पनि डिबगर रोक्न चाहनुहुन्छ?,prograama chaliraheko chha. ke tapaaiin ajhai pani dibagara rokna chaahanuhunchha?,prograama chaliraheko chha. ke timii ajhai pani dibagara rokna chaahanuhunchha?
Set your home phone number.,आफ्नो घरको फोन नम्बर सेट गर्नुहोस्।,आफ्नो घरको फोन नम्बर सेट गर।,aaphno gharako phona nambara seta garnuhos.,aaphno gharako phona nambara seta gara.
"Extractor object is not valid. This is bad, check your console for errors.","एक्स्ट्र्याक्टर वस्तु मान्य छैन। यो खराब छ, त्रुटिहरूका लागि आफ्नो कन्सोल जाँच गर्नुहोस्।","एक्स्ट्र्याक्टर वस्तु मान्य छैन। यो खराब छ, त्रुटिहरूका लागि आफ्नो कन्सोल जाँच गर।","ekstryaaktara wastu maanya chhaina. yo kharaaba chha, trutiharuukaa laagi aaphno kansola jaancha garnuhos.","ekstryaaktara wastu maanya chhaina. yo kharaaba chha, trutiharuukaa laagi aaphno kansola jaancha gara."
International Falls,अन्तर्राष्ट्रिय झरना,अन्तर्राष्ट्रिय झरना,antarraashtriya jharanaa,antarraashtriya jharanaa
menu bar,मेनु पट्टी,मेनु पट्टी,menu pattii,menu pattii
Venice Heliport,भेनिस हेलिपोर्ट,भेनिस हेलिपोर्ट,bhenisa heliporta,bhenisa heliporta
Attachment contents not loaded,संलग्नक सामग्रीहरू लोड भएनन्,संलग्नक सामग्रीहरू लोड भएनन्,snlagnaka saamagriiharuu loda bhaenan,snlagnaka saamagriiharuu loda bhaenan
Can not open desired font!,मनपर्ने फन्ट खोल्न सकिँदैन!,मनपर्ने फन्ट खोल्न सकिँदैन!,manaparne phanta kholna sakindaina!,manaparne phanta kholna sakindaina!
Show font preview,फन्ट पूर्वावलोकन देखाउनुहोस्,फन्ट पूर्वावलोकन देखाउनुहोस्,phanta puurwaawalokana dekhaaunuhos,phanta puurwaawalokana dekhaaunuhos
Open the selected bookmark in a new window,नयाँ विन्डोमा चयन गरिएको बुकमार्क खोल्नुहोस्,नयाँ विन्डोमा चयन गरिएको बुकमार्क खोल्नुहोस्,nayaan windomaa chayana garieko bukamaarka kholnuhos,nayaan windomaa chayana garieko bukamaarka kholnuhos
"This key is read only once and reset to ""false"" after read. This unselects the mail in the list and removes the preview for that folder.","यो कुञ्जी एक पटक मात्र पढिने गरिन्छ र पढेपछि ""गलत"" मा रिसेट गरिन्छ। यसले सूचीमा मेल चयन गर्दैन र त्यस फोल्डरका लागि पूर्वावलोकन हटाउँछ।","यो कुञ्जी एक पटक मात्र पढिने गरिन्छ र पढेपछि ""गलत"" मा रिसेट गरिन्छ। यसले सूचीमा मेल चयन गर्दैन र त्यस फोल्डरका लागि पूर्वावलोकन हटाउँछ।","yo kunyjii eka pataka maatra padhine garinchha ra padhepachhi ""galata"" maa riseta garinchha. yasale suuchiimaa mela chayana gardaina ra tyasa pholdarakaa laagi puurwaawalokana hataaunchha.","yo kunyjii eka pataka maatra padhine garinchha ra padhepachhi ""galata"" maa riseta garinchha. yasale suuchiimaa mela chayana gardaina ra tyasa pholdarakaa laagi puurwaawalokana hataaunchha."
Print definition,प्रिन्ट परिभाषा,प्रिन्ट परिभाषा,printa paribhaashaa,printa paribhaashaa
A simple container to group widgets by columns,स्तम्भहरूद्वारा विजेटहरू समूह गर्न एउटा सरल कन्टेनर,स्तम्भहरूद्वारा विजेटहरू समूह गर्न एउटा सरल कन्टेनर,stambhaharuudwaaraa wijetaharuu samuuha garna eutaa sarala kantenara,stambhaharuudwaaraa wijetaharuu samuuha garna eutaa sarala kantenara
Autocompletion,स्वतः पूर्णता,स्वतः पूर्णता,swath puurnataa,swath puurnataa
Open IFS Fractal file,आइएफएस फ्र्याक्टल फाइल खोल्नुहोस्,आइएफएस फ्र्याक्टल फाइल खोल्नुहोस्,aaiephaesa phryaaktala phaaila kholnuhos,aaiephaesa phryaaktala phaaila kholnuhos
Use default step with no modifier,कुनै परिमार्जनकर्ताको बिना पूर्वनिर्धारित चरण प्रयोग गर्नुहोस्,कुनै परिमार्जनकर्ताको बिना पूर्वनिर्धारित चरण प्रयोग गर,kunai parimaarjanakartaako binaa puurwanirdhaarita charana prayoga garnuhos,kunai parimaarjanakartaako binaa puurwanirdhaarita charana prayoga gara
Program Parameters,कार्यक्रम मापदण्डहरू,कार्यक्रम मापदण्डहरू,kaaryakrama maapadandaharuu,kaaryakrama maapadandaharuu
For label,लेबलका लागि,लेबलका लागि,lebalakaa laagi,lebalakaa laagi
File system browser tool view,फाइल प्रणाली ब्राउजर उपकरण दृश्य,फाइल प्रणाली ब्राउजर उपकरण दृश्य,phaaila pranaalii braaujara upakarana drishya,phaaila pranaalii braaujara upakarana drishya
four of spades,चार वटा स्पेड्स,चार वटा स्पेड्स,chaara wataa spedsa,chaara wataa spedsa
Evolution is currently offline because the network is unavailable.,विकास हाल अफलाइन छ किनभने नेटवर्क अनुपलब्ध छ।,विकास हाल अफलाइन छ किनभने नेटवर्क अनुपलब्ध छ।,wikaasa haala aphalaaina chha kinabhane netawarka anupalabdha chha.,wikaasa haala aphalaaina chha kinabhane netawarka anupalabdha chha.
Counter-proposal,प्रति-प्रस्ताव,प्रति-प्रस्ताव,prati-prastaawa,prati-prastaawa
"This key defines the window height, and it's used to remember the size of the search tool between sessions. Setting it to -1 will make the search tool use the default height.","यो कुञ्जीले विन्डो उचाइ परिभाषित गर्दछ, र यो सत्रहरू बिच खोजी उपकरणको आकार सम्झन प्रयोग गरिन्छ। यसलाई-1 मा सेट गर्दा खोज उपकरणले पूर्वनिर्धारित उचाइ प्रयोग गर्नेछ।","यो कुञ्जीले विन्डो उचाइ परिभाषित गर्दछ, र यो सत्रहरू बिच खोजी उपकरणको आकार सम्झन प्रयोग गरिन्छ। यसलाई-1 मा सेट गर्दा खोज उपकरणले पूर्वनिर्धारित उचाइ प्रयोग गर्नेछ।","yo kunyjiile windo uchaai paribhaashita gardachha, ra yo satraharuu bicha khojii upakaranako aakaara samjhana prayoga garinchha. yasalaaii-1 maa seta gardaa khoja upakaranale puurwanirdhaarita uchaai prayoga garnechha.","yo kunyjiile windo uchaai paribhaashita gardachha, ra yo satraharuu bicha khojii upakaranako aakaara samjhana prayoga garinchha. yasalaaii-1 maa seta gardaa khoja upakaranale puurwanirdhaarita uchaai prayoga garnechha."
Mahjongg Preferences,माहजोङ प्राथमिकताहरू,माहजोङ प्राथमिकताहरू,maahajonga praathamikataaharuu,maahajonga praathamikataaharuu
Dig Right,दायाँ खोद्नुहोस्,दायाँ खोद्नुहोस्,daayaan khodnuhos,daayaan khodnuhos
Unable to retrieve message.,सन्देश पुनःप्राप्त गर्न असमर्थ।,सन्देश पुनःप्राप्त गर्न असमर्थ।,sandesha punhpraapta garna asamartha.,sandesha punhpraapta garna asamartha.
Leave fullscreen mode,पूर्ण स्क्रिन मोड छोड्नुहोस्,पूर्ण स्क्रिन मोड छोड्नुहोस्,puurna skrina moda chhodnuhos,puurna skrina moda chhodnuhos
Show the date and time column,मिति र समय स्तम्भ देखाउनुहोस्,मिति र समय स्तम्भ देखाउनुहोस्,miti ra samaya stambha dekhaaunuhos,miti ra samaya stambha dekhaaunuhos
You must provide a tool command!,तपाईँले एउटा उपकरण कमान्ड प्रदान गर्नुपर्छ!,तिमीले एउटा उपकरण कमान्ड प्रदान गर्नुपर्छ!,tapaaiinle eutaa upakarana kamaanda pradaana garnuparchha!,timiile eutaa upakarana kamaanda pradaana garnuparchha!
An error occurred while extracting files.,फाइलहरू निकाल्दा त्रुटि भयो।,फाइलहरू निकाल्दा त्रुटि भयो।,phaailaharuu nikaaldaa truti bhayo.,phaailaharuu nikaaldaa truti bhayo.
Player List,खेलाडीहरूको सूची,खेलाडीहरूको सूची,khelaadiiharuuko suuchii,khelaadiiharuuko suuchii
Apply change to all sheets,सबै पानाहरूमा परिवर्तन लागू गर्नुहोस्,सबै पानाहरूमा परिवर्तन लागू गर,sabai paanaaharuumaa pariwartana laaguu garnuhos,sabai paanaaharuumaa pariwartana laaguu gara
Your XServer does not support the XTest extension - remote desktop access will be view-only,तपाईँको एक्स सर्भरले एक्सटेस्ट विस्तारलाई समर्थन गर्दैन-रिमोट डेस्कटप पहुँच केवल-हेर्नका लागि हुनेछ।,तिमीको एक्स सर्भरले एक्सटेस्ट विस्तारलाई समर्थन गर्दैन-रिमोट डेस्कटप पहुँच केवल-हेर्नका लागि हुनेछ।,tapaaiinko eksa sarbharale eksatesta wistaaralaaii samarthana gardaina-rimota deskatapa pahuncha kewala-hernakaa laagi hunechha.,timiiko eksa sarbharale eksatesta wistaaralaaii samarthana gardaina-rimota deskatapa pahuncha kewala-hernakaa laagi hunechha.
Open nautilus on removeable media insert.,हटाउन सकिने मिडिया इन्सर्टमा नटिलस खोल्नुहोस्।,हटाउन सकिने मिडिया इन्सर्टमा नटिलस खोल्नुहोस्।,hataauna sakine midiyaa insartamaa natilasa kholnuhos.,hataauna sakine midiyaa insartamaa natilasa kholnuhos.
Inviting you to this room,तपाईँलाई यो कोठामा आमन्त्रित गर्दै,तिमीलाई यो कोठामा आमन्त्रित गर्दै,tapaaiinlaaii yo kothaamaa aamantrita gardai,timiilaaii yo kothaamaa aamantrita gardai
An internal error occured,एउटा आन्तरिक त्रुटि भयो,एउटा आन्तरिक त्रुटि भयो,eutaa aantarika truti bhayo,eutaa aantarika truti bhayo
Refresh every,हरेकलाई ताजा गर्नुहोस्,हरेकलाई ताजा गर,harekalaaii taajaa garnuhos,harekalaaii taajaa gara
Firebird,फायरबर्ड,फायरबर्ड,phaayarabarda,phaayarabarda
Functions manipulating Hebrew dates,हिब्रू मितिहरू हेरफेर गर्ने कार्यहरू,हिब्रू मितिहरू हेरफेर गर्ने कार्यहरू,hibruu mitiharuu heraphera garne kaaryaharuu,hibruu mitiharuu heraphera garne kaaryaharuu
Remote user rejected the call,टाढाको प्रयोगकर्ताले कल अस्वीकार गरे,टाढाको प्रयोगकर्ताले कल अस्वीकार गरे,taadhaako prayogakartaale kala aswiikaara gare,taadhaako prayogakartaale kala aswiikaara gare
Choose a backup file,ब्याकअप फाइल छान्नुहोस्,ब्याकअप फाइल छान्नुहोस्,byaakaapa phaaila chhaannuhos,byaakaapa phaaila chhaannuhos
Porto Alegre Airport,पोर्टो एलेग्रे एयरपोर्ट,पोर्टो एलेग्रे एयरपोर्ट,porto elegre eyaraporta,porto elegre eyaraporta
Robot image theme. The theme of the images to use for the robots.,रोबोट छवि विषयवस्तु। रोबोटहरूका लागि प्रयोग गर्नुपर्ने छविहरूको विषयवस्तु।,रोबोट छवि विषयवस्तु। रोबोटहरूका लागि प्रयोग गर्नुपर्ने छविहरूको विषयवस्तु।,robota chhawi wishayawastu. robotaharuukaa laagi prayoga garnuparne chhawiharuuko wishayawastu.,robota chhawi wishayawastu. robotaharuukaa laagi prayoga garnuparne chhawiharuuko wishayawastu.
Start Not Earlier Than,पहिले सुरु नगर्नुहोस्,पहिले सुरु नगर,pahile suru nagarnuhos,pahile suru nagara
Functions manipulating dates and time,मिति र समय हेरफेर गर्ने कार्यहरू,मिति र समय हेरफेर गर्ने कार्यहरू,miti ra samaya heraphera garne kaaryaharuu,miti ra samaya heraphera garne kaaryaharuu
Key to move S,एस सार्नका लागि कुञ्जी,एस सार्नका लागि कुञ्जी,esa saarnakaa laagi kunyjii,esa saarnakaa laagi kunyjii
Unable to find this memo in any memo list,कुनै पनि मेमो सूचीमा यो मेमो फेला पार्न असमर्थ,कुनै पनि मेमो सूचीमा यो मेमो फेला पार्न असमर्थ,kunai pani memo suuchiimaa yo memo phelaa paarna asamartha,kunai pani memo suuchiimaa yo memo phelaa paarna asamartha
"Like --open, but the object will be opened in Text Mode, if one is available.","जस्तै-- खोल्नुहोस्, तर वस्तु पाठ मोडमा खोलिनेछ, यदि एउटा उपलब्ध छ भने।","जस्तै-- खोल्नुहोस्, तर वस्तु पाठ मोडमा खोलिनेछ, यदि एउटा उपलब्ध छ भने।","jastai-- kholnuhos, tara wastu paatha modamaa kholinechha, yadi eutaa upalabdha chha bhane.","jastai-- kholnuhos, tara wastu paatha modamaa kholinechha, yadi eutaa upalabdha chha bhane."
Load Options,लोड विकल्पहरू,लोड विकल्पहरू,loda wikalpaharuu,loda wikalpaharuu
Fort Chipewyan,फोर्ट चिपेव्यान,फोर्ट चिपेव्यान,phorta chipewyaana,phorta chipewyaana
"Valid signature, but cannot verify sender","मान्य हस्ताक्षर, तर प्रेषकलाई प्रमाणित गर्न सक्दैन","मान्य हस्ताक्षर, तर प्रेषकलाई प्रमाणित गर्न सक्दैन","maanya hastaakshara, tara preshakalaaii pramaanita garna sakdaina","maanya hastaakshara, tara preshakalaaii pramaanita garna sakdaina"
Opens an existing document,अवस्थित कागजात खोल्छ,अवस्थित कागजात खोल्छ,awasthita kaagajaata kholchha,awasthita kaagajaata kholchha
Error creating folder,फोल्डर सिर्जना गर्नमा त्रुटि,फोल्डर सिर्जना गर्नमा त्रुटि,pholdara sirjanaa garnamaa truti,pholdara sirjanaa garnamaa truti
Go to previous bookmark location.,अघिल्लो बुकमार्क स्थानमा जानुहोस्।,अघिल्लो बुकमार्क स्थानमा जाऊ।,aghillo bukamaarka sthaanamaa jaanuhos.,aghillo bukamaarka sthaanamaa jaauu.
OpenSSL was successfully loaded.,ओपनएसएसएल सफलतापूर्वक लोड भएको थियो।,ओपनएसएसएल सफलतापूर्वक लोड भएको थियो।,opanaesaesaela saphalataapuurwaka loda bhaeko thiyo.,opanaesaesaela saphalataapuurwaka loda bhaeko thiyo.
Given Name,दिइएको नाम,दिइएको नाम,diieko naama,diieko naama
Specify the default height (in pixels) of new notes,नयाँ नोटहरूको पूर्वनिर्धारित उचाइ (पिक्सेलमा) निर्दिष्ट गर्नुहोस्,नयाँ नोटहरूको पूर्वनिर्धारित उचाइ (पिक्सेलमा) निर्दिष्ट गर,nayaan notaharuuko puurwanirdhaarita uchaai (pikselamaa) nirdishta garnuhos,nayaan notaharuuko puurwanirdhaarita uchaai (pikselamaa) nirdishta gara
Sign this message with your S/MIME Signature Certificate,तपाईँको एस/माइम हस्ताक्षर प्रमाणपत्रसँग यो सन्देशमा हस्ताक्षर गर्नुहोस्,तिमीको एस/माइम हस्ताक्षर प्रमाणपत्रसँग यो सन्देशमा हस्ताक्षर गर,tapaaiinko esa/maaima hastaakshara pramaanapatrasnga yo sandeshamaa hastaakshara garnuhos,timiiko esa/maaima hastaakshara pramaanapatrasnga yo sandeshamaa hastaakshara gara
Offset (pixels),अफसेट (पिक्सेल),अफसेट (पिक्सेल),aphaseta (piksela),aphaseta (piksela)
Bullsbrook,बुल्सब्रुक,बुल्सब्रुक,bulsabruka,bulsabruka
All active remote folders,सबै सक्रिय रिमोट फोल्डरहरू,सबै सक्रिय रिमोट फोल्डरहरू,sabai sakriya rimota pholdaraharuu,sabai sakriya rimota pholdaraharuu
Select all files,सबै फाइलहरू चयन गर्नुहोस्,सबै फाइलहरू चयन गर,sabai phaailaharuu chayana garnuhos,sabai phaailaharuu chayana gara
Maximum number of samples lower than minimum number.,न्यूनतम सङ्ख्याभन्दा कम नमुनाहरूको अधिकतम सङ्ख्या।,न्यूनतम सङ्ख्याभन्दा कम नमुनाहरूको अधिकतम सङ्ख्या।,nyuunatama sangkhyaabhandaa kama namunaaharuuko adhikatama sangkhyaa.,nyuunatama sangkhyaabhandaa kama namunaaharuuko adhikatama sangkhyaa.
Layout style,ढाँचा शैली,ढाँचा शैली,dhaanchaa shailii,dhaanchaa shailii
Support for recording audio CDs from playlists,प्लेलिस्टबाट अडियो सिडीहरू रेकर्ड गर्नका लागि समर्थन,प्लेलिस्टबाट अडियो सिडीहरू रेकर्ड गर्नका लागि समर्थन,plelistabaata adiyo sidiiharuu rekarda garnakaa laagi samarthana,plelistabaata adiyo sidiiharuu rekarda garnakaa laagi samarthana
Enable Search Highlighting,खोज हाइलाइटिङ सक्षम गर्नुहोस्,खोज हाइलाइटिङ सक्षम गर,khoja haailaaitinga sakshama garnuhos,khoja haailaaitinga sakshama gara
Saturation Variations,संतृप्ति भिन्नताहरू,संतृप्ति भिन्नताहरू,sntripti bhinnataaharuu,sntripti bhinnataaharuu
DVI Documents,डिभीआई कागजातहरू,डिभीआई कागजातहरू,dibhiiaaii kaagajaataharuu,dibhiiaaii kaagajaataharuu
Symbol infinity,प्रतीक अनन्तता,प्रतीक अनन्तता,pratiika anantataa,pratiika anantataa
Error copying messages,सन्देशहरू प्रतिलिपि गर्न त्रुटि,सन्देशहरू प्रतिलिपि गर्न त्रुटि,sandeshaharuu pratilipi garna truti,sandeshaharuu pratilipi garna truti
Miscellaneous,विविध,विविध,wiwidha,wiwidha
Display bookmarks help,बुकमार्कहरूको मद्दत देखाउनुहोस्,बुकमार्कहरूको मद्दत देखाउनुहोस्,bukamaarkaharuuko maddata dekhaaunuhos,bukamaarkaharuuko maddata dekhaaunuhos
TIS620 Thai,टिआईएस620 थाई,टिआईएस620 थाई,tiaaiiesa620 thaaii,tiaaiiesa620 thaaii
GPG groups,जिपिजी समूहहरू,जिपिजी समूहहरू,jipijii samuuhaharuu,jipijii samuuhaharuu
Cameroon,क्यामरुन,क्यामरुन,kyaamaruna,kyaamaruna
Show the current move,हालको चाल देखाउनुहोस्,हालको चाल देखाउनुहोस्,haalako chaala dekhaaunuhos,haalako chaala dekhaaunuhos
Save Password,पासवर्ड बचत गर्नुहोस्,पासवर्ड बचत गर,paasawarda bachata garnuhos,paasawarda bachata gara
Thailand,थाइल्यान्ड,थाइल्यान्ड,thaailyaanda,thaailyaanda
Add database connection,डाटाबेस जडान थप्नुहोस्,डाटाबेस जडान थप्नुहोस्,daataabesa jadaana thapnuhos,daataabesa jadaana thapnuhos
Test Progress Checklist,प्रगति जाँच सूची परीक्षण गर्नुहोस्,प्रगति जाँच सूची परीक्षण गर,pragati jaancha suuchii pariikshana garnuhos,pragati jaancha suuchii pariikshana gara
Loading canceled,लोड रद्द गरिएको छ,लोड रद्द गरिएको छ,loda radda garieko chha,loda radda garieko chha
Import operation on PGP key files,पि. जि. पि. कुञ्जी फाइलहरूमा सञ्चालन आयात गर्नुहोस्,पि. जि. पि. कुञ्जी फाइलहरूमा सञ्चालन आयात गर,pi. ji. pi. kunyjii phaailaharuumaa sanychaalana aayaata garnuhos,pi. ji. pi. kunyjii phaailaharuumaa sanychaalana aayaata gara
Search for text in the displayed contact,प्रदर्शित सम्पर्कमा पाठ खोज्नुहोस्,प्रदर्शित सम्पर्कमा पाठ खोज्नुहोस्,pradarshita samparkamaa paatha khojnuhos,pradarshita samparkamaa paatha khojnuhos
default:LTR,पूर्वनिर्धारितः एलटीआर,पूर्वनिर्धारितः एलटीआर,puurwanirdhaarith elatiiaara,puurwanirdhaarith elatiiaara
received data from wrong type of sender,गलत प्रकारको प्रेषकबाट प्राप्त डेटा,गलत प्रकारको प्रेषकबाट प्राप्त डेटा,galata prakaarako preshakabaata praapta detaa,galata prakaarako preshakabaata praapta detaa
Please enter a file name,कृपया फाइलको नाम प्रविष्ट गर्नुहोस्,कृपया फाइलको नाम प्रविष्ट गर,kripayaa phaailako naama prawishta garnuhos,kripayaa phaailako naama prawishta gara
Configured data sources in the system,प्रणालीमा कन्फिगर गरिएको डेटा स्रोतहरू,प्रणालीमा कन्फिगर गरिएको डेटा स्रोतहरू,pranaaliimaa kanphigara garieko detaa srotaharuu,pranaaliimaa kanphigara garieko detaa srotaharuu
Cape Young,केप यङ,केप यङ,kepa yanga,kepa yanga
This is free software with ABSOLUTELY NO WARRANTY.,यो पूर्ण रूपमा कुनै वारेन्टी बिनाको निः शुल्क सफ्टवेयर हो।,यो पूर्ण रूपमा कुनै वारेन्टी बिनाको निः शुल्क सफ्टवेयर हो।,yo puurna ruupamaa kunai waarentii binaako nih shulka saphtaweyara ho.,yo puurna ruupamaa kunai waarentii binaako nih shulka saphtaweyara ho.
Opponent cannot move (stalemate),विपक्षीले सार्न सक्दैन (गतिरोध),विपक्षीले सार्न सक्दैन (गतिरोध),wipakshiile saarna sakdaina (gatirodha),wipakshiile saarna sakdaina (gatirodha)
Can focus,ध्यान केन्द्रित गर्न सक्छ,ध्यान केन्द्रित गर्न सक्छ,dhyaana kendrita garna sakchha,dhyaana kendrita garna sakchha
Save Image,छवि बचत गर्नुहोस्,छवि बचत गर,chhawi bachata garnuhos,chhawi bachata gara
Place the comment delimiters on blank lines.,टिप्पणी परिसीमनहरूलाई खाली रेखाहरूमा राख्नुहोस्।,टिप्पणी परिसीमनहरूलाई खाली रेखाहरूमा राख्नुहोस्।,tippanii parisiimanaharuulaaii khaalii rekhaaharuumaa raakhnuhos.,tippanii parisiimanaharuulaaii khaalii rekhaaharuumaa raakhnuhos.
Keyboard shortcut to switch to the numbered tab,अङ्कित ट्याबमा स्विच गर्न कुञ्जीबोर्ड सर्टकट,अङ्कित ट्याबमा स्विच गर्न कुञ्जीबोर्ड सर्टकट,angkita tyaabamaa swicha garna kunyjiiborda sartakata,angkita tyaabamaa swicha garna kunyjiiborda sartakata
Additional safe protocols,अतिरिक्त सुरक्षित प्रोटोकलहरू,अतिरिक्त सुरक्षित प्रोटोकलहरू,atirikta surakshita protokalaharuu,atirikta surakshita protokalaharuu
Itip Formatter,आइटिपी ढाँचा,आइटिपी ढाँचा,aaitipii dhaanchaa,aaitipii dhaanchaa
Go to the start of the current block,हालको ब्लकको सुरुमा जानुहोस्,हालको ब्लकको सुरुमा जाऊ,haalako blakako surumaa jaanuhos,haalako blakako surumaa jaauu
"Mark messages which have been classified as virus-infected as read, as well as moving them to the selected folder.",भाइरस-संक्रमितका रूपमा वर्गीकृत गरिएका सन्देशहरूलाई पढ्नका साथै तिनीहरूलाई चयन गरिएको फोल्डरमा सार्ने चिन्ह लगाउनुहोस्।,भाइरस-संक्रमितका रूपमा वर्गीकृत गरिएका सन्देशहरूलाई पढ्नका साथै तिनीहरूलाई चयन गरिएको फोल्डरमा सार्ने चिन्ह लगाउनुहोस्।,bhaairasa-snkramitakaa ruupamaa wargiikrita gariekaa sandeshaharuulaaii padhnakaa saathai tiniiharuulaaii chayana garieko pholdaramaa saarne chinha lagaaunuhos.,bhaairasa-snkramitakaa ruupamaa wargiikrita gariekaa sandeshaharuulaaii padhnakaa saathai tiniiharuulaaii chayana garieko pholdaramaa saarne chinha lagaaunuhos.
Number of Songs,गीतहरूको सङ्ख्या,गीतहरूको सङ्ख्या,giitaharuuko sangkhyaa,giitaharuuko sangkhyaa
Nightmare,दुःस्वप्न,दुःस्वप्न,duhswapna,duhswapna
Pulsate progress bar,पल्स प्रगति पट्टी,पल्स प्रगति पट्टी,palsa pragati pattii,palsa pragati pattii
Deform brush,ब्रशलाई विकृत गर्नुहोस्,ब्रशलाई विकृत गर,brashalaaii wikrita garnuhos,brashalaaii wikrita gara
Marketing,मार्केटिङ,मार्केटिङ,maarketinga,maarketinga
Displays a few lines of text spinning around in a solid 3D font. The text can use strftime() escape codes to display the current date and time. Written by Jamie Zawinski; 2001.,ठोस 3डी फन्टमा वरिपरि घुम्ने पाठका केही पङ्क्तिहरू देखाउँछ। पाठले हालको मिति र समय प्रदर्शन गर्न स्ट्रफ्टाइम () एस्केप कोडहरू प्रयोग गर्न सक्छ। जेमी जाविन्स्कीद्वारा लेखिएको; 2001।,ठोस 3डी फन्टमा वरिपरि घुम्ने पाठका केही पङ्क्तिहरू देखाउँछ। पाठले हालको मिति र समय प्रदर्शन गर्न स्ट्रफ्टाइम () एस्केप कोडहरू प्रयोग गर्न सक्छ। जेमी जाविन्स्कीद्वारा लेखिएको; 2001।,thosa 3dii phantamaa waripari ghumne paathakaa kehii pangktiharuu dekhaaunchha. paathale haalako miti ra samaya pradarshana garna straphtaaima () eskepa kodaharuu prayoga garna sakchha. jemii jaawinskiidwaaraa lekhieko; 2001.,thosa 3dii phantamaa waripari ghumne paathakaa kehii pangktiharuu dekhaaunchha. paathale haalako miti ra samaya pradarshana garna straphtaaima () eskepa kodaharuu prayoga garna sakchha. jemii jaawinskiidwaaraa lekhieko; 2001.
Miscellaneous objects,विविध वस्तुहरू,विविध वस्तुहरू,wiwidha wastuharuu,wiwidha wastuharuu
Beauport,ब्युपोर्ट,ब्युपोर्ट,byuporta,byuporta
Use your own colors instead of the colors the page requests.,पृष्ठले अनुरोध गरेको रङहरूको सट्टा आफ्नै रङहरू प्रयोग गर्नुहोस्।,पृष्ठले अनुरोध गरेको रङहरूको सट्टा आफ्नै रङहरू प्रयोग गर।,prishthale anurodha gareko rangaharuuko sattaa aaphnai rangaharuu prayoga garnuhos.,prishthale anurodha gareko rangaharuuko sattaa aaphnai rangaharuu prayoga gara.
Program Interrupt,कार्यक्रममा अवरोध,कार्यक्रममा अवरोध,kaaryakramamaa awarodha,kaaryakramamaa awarodha
magenta3,म्याजेन्टा 3,म्याजेन्टा 3,myaajentaa 3,myaajentaa 3
Match complete lines,पूर्ण लाइनहरू मिलाउनुहोस्,पूर्ण लाइनहरू मिलाउनुहोस्,puurna laainaharuu milaaunuhos,puurna laainaharuu milaaunuhos
Use the current selection as print area,हालको चयनलाई प्रिन्ट क्षेत्रको रूपमा प्रयोग गर्नुहोस्,हालको चयनलाई प्रिन्ट क्षेत्रको रूपमा प्रयोग गर,haalako chayanalaaii printa kshetrako ruupamaa prayoga garnuhos,haalako chayanalaaii printa kshetrako ruupamaa prayoga gara
Maracay-B. A. Sucre,माराके-बी. ए. सुक्र,माराके-बी. ए. सुक्र,maaraake-bii. e. sukra,maaraake-bii. e. sukra
Robots with safe teleport with safe moves,सुरक्षित चालहरू भएका सुरक्षित टेलिपोर्ट भएका रोबोटहरू,सुरक्षित चालहरू भएका सुरक्षित टेलिपोर्ट भएका रोबोटहरू,surakshita chaalaharuu bhaekaa surakshita teliporta bhaekaa robotaharuu,surakshita chaalaharuu bhaekaa surakshita teliporta bhaekaa robotaharuu
there is no script in the new version of the package - giving up,प्याकेजको नयाँ संस्करणमा कुनै स्क्रिप्ट छैन-छोड्नुहोस्,प्याकेजको नयाँ संस्करणमा कुनै स्क्रिप्ट छैन-छोड्नुहोस्,pyaakejako nayaan snskaranamaa kunai skripta chhaina-chhodnuhos,pyaakejako nayaan snskaranamaa kunai skripta chhaina-chhodnuhos
Number of jobs queued in the printer,प्रिन्टरमा पङ्क्तिमा रहेका कार्यहरूको सङ्ख्या,प्रिन्टरमा पङ्क्तिमा रहेका कार्यहरूको सङ्ख्या,printaramaa pangktimaa rahekaa kaaryaharuuko sangkhyaa,printaramaa pangktimaa rahekaa kaaryaharuuko sangkhyaa
document text,कागजात पाठ,कागजात पाठ,kaagajaata paatha,kaagajaata paatha
"Playing field size. 1=Small, 2=Medium, 3=Large. Any other value is invalid.","खेल मैदानको आकार। 1 = सानो, 2 = मध्यम, 3 = ठुलो। कुनै पनि अन्य मान अमान्य छ।","खेल मैदानको आकार। 1 = सानो, 2 = मध्यम, 3 = ठुलो। कुनै पनि अन्य मान अमान्य छ।","khela maidaanako aakaara. 1 = saano, 2 = madhyama, 3 = thulo. kunai pani anya maana amaanya chha.","khela maidaanako aakaara. 1 = saano, 2 = madhyama, 3 = thulo. kunai pani anya maana amaanya chha."
Camagüey,क्यामागुए,क्यामागुए,kyaamaague,kyaamaague
Sending message,सन्देश पठाउँदै,सन्देश पठाउँदै,sandesha pathaaundai,sandesha pathaaundai
"background, style","पृष्ठभूमि, शैली","पृष्ठभूमि, शैली","prishthabhuumi, shailii","prishthabhuumi, shailii"
New email in Evolution,इभोलुसनमा नयाँ इमेल,इभोलुसनमा नयाँ इमेल,ibholusanamaa nayaan imela,ibholusanamaa nayaan imela
This message is not available in offline mode.,यो सन्देश अफलाइन मोडमा उपलब्ध छैन।,यो सन्देश अफलाइन मोडमा उपलब्ध छैन।,yo sandesha aphalaaina modamaa upalabdha chhaina.,yo sandesha aphalaaina modamaa upalabdha chhaina.
Add another control stop to gradient,ग्रेडियन्टमा अर्को नियन्त्रण स्टप थप्नुहोस्,ग्रेडियन्टमा अर्को नियन्त्रण स्टप थप्नुहोस्,grediyantamaa arko niyantrana stapa thapnuhos,grediyantamaa arko niyantrana stapa thapnuhos
"If true, labels will be placed beside icons rather than underneath them.","यदि सत्य हो भने, लेबलहरू तिनीहरूको तलको सट्टा आइकनहरूको छेउमा राखिनेछ।","यदि सत्य हो भने, लेबलहरू तिनीहरूको तलको सट्टा आइकनहरूको छेउमा राखिनेछ।","yadi satya ho bhane, lebalaharuu tiniiharuuko talako sattaa aaikanaharuuko chheumaa raakhinechha.","yadi satya ho bhane, lebalaharuu tiniiharuuko talako sattaa aaikanaharuuko chheumaa raakhinechha."
TargetTypes,लक्ष्यका प्रकारहरू,लक्ष्यका प्रकारहरू,lakshyakaa prakaaraharuu,lakshyakaa prakaaraharuu
Background texture tile,पृष्ठभूमि बनावट टाइल,पृष्ठभूमि बनावट टाइल,prishthabhuumi banaawata taaila,prishthabhuumi banaawata taaila
Rotation speed,घूर्णन गति,घूर्णन गति,ghuurnana gati,ghuurnana gati
Requested action not taken: mailbox unavailable,अनुरोध गरिएको कार्य गरिएको छैनः मेलबक्स उपलब्ध छैन,अनुरोध गरिएको कार्य गरिएको छैनः मेलबक्स उपलब्ध छैन,anurodha garieko kaarya garieko chhainh melabaksa upalabdha chhaina,anurodha garieko kaarya garieko chhainh melabaksa upalabdha chhaina
Translator credits,अनुवादक क्रेडिट,अनुवादक क्रेडिट,anuwaadaka kredita,anuwaadaka kredita
Lower Channel,तल्लो च्यानल,तल्लो च्यानल,tallo chyaanala,tallo chyaanala
Icon name,प्रतीक नाम,प्रतीक नाम,pratiika naama,pratiika naama
Inspect/Evaluate,निरीक्षण/मूल्याङ्कन गर्नुहोस्,निरीक्षण/मूल्याङ्कन गर,niriikshana/muulyaangkana garnuhos,niriikshana/muulyaangkana gara
ten of diamonds,दश हीरा,दश हीरा,dasha hiiraa,dasha hiiraa
Plain Text Mode,सादा पाठ मोड,सादा पाठ मोड,saadaa paatha moda,saadaa paatha moda
Number of AI players,एआई खेलाडीहरूको सङ्ख्या,एआई खेलाडीहरूको सङ्ख्या,eaaii khelaadiiharuuko sangkhyaa,eaaii khelaadiiharuuko sangkhyaa
Cursor Movement,कर्सर आन्दोलन,कर्सर आन्दोलन,karsara aandolana,karsara aandolana
Run evince in presentation mode,प्रस्तुति मोडमा इभिनस चलाउनुहोस्,प्रस्तुति मोडमा इभिनस चलाउनुहोस्,prastuti modamaa ibhinasa chalaaunuhos,prastuti modamaa ibhinasa chalaaunuhos
Weatherford,वेदरफोर्ड,वेदरफोर्ड,wedaraphorda,wedaraphorda
Le Lamentin,ले ल्यामेंटिन,ले ल्यामेंटिन,le lyaamentina,le lyaamentina
Mykolayiv,माइकोलायिव,माइकोलायिव,maaikolaayiwa,maaikolaayiwa
Select all text,सबै पाठ चयन गर्नुहोस्,सबै पाठ चयन गर,sabai paatha chayana garnuhos,sabai paatha chayana gara
"Highlighting for RPM Spec-Files, Perl, Diff and more","आरपिएम विशिष्ट-फाइलहरू, पर्ल, भिन्नता र अधिकका लागि हाइलाइट गर्दै","आरपिएम विशिष्ट-फाइलहरू, पर्ल, भिन्नता र अधिकका लागि हाइलाइट गर्दै","aarapiema wishishta-phaailaharuu, parla, bhinnataa ra adhikakaa laagi haailaaita gardai","aarapiema wishishta-phaailaharuu, parla, bhinnataa ra adhikakaa laagi haailaaita gardai"
This key specifies the number of seconds each frame will be displayed.,यो कुञ्जीले प्रत्येक फ्रेम प्रदर्शन हुने सेकेन्डहरूको सङ्ख्या निर्दिष्ट गर्दछ।,यो कुञ्जीले प्रत्येक फ्रेम प्रदर्शन हुने सेकेन्डहरूको सङ्ख्या निर्दिष्ट गर्दछ।,yo kunyjiile pratyeka phrema pradarshana hune sekendaharuuko sangkhyaa nirdishta gardachha.,yo kunyjiile pratyeka phrema pradarshana hune sekendaharuuko sangkhyaa nirdishta gardachha.
Migrating Folders,फोल्डरहरू स्थानान्तरण गर्दै,फोल्डरहरू स्थानान्तरण गर्दै,pholdaraharuu sthaanaantarana gardai,pholdaraharuu sthaanaantarana gardai
Adding files to archive,अभिलेखमा फाइलहरू थप्दै,अभिलेखमा फाइलहरू थप्दै,abhilekhamaa phaailaharuu thapdai,abhilekhamaa phaailaharuu thapdai
Epiphany (RDF),एपिफेनी (आरडिएफ),एपिफेनी (आरडिएफ),epiphenii (aaradiepha),epiphenii (aaradiepha)
"Choose the file that you want to import into Evolution, and select what type of file it is from the list.","तपाईँ इभोलुसनमा आयात गर्न चाहनु भएको फाइल छान्नुहोस्, र यो सूचीबाट कुन प्रकारको फाइल हो चयन गर्नुहोस्।","तिमी इभोलुसनमा आयात गर्न चाहनु भएको फाइल छान्नुहोस्, र यो सूचीबाट कुन प्रकारको फाइल हो चयन गर।","tapaaiin ibholusanamaa aayaata garna chaahanu bhaeko phaaila chhaannuhos, ra yo suuchiibaata kuna prakaarako phaaila ho chayana garnuhos.","timii ibholusanamaa aayaata garna chaahanu bhaeko phaaila chhaannuhos, ra yo suuchiibaata kuna prakaarako phaaila ho chayana gara."
"By default, sticky notes are given the current date as the title when they are created. This format is used; anything that can be parsed by strftime() is valid.","पूर्वनिर्धारित रूपमा, चिपचिपा नोटहरूलाई सिर्जना गर्दा शीर्षकको रूपमा हालको मिति दिइन्छ। यो ढाँचा प्रयोग गरिन्छ; स्ट्रफ्टाइम () द्वारा पार्स गर्न सकिने कुनै पनि कुरा मान्य हुन्छ।","पूर्वनिर्धारित रूपमा, चिपचिपा नोटहरूलाई सिर्जना गर्दा शीर्षकको रूपमा हालको मिति दिइन्छ। यो ढाँचा प्रयोग गरिन्छ; स्ट्रफ्टाइम () द्वारा पार्स गर्न सकिने कुनै पनि कुरा मान्य हुन्छ।","puurwanirdhaarita ruupamaa, chipachipaa notaharuulaaii sirjanaa gardaa shiirshakako ruupamaa haalako miti diinchha. yo dhaanchaa prayoga garinchha; straphtaaima () dwaaraa paarsa garna sakine kunai pani kuraa maanya hunchha.","puurwanirdhaarita ruupamaa, chipachipaa notaharuulaaii sirjanaa gardaa shiirshakako ruupamaa haalako miti diinchha. yo dhaanchaa prayoga garinchha; straphtaaima () dwaaraa paarsa garna sakine kunai pani kuraa maanya hunchha."
List of labels known to the mail component of Evolution. The list contains strings containing name:color where color uses the HTML hex encoding.,इभोलुसनको मेल कम्पोनेन्टमा चिनिने लेबलहरूको सूची। सूचीमा नाम समावेश गर्ने स्ट्रिङहरू समावेश छन्ः रङ जहाँ रङले एचटिएमएल हेक्स एन्कोडिङ प्रयोग गर्दछ।,इभोलुसनको मेल कम्पोनेन्टमा चिनिने लेबलहरूको सूची। सूचीमा नाम समावेश गर्ने स्ट्रिङहरू समावेश छन्ः रङ जहाँ रङले एचटिएमएल हेक्स एन्कोडिङ प्रयोग गर्दछ।,ibholusanako mela kamponentamaa chinine lebalaharuuko suuchii. suuchiimaa naama samaawesha garne stringaharuu samaawesha chhanh ranga jahaan rangale echatiemaela heksa enkodinga prayoga gardachha.,ibholusanako mela kamponentamaa chinine lebalaharuuko suuchii. suuchiimaa naama samaawesha garne stringaharuu samaawesha chhanh ranga jahaan rangale echatiemaela heksa enkodinga prayoga gardachha.
Convert Format,ढाँचा रूपान्तरण गर्नुहोस्,ढाँचा रूपान्तरण गर,dhaanchaa ruupaantarana garnuhos,dhaanchaa ruupaantarana gara
"""Check Junk"" Failed","""चेक जङ्क"" असफल भयो","""चेक जङ्क"" असफल भयो","""cheka jangka"" asaphala bhayo","""cheka jangka"" asaphala bhayo"
Document Not Found,कागजात फेला परेन,कागजात फेला परेन,kaagajaata phelaa parena,kaagajaata phelaa parena
Add Breakpoint…,ब्रेकपोइन्ट थप्नुहोस्...,ब्रेकपोइन्ट थप्नुहोस्...,brekapointa thapnuhos...,brekapointa thapnuhos...
General Options,सामान्य विकल्पहरू,सामान्य विकल्पहरू,saamaanya wikalpaharuu,saamaanya wikalpaharuu
Show in folder,फोल्डरमा देखाउनुहोस्,फोल्डरमा देखाउनुहोस्,pholdaramaa dekhaaunuhos,pholdaramaa dekhaaunuhos
Keyboard shortcut to set the terminal title,टर्मिनल शीर्षक सेट गर्न कुञ्जीबोर्ड सर्टकट,टर्मिनल शीर्षक सेट गर्न कुञ्जीबोर्ड सर्टकट,tarminala shiirshaka seta garna kunyjiiborda sartakata,tarminala shiirshaka seta garna kunyjiiborda sartakata
ICQ Home Id 2,आइसिक्यु होम आईडी 2,आइसिक्यु होम आईडी 2,aaisikyu homa aaiidii 2,aaisikyu homa aaiidii 2
Matamoros,मातामोरोस,मातामोरोस,maataamorosa,maataamorosa
30 minutes,30 मिनेट,30 मिनेट,30 mineta,30 mineta
Galeon/Konqueror bookmarks,ग्यालेन/कन्करर बुकमार्कहरू,ग्यालेन/कन्करर बुकमार्कहरू,gyaalena/kankarara bukamaarkaharuu,gyaalena/kankarara bukamaarkaharuu
There was an error when attempting to create the directory for the new database files.,नयाँ डाटाबेस फाइलहरूका लागि निर्देशिका सिर्जना गर्ने प्रयास गर्दा त्यहाँ त्रुटि थियो।,नयाँ डाटाबेस फाइलहरूका लागि निर्देशिका सिर्जना गर्ने प्रयास गर्दा त्यहाँ त्रुटि थियो।,nayaan daataabesa phaailaharuukaa laagi nirdeshikaa sirjanaa garne prayaasa gardaa tyahaan truti thiyo.,nayaan daataabesa phaailaharuukaa laagi nirdeshikaa sirjanaa garne prayaasa gardaa tyahaan truti thiyo.
Ignore network availability,सञ्जालको उपलब्धतालाई बेवास्ता गर्नुहोस्,सञ्जालको उपलब्धतालाई बेवास्ता गर,sanyjaalako upalabdhataalaaii bewaastaa garnuhos,sanyjaalako upalabdhataalaaii bewaastaa gara
"Internal error: Good signature, but could not determine key fingerprint?!","आन्तरिक त्रुटिः राम्रो हस्ताक्षर, तर कुञ्जी फिंगरप्रिन्ट निर्धारण गर्न सकेन?!","आन्तरिक त्रुटिः राम्रो हस्ताक्षर, तर कुञ्जी फिंगरप्रिन्ट निर्धारण गर्न सकेन?!","aantarika trutih raamro hastaakshara, tara kunyjii phingaraprinta nirdhaarana garna sakena?!","aantarika trutih raamro hastaakshara, tara kunyjii phingaraprinta nirdhaarana garna sakena?!"
Stock left: 0,स्टक बायाँः 0,स्टक बायाँः 0,staka baayaanh 0,staka baayaanh 0
You did not select a document name.,तपाईँले कागजातको नाम चयन गर्नुभएको छैन।,तिमीले कागजातको नाम चयन गर्नुभएको छैन।,tapaaiinle kaagajaatako naama chayana garnubhaeko chhaina.,timiile kaagajaatako naama chayana garnubhaeko chhaina.
Select destination file,गन्तव्य फाइल चयन गर्नुहोस्,गन्तव्य फाइल चयन गर,gantawya phaaila chayana garnuhos,gantawya phaaila chayana gara
Overwrite local note,स्थानीय नोटलाई अधिलेखन गर्नुहोस्,स्थानीय नोटलाई अधिलेखन गर,sthaaniiya notalaaii adhilekhana garnuhos,sthaaniiya notalaaii adhilekhana gara
Error subscribing to folder,फोल्डरमा सदस्यता लिन त्रुटि,फोल्डरमा सदस्यता लिन त्रुटि,pholdaramaa sadasyataa lina truti,pholdaramaa sadasyataa lina truti
Job Title,कामको शीर्षक,कामको शीर्षक,kaamako shiirshaka,kaamako shiirshaka
"Search filter is the type of object to be searched for. If this is not modified, the default search will be performed on the type ""person"".","खोज फिल्टर खोजिने वस्तुको प्रकार हो। यदि यो परिमार्जन गरिएको छैन भने, पूर्वनिर्धारित खोज ""व्यक्ति"" प्रकारमा प्रदर्शन गरिनेछ।","खोज फिल्टर खोजिने वस्तुको प्रकार हो। यदि यो परिमार्जन गरिएको छैन भने, पूर्वनिर्धारित खोज ""व्यक्ति"" प्रकारमा प्रदर्शन गरिनेछ।","khoja philtara khojine wastuko prakaara ho. yadi yo parimaarjana garieko chhaina bhane, puurwanirdhaarita khoja ""wyakti"" prakaaramaa pradarshana garinechha.","khoja philtara khojine wastuko prakaara ho. yadi yo parimaarjana garieko chhaina bhane, puurwanirdhaarita khoja ""wyakti"" prakaaramaa pradarshana garinechha."
Open the bookmarks in this topic in new tabs,यस विषयमा नयाँ ट्याबहरूमा बुकमार्कहरू खोल्नुहोस्,यस विषयमा नयाँ ट्याबहरूमा बुकमार्कहरू खोल्नुहोस्,yasa wishayamaa nayaan tyaabaharuumaa bukamaarkaharuu kholnuhos,yasa wishayamaa nayaan tyaabaharuumaa bukamaarkaharuu kholnuhos
Light player wins!,हल्का खेलाडी विजयी!,हल्का खेलाडी विजयी!,halkaa khelaadii wijayii!,halkaa khelaadii wijayii!
Min vertical bar width,न्यूनतम ठाडो पट्टी चौडाइ,न्यूनतम ठाडो पट्टी चौडाइ,nyuunatama thaado pattii chaudaai,nyuunatama thaado pattii chaudaai
You don't have a writable data folder configured.,तपाईँसँग लेख्न सकिने डेटा फोल्डर कन्फिगर गरिएको छैन।,तिमीसँग लेख्न सकिने डेटा फोल्डर कन्फिगर गरिएको छैन।,tapaaiinsnga lekhna sakine detaa pholdara kanphigara garieko chhaina.,timiisnga lekhna sakine detaa pholdara kanphigara garieko chhaina.
The horizontal alignment of the label,लेबलको क्षैतिज पङ्क्तिबद्धता,लेबलको क्षैतिज पङ्क्तिबद्धता,lebalako kshaitija pangktibaddhataa,lebalako kshaitija pangktibaddhataa
La Ronge,ला रोङ,ला रोङ,laa ronga,laa ronga
It is a meeting.,यो एउटा बैठक हो।,यो एउटा बैठक हो।,yo eutaa baithaka ho.,yo eutaa baithaka ho.
The file path,फाइल मार्ग,फाइल मार्ग,phaaila maarga,phaaila maarga
Klondike,क्लोन्डाइक,क्लोन्डाइक,klondaaika,klondaaika
Level to start with.,सुरु गर्न स्तर।,सुरु गर्न स्तर।,suru garna stara.,suru garna stara.
Default Zoom Factor,पूर्वनिर्धारित जूम कारक,पूर्वनिर्धारित जूम कारक,puurwanirdhaarita juuma kaaraka,puurwanirdhaarita juuma kaaraka
Whether to display the right margin,सही मार्जिन प्रदर्शन गर्ने कि छैन,सही मार्जिन प्रदर्शन गर्ने कि छैन,sahii maarjina pradarshana garne ki chhaina,sahii maarjina pradarshana garne ki chhaina
Check update,अद्यावधिक जाँच गर्नुहोस्,अद्यावधिक जाँच गर,adyaawadhika jaancha garnuhos,adyaawadhika jaancha gara
Play a sound when we log out,जब हामी लग आउट हुन्छौँ तब आवाज बजाउनुहोस्,जब हामी लग आउट हुन्छौँ तब आवाज बजाउनुहोस्,jaba haamii laga aauta hunchhaun taba aawaaja bajaaunuhos,jaba haamii laga aauta hunchhaun taba aawaaja bajaaunuhos
The search results may be out of date or invalid. Do you want to disable the quick search feature?,खोज परिणामहरू मिति बाहिर वा अमान्य हुन सक्छ। के तपाईँ द्रुत खोज सुविधा असक्षम गर्न चाहनुहुन्छ?,खोज परिणामहरू मिति बाहिर वा अमान्य हुन सक्छ। के तिमी द्रुत खोज सुविधा असक्षम गर्न चाहनुहुन्छ?,khoja parinaamaharuu miti baahira waa amaanya huna sakchha. ke tapaaiin druta khoja suwidhaa asakshama garna chaahanuhunchha?,khoja parinaamaharuu miti baahira waa amaanya huna sakchha. ke timii druta khoja suwidhaa asakshama garna chaahanuhunchha?
Medium with Fakes,नक्कलीसँग मध्यम,नक्कलीसँग मध्यम,nakkaliisnga madhyama,nakkaliisnga madhyama
Search paths used by this object,यस वस्तुद्वारा प्रयोग गरिएका खोज मार्गहरू,यस वस्तुद्वारा प्रयोग गरिएका खोज मार्गहरू,yasa wastudwaaraa prayoga gariekaa khoja maargaharuu,yasa wastudwaaraa prayoga gariekaa khoja maargaharuu
(High Priority),(उच्च प्राथमिकता),(उच्च प्राथमिकता),(uchcha praathamikataa),(uchcha praathamikataa)
Title of the free/ busy list,निःशुल्क/व्यस्त सूचीको शीर्षक,निःशुल्क/व्यस्त सूचीको शीर्षक,nihshulka/wyasta suuchiiko shiirshaka,nihshulka/wyasta suuchiiko shiirshaka
Extra functions,अतिरिक्त प्रकार्यहरू,अतिरिक्त प्रकार्यहरू,atirikta prakaaryaharuu,atirikta prakaaryaharuu
(#160;) Nonbreaking space,(#160;) गैर-भंग स्थान,(#160;) गैर-भंग स्थान,(#160;) gaira-bhnga sthaana,(#160;) gaira-bhnga sthaana
Share Folder,फोल्डर साझेदारी गर्नुहोस्,फोल्डर साझेदारी गर,pholdara saajhedaarii garnuhos,pholdara saajhedaarii gara
Insert snippet into editor at current cursor position,हालको कर्सर स्थितिमा सम्पादकमा स्निपेट घुसाउनुहोस्,हालको कर्सर स्थितिमा सम्पादकमा स्निपेट घुसाउनुहोस्,haalako karsara sthitimaa sampaadakamaa snipeta ghusaaunuhos,haalako karsara sthitimaa sampaadakamaa snipeta ghusaaunuhos
Robots Scores,रोबोट स्कोरहरू,रोबोट स्कोरहरू,robota skoraharuu,robota skoraharuu
Forward to,अगाडि बढ्नुहोस्,अगाडि बढ्नुहोस्,agaadi badhnuhos,agaadi badhnuhos
Unknown Status,अज्ञात स्थिति,अज्ञात स्थिति,ajnyaata sthiti,ajnyaata sthiti
Value Is Not Unique,मूल्य अद्वितीय छैन,मूल्य अद्वितीय छैन,muulya adwitiiya chhaina,muulya adwitiiya chhaina
Paste tasks from the clipboard,क्लिपबोर्डबाट कार्यहरू टाँस्नुहोस्,क्लिपबोर्डबाट कार्यहरू टाँस्नुहोस्,klipabordabaata kaaryaharuu taansnuhos,klipabordabaata kaaryaharuu taansnuhos
Action not available,कार्य उपलब्ध छैन,कार्य उपलब्ध छैन,kaarya upalabdha chhaina,kaarya upalabdha chhaina
Compose a reply to all the recipients of the selected message,चयन गरिएको सन्देशका सबै प्राप्तकर्ताहरूलाई जवाफ लेख्नुहोस्,चयन गरिएको सन्देशका सबै प्राप्तकर्ताहरूलाई जवाफ लेख्नुहोस्,chayana garieko sandeshakaa sabai praaptakartaaharuulaaii jawaapha lekhnuhos,chayana garieko sandeshakaa sabai praaptakartaaharuulaaii jawaapha lekhnuhos
Name of SVG vector file,एसभीजी भेक्टर फाइलको नाम,एसभीजी भेक्टर फाइलको नाम,esabhiijii bhektara phaailako naama,esabhiijii bhektara phaailako naama
Generic C++ Class,सामान्य सी + + वर्ग,सामान्य सी + + वर्ग,saamaanya sii + + warga,saamaanya sii + + warga
Network Connections,सञ्जाल जडानहरू,सञ्जाल जडानहरू,sanyjaala jadaanaharuu,sanyjaala jadaanaharuu
RANDNORMTAIL:random variate from the upper tail of a normal distribution with mean 0,र्यान्डनर्मटेलः औसत 0 सँग सामान्य वितरणको माथिल्लो पुच्छरबाट अनियमित भिन्नता,र्यान्डनर्मटेलः औसत 0 सँग सामान्य वितरणको माथिल्लो पुच्छरबाट अनियमित भिन्नता,ryaandanarmatelh ausata 0 snga saamaanya witaranako maathillo puchchharabaata aniyamita bhinnataa,ryaandanarmatelh ausata 0 snga saamaanya witaranako maathillo puchchharabaata aniyamita bhinnataa
Beleaguered Castle,दुर्दशाग्रस्त महल,दुर्दशाग्रस्त महल,durdashaagrasta mahala,durdashaagrasta mahala
Don't check whether the notification area exists,सूचना क्षेत्र अवस्थित छ कि छैन जाँच नगर्नुहोस्,सूचना क्षेत्र अवस्थित छ कि छैन जाँच नगर,suuchanaa kshetra awasthita chha ki chhaina jaancha nagarnuhos,suuchanaa kshetra awasthita chha ki chhaina jaancha nagara
"Add an image to the layout, such as a logo. The image will be the same for every record viewed. To show an image field from a record, to show different images for each field, use the field layout item.","लेआउटमा एउटा छवि थप्नुहोस्, जस्तै लोगो। छवि प्रत्येक रेकर्डका लागि उस्तै हुनेछ। रेकर्डबाट छवि क्षेत्र देखाउन, प्रत्येक क्षेत्रका लागि फरक छविहरू देखाउन, क्षेत्र लेआउट वस्तु प्रयोग गर्नुहोस्।","लेआउटमा एउटा छवि थप्नुहोस्, जस्तै लोगो। छवि प्रत्येक रेकर्डका लागि उस्तै हुनेछ। रेकर्डबाट छवि क्षेत्र देखाउन, प्रत्येक क्षेत्रका लागि फरक छविहरू देखाउन, क्षेत्र लेआउट वस्तु प्रयोग गर।","leaautamaa eutaa chhawi thapnuhos, jastai logo. chhawi pratyeka rekardakaa laagi ustai hunechha. rekardabaata chhawi kshetra dekhaauna, pratyeka kshetrakaa laagi pharaka chhawiharuu dekhaauna, kshetra leaauta wastu prayoga garnuhos.","leaautamaa eutaa chhawi thapnuhos, jastai logo. chhawi pratyeka rekardakaa laagi ustai hunechha. rekardabaata chhawi kshetra dekhaauna, pratyeka kshetrakaa laagi pharaka chhawiharuu dekhaauna, kshetra leaauta wastu prayoga gara."
Enters and exits flat review mode.,फ्ल्याट समीक्षा मोडमा प्रवेश र निकास गर्दछ।,फ्ल्याट समीक्षा मोडमा प्रवेश र निकास गर्दछ।,phlyaata samiikshaa modamaa prawesha ra nikaasa gardachha.,phlyaata samiikshaa modamaa prawesha ra nikaasa gardachha.
Image to use for drawing blocks,ब्लकहरू रेखाङ्कन गर्न प्रयोग गर्ने छवि,ब्लकहरू रेखाङ्कन गर्न प्रयोग गर्ने छवि,blakaharuu rekhaangkana garna prayoga garne chhawi,blakaharuu rekhaangkana garna prayoga garne chhawi
Activate 2 pass encoding when set,सेट गर्दा 2 पास सङ्केत सक्रिय गर्नुहोस्,सेट गर्दा 2 पास सङ्केत सक्रिय गर,seta gardaa 2 paasa sangketa sakriya garnuhos,seta gardaa 2 paasa sangketa sakriya gara
Command not implemented,आदेश लागु गरिएको छैन,आदेश लागु गरिएको छैन,aadesha laagu garieko chhaina,aadesha laagu garieko chhaina
This event has been deleted.,यो घटना हटाइएको छ।,यो घटना हटाइएको छ।,yo ghatanaa hataaieko chha.,yo ghatanaa hataaieko chha.
Edit Application,अनुप्रयोग सम्पादन गर्नुहोस्,अनुप्रयोग सम्पादन गर,anuprayoga sampaadana garnuhos,anuprayoga sampaadana gara
Enable game sounds. Play sounds for various events throughout the game.,खेल ध्वनिलाई सक्षम गर्नुहोस्। खेलभरि विभिन्न कार्यक्रमहरूका लागि ध्वनिलाई बजाउनुहोस्।,खेल ध्वनिलाई सक्षम गर। खेलभरि विभिन्न कार्यक्रमहरूका लागि ध्वनिलाई बजाउनुहोस्।,khela dhwanilaaii sakshama garnuhos. khelabhari wibhinna kaaryakramaharuukaa laagi dhwanilaaii bajaaunuhos.,khela dhwanilaaii sakshama gara. khelabhari wibhinna kaaryakramaharuukaa laagi dhwanilaaii bajaaunuhos.
It's a draw!,यो एउटा ड्र हो!,यो एउटा ड्र हो!,yo eutaa dra ho!,yo eutaa dra ho!
Document was empty or contained only whitespace,कागजात खाली थियो वा केवल सेतो ठाउँ समावेश गरिएको थियो,कागजात खाली थियो वा केवल सेतो ठाउँ समावेश गरिएको थियो,kaagajaata khaalii thiyo waa kewala seto thaaun samaawesha garieko thiyo,kaagajaata khaalii thiyo waa kewala seto thaaun samaawesha garieko thiyo
Attribute Settings,विशेषता सेटिङहरू,विशेषता सेटिङहरू,wisheshataa setingaharuu,wisheshataa setingaharuu
Skill Pack,कौशल प्याक,कौशल प्याक,kaushala pyaaka,kaushala pyaaka
Command Line Parameters,कमान्ड लाइन मापदण्डहरू,कमान्ड लाइन मापदण्डहरू,kamaanda laaina maapadandaharuu,kamaanda laaina maapadandaharuu
Robots Preferences,रोबोटहरू प्राथमिकताहरू,रोबोटहरू प्राथमिकताहरू,robotaharuu praathamikataaharuu,robotaharuu praathamikataaharuu
Game Over,खेल समाप्त भयो,खेल समाप्त भयो,khela samaapta bhayo,khela samaapta bhayo
Show/Hide the image gallery pane.,छवि ग्यालरी फलक देखाउनुहोस्/लुकाउनुहोस्।,छवि ग्यालरी फलक देखाउनुहोस्/लुकाउनुहोस्।,chhawi gyaalarii phalaka dekhaaunuhos/lukaaunuhos.,chhawi gyaalarii phalaka dekhaaunuhos/lukaaunuhos.
Use own fonts,आफ्नै फन्टहरू प्रयोग गर्नुहोस्,आफ्नै फन्टहरू प्रयोग गर,aaphnai phantaharuu prayoga garnuhos,aaphnai phantaharuu prayoga gara
Autocomplete length,स्वतः पूर्ण लम्बाइ,स्वतः पूर्ण लम्बाइ,swath puurna lambaai,swath puurna lambaai
"Intervals shown in Day and Work Week views, in minutes.","दिन र कार्य सप्ताह दृश्यहरूमा देखाएका अन्तरालहरू, मिनेटमा।","दिन र कार्य सप्ताह दृश्यहरूमा देखाएका अन्तरालहरू, मिनेटमा।","dina ra kaarya saptaaha drishyaharuumaa dekhaaekaa antaraalaharuu, minetamaa.","dina ra kaarya saptaaha drishyaharuumaa dekhaaekaa antaraalaharuu, minetamaa."
Error: Bluebox effect operates only on RGB layers,त्रुटिः ब्लुबक्स प्रभावले आरजिबि तहहरूमा मात्र सञ्चालन गर्दछ,त्रुटिः ब्लुबक्स प्रभावले आरजिबि तहहरूमा मात्र सञ्चालन गर्दछ,trutih blubaksa prabhaawale aarajibi tahaharuumaa maatra sanychaalana gardachha,trutih blubaksa prabhaawale aarajibi tahaharuumaa maatra sanychaalana gardachha
Email Custom Header,इमेल अनुकूलन हेडर,इमेल अनुकूलन हेडर,imela anukuulana hedara,imela anukuulana hedara
New Calendar,नयाँ क्यालेन्डर,नयाँ क्यालेन्डर,nayaan kyaalendara,nayaan kyaalendara
CImg library,सि. आइ. एम. जि. पुस्तकालय,सि. आइ. एम. जि. पुस्तकालय,si. aai. ema. ji. pustakaalaya,si. aai. ema. ji. pustakaalaya
Exceptions,अपवादहरू,अपवादहरू,apawaadaharuu,apawaadaharuu
Enter password,पासवर्ड प्रविष्ट गर्नुहोस्,पासवर्ड प्रविष्ट गर,paasawarda prawishta garnuhos,paasawarda prawishta gara
Invalid month field in date,मितिमा अवैध महिना क्षेत्र,मितिमा अवैध महिना क्षेत्र,mitimaa awaidha mahinaa kshetra,mitimaa awaidha mahinaa kshetra
Could not get current track position,हालको ट्र्याक स्थिति प्राप्त गर्न सकेन,हालको ट्र्याक स्थिति प्राप्त गर्न सकेन,haalako tryaaka sthiti praapta garna sakena,haalako tryaaka sthiti praapta garna sakena
Remove the selected bookmark,चयन गरिएको बुकमार्क हटाउनुहोस्,चयन गरिएको बुकमार्क हटाउनुहोस्,chayana garieko bukamaarka hataaunuhos,chayana garieko bukamaarka hataaunuhos
Show two panes of bookmarks.,बुकमार्कका दुई प्यानहरू देखाउनुहोस्।,बुकमार्कका दुई प्यानहरू देखाउनुहोस्।,bukamaarkakaa duii pyaanaharuu dekhaaunuhos.,bukamaarkakaa duii pyaanaharuu dekhaaunuhos.
Only items ahead of print,प्रिन्टभन्दा अघिका वस्तुहरू मात्र,प्रिन्टभन्दा अघिका वस्तुहरू मात्र,printabhandaa aghikaa wastuharuu maatra,printabhandaa aghikaa wastuharuu maatra
Ariel Rios,एरियल रियोस,एरियल रियोस,eriyala riyosa,eriyala riyosa
"Evince is distributed in the hope that it will be useful, but WITHOUT ANY WARRANTY; without even the implied warranty of MERCHANTABILITY or FITNESS FOR A PARTICULAR PURPOSE. See the GNU General Public License for more details.","इभिंस यो उपयोगी हुनेछ भन्ने आशामा वितरण गरिएको छ, तर कुनै पनि वारेन्टी बिना; व्यापारिक उद्देश्यका लागि व्यापार वा फिटनेसको निहित वारेन्टी बिना पनि। थप विवरणहरूका लागि गनु सामान्य सार्वजनिक इजाजतपत्र हेर्नुहोस्।","इभिंस यो उपयोगी हुनेछ भन्ने आशामा वितरण गरिएको छ, तर कुनै पनि वारेन्टी बिना; व्यापारिक उद्देश्यका लागि व्यापार वा फिटनेसको निहित वारेन्टी बिना पनि। थप विवरणहरूका लागि गनु सामान्य सार्वजनिक इजाजतपत्र हेर्नुहोस्।","ibhinsa yo upayogii hunechha bhanne aashaamaa witarana garieko chha, tara kunai pani waarentii binaa; wyaapaarika uddeshyakaa laagi wyaapaara waa phitanesako nihita waarentii binaa pani. thapa wiwaranaharuukaa laagi ganu saamaanya saarwajanika ijaajatapatra hernuhos.","ibhinsa yo upayogii hunechha bhanne aashaamaa witarana garieko chha, tara kunai pani waarentii binaa; wyaapaarika uddeshyakaa laagi wyaapaara waa phitanesako nihita waarentii binaa pani. thapa wiwaranaharuukaa laagi ganu saamaanya saarwajanika ijaajatapatra hernuhos."
Select HTML variable width font for printing,मुद्रणका लागि एचटिएमएल चर चौडाइ फन्ट चयन गर्नुहोस्,मुद्रणका लागि एचटिएमएल चर चौडाइ फन्ट चयन गर,mudranakaa laagi echatiemaela chara chaudaai phanta chayana garnuhos,mudranakaa laagi echatiemaela chara chaudaai phanta chayana gara
Goes to previous button.,अघिल्लो बटनमा जान्छ।,अघिल्लो बटनमा जान्छ।,aghillo batanamaa jaanchha.,aghillo batanamaa jaanchha.
Create Launcher,लन्चर सिर्जना गर्नुहोस्,लन्चर सिर्जना गर,lanchara sirjanaa garnuhos,lanchara sirjanaa gara
Click to perform a search.,खोज गर्न क्लिक गर्नुहोस्।,खोज गर्न क्लिक गर।,khoja garna klika garnuhos.,khoja garna klika gara.
Game score,खेल स्कोर,खेल स्कोर,khela skora,khela skora
white bullet,सेतो गोली,सेतो गोली,seto golii,seto golii
SMTP server cannot be reached. Check your internet connection.,एसएमटिपी सर्भरमा पुग्न सकिँदैन। आफ्नो इन्टरनेट जडान जाँच गर्नुहोस्।,एसएमटिपी सर्भरमा पुग्न सकिँदैन। आफ्नो इन्टरनेट जडान जाँच गर।,esaematipii sarbharamaa pugna sakindaina. aaphno intaraneta jadaana jaancha garnuhos.,esaematipii sarbharamaa pugna sakindaina. aaphno intaraneta jadaana jaancha gara.
Open File,फाइल खोल्नुहोस्,फाइल खोल्नुहोस्,phaaila kholnuhos,phaaila kholnuhos
Make sure the URL is correct and try again.,सुनिश्चित गर्नुहोस् कि युआरएल सही छ र फेरि प्रयास गर्नुहोस्।,सुनिश्चित गर कि युआरएल सही छ र फेरि प्रयास गर।,sunishchita garnuhos ki yuaaraela sahii chha ra pheri prayaasa garnuhos.,sunishchita gara ki yuaaraela sahii chha ra pheri prayaasa gara.
5 of a Kind [50],5 एक प्रकारको [50],5 एक प्रकारको [50],5 eka prakaarako [50],5 eka prakaarako [50]
"View, delete and report different scenarios","विभिन्न परिदृश्यहरू हेर्नुहोस्, मेटाउनुहोस् र रिपोर्ट गर्नुहोस्","विभिन्न परिदृश्यहरू हेर्नुहोस्, मेटाउनुहोस् र रिपोर्ट गर","wibhinna paridrishyaharuu hernuhos, metaaunuhos ra riporta garnuhos","wibhinna paridrishyaharuu hernuhos, metaaunuhos ra riporta gara"
ICQ Home Id 1,आइसिक्यु होम आईडी 1,आइसिक्यु होम आईडी 1,aaisikyu homa aaiidii 1,aaisikyu homa aaiidii 1
KMail Error,के-मेल त्रुटि,के-मेल त्रुटि,ke-mela truti,ke-mela truti
Repeat the last Find command,अन्तिम खोज आदेश दोहोऱ्याउनुहोस्,अन्तिम खोज आदेश दोहोऱ्याउनुहोस्,antima khoja aadesha dohoryaaunuhos,antima khoja aadesha dohoryaaunuhos
View the scores,अङ्कहरू हेर्नुहोस्,अङ्कहरू हेर्नुहोस्,angkaharuu hernuhos,angkaharuu hernuhos
scroll lock,स्क्रोल लक,स्क्रोल लक,skrola laka,skrola laka
Select Using Pattern,ढाँचा प्रयोग गरेर चयन गर्नुहोस्,ढाँचा प्रयोग गरेर चयन गर,dhaanchaa prayoga garera chayana garnuhos,dhaanchaa prayoga garera chayana gara
This option would help in improving the speed of fetching.,यो विकल्पले ल्याउने गति सुधार गर्न मद्दत गर्नेछ।,यो विकल्पले ल्याउने गति सुधार गर्न मद्दत गर्नेछ।,yo wikalpale lyaaune gati sudhaara garna maddata garnechha.,yo wikalpale lyaaune gati sudhaara garna maddata garnechha.
Couldn't allocate memory for loading JPEG file,जेपिइजी फाइल लोड गर्नका लागि मेमोरी छुट्याउन सकेन,जेपिइजी फाइल लोड गर्नका लागि मेमोरी छुट्याउन सकेन,jepiijii phaaila loda garnakaa laagi memorii chhutyaauna sakena,jepiijii phaaila loda garnakaa laagi memorii chhutyaauna sakena
Make the window below other windows,अन्य विन्डोहरू तल विन्डो बनाउनुहोस्,अन्य विन्डोहरू तल विन्डो बनाउनुहोस्,anya windoharuu tala windo banaaunuhos,anya windoharuu tala windo banaaunuhos
Unbreakable text,अटुट पाठ,अटुट पाठ,atuta paatha,atuta paatha
Email Certificate Trust Settings,इमेल प्रमाणपत्र ट्रस्ट सेटिङहरू,इमेल प्रमाणपत्र ट्रस्ट सेटिङहरू,imela pramaanapatra trasta setingaharuu,imela pramaanapatra trasta setingaharuu
Authentication Required,प्रमाणीकरण आवश्यक छ,प्रमाणीकरण आवश्यक छ,pramaaniikarana aawashyaka chha,pramaaniikarana aawashyaka chha
Whether to rotate counter clock wise,काउन्टर घडी अनुसार घुमाउने कि छैन,काउन्टर घडी अनुसार घुमाउने कि छैन,kaauntara ghadii anusaara ghumaaune ki chhaina,kaauntara ghadii anusaara ghumaaune ki chhaina
Status external,बाह्य स्थिति,बाह्य स्थिति,baahya sthiti,baahya sthiti
Browse at full screen,पूर्ण स्क्रिनमा ब्राउज गर्नुहोस्,पूर्ण स्क्रिनमा ब्राउज गर,puurna skrinamaa braauja garnuhos,puurna skrinamaa braauja gara
No contacts,कुनै सम्पर्क छैन,कुनै सम्पर्क छैन,kunai samparka chhaina,kunai samparka chhaina
inaccessible,दुर्गम,दुर्गम,durgama,durgama
Could not open the attachment,संलग्नक खोल्न सकेन,संलग्नक खोल्न सकेन,snlagnaka kholna sakena,snlagnaka kholna sakena
Place the brace on the line of the if test.,ब्रेसलाई इफ टेस्टको रेखामा राख्नुहोस्।,ब्रेसलाई इफ टेस्टको रेखामा राख्नुहोस्।,bresalaaii ipha testako rekhaamaa raakhnuhos.,bresalaaii ipha testako rekhaamaa raakhnuhos.
iCalendar information,आइ क्यालेन्डर जानकारी,आइ क्यालेन्डर जानकारी,aai kyaalendara jaanakaarii,aai kyaalendara jaanakaarii
Connect to another display,अर्को प्रदर्शनमा जडान गर्नुहोस्,अर्को प्रदर्शनमा जडान गर,arko pradarshanamaa jadaana garnuhos,arko pradarshanamaa jadaana gara
Some sensitive data is likely present in the crash details. Please review and edit the information if you are concerned about transmitting passwords or other sensitive data.,केही संवेदनशील डेटा सम्भवतः क्र्यास विवरणहरूमा उपस्थित छ। यदि तपाईँ पासवर्ड वा अन्य संवेदनशील डेटा प्रसारण गर्ने बारेमा चिन्तित हुनुहुन्छ भने कृपया जानकारीको समीक्षा र सम्पादन गर्नुहोस्।,केही संवेदनशील डेटा सम्भवतः क्र्यास विवरणहरूमा उपस्थित छ। यदि तिमी पासवर्ड वा अन्य संवेदनशील डेटा प्रसारण गर्ने बारेमा चिन्तित छौ भने कृपया जानकारीको समीक्षा र सम्पादन गर।,kehii snwedanashiila detaa sambhawath kryaasa wiwaranaharuumaa upasthita chha. yadi tapaaiin paasawarda waa anya snwedanashiila detaa prasaarana garne baaremaa chintita hunuhunchha bhane kripayaa jaanakaariiko samiikshaa ra sampaadana garnuhos.,kehii snwedanashiila detaa sambhawath kryaasa wiwaranaharuumaa upasthita chha. yadi timii paasawarda waa anya snwedanashiila detaa prasaarana garne baaremaa chintita chhau bhane kripayaa jaanakaariiko samiikshaa ra sampaadana gara.
Jabber Home ID 1,जब्बर होम आईडी 1,जब्बर होम आईडी 1,jabbara homa aaiidii 1,jabbara homa aaiidii 1
Toggle window always appearing on top,विन्डो सधैँ शीर्षमा देखा पर्दै टगल गर्नुहोस्,विन्डो सधैँ शीर्षमा देखा पर्दै टगल गर,windo sadhain shiirshamaa dekhaa pardai tagala garnuhos,windo sadhain shiirshamaa dekhaa pardai tagala gara
document spreadsheet,कागजात स्प्रेडसिट,कागजात स्प्रेडसिट,kaagajaata spredasita,kaagajaata spredasita
the queen of clubs,क्लबहरूको रानी,क्लबहरूको रानी,klabaharuuko raanii,klabaharuuko raanii
End the current network game and return to network server,हालको सञ्जाल खेल समाप्त गर्नुहोस् र सञ्जाल सर्भरमा फर्कनुहोस्,हालको सञ्जाल खेल समाप्त गर र सञ्जाल सर्भरमा फर्कनुहोस्,haalako sanyjaala khela samaapta garnuhos ra sanyjaala sarbharamaa pharkanuhos,haalako sanyjaala khela samaapta gara ra sanyjaala sarbharamaa pharkanuhos
No more buttons.,कुनै थप बटनहरू छैनन्।,कुनै थप बटनहरू छैनन्।,kunai thapa batanaharuu chhainan.,kunai thapa batanaharuu chhainan.
No project loaded,कुनै परियोजना लोड गरिएको छैन,कुनै परियोजना लोड गरिएको छैन,kunai pariyojanaa loda garieko chhaina,kunai pariyojanaa loda garieko chhaina
1. Desktop,1. डेस्कटप,1. डेस्कटप,1. deskatapa,1. deskatapa
Background,पृष्ठभूमि,पृष्ठभूमि,prishthabhuumi,prishthabhuumi
Save the current file,हालको फाइल बचत गर्नुहोस्,हालको फाइल बचत गर,haalako phaaila bachata garnuhos,haalako phaaila bachata gara
Add Talker,वक्ता थप्नुहोस्,वक्ता थप्नुहोस्,waktaa thapnuhos,waktaa thapnuhos
Appearance,उपस्थिति,उपस्थिति,upasthiti,upasthiti
Brush Selection,ब्रश चयन,ब्रश चयन,brasha chayana,brasha chayana
Opens the External Tools Manager,बाह्य उपकरण प्रबन्धक खोल्छ,बाह्य उपकरण प्रबन्धक खोल्छ,baahya upakarana prabandhaka kholchha,baahya upakarana prabandhaka kholchha
Replace the selection with the text layer's outline,चयनलाई पाठ तहको रूपरेखाबाट बदल्नुहोस्,चयनलाई पाठ तहको रूपरेखाबाट बदल्नुहोस्,chayanalaaii paatha tahako ruuparekhaabaata badalnuhos,chayanalaaii paatha tahako ruuparekhaabaata badalnuhos
Straight-Line Depreciation,स्ट्रेट-लाइन मूल्यह्रास,स्ट्रेट-लाइन मूल्यह्रास,streta-laaina muulyahraasa,streta-laaina muulyahraasa
Enable code completion,कोड पूरा गर्न सक्षम गर्नुहोस्,कोड पूरा गर्न सक्षम गर,koda puuraa garna sakshama garnuhos,koda puuraa garna sakshama gara
Manokwari,मनोक्वारी,मनोक्वारी,manokwaarii,manokwaarii
Disable syntax highlighting,वाक्यरचना हाइलाइटिङ निष्क्रिय गर्नुहोस्,वाक्यरचना हाइलाइटिङ निष्क्रिय गर,waakyarachanaa haailaaitinga nishkriya garnuhos,waakyarachanaa haailaaitinga nishkriya gara
"When a panel is deleted, the panel and its settings are lost.","जब प्यानल मेटाइन्छ, प्यानल र यसको सेटिङहरू हराउँछन्।","जब प्यानल मेटाइन्छ, प्यानल र यसको सेटिङहरू हराउँछन्।","jaba pyaanala metaainchha, pyaanala ra yasako setingaharuu haraaunchhan.","jaba pyaanala metaainchha, pyaanala ra yasako setingaharuu haraaunchhan."
Getting ready to start debugging session…,डिबगिङ सत्र सुरु गर्न तयार हुँदै...,डिबगिङ सत्र सुरु गर्न तयार हुँदै...,dibaginga satra suru garna tayaara hundai...,dibaginga satra suru garna tayaara hundai...
Red Donkey,रातो गध,रातो गध,raato gadha,raato gadha
"You have changed this meeting, but not yet saved it.","तपाईँले यो बैठक परिवर्तन गर्नुभएको छ, तर अझै यसलाई बचत गर्नुभएको छैन।","तिमीले यो बैठक परिवर्तन गर्नुभएको छ, तर अझै यसलाई बचत गर्नुभएको छैन।","tapaaiinle yo baithaka pariwartana garnubhaeko chha, tara ajhai yasalaaii bachata garnubhaeko chhaina.","timiile yo baithaka pariwartana garnubhaeko chha, tara ajhai yasalaaii bachata garnubhaeko chhaina."
No hint available right now,अहिले कुनै सङ्केत उपलब्ध छैन,अहिले कुनै सङ्केत उपलब्ध छैन,ahile kunai sangketa upalabdha chhaina,ahile kunai sangketa upalabdha chhaina
A flag to enable board numbering,बोर्ड सङ्ख्याकरण सक्षम गर्न एउटा झण्डा,बोर्ड सङ्ख्याकरण सक्षम गर्न एउटा झण्डा,borda sangkhyaakarana sakshama garna eutaa jhandaa,borda sangkhyaakarana sakshama garna eutaa jhandaa
Zoom out,जुम आउट गर्नुहोस्,जुम आउट गर,juma aauta garnuhos,juma aauta gara
Computer shapes by Cisco,सिस्कोद्वारा कम्प्युटर आकारहरू,सिस्कोद्वारा कम्प्युटर आकारहरू,siskodwaaraa kampyutara aakaaraharuu,siskodwaaraa kampyutara aakaaraharuu
Stroke Selection,स्ट्रोक चयन,स्ट्रोक चयन,stroka chayana,stroka chayana
The height of the window,झ्यालको उचाइ,झ्यालको उचाइ,jhyaalako uchaai,jhyaalako uchaai
Pick a color,रङ छान्नुहोस्,रङ छान्नुहोस्,ranga chhaannuhos,ranga chhaannuhos
Button Right,बटन दायाँ,बटन दायाँ,batana daayaan,batana daayaan
Gatwick Airport,ग्याटविक एयरपोर्ट,ग्याटविक एयरपोर्ट,gyaatawika eyaraporta,gyaatawika eyaraporta
Cannot set permissions on symlinks,सिमलिंकहरूमा अनुमतिहरू सेट गर्न सकिँदैन,सिमलिंकहरूमा अनुमतिहरू सेट गर्न सकिँदैन,simalinkaharuumaa anumatiharuu seta garna sakindaina,simalinkaharuumaa anumatiharuu seta garna sakindaina
Not authenticated,प्रमाणित गरिएको छैन,प्रमाणित गरिएको छैन,pramaanita garieko chhaina,pramaanita garieko chhaina
Convert EOL to CR,इओएललाई सिआरमा रूपान्तरण गर्नुहोस्,इओएललाई सिआरमा रूपान्तरण गर,ioelalaaii siaaramaa ruupaantarana garnuhos,ioelalaaii siaaramaa ruupaantarana gara
project name,परियोजनाको नाम,परियोजनाको नाम,pariyojanaako naama,pariyojanaako naama
"If set to true, a dump of the AI's working will be done to standard output.","यदि सत्यमा सेट गरियो भने, एआईको कामको डम्प मानक आउटपुटमा गरिनेछ।","यदि सत्यमा सेट गरियो भने, एआईको कामको डम्प मानक आउटपुटमा गरिनेछ।","yadi satyamaa seta gariyo bhane, eaaiiko kaamako dampa maanaka aautaputamaa garinechha.","yadi satyamaa seta gariyo bhane, eaaiiko kaamako dampa maanaka aautaputamaa garinechha."
Change the properties of this folder,यस फोल्डरका गुणहरू परिवर्तन गर्नुहोस्,यस फोल्डरका गुणहरू परिवर्तन गर,yasa pholdarakaa gunaharuu pariwartana garnuhos,yasa pholdarakaa gunaharuu pariwartana gara
Remove colored balls from the board by forming lines,रेखा बनाएर बोर्डबाट रङिन बलहरू हटाउनुहोस्,रेखा बनाएर बोर्डबाट रङिन बलहरू हटाउनुहोस्,rekhaa banaaera bordabaata rangina balaharuu hataaunuhos,rekhaa banaaera bordabaata rangina balaharuu hataaunuhos
Toggles the speaking of indentation and justification.,इन्डेन्टेसन र औचित्यको कुरा गर्नलाई टगल गर्दछ।,इन्डेन्टेसन र औचित्यको कुरा गर्नलाई टगल गर्दछ।,indentesana ra auchityako kuraa garnalaaii tagala gardachha.,indentesana ra auchityako kuraa garnalaaii tagala gardachha.
You are searching for a nine.,तपाईँ नौजना खोज्दै हुनुहुन्छ।,तिमी नौजना खोज्दै छौ।,tapaaiin naujanaa khojdai hunuhunchha.,timii naujanaa khojdai chhau.
The audio output device is the device that will be used to play audio during calls.,अडियो आउटपुट उपकरण त्यो उपकरण हो जुन कलको समयमा अडियो चलाउन प्रयोग गरिनेछ।,अडियो आउटपुट उपकरण त्यो उपकरण हो जुन कलको समयमा अडियो चलाउन प्रयोग गरिनेछ।,adiyo aautaputa upakarana tyo upakarana ho juna kalako samayamaa adiyo chalaauna prayoga garinechha.,adiyo aautaputa upakarana tyo upakarana ho juna kalako samayamaa adiyo chalaauna prayoga garinechha.
Do not run gdb compatibility mode and print less information,जिडिबी अनुकूलता मोड चलाउनुहोस् र कम जानकारी प्रिन्ट गर्नुहोस्,जिडिबी अनुकूलता मोड चलाउनुहोस् र कम जानकारी प्रिन्ट गर,jidibii anukuulataa moda chalaaunuhos ra kama jaanakaarii printa garnuhos,jidibii anukuulataa moda chalaaunuhos ra kama jaanakaarii printa gara
Add Remote,रिमोट थप्नुहोस्,रिमोट थप्नुहोस्,rimota thapnuhos,rimota thapnuhos
The signature file is not valid,हस्ताक्षर फाइल मान्य छैन,हस्ताक्षर फाइल मान्य छैन,hastaakshara phaaila maanya chhaina,hastaakshara phaaila maanya chhaina
Lua files,लुआ फाइलहरू,लुआ फाइलहरू,luaa phaailaharuu,luaa phaailaharuu
Could not register,दर्ता गर्न सकेन,दर्ता गर्न सकेन,dartaa garna sakena,dartaa garna sakena
Go to the home location,घरको स्थानमा जानुहोस्,घरको स्थानमा जाऊ,gharako sthaanamaa jaanuhos,gharako sthaanamaa jaauu
Paste Image,छवि टाँस्नुहोस्,छवि टाँस्नुहोस्,chhawi taansnuhos,chhawi taansnuhos
select color for theaxes,अक्षहरूका लागि रङ चयन गर्नुहोस्,अक्षहरूका लागि रङ चयन गर,akshaharuukaa laagi ranga chayana garnuhos,akshaharuukaa laagi ranga chayana gara
Fetching Mail,मेल प्राप्त गर्दै,मेल प्राप्त गर्दै,mela praapta gardai,mela praapta gardai
Lodzianka,लोड्जियांका,लोड्जियांका,lodjiyaankaa,lodjiyaankaa
Shared Libraries,साझा पुस्तकालयहरू,साझा पुस्तकालयहरू,saajhaa pustakaalayaharuu,saajhaa pustakaalayaharuu
Remove Sample Point,नमूना बिन्दु हटाउनुहोस्,नमूना बिन्दु हटाउनुहोस्,namuunaa bindu hataaunuhos,namuunaa bindu hataaunuhos
The MusicBrainz server to use,प्रयोग गर्न म्युजिकब्रेन्ज सर्भर,प्रयोग गर्न म्युजिकब्रेन्ज सर्भर,prayoga garna myujikabrenja sarbhara,prayoga garna myujikabrenja sarbhara
Swaziland,स्वाजिल्याण्ड,स्वाजिल्याण्ड,swaajilyaanda,swaajilyaanda
Do not act recursively,पुनरावर्तित रूपमा कार्य नगर्नुहोस्,पुनरावर्तित रूपमा कार्य नगर,punaraawartita ruupamaa kaarya nagarnuhos,punaraawartita ruupamaa kaarya nagara
All Documents,सबै कागजातहरू,सबै कागजातहरू,sabai kaagajaataharuu,sabai kaagajaataharuu
Stop Refresh,ताजा गर्न रोक्नुहोस्,ताजा गर्न रोक,taajaa garna roknuhos,taajaa garna roka
Keyboard,कुञ्जी बोर्ड,कुञ्जी बोर्ड,kunyjii borda,kunyjii borda
Please select a remote to push to.,कृपया पुस्नाका लागि रिमोट चयन गर्नुहोस्।,कृपया पुस्नाका लागि रिमोट चयन गर।,kripayaa pusnaakaa laagi rimota chayana garnuhos.,kripayaa pusnaakaa laagi rimota chayana gara.
Untitled,शीर्षकहीन,शीर्षकहीन,shiirshakahiina,shiirshakahiina
Thin Vertical Stripe,पातलो ठाडो पट्टी,पातलो ठाडो पट्टी,paatalo thaado pattii,paatalo thaado pattii
Allow multiple rows to be selected,धेरै पङ्क्तिहरू चयन गर्न अनुमति दिनुहोस्,धेरै पङ्क्तिहरू चयन गर्न अनुमति देऊ,dherai pangktiharuu chayana garna anumati dinuhos,dherai pangktiharuu chayana garna anumati deuu
Contact disconnected,सम्पर्क विच्छेद,सम्पर्क विच्छेद,samparka wichchheda,samparka wichchheda
Set the root to the active document location,सक्रिय कागजात स्थानमा रुट सेट गर्नुहोस्,सक्रिय कागजात स्थानमा रुट सेट गर,sakriya kaagajaata sthaanamaa ruta seta garnuhos,sakriya kaagajaata sthaanamaa ruta seta gara
The field may not yet be used as a primary key because it contains empty values.,क्षेत्र अझै प्राथमिक कुञ्जीको रूपमा प्रयोग नहुन सक्छ किनभने यसले खाली मानहरू समावेश गर्दछ।,क्षेत्र अझै प्राथमिक कुञ्जीको रूपमा प्रयोग नहुन सक्छ किनभने यसले खाली मानहरू समावेश गर्दछ।,kshetra ajhai praathamika kunyjiiko ruupamaa prayoga nahuna sakchha kinabhane yasale khaalii maanaharuu samaawesha gardachha.,kshetra ajhai praathamika kunyjiiko ruupamaa prayoga nahuna sakchha kinabhane yasale khaalii maanaharuu samaawesha gardachha.
Advanced,उन्नत,उन्नत,unnata,unnata
Import Snippets,स्निपेटहरू आयात गर्नुहोस्,स्निपेटहरू आयात गर,snipetaharuu aayaata garnuhos,snipetaharuu aayaata gara
"Whether to ask for confirmation when deleting files, or emptying Trash","फाइलहरू मेटाउँदा, वा रद्दी खाली गर्दा पुष्टिकरणका लागि सोध्नु पर्छ कि हुँदैन","फाइलहरू मेटाउँदा, वा रद्दी खाली गर्दा पुष्टिकरणका लागि सोध्नु पर्छ कि हुँदैन","phaailaharuu metaaundaa, waa raddii khaalii gardaa pushtikaranakaa laagi sodhnu parchha ki hundaina","phaailaharuu metaaundaa, waa raddii khaalii gardaa pushtikaranakaa laagi sodhnu parchha ki hundaina"
Invalid response hash,अवैध प्रतिक्रिया ह्याश,अवैध प्रतिक्रिया ह्याश,awaidha pratikriyaa hyaasha,awaidha pratikriyaa hyaasha
Make sure 'gdb' is installed on the system.,प्रणालीमा'जिडिबि'स्थापित छ भनी सुनिश्चित गर्नुहोस्।,प्रणालीमा'जिडिबि'स्थापित छ भनी सुनिश्चित गर।,pranaaliimaa'jidibi'sthaapita chha bhanii sunishchita garnuhos.,pranaaliimaa'jidibi'sthaapita chha bhanii sunishchita gara.
Moves flat review to the word above the current word.,हालको शब्दको माथिको शब्दमा सपाट समीक्षालाई सार्छ।,हालको शब्दको माथिको शब्दमा सपाट समीक्षालाई सार्छ।,haalako shabdako maathiko shabdamaa sapaata samiikshaalaaii saarchha.,haalako shabdako maathiko shabdamaa sapaata samiikshaalaaii saarchha.
Full House [15 + total],पूर्ण घर [15 + कुल],पूर्ण घर [15 + कुल],puurna ghara [15 + kula],puurna ghara [15 + kula]
Whether or not to play event sounds.,इभेन्टको आवाजहरू बजाउने वा नगर्ने।,इभेन्टको आवाजहरू बजाउने वा नगर्ने।,ibhentako aawaajaharuu bajaaune waa nagarne.,ibhentako aawaajaharuu bajaaune waa nagarne.
right double angle bracket,दायाँ डबल कोण कोष्ठक,दायाँ डबल कोण कोष्ठक,daayaan dabala kona koshthaka,daayaan dabala kona koshthaka
Menomonie,मेनोमोनी,मेनोमोनी,menomonii,menomonii
Password Settings,पासवर्ड सेटिङहरू,पासवर्ड सेटिङहरू,paasawarda setingaharuu,paasawarda setingaharuu
Description contains,विवरण समावेश गर्दछ,विवरण समावेश गर्दछ,wiwarana samaawesha gardachha,wiwarana samaawesha gardachha
Add date and time information,मिति र समय जानकारी थप्नुहोस्,मिति र समय जानकारी थप्नुहोस्,miti ra samaya jaanakaarii thapnuhos,miti ra samaya jaanakaarii thapnuhos
Header 0 (chapter*),शीर्षक 0 (अध्याय *),शीर्षक 0 (अध्याय *),shiirshaka 0 (adhyaaya *),shiirshaka 0 (adhyaaya *)
Could not perform the operation,शल्यक्रिया गर्न सकेन,शल्यक्रिया गर्न सकेन,shalyakriyaa garna sakena,shalyakriyaa garna sakena
Add one more view of current document,हालको कागजातको एउटा थप दृश्य थप्नुहोस्,हालको कागजातको एउटा थप दृश्य थप्नुहोस्,haalako kaagajaatako eutaa thapa drishya thapnuhos,haalako kaagajaatako eutaa thapa drishya thapnuhos
Insufficient bandwidth,अपर्याप्त ब्यान्डविड्थ,अपर्याप्त ब्यान्डविड्थ,aparyaapta byaandawidtha,aparyaapta byaandawidtha
"When enabled, the layer boundary is visible by default. This can also be toggled with the ""View->Show Layer Boundary"" command.","सक्षम गर्दा, तह सीमा पूर्वनिर्धारित रूपमा देखिन्छ। यसलाई ""हेर्नुहोस्-> तह सीमा देखाउनुहोस्"" कमान्डको साथ पनि टगल गर्न सकिन्छ।","सक्षम गर्दा, तह सीमा पूर्वनिर्धारित रूपमा देखिन्छ। यसलाई ""हेर्नुहोस्-> तह सीमा देखाउनुहोस्"" कमान्डको साथ पनि टगल गर्न सकिन्छ।","sakshama gardaa, taha siimaa puurwanirdhaarita ruupamaa dekhinchha. yasalaaii ""hernuhos-> taha siimaa dekhaaunuhos"" kamaandako saatha pani tagala garna sakinchha.","sakshama gardaa, taha siimaa puurwanirdhaarita ruupamaa dekhinchha. yasalaaii ""hernuhos-> taha siimaa dekhaaunuhos"" kamaandako saatha pani tagala garna sakinchha."
Text entry to input date,इनपुट मितिमा पाठ प्रविष्टि,इनपुट मितिमा पाठ प्रविष्टि,inaputa mitimaa paatha prawishti,inaputa mitimaa paatha prawishti
Characters (with spaces),अक्षरहरू (खाली ठाउँहरू सहित),अक्षरहरू (खाली ठाउँहरू सहित),aksharaharuu (khaalii thaaunharuu sahita),aksharaharuu (khaalii thaaunharuu sahita)
Stack frame operations,स्ट्याक फ्रेम सञ्चालनहरू,स्ट्याक फ्रेम सञ्चालनहरू,styaaka phrema sanychaalanaharuu,styaaka phrema sanychaalanaharuu
There are unsubmitted changes to form elements,त्यहाँ तत्वहरू बनाउनका लागि अनुपलब्ध परिवर्तनहरू छन्,त्यहाँ तत्वहरू बनाउनका लागि अनुपलब्ध परिवर्तनहरू छन्,tyahaan tatwaharuu banaaunakaa laagi anupalabdha pariwartanaharuu chhan,tyahaan tatwaharuu banaaunakaa laagi anupalabdha pariwartanaharuu chhan
Philippines,फिलिपिन्स,फिलिपिन्स,philipinsa,philipinsa
Certificate Authority Key Identifier,प्रमाणपत्र प्राधिकरण कुञ्जी पहिचानकर्ता,प्रमाणपत्र प्राधिकरण कुञ्जी पहिचानकर्ता,pramaanapatra praadhikarana kunyjii pahichaanakartaa,pramaanapatra praadhikarana kunyjii pahichaanakartaa
Couldn't change primary photo,प्राथमिक फोटो परिवर्तन गर्न सकेन,प्राथमिक फोटो परिवर्तन गर्न सकेन,praathamika photo pariwartana garna sakena,praathamika photo pariwartana garna sakena
Do not speak chat room name.,च्याट रुमको नाम न बोल्नुहोस्।,च्याट रुमको नाम न बोल।,chyaata rumako naama na bolnuhos.,chyaata rumako naama na bola.
Adds support for building shared libraries in your project,तपाईँको परियोजनामा साझा पुस्तकालयहरू निर्माण गर्न समर्थन थप्छ,तिमीको परियोजनामा साझा पुस्तकालयहरू निर्माण गर्न समर्थन थप्छ,tapaaiinko pariyojanaamaa saajhaa pustakaalayaharuu nirmaana garna samarthana thapchha,timiiko pariyojanaamaa saajhaa pustakaalayaharuu nirmaana garna samarthana thapchha
Manila Paper,मनिला पेपर,मनिला पेपर,manilaa pepara,manilaa pepara
Position on the screen of the main window,मुख्य विन्डोको स्क्रिनमा स्थिति,मुख्य विन्डोको स्क्रिनमा स्थिति,mukhya windoko skrinamaa sthiti,mukhya windoko skrinamaa sthiti
Tali Scores,ताली स्कोरहरू,ताली स्कोरहरू,taalii skoraharuu,taalii skoraharuu
Enable animations,एनिमेसनहरू सक्रिय गर्नुहोस्,एनिमेसनहरू सक्रिय गर,enimesanaharuu sakriya garnuhos,enimesanaharuu sakriya gara
greater than or equal to,भन्दा ठूलो वा बराबर,भन्दा ठूलो वा बराबर,bhandaa thuulo waa baraabara,bhandaa thuulo waa baraabara
Check if a matrix is a rational (non-complex) matrix,म्याट्रिक्स तर्कसंगत (गैर-जटिल) म्याट्रिक्स हो कि छैन जाँच गर्नुहोस्,म्याट्रिक्स तर्कसंगत (गैर-जटिल) म्याट्रिक्स हो कि छैन जाँच गर,myaatriksa tarkasngata (gaira-jatila) myaatriksa ho ki chhaina jaancha garnuhos,myaatriksa tarkasngata (gaira-jatila) myaatriksa ho ki chhaina jaancha gara
Totem was not able to play this disc.,टोटेमले यो डिस्क खेल्न सकेनन्।,टोटेमले यो डिस्क खेल्न सकेनन्।,totemale yo diska khelna sakenan.,totemale yo diska khelna sakenan.
Activate,सक्रिय गर्नुहोस्,सक्रिय गर,sakriya garnuhos,sakriya gara
- According to file suffix -,- फाइल प्रत्ययअनुसार -,- फाइल प्रत्ययअनुसार -,- phaaila pratyayaanusaara -,- phaaila pratyayaanusaara -
You must name this filter.,तपाईँले यो फिल्टरलाई नाम दिनु पर्छ।,तिमीले यो फिल्टरलाई नाम दिनु पर्छ।,tapaaiinle yo philtaralaaii naama dinu parchha.,timiile yo philtaralaaii naama dinu parchha.
Select desired speech server.,मनपर्ने स्पिच सर्भर चयन गर्नुहोस्।,मनपर्ने स्पिच सर्भर चयन गर।,manaparne spicha sarbhara chayana garnuhos.,manaparne spicha sarbhara chayana gara.
Always try and reconnect whenever a connection is not immediately available. Use this with Bluetooth to ensure your phone connects whenever it comes in range.,"जब जडान तुरुन्तै उपलब्ध हुँदैन, सधैँ प्रयास गर्नुहोस् र पुनः जडान गर्नुहोस्। तपाईँको फोन जब पनि दायरामा आउँछ, जडान हुन्छ भनी सुनिश्चित गर्न ब्लुटुथको साथ यसलाई प्रयोग गर्नुहोस्।","जब जडान तुरुन्तै उपलब्ध हुँदैन, सधैँ प्रयास गर र पुनः जडान गर। तिमीको फोन जब पनि दायरामा आउँछ, जडान हुन्छ भनी सुनिश्चित गर्न ब्लुटुथको साथ यसलाई प्रयोग गर।","jaba jadaana turuntai upalabdha hundaina, sadhain prayaasa garnuhos ra punh jadaana garnuhos. tapaaiinko phona jaba pani daayaraamaa aaunchha, jadaana hunchha bhanii sunishchita garna blututhako saatha yasalaaii prayoga garnuhos.","jaba jadaana turuntai upalabdha hundaina, sadhain prayaasa gara ra punh jadaana gara. timiiko phona jaba pani daayaraamaa aaunchha, jadaana hunchha bhanii sunishchita garna blututhako saatha yasalaaii prayoga gara."
Find next occurrence of the current search string,हालको खोज स्ट्रिङको अर्को घटना फेला पार्नुहोस्,हालको खोज स्ट्रिङको अर्को घटना फेला पार्नुहोस्,haalako khoja stringako arko ghatanaa phelaa paarnuhos,haalako khoja stringako arko ghatanaa phelaa paarnuhos
Select file to open,खोल्नका लागि फाइल चयन गर्नुहोस्,खोल्नका लागि फाइल चयन गर,kholnakaa laagi phaaila chayana garnuhos,kholnakaa laagi phaaila chayana gara
Number of human players.,मानव खेलाडीहरूको सङ्ख्या।,मानव खेलाडीहरूको सङ्ख्या।,maanawa khelaadiiharuuko sangkhyaa.,maanawa khelaadiiharuuko sangkhyaa.
Balsa Preferences,बालसा प्राथमिकताहरू,बालसा प्राथमिकताहरू,baalasaa praathamikataaharuu,baalasaa praathamikataaharuu
An Egyptian style theme for klines.,क्लाइन्सका लागि इजिप्टेली शैलीको विषयवस्तु।,क्लाइन्सका लागि इजिप्टेली शैलीको विषयवस्तु।,klaainsakaa laagi ijiptelii shailiiko wishayawastu.,klaainsakaa laagi ijiptelii shailiiko wishayawastu.
Tomboy (transparent upgrade from stickynotes),टोम्बोय (स्टिकिनोट्सबाट पारदर्शी उन्नयन),टोम्बोय (स्टिकिनोट्सबाट पारदर्शी उन्नयन),tomboya (stikinotsabaata paaradarshii unnayana),tomboya (stikinotsabaata paaradarshii unnayana)
Visibility,दृश्यता,दृश्यता,drishyataa,drishyataa
Copying Items,वस्तुहरू प्रतिलिपि गर्दै,वस्तुहरू प्रतिलिपि गर्दै,wastuharuu pratilipi gardai,wastuharuu pratilipi gardai
Move Selected Objects,चयन गरिएका वस्तुहरू सार्नुहोस्,चयन गरिएका वस्तुहरू सार्नुहोस्,chayana gariekaa wastuharuu saarnuhos,chayana gariekaa wastuharuu saarnuhos
Perforated Paper,छिद्रित कागज,छिद्रित कागज,chhidrita kaagaja,chhidrita kaagaja
Unable to find this task in any task list,कुनै पनि कार्य सूचीमा यो कार्य फेला पार्न असमर्थ,कुनै पनि कार्य सूचीमा यो कार्य फेला पार्न असमर्थ,kunai pani kaarya suuchiimaa yo kaarya phelaa paarna asamartha,kunai pani kaarya suuchiimaa yo kaarya phelaa paarna asamartha
New library,नयाँ पुस्तकालय,नयाँ पुस्तकालय,nayaan pustakaalaya,nayaan pustakaalaya
Create new file type,नयाँ फाइल प्रकार सिर्जना गर्नुहोस्,नयाँ फाइल प्रकार सिर्जना गर,nayaan phaaila prakaara sirjanaa garnuhos,nayaan phaaila prakaara sirjanaa gara
Format entries,प्रविष्टिहरू ढाँचा गर्नुहोस्,प्रविष्टिहरू ढाँचा गर,prawishtiharuu dhaanchaa garnuhos,prawishtiharuu dhaanchaa gara
Tolerance of the ErrorFunction,त्रुटि प्रकार्यको सहिष्णुता,त्रुटि प्रकार्यको सहिष्णुता,truti prakaaryako sahishnutaa,truti prakaaryako sahishnutaa
The contact is offline,सम्पर्क अफलाइन छ,सम्पर्क अफलाइन छ,samparka aphalaaina chha,samparka aphalaaina chha
Clean whole project,सम्पूर्ण परियोजना सफा गर्नुहोस्,सम्पूर्ण परियोजना सफा गर,sampuurna pariyojanaa saphaa garnuhos,sampuurna pariyojanaa saphaa gara
Create one or more paths from a bitmap by tracing it,बिटम्यापबाट यसलाई पत्ता लगाएर एक वा बढी मार्गहरू सिर्जना गर्नुहोस्,बिटम्यापबाट यसलाई पत्ता लगाएर एक वा बढी मार्गहरू सिर्जना गर,bitamyaapabaata yasalaaii pattaa lagaaera eka waa badhii maargaharuu sirjanaa garnuhos,bitamyaapabaata yasalaaii pattaa lagaaera eka waa badhii maargaharuu sirjanaa gara
Use notification sounds,सूचना ध्वनिको प्रयोग गर्नुहोस्,सूचना ध्वनिको प्रयोग गर,suuchanaa dhwaniko prayoga garnuhos,suuchanaa dhwaniko prayoga gara
You cannot subscribe to this newsgroup: No such newsgroup. The selected item is a probably a parent folder.,तपाईँ यस समाचार समूहको सदस्यता लिन सक्नुहुन्नः त्यस्तो कुनै समाचार समूह छैन। चयन गरिएको वस्तु सम्भवतः अभिभावक फोल्डर हो।,तिमी यस समाचार समूहको सदस्यता लिन सक्नुहुन्नः त्यस्तो कुनै समाचार समूह छैन। चयन गरिएको वस्तु सम्भवतः अभिभावक फोल्डर हो।,tapaaiin yasa samaachaara samuuhako sadasyataa lina saknuhunnh tyasto kunai samaachaara samuuha chhaina. chayana garieko wastu sambhawath abhibhaawaka pholdara ho.,timii yasa samaachaara samuuhako sadasyataa lina saknuhunnh tyasto kunai samaachaara samuuha chhaina. chayana garieko wastu sambhawath abhibhaawaka pholdara ho.
Adjust the sound volume,ध्वनिको मात्रा समायोजन गर्नुहोस्,ध्वनिको मात्रा समायोजन गर,dhwaniko maatraa samaayojana garnuhos,dhwaniko maatraa samaayojana gara
December,डिसेम्बर,डिसेम्बर,disembara,disembara
Use super safe moves,सुपर सेफ चालहरू प्रयोग गर्नुहोस्,सुपर सेफ चालहरू प्रयोग गर,supara sepha chaalaharuu prayoga garnuhos,supara sepha chaalaharuu prayoga gara
Reduce file size where combining layers is possible,जहाँ तहहरू संयोजन गर्न सम्भव छ त्यहाँ फाइलको आकार घटाउनुहोस्,जहाँ तहहरू संयोजन गर्न सम्भव छ त्यहाँ फाइलको आकार घटाउनुहोस्,jahaan tahaharuu snyojana garna sambhawa chha tyahaan phaailako aakaara ghataaunuhos,jahaan tahaharuu snyojana garna sambhawa chha tyahaan phaailako aakaara ghataaunuhos
Create Web Application,वेब अनुप्रयोग सिर्जना गर्नुहोस्,वेब अनुप्रयोग सिर्जना गर,weba anuprayoga sirjanaa garnuhos,weba anuprayoga sirjanaa gara
Suggestions,सुझावहरू,सुझावहरू,sujhaawaharuu,sujhaawaharuu
Baltic Sea,बाल्टिक सागर,बाल्टिक सागर,baaltika saagara,baaltika saagara
Albrook Afs/Balboa,अल्ब्रुक अफ्स/बाल्बोआ,अल्ब्रुक अफ्स/बाल्बोआ,albruka aphsa/baalboaa,albruka aphsa/baalboaa
Polonaise,पोलोनाइज,पोलोनाइज,polonaaija,polonaaija
Next/Previous Message,अर्को/अघिल्लो सन्देश,अर्को/अघिल्लो सन्देश,arko/aghillo sandesha,arko/aghillo sandesha
Not too shabby,धेरै खराब छैन,धेरै खराब छैन,dherai kharaaba chhaina,dherai kharaaba chhaina
Force Quit,बलपूर्वक छोड्नुहोस्,बलपूर्वक छोड्नुहोस्,balapuurwaka chhodnuhos,balapuurwaka chhodnuhos
Deselect All Entries,सबै प्रविष्टिहरू चयन नगर्नुहोस्,सबै प्रविष्टिहरू चयन नगर,sabai prawishtiharuu chayana nagarnuhos,sabai prawishtiharuu chayana nagara
Show plain text if present,यदि उपस्थित छ भने सादा पाठ देखाउनुहोस्,यदि उपस्थित छ भने सादा पाठ देखाउनुहोस्,yadi upasthita chha bhane saadaa paatha dekhaaunuhos,yadi upasthita chha bhane saadaa paatha dekhaaunuhos
Image files,छवि फाइलहरू,छवि फाइलहरू,chhawi phaailaharuu,chhawi phaailaharuu
Glass Marbles,काँचका मार्बलहरू,काँचका मार्बलहरू,kaanchakaa maarbalaharuu,kaanchakaa maarbalaharuu
Destripe,विनाश गर्नुहोस्,विनाश गर,winaasha garnuhos,winaasha gara
Expander Size,विस्तारक आकार,विस्तारक आकार,wistaaraka aakaara,wistaaraka aakaara
The database has been modified. Save changes?,डाटाबेस परिमार्जन गरिएको छ। परिवर्तनहरू बचत गर्नुहोस्?,डाटाबेस परिमार्जन गरिएको छ। परिवर्तनहरू बचत गर?,daataabesa parimaarjana garieko chha. pariwartanaharuu bachata garnuhos?,daataabesa parimaarjana garieko chha. pariwartanaharuu bachata gara?
Document Base,कागजात आधार,कागजात आधार,kaagajaata aadhaara,kaagajaata aadhaara
Encrypt this part,यो भागलाई इन्क्रिप्ट गर्नुहोस्,यो भागलाई इन्क्रिप्ट गर,yo bhaagalaaii inkripta garnuhos,yo bhaagalaaii inkripta gara
Text Editor,पाठ सम्पादक,पाठ सम्पादक,paatha sampaadaka,paatha sampaadaka
white space,सेतो ठाउँ,सेतो ठाउँ,seto thaaun,seto thaaun
Clear style of selected text,चयन गरिएको पाठको शैली सफा गर्नुहोस्,चयन गरिएको पाठको शैली सफा गर,chayana garieko paathako shailii saphaa garnuhos,chayana garieko paathako shailii saphaa gara
Entry types and field names configuration,प्रविष्टि प्रकार र क्षेत्र नामहरूको संरचना,प्रविष्टि प्रकार र क्षेत्र नामहरूको संरचना,prawishti prakaara ra kshetra naamaharuuko snrachanaa,prawishti prakaara ra kshetra naamaharuuko snrachanaa
New Seed,नयाँ बीज,नयाँ बीज,nayaan biija,nayaan biija
Video Chat,भिडियो च्याट,भिडियो च्याट,bhidiyo chyaata,bhidiyo chyaata
Taskbar Visible,कार्यपट्टी देखिने,कार्यपट्टी देखिने,kaaryapattii dekhine,kaaryapattii dekhine
Sync your local copy with the Subversion tree,आफ्नो स्थानीय प्रतिलिपि सबभर्सन ट्रीसँग सिङ्क गर्नुहोस्,आफ्नो स्थानीय प्रतिलिपि सबभर्सन ट्रीसँग सिङ्क गर,aaphno sthaaniiya pratilipi sababharsana triisnga singka garnuhos,aaphno sthaaniiya pratilipi sababharsana triisnga singka gara
Timeout connecting to server. Please ensure that your SSH key has been added to a running SSH daemon.,सर्भरमा जडान हुने समय समाप्त। तपाईँको एसएसएच कुञ्जी चलिरहेको एसएसएच डेमनमा थपिएको छ भनी कृपया सुनिश्चित गर्नुहोस्।,सर्भरमा जडान हुने समय समाप्त। तिमीको एसएसएच कुञ्जी चलिरहेको एसएसएच डेमनमा थपिएको छ भनी कृपया सुनिश्चित गर।,sarbharamaa jadaana hune samaya samaapta. tapaaiinko esaesaecha kunyjii chaliraheko esaesaecha demanamaa thapieko chha bhanii kripayaa sunishchita garnuhos.,sarbharamaa jadaana hune samaya samaapta. timiiko esaesaecha kunyjii chaliraheko esaesaecha demanamaa thapieko chha bhanii kripayaa sunishchita gara.
left super,बायाँ सुपर,बायाँ सुपर,baayaan supara,baayaan supara
Help Browser,ब्राउजरलाई सहयोग गर्नुहोस्,ब्राउजरलाई सहयोग गर,braaujaralaaii sahayoga garnuhos,braaujaralaaii sahayoga gara
Anjuta Plugin,अञ्जुता प्लगइन,अञ्जुता प्लगइन,anyjutaa plagaina,anyjutaa plagaina
Symbol dagger,प्रतीक खंजर,प्रतीक खंजर,pratiika khnjara,pratiika khnjara
This meeting recurs,यो बैठक पुनरावर्तन हुन्छ।,यो बैठक पुनरावर्तन हुन्छ।,yo baithaka punaraawartana hunchha.,yo baithaka punaraawartana hunchha.
External program to use for editing images,छवि सम्पादनका लागि प्रयोग गर्न बाह्य प्रोग्राम,छवि सम्पादनका लागि प्रयोग गर्न बाह्य प्रोग्राम,chhawi sampaadanakaa laagi prayoga garna baahya prograama,chhawi sampaadanakaa laagi prayoga garna baahya prograama
Jump to the Accessible Login dialog,पहुँचयोग्य लगइन संवादमा जानुहोस्,पहुँचयोग्य लगइन संवादमा जाऊ,pahunchayogya lagaina snwaadamaa jaanuhos,pahunchayogya lagaina snwaadamaa jaauu
Next - Defaults,अर्को-पूर्वनिर्धारित,अर्को-पूर्वनिर्धारित,arko-puurwanirdhaarita,arko-puurwanirdhaarita
API Help,एपीआई सहायता,एपीआई सहायता,epiiaaii sahaayataa,epiiaaii sahaayataa
Delegates,प्रतिनिधिहरू,प्रतिनिधिहरू,pratinidhiharuu,pratinidhiharuu
Blue River,निलो नदी,निलो नदी,nilo nadii,nilo nadii
Strikethrough set,स्ट्राइकथ्रु सेट,स्ट्राइकथ्रु सेट,straaikathru seta,straaikathru seta
Blank page,खाली पृष्ठ,खाली पृष्ठ,khaalii prishtha,khaalii prishtha
Are you sure you want to save the memo without a summary?,के तपाईँ निश्चित हुनुहुन्छ कि तपाईँ सारांश बिना मेमो बचत गर्न चाहनुहुन्छ?,के तिमी निश्चित छौ कि तिमी सारांश बिना मेमो बचत गर्न चाहनुहुन्छ?,ke tapaaiin nishchita hunuhunchha ki tapaaiin saaraansha binaa memo bachata garna chaahanuhunchha?,ke timii nishchita chhau ki timii saaraansha binaa memo bachata garna chaahanuhunchha?
Check the current document for incorrect spelling,गलत हिज्जेका लागि हालको कागजात जाँच गर्नुहोस्,गलत हिज्जेका लागि हालको कागजात जाँच गर,galata hijjekaa laagi haalako kaagajaata jaancha garnuhos,galata hijjekaa laagi haalako kaagajaata jaancha gara
Find a word or phrase in the document,कागजातमा शब्द वा वाक्यांश फेला पार्नुहोस्,कागजातमा शब्द वा वाक्यांश फेला पार्नुहोस्,kaagajaatamaa shabda waa waakyaansha phelaa paarnuhos,kaagajaatamaa shabda waa waakyaansha phelaa paarnuhos
Background color,पृष्ठभूमि रङ,पृष्ठभूमि रङ,prishthabhuumi ranga,prishthabhuumi ranga
Hanamaki,हनमाकी,हनमाकी,hanamaakii,hanamaakii
radio menu item,रेडियो मेनु वस्तु,रेडियो मेनु वस्तु,rediyo menu wastu,rediyo menu wastu
Move task up,कार्यलाई माथि सार्नुहोस्,कार्यलाई माथि सार्नुहोस्,kaaryalaaii maathi saarnuhos,kaaryalaaii maathi saarnuhos
"This key determines if the ""File is empty"" search option is selected when the search tool is started.","खोज उपकरण सुरु हुँदा ""फाइल खाली छ"" खोज विकल्प चयन गरिएको छ कि छैन भन्ने कुरा यो कुञ्जीले निर्धारण गर्दछ।","खोज उपकरण सुरु हुँदा ""फाइल खाली छ"" खोज विकल्प चयन गरिएको छ कि छैन भन्ने कुरा यो कुञ्जीले निर्धारण गर्दछ।","khoja upakarana suru hundaa ""phaaila khaalii chha"" khoja wikalpa chayana garieko chha ki chhaina bhanne kuraa yo kunyjiile nirdhaarana gardachha.","khoja upakarana suru hundaa ""phaaila khaalii chha"" khoja wikalpa chayana garieko chha ki chhaina bhanne kuraa yo kunyjiile nirdhaarana gardachha."
Cayman Islands,केमेन टापुहरू,केमेन टापुहरू,kemena taapuharuu,kemena taapuharuu
Show the selected bookmark on a toolbar,चयन गरिएको बुकमार्कलाई उपकरणपट्टीमा देखाउनुहोस्,चयन गरिएको बुकमार्कलाई उपकरणपट्टीमा देखाउनुहोस्,chayana garieko bukamaarkalaaii upakaranapattiimaa dekhaaunuhos,chayana garieko bukamaarkalaaii upakaranapattiimaa dekhaaunuhos
Automatically Detected Encodings,स्वचालित रूपमा पत्ता लगाइएका एन्कोडिङ्हरू,स्वचालित रूपमा पत्ता लगाइएका एन्कोडिङ्हरू,swachaalita ruupamaa pattaa lagaaiekaa enkodingharuu,swachaalita ruupamaa pattaa lagaaiekaa enkodingharuu
Mouse-based interactive map widget for selecting timezone. Keyboard users should instead select the timezone from the drop-down combination box below.,टाइमजोन चयन गर्न माउस-आधारित अन्तरक्रियात्मक नक्सा विजेट। किबोर्ड प्रयोगकर्ताहरूले यसको सट्टा तलको ड्रप-डाउन संयोजन बक्सबाट टाइमजोन चयन गर्नुपर्छ।,टाइमजोन चयन गर्न माउस-आधारित अन्तरक्रियात्मक नक्सा विजेट। किबोर्ड प्रयोगकर्ताहरूले यसको सट्टा तलको ड्रप-डाउन संयोजन बक्सबाट टाइमजोन चयन गर्नुपर्छ।,taaimajona chayana garna maausa-aadhaarita antarakriyaatmaka naksaa wijeta. kiborda prayogakartaaharuule yasako sattaa talako drapa-daauna snyojana baksabaata taaimajona chayana garnuparchha.,taaimajona chayana garna maausa-aadhaarita antarakriyaatmaka naksaa wijeta. kiborda prayogakartaaharuule yasako sattaa talako drapa-daauna snyojana baksabaata taaimajona chayana garnuparchha.
Use locale default,स्थानीय पूर्वनिर्धारित प्रयोग गर्नुहोस्,स्थानीय पूर्वनिर्धारित प्रयोग गर,sthaaniiya puurwanirdhaarita prayoga garnuhos,sthaaniiya puurwanirdhaarita prayoga gara
Select name of the Evolution backup file,इभोलुसन ब्याकअप फाइलको नाम चयन गर्नुहोस्,इभोलुसन ब्याकअप फाइलको नाम चयन गर,ibholusana byaakaapa phaailako naama chayana garnuhos,ibholusana byaakaapa phaailako naama chayana gara
Create a rule to filter messages from this sender,यो प्रेषकबाट सन्देशहरू फिल्टर गर्न नियम सिर्जना गर्नुहोस्,यो प्रेषकबाट सन्देशहरू फिल्टर गर्न नियम सिर्जना गर,yo preshakabaata sandeshaharuu philtara garna niyama sirjanaa garnuhos,yo preshakabaata sandeshaharuu philtara garna niyama sirjanaa gara
Phonetically speaks the current flat review character.,ध्वन्यात्मक रूपमा हालको समतल समीक्षा चरित्र बोल्छ।,ध्वन्यात्मक रूपमा हालको समतल समीक्षा चरित्र बोल्छ।,dhwanyaatmaka ruupamaa haalako samatala samiikshaa charitra bolchha.,dhwanyaatmaka ruupamaa haalako samatala samiikshaa charitra bolchha.
New project has been created successfully.,नयाँ परियोजना सफलतापूर्वक निर्माण गरिएको छ।,नयाँ परियोजना सफलतापूर्वक निर्माण गरिएको छ।,nayaan pariyojanaa saphalataapuurwaka nirmaana garieko chha.,nayaan pariyojanaa saphalataapuurwaka nirmaana garieko chha.
Missing row fields specifications,पङ्क्ति क्षेत्रहरू विनिर्देशहरू हराइरहेका छन्,पङ्क्ति क्षेत्रहरू विनिर्देशहरू हराइरहेका छन्,pangkti kshetraharuu winirdeshaharuu haraairahekaa chhan,pangkti kshetraharuu winirdeshaharuu haraairahekaa chhan
Recently played games,हालै खेलेका खेलहरू,हालै खेलेका खेलहरू,haalai khelekaa khelaharuu,haalai khelekaa khelaharuu
Location not found.,स्थान फेला परेन।,स्थान फेला परेन।,sthaana phelaa parena.,sthaana phelaa parena.
Error retrieving message,सन्देश पुनःप्राप्त गर्न त्रुटि,सन्देश पुनःप्राप्त गर्न त्रुटि,sandesha punhpraapta garna truti,sandesha punhpraapta garna truti
Number of AI players.,एआई खेलाडीहरूको सङ्ख्या।,एआई खेलाडीहरूको सङ्ख्या।,eaaii khelaadiiharuuko sangkhyaa.,eaaii khelaadiiharuuko sangkhyaa.
Goes to the previous object.,अघिल्लो वस्तुमा जान्छ।,अघिल्लो वस्तुमा जान्छ।,aghillo wastumaa jaanchha.,aghillo wastumaa jaanchha.
Date in statusbar,स्थिति पट्टीमा मिति,स्थिति पट्टीमा मिति,sthiti pattiimaa miti,sthiti pattiimaa miti
Directories button,डाइरेक्टरी बटन,डाइरेक्टरी बटन,daairektarii batana,daairektarii batana
Must Start On,सुरु गर्नुपर्छ,सुरु गर्नुपर्छ,suru garnuparchha,suru garnuparchha
Copy Folder To,फोल्डरलाई प्रतिलिपि गर्नुहोस्,फोल्डरलाई प्रतिलिपि गर,pholdaralaaii pratilipi garnuhos,pholdaralaaii pratilipi gara
Unsupported or invalid bitdepth.,असमर्थित वा अमान्य बिट गहिराई।,असमर्थित वा अमान्य बिट गहिराई।,asamarthita waa amaanya bita gahiraaii.,asamarthita waa amaanya bita gahiraaii.
Remove current view of the document,कागजातको हालको दृश्य हटाउनुहोस्,कागजातको हालको दृश्य हटाउनुहोस्,kaagajaatako haalako drishya hataaunuhos,kaagajaatako haalako drishya hataaunuhos
Move left,बायाँ सार्नुहोस्,बायाँ सार्नुहोस्,baayaan saarnuhos,baayaan saarnuhos
Ball style. The filename of the images to use for the balls.,बल शैली। बलहरूका लागि प्रयोग गर्न चित्रहरूको फाइल नाम।,बल शैली। बलहरूका लागि प्रयोग गर्न चित्रहरूको फाइल नाम।,bala shailii. balaharuukaa laagi prayoga garna chitraharuuko phaaila naama.,bala shailii. balaharuukaa laagi prayoga garna chitraharuuko phaaila naama.
Connector network layout,कनेक्टर सञ्जाल लेआउट,कनेक्टर सञ्जाल लेआउट,kanektara sanyjaala leaauta,kanektara sanyjaala leaauta
right meta,सही मेटा,सही मेटा,sahii metaa,sahii metaa
Shuffle Data,डेटा फेरबदल गर्नुहोस्,डेटा फेरबदल गर,detaa pherabadala garnuhos,detaa pherabadala gara
URI already loaded,युआरआई पहिले नै लोड भइसकेको छ,युआरआई पहिले नै लोड भइसकेको छ,yuaaraaaii pahile nai loda bhaisakeko chha,yuaaraaaii pahile nai loda bhaisakeko chha
List Show Addresses,सूची देखाउनुहोस् ठेगानाहरू,सूची देखाउनुहोस् ठेगानाहरू,suuchii dekhaaunuhos thegaanaaharuu,suuchii dekhaaunuhos thegaanaaharuu
Search for text in the displayed memo,प्रदर्शित मेमोमा पाठ खोज्नुहोस्,प्रदर्शित मेमोमा पाठ खोज्नुहोस्,pradarshita memomaa paatha khojnuhos,pradarshita memomaa paatha khojnuhos
Getting the file list,फाइल सूची प्राप्त गर्दै,फाइल सूची प्राप्त गर्दै,phaaila suuchii praapta gardai,phaaila suuchii praapta gardai
Test shell action group,परीक्षण शेल कार्य समूह,परीक्षण शेल कार्य समूह,pariikshana shela kaarya samuuha,pariikshana shela kaarya samuuha
Data source removal confirmation,डेटा स्रोत हटाउने पुष्टि,डेटा स्रोत हटाउने पुष्टि,detaa srota hataaune pushti,detaa srota hataaune pushti
Append common parsing rules,सामान्य पार्सिङ्ग नियमहरू थप्नुहोस्,सामान्य पार्सिङ्ग नियमहरू थप्नुहोस्,saamaanya paarsingga niyamaharuu thapnuhos,saamaanya paarsingga niyamaharuu thapnuhos
Goes to next large object.,अर्को ठुलो वस्तुमा जान्छ।,अर्को ठुलो वस्तुमा जान्छ।,arko thulo wastumaa jaanchha.,arko thulo wastumaa jaanchha.
Command line parameters,कमान्ड लाइन मापदण्डहरू,कमान्ड लाइन मापदण्डहरू,kamaanda laaina maapadandaharuu,kamaanda laaina maapadandaharuu
Get a hint for your next move,तपाईँको अर्को चालका लागि सङ्केत प्राप्त गर्नुहोस्,तिमीको अर्को चालका लागि सङ्केत प्राप्त गर,tapaaiinko arko chaalakaa laagi sangketa praapta garnuhos,timiiko arko chaalakaa laagi sangketa praapta gara
Show a list of players in the network game,सञ्जाल खेलमा खेलाडीहरूको सूची देखाउनुहोस्,सञ्जाल खेलमा खेलाडीहरूको सूची देखाउनुहोस्,sanyjaala khelamaa khelaadiiharuuko suuchii dekhaaunuhos,sanyjaala khelamaa khelaadiiharuuko suuchii dekhaaunuhos
No filter selected,कुनै फिल्टर चयन गरिएको छैन,कुनै फिल्टर चयन गरिएको छैन,kunai philtara chayana garieko chhaina,kunai philtara chayana garieko chhaina
Warning about too many flags,धेरैवटा झण्डा बारे चेतावनी,धेरैवटा झण्डा बारे चेतावनी,dheraiwataa jhandaa baare chetaawanii,dheraiwataa jhandaa baare chetaawanii
Unexpected reply from server,सर्भरबाट अप्रत्याशित जवाफ,सर्भरबाट अप्रत्याशित जवाफ,sarbharabaata apratyaashita jawaapha,sarbharabaata apratyaashita jawaapha
Restore each selected icon to its original size,प्रत्येक चयन गरिएको आइकनलाई यसको मूल आकारमा पुनर्स्थापित गर्नुहोस्,प्रत्येक चयन गरिएको आइकनलाई यसको मूल आकारमा पुनर्स्थापित गर,pratyeka chayana garieko aaikanalaaii yasako muula aakaaramaa punarsthaapita garnuhos,pratyeka chayana garieko aaikanalaaii yasako muula aakaaramaa punarsthaapita gara
Message Location,सन्देश स्थान,सन्देश स्थान,sandesha sthaana,sandesha sthaana
Move Folder To,फोल्डरलाई सार्नुहोस्,फोल्डरलाई सार्नुहोस्,pholdaralaaii saarnuhos,pholdaralaaii saarnuhos
Space after WHILE,स्पेस आफ्टर ह्वाइल,स्पेस आफ्टर ह्वाइल,spesa aaphtara hwaaila,spesa aaphtara hwaaila
"Set foreground color to black, background color to white","अग्रभूमि रङ कालो, पृष्ठभूमि रङ सेतोमा सेट गर्नुहोस्","अग्रभूमि रङ कालो, पृष्ठभूमि रङ सेतोमा सेट गर","agrabhuumi ranga kaalo, prishthabhuumi ranga setomaa seta garnuhos","agrabhuumi ranga kaalo, prishthabhuumi ranga setomaa seta gara"
Leave Fullscreen,पूर्ण पर्दा छोड्नुहोस्,पूर्ण पर्दा छोड्नुहोस्,puurna pardaa chhodnuhos,puurna pardaa chhodnuhos
Western European,पश्चिमी युरोपेली,पश्चिमी युरोपेली,pashchimii yuropelii,pashchimii yuropelii
Click to blur,अस्पष्टता हेर्न क्लिक गर्नुहोस्,अस्पष्टता हेर्न क्लिक गर,aspashtataa herna klika garnuhos,aspashtataa herna klika gara
Next Mon,अर्को सोम,अर्को सोम,arko soma,arko soma
Normal text size,सामान्य पाठ आकार,सामान्य पाठ आकार,saamaanya paatha aakaara,saamaanya paatha aakaara
"Cannot open temporary file, cannot print.","अस्थायी फाइल खोल्न सकिँदैन, प्रिन्ट गर्न सकिँदैन।","अस्थायी फाइल खोल्न सकिँदैन, प्रिन्ट गर्न सकिँदैन।","asthaayii phaaila kholna sakindaina, printa garna sakindaina.","asthaayii phaaila kholna sakindaina, printa garna sakindaina."
Dot size,बिन्दु आकार,बिन्दु आकार,bindu aakaara,bindu aakaara
The shortcut is already used by another component in Anjuta. Do you want to keep it anyway?,सर्टकट पहिले नै अञ्जुतामा अर्को कम्पोनेन्टद्वारा प्रयोग गरिएको छ। के तपाईँ यसलाई जे भए पनि राख्न चाहनुहुन्छ?,सर्टकट पहिले नै अञ्जुतामा अर्को कम्पोनेन्टद्वारा प्रयोग गरिएको छ। के तिमी यसलाई जे भए पनि राख्न चाहनुहुन्छ?,sartakata pahile nai anyjutaamaa arko kamponentadwaaraa prayoga garieko chha. ke tapaaiin yasalaaii je bhae pani raakhna chaahanuhunchha?,sartakata pahile nai anyjutaamaa arko kamponentadwaaraa prayoga garieko chha. ke timii yasalaaii je bhae pani raakhna chaahanuhunchha?
Detach page,पृष्ठ अलग गर्नुहोस्,पृष्ठ अलग गर,prishtha alaga garnuhos,prishtha alaga gara
Move the current selection to the other pane in the window,विन्डोमा हालको चयनलाई अर्को फलकमा सार्नुहोस्,विन्डोमा हालको चयनलाई अर्को फलकमा सार्नुहोस्,windomaa haalako chayanalaaii arko phalakamaa saarnuhos,windomaa haalako chayanalaaii arko phalakamaa saarnuhos
Central African Republic,मध्य अफ्रिकी गणतन्त्र,मध्य अफ्रिकी गणतन्त्र,madhya aphrikii ganatantra,madhya aphrikii ganatantra
Playing CD,सिडि बजाउँदै,सिडि बजाउँदै,sidi bajaaundai,sidi bajaaundai
Select a folder,फोल्डर चयन गर्नुहोस्,फोल्डर चयन गर,pholdara chayana garnuhos,pholdara chayana gara
See AUTHORS file for full credits,पूर्ण क्रेडिटका लागि लेखकहरूको फाइल हेर्नुहोस्,पूर्ण क्रेडिटका लागि लेखकहरूको फाइल हेर्नुहोस्,puurna kreditakaa laagi lekhakaharuuko phaaila hernuhos,puurna kreditakaa laagi lekhakaharuuko phaaila hernuhos
Web Content,वेब सामग्री,वेब सामग्री,weba saamagrii,weba saamagrii
Cannot save task,कार्य बचत गर्न सकिँदैन,कार्य बचत गर्न सकिँदैन,kaarya bachata garna sakindaina,kaarya bachata garna sakindaina
Tape array,टेप एरे,टेप एरे,tepa ere,tepa ere
Go to the end of the current block,हालको ब्लकको अन्त्यमा जानुहोस्,हालको ब्लकको अन्त्यमा जाऊ,haalako blakako antyamaa jaanuhos,haalako blakako antyamaa jaauu
Mail Headers Table,मेल हेडर तालिका,मेल हेडर तालिका,mela hedara taalikaa,mela hedara taalikaa
Kopete Chat Window,कोपेट च्याट विन्डो,कोपेट च्याट विन्डो,kopeta chyaata windo,kopeta chyaata windo
Is a matrix normal,के म्याट्रिक्स सामान्य छ,के म्याट्रिक्स सामान्य छ,ke myaatriksa saamaanya chha,ke myaatriksa saamaanya chha
United Nations,संयुक्त राष्ट्र सङ्घ,संयुक्त राष्ट्र सङ्घ,snyukta raashtra sanggha,snyukta raashtra sanggha
Style Selection,शैली चयन,शैली चयन,shailii chayana,shailii chayana
Is used to notify that the table summary has changed,तालिकाको सारांश परिवर्तन भएको छ भनेर सूचित गर्न प्रयोग गरिन्छ,तालिकाको सारांश परिवर्तन भएको छ भनेर सूचित गर्न प्रयोग गरिन्छ,taalikaako saaraansha pariwartana bhaeko chha bhanera suuchita garna prayoga garinchha,taalikaako saaraansha pariwartana bhaeko chha bhanera suuchita garna prayoga garinchha
Performs the basic where am I operation.,जहाँ म अपरेसन गर्दैछु त्यहाँ आधारभूत प्रदर्शन गर्दछ।,जहाँ म अपरेसन गर्दैछु त्यहाँ आधारभूत प्रदर्शन गर्दछ।,jahaan ma aparesana gardaichhu tyahaan aadhaarabhuuta pradarshana gardachha.,jahaan ma aparesana gardaichhu tyahaan aadhaarabhuuta pradarshana gardachha.
Attribute Name,विशेषताहरूको नाम,विशेषताहरूको नाम,wisheshataaharuuko naama,wisheshataaharuuko naama
Five or More Preferences,पाँच वा बढी प्राथमिकताहरू,पाँच वा बढी प्राथमिकताहरू,paancha waa badhii praathamikataaharuu,paancha waa badhii praathamikataaharuu
Display this location with the icon view.,आइकन दृश्यको साथ यो स्थान प्रदर्शन गर्नुहोस्।,आइकन दृश्यको साथ यो स्थान प्रदर्शन गर।,aaikana drishyako saatha yo sthaana pradarshana garnuhos.,aaikana drishyako saatha yo sthaana pradarshana gara.
Object Signer,वस्तु हस्ताक्षरकर्ता,वस्तु हस्ताक्षरकर्ता,wastu hastaaksharakartaa,wastu hastaaksharakartaa
Contact List Members,सम्पर्क सूची सदस्यहरू,सम्पर्क सूची सदस्यहरू,samparka suuchii sadasyaharuu,samparka suuchii sadasyaharuu
Maintainer,संरक्षक,संरक्षक,snrakshaka,snrakshaka
Open the paint dynamics editor,पेन्ट डायनामिक्स सम्पादक खोल्नुहोस्,पेन्ट डायनामिक्स सम्पादक खोल्नुहोस्,penta daayanaamiksa sampaadaka kholnuhos,penta daayanaamiksa sampaadaka kholnuhos
Swiss keymap,स्विस कुञ्जी नक्सा,स्विस कुञ्जी नक्सा,swisa kunyjii naksaa,swisa kunyjii naksaa
Generic span,सामान्य अवधि,सामान्य अवधि,saamaanya awadhi,saamaanya awadhi
Error in checksum,चेकसममा त्रुटि,चेकसममा त्रुटि,chekasamamaa truti,chekasamamaa truti
Select HTML variable width font,एचटिएमएल चर चौडाइ फन्ट चयन गर्नुहोस्,एचटिएमएल चर चौडाइ फन्ट चयन गर,echatiemaela chara chaudaai phanta chayana garnuhos,echatiemaela chara chaudaai phanta chayana gara
Scientific Exponent,वैज्ञानिक प्रतिपादक,वैज्ञानिक प्रतिपादक,waijnyaanika pratipaadaka,waijnyaanika pratipaadaka
Seinäjoki,सेन्याजोकी,सेन्याजोकी,senyaajokii,senyaajokii
Do you want to start a new game?,के तपाईँ नयाँ खेल सुरु गर्न चाहनुहुन्छ?,के तिमी नयाँ खेल सुरु गर्न चाहनुहुन्छ?,ke tapaaiin nayaan khela suru garna chaahanuhunchha?,ke timii nayaan khela suru garna chaahanuhunchha?
Auto-Connect,स्वतः-जडान,स्वतः-जडान,swath-jadaana,swath-jadaana
Vietnamese,भियतनामी,भियतनामी,bhiyatanaamii,bhiyatanaamii
"If set to true, Nautilus will only show folders in the tree side pane. Otherwise it will show both folders and files.","यदि सहीमा सेट गरियो भने, नटिलसले ट्री साइड फलकमा मात्र फोल्डरहरू देखाउनेछ। अन्यथा यसले फोल्डरहरू र फाइलहरू दुवै देखाउनेछ।","यदि सहीमा सेट गरियो भने, नटिलसले ट्री साइड फलकमा मात्र फोल्डरहरू देखाउनेछ। अन्यथा यसले फोल्डरहरू र फाइलहरू दुवै देखाउनेछ।","yadi sahiimaa seta gariyo bhane, natilasale trii saaida phalakamaa maatra pholdaraharuu dekhaaunechha. anyathaa yasale pholdaraharuu ra phaailaharuu duwai dekhaaunechha.","yadi sahiimaa seta gariyo bhane, natilasale trii saaida phalakamaa maatra pholdaraharuu dekhaaunechha. anyathaa yasale pholdaraharuu ra phaailaharuu duwai dekhaaunechha."
Import from Folder,फोल्डरबाट आयात गर्नुहोस्,फोल्डरबाट आयात गर,pholdarabaata aayaata garnuhos,pholdarabaata aayaata gara
Game type. The name of the game variation to use.,खेलको प्रकार। प्रयोग गर्न सकिने खेलको भिन्नताको नाम।,खेलको प्रकार। प्रयोग गर्न सकिने खेलको भिन्नताको नाम।,khelako prakaara. prayoga garna sakine khelako bhinnataako naama.,khelako prakaara. prayoga garna sakine khelako bhinnataako naama.
Folder does not exist,फोल्डर अवस्थित छैन,फोल्डर अवस्थित छैन,pholdara awasthita chhaina,pholdara awasthita chhaina
Could you please tell me where the station is?,के तपाईँ कृपया मलाई बताउन सक्नुहुन्छ कि स्टेसन कहाँ छ?,के तिमी कृपया मलाई बताउन सक्छौ कि स्टेसन कहाँ छ?,ke tapaaiin kripayaa malaaii bataauna saknuhunchha ki stesana kahaan chha?,ke timii kripayaa malaaii bataauna sakchhau ki stesana kahaan chha?
"Sir, would you like some tea?","सर, तपाईँलाई केही चिया चाहिएको छ?","सर, तिमीलाई केही चिया चाहिएको छ?","sara, tapaaiinlaaii kehii chiyaa chaahieko chha?","sara, timiilaaii kehii chiyaa chaahieko chha?"
I respectfully request that you review this document.,म सम्मानपूर्वक अनुरोध गर्दछु कि तपाईँले यो कागजातको समीक्षा गर्नुहोस्।,म सम्मानपूर्वक अनुरोध गर्दछु कि तिमीले यो कागजातको समीक्षा गर।,ma sammaanapuurwaka anurodha gardachhu ki tapaaiinle yo kaagajaatako samiikshaa garnuhos.,ma sammaanapuurwaka anurodha gardachhu ki timiile yo kaagajaatako samiikshaa gara.
May I ask how you are feeling today?,के म तपाईँलाई सोध्न सक्छु कि तपाईँ आज कस्तो महसुस गर्दै हुनुहुन्छ?,के म तिमीलाई सोध्न सक्छु कि तिमी आज कस्तो महसुस गर्दै छौ?,ke ma tapaaiinlaaii sodhna sakchhu ki tapaaiin aaja kasto mahasusa gardai hunuhunchha?,ke ma timiilaaii sodhna sakchhu ki timii aaja kasto mahasusa gardai chhau?
Please wait here until the doctor arrives.,डाक्टर नआउन्जेल कृपया यहाँ पर्खनुहोस्।,डाक्टर नआउन्जेल कृपया यहाँ पर्ख।,daaktara naaaunjela kripayaa yahaan parkhanuhos.,daaktara naaaunjela kripayaa yahaan parkha.
Would you be able to help me with this form?,के तपाईँ मलाई यो फारममा मद्दत गर्न सक्नुहुन्छ?,के तिमी मलाई यो फारममा मद्दत गर्न सक्छौ?,ke tapaaiin malaaii yo phaaramamaa maddata garna saknuhunchha?,ke timii malaaii yo phaaramamaa maddata garna sakchhau?
Thank you for your kind assistance.,तपाईँको दयालु सहयोगका लागि धन्यवाद।,तिमीको दयालु सहयोगका लागि धन्यवाद।,tapaaiinko dayaalu sahayogakaa laagi dhanyawaada.,timiiko dayaalu sahayogakaa laagi dhanyawaada.
"Where do you work, if I may ask?",यदि मैले सोध्न सक्छु भने तपाईँ कहाँ काम गर्नुहुन्छ?,यदि मैले सोध्न सक्छु भने तिमी कहाँ काम गर्नुहुन्छ?,yadi maile sodhna sakchhu bhane tapaaiin kahaan kaama garnuhunchha?,yadi maile sodhna sakchhu bhane timii kahaan kaama garnuhunchha?
"Hey, where are you going?","हे, कहाँ जाँदैछौ?","हे, कहाँ जाँदैछौ?","he, kahaan jaandaichhau?","he, kahaan jaandaichhau?"
"Come on, hurry up!","आउनुहोस्, चाँडै!","आऊ, चाँडै!","aaunuhos, chaandai!","aauu, chaandai!"
Did you eat yet?,तपाईँले अझै पनि खानुभएको छ?,तिमीले अझै पनि खानुभएको छ?,tapaaiinle ajhai pani khaanubhaeko chha?,timiile ajhai pani khaanubhaeko chha?
Call me when you get home.,घर पुग्दा मलाई फोन गर्नुहोस्।,घर पुग्दा मलाई फोन गर।,ghara pugdaa malaaii phona garnuhos.,ghara pugdaa malaaii phona gara.
Why didn't you tell me earlier?,मलाई पहिले नै किन भन्नुभएन?,मलाई पहिले नै किन भन्नुभएन?,malaaii pahile nai kina bhannubhaena?,malaaii pahile nai kina bhannubhaena?
Let's hang out this evening.,आज साँझ बाहिर हङ्गआउट गरौँ।,आज साँझ बाहिर हङ्गआउट गरौँ।,aaja saanjha baahira hanggaaauta garaun.,aaja saanjha baahira hanggaaauta garaun.
"You look tired, bro.","तपाईँ थकित देखिँदै हुनुहुन्छ, भाइ।","तिमी थकित देखिँदै छौ, भाइ।","tapaaiin thakita dekhindai hunuhunchha, bhaai.","timii thakita dekhindai chhau, bhaai."
About Us,हाम्रो बारेमा,हाम्रो बारेमा,haamro baaremaa,haamro baaremaa
Introduction,परिचय,परिचय,parichaya,parichaya
Vision and Mission,दर्शन र मिसन,दर्शन र मिसन,darshana ra misana,darshana ra misana
Duties and Powers,कर्तव्य र शक्तिहरू,कर्तव्य र शक्तिहरू,kartawya ra shaktiharuu,kartawya ra shaktiharuu
Organization Structure,सङ्गठन संरचना,सङ्गठन संरचना,sanggathana snrachanaa,sanggathana snrachanaa
Officials and Employees,अधिकारी र कर्मचारीहरू,अधिकारी र कर्मचारीहरू,adhikaarii ra karmachaariiharuu,adhikaarii ra karmachaariiharuu
Former Chairpersons,पूर्व अध्यक्षहरू,पूर्व अध्यक्षहरू,puurwa adhyakshaharuu,puurwa adhyakshaharuu
Services,सेवाहरू,सेवाहरू,sewaaharuu,sewaaharuu
Law Drafting,कानूनको प्रारूपण,कानूनको प्रारूपण,kaanuunako praaruupana,kaanuunako praaruupana
Research and Study,अनुसन्धान र अध्ययन,अनुसन्धान र अध्ययन,anusandhaana ra adhyayana,anusandhaana ra adhyayana
Existing Laws,विद्यमान कानुनहरू,विद्यमान कानुनहरू,widyamaana kaanunaharuu,widyamaana kaanunaharuu
Constitution,संविधान,संविधान,snwidhaana,snwidhaana
Acts,कार्यहरू,कार्यहरू,kaaryaharuu,kaaryaharuu
Recent Acts,हालैका अधिनियमहरू,हालैका अधिनियमहरू,haalaikaa adhiniyamaharuu,haalaikaa adhiniyamaharuu
By Volume,मात्रा अनुसार,मात्रा अनुसार,maatraa anusaara,maatraa anusaara
Alphabetical List,वर्णानुक्रम सूची,वर्णानुक्रम सूची,warnaanukrama suuchii,warnaanukrama suuchii
Ordinances,अध्यादेशहरू,अध्यादेशहरू,adhyaadeshaharuu,adhyaadeshaharuu
Regulations,नियमहरू,नियमहरू,niyamaharuu,niyamaharuu
Formation Orders,गठन आदेशहरू,गठन आदेशहरू,gathana aadeshaharuu,gathana aadeshaharuu
Repealed Laws,खारेज गरिएका कानुनहरू,खारेज गरिएका कानुनहरू,khaareja gariekaa kaanunaharuu,khaareja gariekaa kaanunaharuu
Repealed Acts,खारेज गरिएका अधिनियमहरू,खारेज गरिएका अधिनियमहरू,khaareja gariekaa adhiniyamaharuu,khaareja gariekaa adhiniyamaharuu
Repealed Ordinances,खारेज गरिएका अध्यादेशहरू,खारेज गरिएका अध्यादेशहरू,khaareja gariekaa adhyaadeshaharuu,khaareja gariekaa adhyaadeshaharuu
Repealed Regulations,खारेज गरिएका नियमहरू,खारेज गरिएका नियमहरू,khaareja gariekaa niyamaharuu,khaareja gariekaa niyamaharuu
Policies,नीतिहरू,नीतिहरू,niitiharuu,niitiharuu
International Treaties and Agreements,अन्तर्राष्ट्रिय सन्धि र सम्झौता,अन्तर्राष्ट्रिय सन्धि र सम्झौता,antarraashtriya sandhi ra samjhautaa,antarraashtriya sandhi ra samjhautaa
Historical Documents,ऐतिहासिक दस्तावेजहरू,ऐतिहासिक दस्तावेजहरू,aitihaasika dastaawejaharuu,aitihaasika dastaawejaharuu
Other,अन्य,अन्य,anya,anya
Information Center,सूचना केन्द्र,सूचना केन्द्र,suuchanaa kendra,suuchanaa kendra
Annual Report,वार्षिक प्रतिवेदन,वार्षिक प्रतिवेदन,waarshika pratiwedana,waarshika pratiwedana
Contact,सम्पर्क गर्नुहोस्,सम्पर्क गर,samparka garnuhos,samparka gara
Contact Address,सम्पर्क ठेगाना,सम्पर्क ठेगाना,samparka thegaanaa,samparka thegaanaa
Suggestions and Complaints,सुझाव र उजुरीहरू,सुझाव र उजुरीहरू,sujhaawa ra ujuriiharuu,sujhaawa ra ujuriiharuu
Frequently Asked Questions,प्रायः सोधिने प्रश्नहरू,प्रायः सोधिने प्रश्नहरू,praayh sodhine prashnaharuu,praayh sodhine prashnaharuu
Government of Nepal,नेपाल सरकार,नेपाल सरकार,nepaala sarakaara,nepaala sarakaara
Nepal Law Commission,नेपाल विधि आयोग,नेपाल विधि आयोग,nepaala widhi aayoga,nepaala widhi aayoga
"New Baneshwor, Kathmandu","नयाँ बनेश्वर, काठमाडौँ","नयाँ बनेश्वर, काठमाडौँ","nayaan baneshwara, kaathamaadaun","nayaan baneshwara, kaathamaadaun"
Select Language,भाषा चयन गर्नुहोस्,भाषा चयन गर,bhaashaa chayana garnuhos,bhaashaa chayana gara
Search,खोज्नुहोस्,खोज्नुहोस्,khojnuhos,khojnuhos
Important Notice,महत्त्वपूर्ण सूचना,महत्त्वपूर्ण सूचना,mahattwapuurna suuchanaa,mahattwapuurna suuchanaa
Office Hours,कार्यालय समय,कार्यालय समय,kaaryaalaya samaya,kaaryaalaya samaya
Home,घर,घर,ghara,ghara
Download,डाउनलोड गर्नुहोस्,डाउनलोड गर,daaunaloda garnuhos,daaunaloda gara
Read More,थप पढ्नुहोस्,थप पढ्नुहोस्,thapa padhnuhos,thapa padhnuhos
Previous,अघिल्लो,अघिल्लो,aghillo,aghillo
Next,अर्को,अर्को,arko,arko
Submit,पेस गर्नुहोस्,पेस गर,pesa garnuhos,pesa gara
Cancel,रद्द गर्नुहोस्,रद्द गर,radda garnuhos,radda gara
Close,बन्द गर्नुहोस्,बन्द गर,banda garnuhos,banda gara
Back,फर्कियो।,फर्कियो।,pharkiyo.,pharkiyo.
Share,साझा गर्नुहोस्,साझा गर,saajhaa garnuhos,saajhaa gara
"The Nepal Law Commission (NLC) was first constituted by an executive decision in 1953, immediately after the dawn of multiparty democracy. The second, third, fourth and fifth Commissions were constituted in 1960, 1963, 1972 and 1979 respectively. All those Commissions were temporary in nature. The NLC was given permanent status only in 1984. After the restoration of multiparty democracy in 1990, the NLC was restructured with the mandate commensurate to the changed context. It was again restructured in 2003 with timely changes in its mandate and composition. Now, the Commission is a statutory body under the Nepal Law Commission Act, 2007, which was promulgated on 14th January, 2007. It is to","बहुदलीय लोकतन्त्रको प्रारम्भ भएको लगत्तै सन् 1953 मा पहिलो पटक कार्यकारी निर्णयद्वारा नेपाल विधि आयोग (एनएलसी) गठन गरिएको थियो। दोस्रो, तेस्रो, चौथो र पाँचौँ आयोगहरू क्रमशः सन् 1960,1963,1972 र 1979 मा गठन गरिएको थियो। ती सबै आयोगहरू अस्थायी प्रकृतिका थिए। एनएलसीलाई सन् 1984 मा मात्र स्थायी दर्जा दिइएको थियो। सन् 1990 मा बहुदलीय लोकतन्त्रको पुनर्स्थापनापछि, परिवर्तन भएको सन्दर्भ अनुरूप जनादेशका साथ एनएलसीको पुनर्गठन गरिएको थियो","बहुदलीय लोकतन्त्रको प्रारम्भ भएको लगत्तै सन् 1953 मा पहिलो पटक कार्यकारी निर्णयद्वारा नेपाल विधि आयोग (एनएलसी) गठन गरिएको थियो। दोस्रो, तेस्रो, चौथो र पाँचौँ आयोगहरू क्रमशः सन् 1960,1963,1972 र 1979 मा गठन गरिएको थियो। ती सबै आयोगहरू अस्थायी प्रकृतिका थिए। एनएलसीलाई सन् 1984 मा मात्र स्थायी दर्जा दिइएको थियो। सन् 1990 मा बहुदलीय लोकतन्त्रको पुनर्स्थापनापछि, परिवर्तन भएको सन्दर्भ अनुरूप जनादेशका साथ एनएलसीको पुनर्गठन गरिएको थियो","bahudaliiya lokatantrako praarambha bhaeko lagattai san 1953 maa pahilo pataka kaaryakaarii nirnayadwaaraa nepaala widhi aayoga (enaelasii) gathana garieko thiyo. dosro, tesro, chautho ra paanchaun aayogaharuu kramashh san 1960,1963,1972 ra 1979 maa gathana garieko thiyo. tii sabai aayogaharuu asthaayii prakritikaa thie. enaelasiilaaii san 1984 maa maatra sthaayii darjaa diieko thiyo. san 1990 maa bahudaliiya lokatantrako punarsthaapanaapachhi, pariwartana bhaeko sandarbha anuruupa janaadeshakaa saatha enaelasiiko punargathana garieko thiyo","bahudaliiya lokatantrako praarambha bhaeko lagattai san 1953 maa pahilo pataka kaaryakaarii nirnayadwaaraa nepaala widhi aayoga (enaelasii) gathana garieko thiyo. dosro, tesro, chautho ra paanchaun aayogaharuu kramashh san 1960,1963,1972 ra 1979 maa gathana garieko thiyo. tii sabai aayogaharuu asthaayii prakritikaa thie. enaelasiilaaii san 1984 maa maatra sthaayii darjaa diieko thiyo. san 1990 maa bahudaliiya lokatantrako punarsthaapanaapachhi, pariwartana bhaeko sandarbha anuruupa janaadeshakaa saatha enaelasiiko punargathana garieko thiyo"
"The Commission consists of nine members including the Chairperson, Vice-chairperson and seven members.","आयोग अध्यक्ष, उपाध्यक्ष र सात सदस्यसहित नौ सदस्य रहेको छ।","आयोग अध्यक्ष, उपाध्यक्ष र सात सदस्यसहित नौ सदस्य रहेको छ।","aayoga adhyaksha, upaadhyaksha ra saata sadasyasahita nau sadasya raheko chha.","aayoga adhyaksha, upaadhyaksha ra saata sadasyasahita nau sadasya raheko chha."
The Chairperson and the Vice-chairperson are appointed by the Government of Nepal for five years. Other three members consisting of at least one woman are nominated by the same for two years. Retired judge of the Supreme Court or one who is qualified for the same is eligible to be appointed as the Chairperson. Person retired from the post of special class of Nepal Judicial Service or a person having fifteen years of experience as a law practitioner or law teacher or working in the field of law and justice including legal drafting may be eligible for the post of Vice-chairperson or member of the commission.,नेपाल सरकारले अध्यक्ष र उपाध्यक्षलाई पाँच वर्षका लागि नेपाल सरकारले नियुक्त गर्छ। कम्तीमा एक जना महिला भएका अन्य तिन सदस्यलाई दुई वर्षका लागि सोहीले मनोनयन गर्छ। सर्वोच्च अदालतका सेवानिवृत्त न्यायाधीश वा यसका लागि योग्य व्यक्ति अध्यक्षका रूपमा नियुक्त हुन योग्य छन्। नेपाल न्यायिक सेवाको विशेष वर्गको पदबाट सेवानिवृत्त व्यक्ति वा कानुन व्यवसायी वा कानुन शिक्षकको रूपमा पन्ध्र वर्षको अनुभव भएको वा कानुनी ड्राफ्टिङसहित कानुन र न्यायको क्षेत्रमा काम गर्ने व्यक्ति उपाध्यक्ष वा आयोगको सदस्यको पदका लागि योग्य हुन सक्छन्।,नेपाल सरकारले अध्यक्ष र उपाध्यक्षलाई पाँच वर्षका लागि नेपाल सरकारले नियुक्त गर्छ। कम्तीमा एक जना महिला भएका अन्य तिन सदस्यलाई दुई वर्षका लागि सोहीले मनोनयन गर्छ। सर्वोच्च अदालतका सेवानिवृत्त न्यायाधीश वा यसका लागि योग्य व्यक्ति अध्यक्षका रूपमा नियुक्त हुन योग्य छन्। नेपाल न्यायिक सेवाको विशेष वर्गको पदबाट सेवानिवृत्त व्यक्ति वा कानुन व्यवसायी वा कानुन शिक्षकको रूपमा पन्ध्र वर्षको अनुभव भएको वा कानुनी ड्राफ्टिङसहित कानुन र न्यायको क्षेत्रमा काम गर्ने व्यक्ति उपाध्यक्ष वा आयोगको सदस्यको पदका लागि योग्य हुन सक्छन्।,nepaala sarakaarale adhyaksha ra upaadhyakshalaaii paancha warshakaa laagi nepaala sarakaarale niyukta garchha. kamtiimaa eka janaa mahilaa bhaekaa anya tina sadasyalaaii duii warshakaa laagi sohiile manonayana garchha. sarwochcha adaalatakaa sewaaniwritta nyaayaadhiisha waa yasakaa laagi yogya wyakti adhyakshakaa ruupamaa niyukta huna yogya chhan. nepaala nyaayika sewaako wishesha wargako padabaata sewaaniwritta wyakti waa kaanuna wyawasaayii waa kaanuna shikshakako ruupamaa pandhra warshako anubhawa bhaeko waa kaanunii draaphtingasahita kaanuna ra nyaayako kshetramaa kaama garne wyakti upaadhyaksha waa aayogako sadasyako padakaa laagi yogya huna sakchhan.,nepaala sarakaarale adhyaksha ra upaadhyakshalaaii paancha warshakaa laagi nepaala sarakaarale niyukta garchha. kamtiimaa eka janaa mahilaa bhaekaa anya tina sadasyalaaii duii warshakaa laagi sohiile manonayana garchha. sarwochcha adaalatakaa sewaaniwritta nyaayaadhiisha waa yasakaa laagi yogya wyakti adhyakshakaa ruupamaa niyukta huna yogya chhan. nepaala nyaayika sewaako wishesha wargako padabaata sewaaniwritta wyakti waa kaanuna wyawasaayii waa kaanuna shikshakako ruupamaa pandhra warshako anubhawa bhaeko waa kaanunii draaphtingasahita kaanuna ra nyaayako kshetramaa kaama garne wyakti upaadhyaksha waa aayogako sadasyako padakaa laagi yogya huna sakchhan.
"The Secretary at the Ministry of Law, Justice and Parliamentary Affairs, Secretary (Law) at the Office of the Prime Minister and Council of Ministers, Deputy Attorney General nominated by the Attorney General of Nepal and the Secretary at the NLC, who also serves as a Member-Secretary, are ex-officio members.","कानुन, न्याय तथा संसदीय मामिला विभागका सचिव, प्रधानमन्त्री तथा मन्त्रिपरिषद् कार्यालयमा सचिव (कानुन), नेपालका महान्यायाधिवक्ताद्वारा मनोनीत महान्यायाधिवक्ता तथा एनएलसीका सचिव, जसले सदस्य-सचिवको रूपमा पनि काम गर्छन्, पदेन सदस्य हुन्।","कानुन, न्याय तथा संसदीय मामिला विभागका सचिव, प्रधानमन्त्री तथा मन्त्रिपरिषद् कार्यालयमा सचिव (कानुन), नेपालका महान्यायाधिवक्ताद्वारा मनोनीत महान्यायाधिवक्ता तथा एनएलसीका सचिव, जसले सदस्य-सचिवको रूपमा पनि काम गर्छन्, पदेन सदस्य हुन्।","kaanuna, nyaaya tathaa snsadiiya maamilaa wibhaagakaa sachiwa, pradhaanamantrii tathaa mantriparishad kaaryaalayamaa sachiwa (kaanuna), nepaalakaa mahaanyaayaadhiwaktaadwaaraa manoniita mahaanyaayaadhiwaktaa tathaa enaelasiikaa sachiwa, jasale sadasya-sachiwako ruupamaa pani kaama garchhan, padena sadasya hun.","kaanuna, nyaaya tathaa snsadiiya maamilaa wibhaagakaa sachiwa, pradhaanamantrii tathaa mantriparishad kaaryaalayamaa sachiwa (kaanuna), nepaalakaa mahaanyaayaadhiwaktaadwaaraa manoniita mahaanyaayaadhiwaktaa tathaa enaelasiikaa sachiwa, jasale sadasya-sachiwako ruupamaa pani kaama garchhan, padena sadasya hun."
The Government may appoint up to five members as honorary members to the Commission from amongst outstanding experts in the pertinent field.,सरकारले सम्बन्धित क्षेत्रका उत्कृष्ट विज्ञहरू मध्येबाट पाँच जनासम्मलाई आयोगको मानार्थ सदस्यका रूपमा नियुक्त गर्न सक्छ।,सरकारले सम्बन्धित क्षेत्रका उत्कृष्ट विज्ञहरू मध्येबाट पाँच जनासम्मलाई आयोगको मानार्थ सदस्यका रूपमा नियुक्त गर्न सक्छ।,sarakaarale sambandhita kshetrakaa utkrishta wijnyaharuu madhyebaata paancha janaasammalaaii aayogako maanaartha sadasyakaa ruupamaa niyukta garna sakchha.,sarakaarale sambandhita kshetrakaa utkrishta wijnyaharuu madhyebaata paancha janaasammalaaii aayogako maanaartha sadasyakaa ruupamaa niyukta garna sakchha.
"There is a provision of a Recommendation Committee composed of the Minister for Law, Justice and Parliamentary Affairs, Chairperson of the Law, Justice and Parliamentary Committee of the House of Representatives* and Chairperson of the Nepal Bar Association to recommend to the Government for appointment in the post of Chairperson, Vice-chairperson and members of the Commission.","आयोगका अध्यक्ष, उपाध्यक्ष र सदस्यका पदमा नियुक्तिका लागि सरकारलाई सिफारिस गर्न कानुन, न्याय तथा संसदीय मामिला मन्त्री, कानुन, न्याय तथा प्रतिनिधि सभाको संसदीय समितिका अध्यक्ष * र नेपाल बार एसोसिएसनका अध्यक्ष * मिलेर बनेको सिफारिस समितिको प्रावधान छ।","आयोगका अध्यक्ष, उपाध्यक्ष र सदस्यका पदमा नियुक्तिका लागि सरकारलाई सिफारिस गर्न कानुन, न्याय तथा संसदीय मामिला मन्त्री, कानुन, न्याय तथा प्रतिनिधि सभाको संसदीय समितिका अध्यक्ष * र नेपाल बार एसोसिएसनका अध्यक्ष * मिलेर बनेको सिफारिस समितिको प्रावधान छ।","aayogakaa adhyaksha, upaadhyaksha ra sadasyakaa padamaa niyuktikaa laagi sarakaaralaaii siphaarisa garna kaanuna, nyaaya tathaa snsadiiya maamilaa mantrii, kaanuna, nyaaya tathaa pratinidhi sabhaako snsadiiya samitikaa adhyaksha * ra nepaala baara esosiesanakaa adhyaksha * milera baneko siphaarisa samitiko praawadhaana chha.","aayogakaa adhyaksha, upaadhyaksha ra sadasyakaa padamaa niyuktikaa laagi sarakaaralaaii siphaarisa garna kaanuna, nyaaya tathaa snsadiiya maamilaa mantrii, kaanuna, nyaaya tathaa pratinidhi sabhaako snsadiiya samitikaa adhyaksha * ra nepaala baara esosiesanakaa adhyaksha * milera baneko siphaarisa samitiko praawadhaana chha."
"To draft new legislation and amendment of the statute with explanatory notes, To codify, unify and review existing laws, To draft legislation to include treaty obligation, To exchange ideas and information with law commissions and law drafting agencies of other countries, To carry out study and research works on legal field. To make consultation with stakeholders, To obtain expert service. To prepare annual programs and annual progress report, To accomplish other functions relating to law and justice as prescribed by the Government and as deemed necessary by the Commission itself, To make necessary recommendation to the Government. Process of Discussion on Consultation Paper","नयाँ कानुनको मस्यौदा र व्याख्यात्मक नोटसहित विधानको संशोधन, विद्यमान कानुनको संहिताबद्ध, एकीकृत र समीक्षा, सन्धि दायित्व समावेश गर्न कानूनको मस्यौदा, अन्य देशका कानुन आयोग र कानुन ड्राफ्टिङ एजेन्सीहरूसँग विचार र जानकारी आदानप्रदान गर्ने, कानुनी क्षेत्रमा अध्ययन र अनुसन्धान गर्ने, हितधारकहरूसँग परामर्श गर्ने, विशेषज्ञ सेवा प्राप्त गर्ने, वार्षिक कार्यक्रम र वार्षिक प्रगति प्रतिवेदन तयार गर्ने, सरकारले निर्धारित गरेको र आयोगले नै आवश्यक ठानेको कानुन र न्यायसँग सम्बन्धित अन्य कार्यहरू पूरा","नयाँ कानुनको मस्यौदा र व्याख्यात्मक नोटसहित विधानको संशोधन, विद्यमान कानुनको संहिताबद्ध, एकीकृत र समीक्षा, सन्धि दायित्व समावेश गर्न कानूनको मस्यौदा, अन्य देशका कानुन आयोग र कानुन ड्राफ्टिङ एजेन्सीहरूसँग विचार र जानकारी आदानप्रदान गर्ने, कानुनी क्षेत्रमा अध्ययन र अनुसन्धान गर्ने, हितधारकहरूसँग परामर्श गर्ने, विशेषज्ञ सेवा प्राप्त गर्ने, वार्षिक कार्यक्रम र वार्षिक प्रगति प्रतिवेदन तयार गर्ने, सरकारले निर्धारित गरेको र आयोगले नै आवश्यक ठानेको कानुन र न्यायसँग सम्बन्धित अन्य कार्यहरू पूरा","nayaan kaanunako masyaudaa ra wyaakhyaatmaka notasahita widhaanako snshodhana, widyamaana kaanunako snhitaabaddha, ekiikrita ra samiikshaa, sandhi daayitwa samaawesha garna kaanuunako masyaudaa, anya deshakaa kaanuna aayoga ra kaanuna draaphtinga ejensiiharuusnga wichaara ra jaanakaarii aadaanapradaana garne, kaanunii kshetramaa adhyayana ra anusandhaana garne, hitadhaarakaharuusnga paraamarsha garne, wisheshajnya sewaa praapta garne, waarshika kaaryakrama ra waarshika pragati pratiwedana tayaara garne, sarakaarale nirdhaarita gareko ra aayogale nai aawashyaka thaaneko kaanuna ra nyaayasnga sambandhita anya kaaryaharuu puuraa","nayaan kaanunako masyaudaa ra wyaakhyaatmaka notasahita widhaanako snshodhana, widyamaana kaanunako snhitaabaddha, ekiikrita ra samiikshaa, sandhi daayitwa samaawesha garna kaanuunako masyaudaa, anya deshakaa kaanuna aayoga ra kaanuna draaphtinga ejensiiharuusnga wichaara ra jaanakaarii aadaanapradaana garne, kaanunii kshetramaa adhyayana ra anusandhaana garne, hitadhaarakaharuusnga paraamarsha garne, wisheshajnya sewaa praapta garne, waarshika kaaryakrama ra waarshika pragati pratiwedana tayaara garne, sarakaarale nirdhaarita gareko ra aayogale nai aawashyaka thaaneko kaanuna ra nyaayasnga sambandhita anya kaaryaharuu puuraa"
"1 Initiation of tasks: The commission may initiate drafting and law reform process either on referral of the concerned ministry or on its own. It may also receive a proposal from stakeholders, i.e. individual, non-governmental organization, civil society and community organization.","1 कार्यहरूको प्रारम्भः आयोगले सम्बन्धित मन्त्रालयको रेफरलमा वा आफ्नै रूपमा मस्यौदा र कानून सुधार प्रक्रिया सुरु गर्न सक्छ। यसले व्यक्तिगत, गैर-सरकारी संस्था, नागरिक समाज र सामुदायिक सङ्गठन जस्ता हितधारकहरूबाट पनि प्रस्ताव प्राप्त गर्न सक्छ।","1 कार्यहरूको प्रारम्भः आयोगले सम्बन्धित मन्त्रालयको रेफरलमा वा आफ्नै रूपमा मस्यौदा र कानून सुधार प्रक्रिया सुरु गर्न सक्छ। यसले व्यक्तिगत, गैर-सरकारी संस्था, नागरिक समाज र सामुदायिक सङ्गठन जस्ता हितधारकहरूबाट पनि प्रस्ताव प्राप्त गर्न सक्छ।","1 kaaryaharuuko praarambhh aayogale sambandhita mantraalayako repharalamaa waa aaphnai ruupamaa masyaudaa ra kaanuuna sudhaara prakriyaa suru garna sakchha. yasale wyaktigata, gaira-sarakaarii snsthaa, naagarika samaaja ra saamudaayika sanggathana jastaa hitadhaarakaharuubaata pani prastaawa praapta garna sakchha.","1 kaaryaharuuko praarambhh aayogale sambandhita mantraalayako repharalamaa waa aaphnai ruupamaa masyaudaa ra kaanuuna sudhaara prakriyaa suru garna sakchha. yasale wyaktigata, gaira-sarakaarii snsthaa, naagarika samaaja ra saamudaayika sanggathana jastaa hitadhaarakaharuubaata pani prastaawa praapta garna sakchha."
"2 Formation of Working Team: The Commission decides annual program on the basis of the priority and forms working team (WT) involving experts to work on approved area by providing clear mandate and time frame. Generally, one member of the Commission heads the WT or it is headed by any reputed personality in the relevant field.","2 कार्य टोली गठनः आयोगले प्राथमिकताको आधारमा वार्षिक कार्यक्रम निर्णय गर्दछ र स्पष्ट जनादेश र समय सीमा प्रदान गरेर स्वीकृत क्षेत्रमा काम गर्न विशेषज्ञहरूलाई संलग्न गर्दै कार्य टोली (डब्लुटी) गठन गर्दछ। सामान्यतया, आयोगका एकजना सदस्य डब्ल्युटीको प्रमुख हुन्छन् वा यसको नेतृत्व सम्बन्धित क्षेत्रमा कुनै प्रतिष्ठित व्यक्तित्वले गर्छन्।","2 कार्य टोली गठनः आयोगले प्राथमिकताको आधारमा वार्षिक कार्यक्रम निर्णय गर्दछ र स्पष्ट जनादेश र समय सीमा प्रदान गरेर स्वीकृत क्षेत्रमा काम गर्न विशेषज्ञहरूलाई संलग्न गर्दै कार्य टोली (डब्लुटी) गठन गर्दछ। सामान्यतया, आयोगका एकजना सदस्य डब्ल्युटीको प्रमुख हुन्छन् वा यसको नेतृत्व सम्बन्धित क्षेत्रमा कुनै प्रतिष्ठित व्यक्तित्वले गर्छन्।","2 kaarya tolii gathanh aayogale praathamikataako aadhaaramaa waarshika kaaryakrama nirnaya gardachha ra spashta janaadesha ra samaya siimaa pradaana garera swiikrita kshetramaa kaama garna wisheshajnyaharuulaaii snlagna gardai kaarya tolii (dablutii) gathana gardachha. saamaanyatayaa, aayogakaa ekajanaa sadasya dablyutiiko pramukha hunchhan waa yasako netritwa sambandhita kshetramaa kunai pratishthita wyaktitwale garchhan.","2 kaarya tolii gathanh aayogale praathamikataako aadhaaramaa waarshika kaaryakrama nirnaya gardachha ra spashta janaadesha ra samaya siimaa pradaana garera swiikrita kshetramaa kaama garna wisheshajnyaharuulaaii snlagna gardai kaarya tolii (dablutii) gathana gardachha. saamaanyatayaa, aayogakaa ekajanaa sadasya dablyutiiko pramukha hunchhan waa yasako netritwa sambandhita kshetramaa kunai pratishthita wyaktitwale garchhan."
"3 Preparation of Consultation Paper: The WT carries out in-depth study of the issue under review. For this purpose, WT may invite expert, stakeholder and government official for consultation as an invitee member. The WT prepares a consultation/issue paper and it is made available to any person interested. WT can also opt appropriate methods of research for data collection.","3 परामर्श पत्रको तयारीः डब्लुटीले समीक्षामा रहेको मुद्दाको गहन अध्ययन गर्दछ। यस उद्देश्यका लागि, डब्लुटीले विशेषज्ञ, हितधारक र सरकारी अधिकारीहरूलाई आमन्त्रित सदस्यको रूपमा परामर्शका लागि आमन्त्रित गर्न सक्छ। डब्लुटीले परामर्श/जारी गर्ने पत्र तयार गर्दछ र यो इच्छुक कुनै पनि व्यक्तिलाई उपलब्ध गराइन्छ। डब्लुटीले डेटा सङ्कलनका लागि अनुसन्धानको उपयुक्त विधिहरू पनि छनौट गर्न सक्छ।","3 परामर्श पत्रको तयारीः डब्लुटीले समीक्षामा रहेको मुद्दाको गहन अध्ययन गर्दछ। यस उद्देश्यका लागि, डब्लुटीले विशेषज्ञ, हितधारक र सरकारी अधिकारीहरूलाई आमन्त्रित सदस्यको रूपमा परामर्शका लागि आमन्त्रित गर्न सक्छ। डब्लुटीले परामर्श/जारी गर्ने पत्र तयार गर्दछ र यो इच्छुक कुनै पनि व्यक्तिलाई उपलब्ध गराइन्छ। डब्लुटीले डेटा सङ्कलनका लागि अनुसन्धानको उपयुक्त विधिहरू पनि छनौट गर्न सक्छ।","3 paraamarsha patrako tayaariih dablutiile samiikshaamaa raheko muddaako gahana adhyayana gardachha. yasa uddeshyakaa laagi, dablutiile wisheshajnya, hitadhaaraka ra sarakaarii adhikaariiharuulaaii aamantrita sadasyako ruupamaa paraamarshakaa laagi aamantrita garna sakchha. dablutiile paraamarsha/jaarii garne patra tayaara gardachha ra yo ichchhuka kunai pani wyaktilaaii upalabdha garaainchha. dablutiile detaa sangkalanakaa laagi anusandhaanako upayukta widhiharuu pani chhanauta garna sakchha.","3 paraamarsha patrako tayaariih dablutiile samiikshaamaa raheko muddaako gahana adhyayana gardachha. yasa uddeshyakaa laagi, dablutiile wisheshajnya, hitadhaaraka ra sarakaarii adhikaariiharuulaaii aamantrita sadasyako ruupamaa paraamarshakaa laagi aamantrita garna sakchha. dablutiile paraamarsha/jaarii garne patra tayaara gardachha ra yo ichchhuka kunai pani wyaktilaaii upalabdha garaainchha. dablutiile detaa sangkalanakaa laagi anusandhaanako upayukta widhiharuu pani chhanauta garna sakchha."
Hello.,नमस्कार।,नमस्कार।,namaskaara.,namaskaara.
Thank you.,धन्यवाद।,धन्यवाद।,dhanyabad.,dhanyabad.
You are welcome.,तपाईँलाई स्वागत छ।,तिमीलाई स्वागत छ।,tapaaiinlaaii swaagata chha.,timiilaaii swaagata chha.
I am sorry.,म माफी माग्न चाहन्छु।,म माफी माग्न चाहन्छु।,ma maaphii maagna chaahanchhu.,ma maaphii maagna chaahanchhu.
Yes.,हो।,हो।,ho.,ho.
No.,होइन।,होइन।,hoina.,hoina.
Please.,कृपया।,कृपया।,kripya.,kripya.
Where are you from?,कहाँबाट आउनुहुन्छ?,कहाँबाट आउनुहुन्छ?,kahaanbaata aaunuhunchha?,kahaanbaata aaunuhunchha?
I am from Nepal.,म नेपालबाट हुँ।,म नेपालबाट हुँ।,ma nepaalabaata hun.,ma nepaalabaata hun.
What does this mean?,यसको अर्थ के हो?,यसको अर्थ के हो?,yasako artha ke ho?,yasako artha ke ho?
How far is it?,कति टाढामा छ?,कति टाढामा छ?,kati taadhaamaa chha?,kati taadhaamaa chha?
Turn left.,बायाँतिर फर्कनुहोस्।,बायाँतिर फर्कनुहोस्।,baayaantira pharkanuhos.,baayaantira pharkanuhos.
Turn right.,दायाँतिर फर्कनुहोस्।,दायाँतिर फर्कनुहोस्।,daayaantira pharkanuhos.,daayaantira pharkanuhos.
Go straight.,सिधा जानुहोस्।,सिधा जाऊ।,sidhaa jaanuhos.,sidhaa jaauu.
That is too expensive.,त्यो धेरै महँगो छ।,त्यो धेरै महँगो छ।,tyo dherai mahngo chha.,tyo dherai mahngo chha.
Do you have a smaller size?,के तपाईँसँग सानो आकार छ?,के तिमीसँग सानो आकार छ?,ke tapaaiinsnga saano aakaara chha?,ke timiisnga saano aakaara chha?
I would like this.,म यो चाहन्छु।,म यो चाहन्छु।,ma yo chaahanchhu.,ma yo chaahanchhu.
I do not want this.,मलाई यो चाहिएको छैन।,मलाई यो चाहिएको छैन।,malaaii yo chaahieko chhaina.,malaaii yo chaahieko chhaina.
Can I pay by card?,के म कार्डद्वारा भुक्तानी गर्न सक्छु?,के म कार्डद्वारा भुक्तानी गर्न सक्छु?,ke ma kaardadwaaraa bhuktaanii garna sakchhu?,ke ma kaardadwaaraa bhuktaanii garna sakchhu?
Please give me a receipt.,कृपया मलाई एउटा रसिद दिनुहोस्।,कृपया मलाई एउटा रसिद देऊ।,kripayaa malaaii eutaa rasida dinuhos.,kripayaa malaaii eutaa rasida deuu.
I do not eat meat.,म मासु खाँदिनँ।,म मासु खाँदिनँ।,ma maasu khaandinn.,ma maasu khaandinn.
Is this vegetarian?,के यो शाकाहारी हो?,के यो शाकाहारी हो?,ke yo shaakaahaarii ho?,ke yo shaakaahaarii ho?
I have an allergy.,मलाई एलर्जी छ।,मलाई एलर्जी छ।,malaaii elarjii chha.,malaaii elarjii chha.
I am sick.,म बिरामी छु।,म बिरामी छु।,ma biraamii chhu.,ma biraamii chhu.
I have a fever.,मलाई ज्वरो आएको छ।,मलाई ज्वरो आएको छ।,malaaii jwaro aaeko chha.,malaaii jwaro aaeko chha.
Where does it hurt?,कहाँ दुखाइ हुन्छ?,कहाँ दुखाइ हुन्छ?,kahaan dukhaai hunchha?,kahaan dukhaai hunchha?
Please come with me.,कृपया मसँगै आउनुहोस्।,कृपया मसँगै आऊ।,kripayaa masngai aaunuhos.,kripayaa masngai aauu.
Please stand here.,कृपया यहाँ खडा हुनुहोस्।,कृपया यहाँ खडा हुनुहोस्।,kripayaa yahaan khadaa hunuhos.,kripayaa yahaan khadaa hunuhos.
When will it arrive?,यो कहिले आउनेछ?,यो कहिले आउनेछ?,yo kahile aaunechha?,yo kahile aaunechha?
I will come tomorrow.,म भोलि आउनेछु।,म भोलि आउनेछु।,ma bholi aaunechhu.,ma bholi aaunechhu.
I came yesterday.,म हिजो आएको हुँ।,म हिजो आएको हुँ।,ma hijo aaeko hun.,ma hijo aaeko hun.
I live in Kathmandu.,म काठमाडौँमा बस्छु।,म काठमाडौँमा बस्छु।,ma kaathamaadaunmaa baschhu.,ma kaathamaadaunmaa baschhu.
Please call me.,कृपया मलाई फोन गर्नुहोस्।,कृपया मलाई फोन गर।,kripayaa malaaii phona garnuhos.,kripayaa malaaii phona gara.
Send me a message.,मलाई एउटा सन्देश पठाउनुहोस्।,मलाई एउटा सन्देश पठाउनुहोस्।,malaaii eutaa sandesha pathaaunuhos.,malaaii eutaa sandesha pathaaunuhos.
The network is not working.,नेटवर्कले काम गरिरहेको छैन।,नेटवर्कले काम गरिरहेको छैन।,netawarkale kaama gariraheko chhaina.,netawarkale kaama gariraheko chhaina.
My phone has no battery.,मेरो फोनमा ब्याट्री छैन।,मेरो फोनमा ब्याट्री छैन।,mero phonamaa byaatrii chhaina.,mero phonamaa byaatrii chhaina.
Please pass the phone.,कृपया फोन पास गर्नुहोस्।,कृपया फोन पास गर।,kripayaa phona paasa garnuhos.,kripayaa phona paasa gara.
I have finished speaking.,मैले कुरा समाप्त गरें।,मैले कुरा समाप्त गरें।,maile kuraa samaapta garen.,maile kuraa samaapta garen.
Please try again.,कृपया फेरि प्रयास गर्नुहोस्।,कृपया फेरि प्रयास गर।,kripayaa pheri prayaasa garnuhos.,kripayaa pheri prayaasa gara.
The translation is loading.,अनुवाद लोड भइरहेको छ।,अनुवाद लोड भइरहेको छ।,anuwaada loda bhairaheko chha.,anuwaada loda bhairaheko chha.
Please check the translation.,कृपया अनुवाद जाँच गर्नुहोस्।,कृपया अनुवाद जाँच गर।,kripayaa anuwaada jaancha garnuhos.,kripayaa anuwaada jaancha gara.
That translation is wrong.,त्यो अनुवाद गलत छ।,त्यो अनुवाद गलत छ।,tyo anuwaada galata chha.,tyo anuwaada galata chha.
That translation is correct.,त्यो अनुवाद सही छ।,त्यो अनुवाद सही छ।,tyo anuwaada sahii chha.,tyo anuwaada sahii chha.
Please use formal language.,कृपया औपचारिक भाषा प्रयोग गर्नुहोस्।,कृपया औपचारिक भाषा प्रयोग गर।,kripayaa aupachaarika bhaashaa prayoga garnuhos.,kripayaa aupachaarika bhaashaa prayoga gara.
It is half past three.,साढे तिन बजिसकेको छ।,साढे तिन बजिसकेको छ।,saadhe tina bajisakeko chha.,saadhe tina bajisakeko chha.
Which bus goes to Patan?,पाटन जाने बस कुन हो?,पाटन जाने बस कुन हो?,paatana jaane basa kuna ho?,paatana jaane basa kuna ho?
My name is Cooper.,मेरो नाम कूपर हो।,मेरो नाम कूपर हो।,mero naama kuupara ho.,mero naama kuupara ho.
This is my passport.,यो मेरो पासपोर्ट हो।,यो मेरो पासपोर्ट हो।,yo mero paasaporta ho.,yo mero paasaporta ho.
Please wait here.,कृपया यहाँ पर्खनुहोस्।,कृपया यहाँ पर्ख।,kripayaa yahaan parkhanuhos.,kripayaa yahaan parkha.
Is Wi-Fi free here?,के यहाँ वाइफाइ निःशुल्क छ?,के यहाँ वाइफाइ निःशुल्क छ?,ke yahaan waaiphaai nihshulka chha?,ke yahaan waaiphaai nihshulka chha?
Open Google Maps.,गुगल म्याप्स खोल्नुहोस्।,गुगल म्याप्स खोल्नुहोस्।,gugala myaapsa kholnuhos.,gugala myaapsa kholnuhos.
It is two hundred rupees.,यो दुई सय रुपैयाँ हो।,यो दुई सय रुपैयाँ हो।,yo duii saya rupaiyaan ho.,yo duii saya rupaiyaan ho.
I will pay in cash.,म नगदमा भुक्तानी गर्नेछु।,म नगदमा भुक्तानी गर्नेछु।,ma nagadamaa bhuktaanii garnechhu.,ma nagadamaa bhuktaanii garnechhu.
Could you write it down?,तपाईँ यसलाई लेख्न सक्नुहुन्छ?,तिमी यसलाई लेख्न सक्छौ?,tapaaiin yasalaaii lekhna saknuhunchha?,timii yasalaaii lekhna sakchhau?
Can I try this on?,के म यो प्रयास गर्न सक्छु?,के म यो प्रयास गर्न सक्छु?,ke ma yo prayaasa garna sakchhu?,ke ma yo prayaasa garna sakchhu?
Does it hurt here?,यहाँ दुखाइ हुन्छ?,यहाँ दुखाइ हुन्छ?,yahaan dukhaai hunchha?,yahaan dukhaai hunchha?
Is there a cheaper hotel nearby?,के नजिकै सस्तो होटल छ?,के नजिकै सस्तो होटल छ?,ke najikai sasto hotala chha?,ke najikai sasto hotala chha?
Would you like some tea?,के तपाईँलाई केही चिया चाहिएको छ?,के तिमीलाई केही चिया चाहिएको छ?,ke tapaaiinlaaii kehii chiyaa chaahieko chha?,ke timiilaaii kehii chiyaa chaahieko chha?
After you.,तपाईँ पछि।,तिमी पछि।,tapaaiin pachhi.,timii pachhi.
Where are you going?,कहाँ जाँदै हुनुहुन्छ?,कहाँ जाँदै छौ?,kahaan jaandai hunuhunchha?,kahaan jaandai chhau?
I need a taxi.,मलाई ट्याक्सी चाहिन्छ।,मलाई ट्याक्सी चाहिन्छ।,malaaii tyaaksii chaahinchha.,malaaii tyaaksii chaahinchha.
Meet me at Durbar Square.,मलाई दरबार स्क्वायरमा भेट्नुहोस्।,मलाई दरबार स्क्वायरमा भेट्नुहोस्।,malaaii darabaara skwaayaramaa bhetnuhos.,malaaii darabaara skwaayaramaa bhetnuhos.
How is your mother?,तिम्रो आमा कस्तो छिन्?,तिम्रो आमा कस्तो छिन्?,timro aamaa kasto chhin?,timro aamaa kasto chhin?
Please come in.,कृपया भित्र आउनुहोस्।,कृपया भित्र आऊ।,kripayaa bhitra aaunuhos.,kripayaa bhitra aauu.
This is my brother.,यो मेरो भाइ हो।,यो मेरो भाइ हो।,yo mero bhaai ho.,yo mero bhaai ho.
Please take me to the bus station.,कृपया मलाई बस स्टेसनमा लैजानुहोस्।,कृपया मलाई बस स्टेसनमा लैजाऊ।,kripayaa malaaii basa stesanamaa laijaanuhos.,kripayaa malaaii basa stesanamaa laijaauu.
Do you understand?,बुझ्नुहुन्छ?,बुझ्नुहुन्छ?,bujhnuhunchha?,bujhnuhunchha?
Where can I buy a SIM card?,म सिम कार्ड कहाँ किन्न सक्छु?,म सिम कार्ड कहाँ किन्न सक्छु?,ma sima kaarda kahaan kinna sakchhu?,ma sima kaarda kahaan kinna sakchhu?
I need medicine for a headache.,मलाई टाउको दुख्ने औषधि चाहिन्छ।,मलाई टाउको दुख्ने औषधि चाहिन्छ।,malaaii taauko dukhne aushadhi chaahinchha.,malaaii taauko dukhne aushadhi chaahinchha.
That is not right.,त्यो सही होइन।,त्यो सही होइन।,tyo sahii hoina.,tyo sahii hoina.
One thousand rupees.,एक हजार रुपैयाँ।,एक हजार रुपैयाँ।,eka hajaara rupaiyaan.,eka hajaara rupaiyaan.
I want this one.,मलाई यो चाहिन्छ।,मलाई यो चाहिन्छ।,malaaii yo chaahinchha.,malaaii yo chaahinchha.
I feel dizzy.,मलाई चक्कर आउँछ।,मलाई चक्कर आउँछ।,malaaii chakkara aaunchha.,malaaii chakkara aaunchha.
Is this the way to Thamel?,के यही थमेल जाने बाटो हो?,के यही थमेल जाने बाटो हो?,ke yahii thamela jaane baato ho?,ke yahii thamela jaane baato ho?
I am pregnant.,म गर्भवती छु।,म गर्भवती छु।,ma garbhawatii chhu.,ma garbhawatii chhu.
This is good.,यो राम्रो हो।,यो राम्रो हो।,yo raamro ho.,yo raamro ho.
This is my family.,यो मेरो परिवार हो।,यो मेरो परिवार हो।,yo mero pariwaara ho.,yo mero pariwaara ho.
The flight is delayed.,उडान ढिलो भएको छ।,उडान ढिलो भएको छ।,udaana dhilo bhaeko chha.,udaana dhilo bhaeko chha.
Please help me.,कृपया मलाई सहयोग गर्नुहोस्।,कृपया मलाई सहयोग गर।,kripayaa malaaii sahayoga garnuhos.,kripayaa malaaii sahayoga gara.
Is that okay?,के यो ठिक छ?,के यो ठिक छ?,ke yo thika chha?,ke yo thika chha?
Wake me up at six.,मलाई छ बजे उठाउनुहोस्।,मलाई छ बजे उठाउनुहोस्।,malaaii chha baje uthaaunuhos.,malaaii chha baje uthaaunuhos.
Please call a nurse.,कृपया नर्सलाई बोलाउनुहोस्।,कृपया नर्सलाई बोलाऊ।,kripayaa narsalaaii bolaaunuhos.,kripayaa narsalaaii bolaauu.
