input,output,script,register,sample_id
Could you tell me your name?,,devanagari,formal,bal_0001
Could you tell me your name?,,devanagari,informal,bal_0001
Could you tell me your name?,,roman,formal,bal_0001
Could you tell me your name?,,roman,informal,bal_0001
What's your name?,,devanagari,formal,bal_0002
What's your name?,,devanagari,informal,bal_0002
What's your name?,,roman,formal,bal_0002
What's your name?,,roman,informal,bal_0002
Would you please repeat that?,के तपाईँ कृपया त्यो दोहोऱ्याउनुहुनेछ?,devanagari,formal,bal_0003
Would you please repeat that?,,devanagari,informal,bal_0003
Would you please repeat that?,,roman,formal,bal_0003
Would you please repeat that?,,roman,informal,bal_0003
Say that again?,,devanagari,formal,bal_0004
Say that again?,,devanagari,informal,bal_0004
Say that again?,,roman,formal,bal_0004
Say that again?,,roman,informal,bal_0004
Are you waiting for someone?,के तपाईँ कसैको प्रतीक्षामा हुनुहुन्छ?,devanagari,formal,bal_0005
Are you waiting for someone?,,devanagari,informal,bal_0005
Are you waiting for someone?,,roman,formal,bal_0005
Are you waiting for someone?,,roman,informal,bal_0005
You waiting for someone?,,devanagari,formal,bal_0006
You waiting for someone?,,devanagari,informal,bal_0006
You waiting for someone?,,roman,formal,bal_0006
You waiting for someone?,,roman,informal,bal_0006
Can you help me with this form?,के तपाईँ मलाई यो फारममा मद्दत गर्न सक्नुहुन्छ?,devanagari,formal,bal_0007
Can you help me with this form?,,devanagari,informal,bal_0007
Can you help me with this form?,,roman,formal,bal_0007
Can you help me with this form?,,roman,informal,bal_0007
Can you help me fill this out?,,devanagari,formal,bal_0008
Can you help me fill this out?,के तपाईँ मलाई यो भर्न मद्दत गर्न सक्नुहुन्छ?,devanagari,informal,bal_0008
Can you help me fill this out?,,roman,formal,bal_0008
Can you help me fill this out?,,roman,informal,bal_0008
Do you have a moment?,के तपाईँसँग एक क्षण छ?,devanagari,formal,bal_0009
Do you have a moment?,,devanagari,informal,bal_0009
Do you have a moment?,,roman,formal,bal_0009
Do you have a moment?,,roman,informal,bal_0009
You got a minute?,,devanagari,formal,bal_0010
You got a minute?,तपाईँसँग एक मिनेट छ?,devanagari,informal,bal_0010
You got a minute?,,roman,formal,bal_0010
You got a minute?,,roman,informal,bal_0010
Where are you from?,तपाईँ कहाँबाट हुनुहुन्छ?,devanagari,formal,bal_0011
Where are you from?,,devanagari,informal,bal_0011
Where are you from?,,roman,formal,bal_0011
Where are you from?,,roman,informal,bal_0011
Where you from?,,devanagari,formal,bal_0012
Where you from?,तपाईँ कहाँबाट हुनुहुन्छ?,devanagari,informal,bal_0012
Where you from?,,roman,formal,bal_0012
Where you from?,,roman,informal,bal_0012
Did you understand me?,के तपाईँले मलाई बुझ्नुभयो?,devanagari,formal,bal_0013
Did you understand me?,,devanagari,informal,bal_0013
Did you understand me?,,roman,formal,bal_0013
Did you understand me?,,roman,informal,bal_0013
Did you get what I said?,,devanagari,formal,bal_0014
Did you get what I said?,मैले भनेको कुरा तपाईँले बुझ्नुभयो?,devanagari,informal,bal_0014
Did you get what I said?,,roman,formal,bal_0014
Did you get what I said?,,roman,informal,bal_0014
Could you speak more slowly?,के तपाईँ अझ बिस्तारै बोल्न सक्नुहुन्छ?,devanagari,formal,bal_0015
Could you speak more slowly?,,devanagari,informal,bal_0015
Could you speak more slowly?,,roman,formal,bal_0015
Could you speak more slowly?,,roman,informal,bal_0015
"Talk slower, okay?",,devanagari,formal,bal_0016
"Talk slower, okay?",,devanagari,informal,bal_0016
"Talk slower, okay?",,roman,formal,bal_0016
"Talk slower, okay?",,roman,informal,bal_0016
What would you like to drink?,तपाईँ के पिउन चाहनुहुन्छ?,devanagari,formal,bal_0017
What would you like to drink?,,devanagari,informal,bal_0017
What would you like to drink?,,roman,formal,bal_0017
What would you like to drink?,,roman,informal,bal_0017
What do you want to drink?,,devanagari,formal,bal_0018
What do you want to drink?,तपाईँ के पिउन चाहनुहुन्छ?,devanagari,informal,bal_0018
What do you want to drink?,,roman,formal,bal_0018
What do you want to drink?,,roman,informal,bal_0018
Are you feeling cold?,के तपाईँलाई चिसो लाग्छ?,devanagari,formal,bal_0019
Are you feeling cold?,,devanagari,informal,bal_0019
Are you feeling cold?,,roman,formal,bal_0019
Are you feeling cold?,,roman,informal,bal_0019
You cold?,,devanagari,formal,bal_0020
You cold?,तपाईँलाई चिसो लाग्छ?,devanagari,informal,bal_0020
You cold?,,roman,formal,bal_0020
You cold?,,roman,informal,bal_0020
Please tell me if you need anything.,,devanagari,formal,bal_0021
Please tell me if you need anything.,,devanagari,informal,bal_0021
Please tell me if you need anything.,,roman,formal,bal_0021
Please tell me if you need anything.,,roman,informal,bal_0021
Tell me if you need something.,,devanagari,formal,bal_0022
Tell me if you need something.,तपाईँलाई केही चाहिएको छ भने मलाई बताउनुहोस्।,devanagari,informal,bal_0022
Tell me if you need something.,,roman,formal,bal_0022
Tell me if you need something.,,roman,informal,bal_0022
Have you eaten yet?,तपाईँले अझै खानुभएको छ?,devanagari,formal,bal_0023
Have you eaten yet?,,devanagari,informal,bal_0023
Have you eaten yet?,,roman,formal,bal_0023
Have you eaten yet?,,roman,informal,bal_0023
You eaten yet?,,devanagari,formal,bal_0024
You eaten yet?,तपाईँले अझै खानुभएको छ?,devanagari,informal,bal_0024
You eaten yet?,,roman,formal,bal_0024
You eaten yet?,,roman,informal,bal_0024
May I ask you a question?,के म तपाईँलाई एउटा प्रश्न सोध्न सक्छु?,devanagari,formal,bal_0025
May I ask you a question?,,devanagari,informal,bal_0025
May I ask you a question?,,roman,formal,bal_0025
May I ask you a question?,,roman,informal,bal_0025
Can I ask you something?,,devanagari,formal,bal_0026
Can I ask you something?,,devanagari,informal,bal_0026
Can I ask you something?,,roman,formal,bal_0026
Can I ask you something?,,roman,informal,bal_0026
Do you know the way from here?,के तपाईँलाई यहाँबाट जाने बाटो थाहा छ?,devanagari,formal,bal_0027
Do you know the way from here?,,devanagari,informal,bal_0027
Do you know the way from here?,,roman,formal,bal_0027
Do you know the way from here?,,roman,informal,bal_0027
You know the way?,,devanagari,formal,bal_0028
You know the way?,तपाईँलाई बाटो थाहा छ?,devanagari,informal,bal_0028
You know the way?,,roman,formal,bal_0028
You know the way?,,roman,informal,bal_0028
Would you like me to call them?,के तपाईँ चाहनुहुन्छ कि म तिनीहरूलाई फोन गर्छु?,devanagari,formal,bal_0029
Would you like me to call them?,,devanagari,informal,bal_0029
Would you like me to call them?,,roman,formal,bal_0029
Would you like me to call them?,,roman,informal,bal_0029
Want me to call them?,,devanagari,formal,bal_0030
Want me to call them?,के म तिनीहरूलाई फोन गर्न चाहन्छु?,devanagari,informal,bal_0030
Want me to call them?,,roman,formal,bal_0030
Want me to call them?,,roman,informal,bal_0030
Are you traveling alone?,,devanagari,formal,bal_0031
Are you traveling alone?,,devanagari,informal,bal_0031
Are you traveling alone?,,roman,formal,bal_0031
Are you traveling alone?,,roman,informal,bal_0031
You here alone?,,devanagari,formal,bal_0032
You here alone?,तपाईँ यहाँ एक्लै हुनुहुन्छ?,devanagari,informal,bal_0032
You here alone?,,roman,formal,bal_0032
You here alone?,,roman,informal,bal_0032
Could you note that on paper for me?,के तपाईँ मेरो लागि कागजमा नोट गर्न सक्नुहुन्छ?,devanagari,formal,bal_0033
Could you note that on paper for me?,,devanagari,informal,bal_0033
Could you note that on paper for me?,,roman,formal,bal_0033
Could you note that on paper for me?,,roman,informal,bal_0033
Write that down for me?,,devanagari,formal,bal_0034
Write that down for me?,के यो मेरा लागि लेख्नुहोस्?,devanagari,informal,bal_0034
Write that down for me?,,roman,formal,bal_0034
Write that down for me?,,roman,informal,bal_0034
What time do you close?,तपाईँ कुन समयमा बन्द गर्नुहुन्छ?,devanagari,formal,bal_0035
What time do you close?,,devanagari,informal,bal_0035
What time do you close?,,roman,formal,bal_0035
What time do you close?,,roman,informal,bal_0035
When do you close?,,devanagari,formal,bal_0036
When do you close?,,devanagari,informal,bal_0036
When do you close?,,roman,formal,bal_0036
When do you close?,,roman,informal,bal_0036
Do you take payment by card?,के तपाईँ कार्डद्वारा भुक्तानी लिनुहुन्छ?,devanagari,formal,bal_0037
Do you take payment by card?,,devanagari,informal,bal_0037
Do you take payment by card?,,roman,formal,bal_0037
Do you take payment by card?,,roman,informal,bal_0037
You take cards?,,devanagari,formal,bal_0038
You take cards?,तपाईँ कार्ड लिनुहुन्छ?,devanagari,informal,bal_0038
You take cards?,,roman,formal,bal_0038
You take cards?,,roman,informal,bal_0038
Is this seat free for you?,के यो सिट तपाईँका लागि निःशुल्क छ?,devanagari,formal,bal_0039
Is this seat free for you?,,devanagari,informal,bal_0039
Is this seat free for you?,,roman,formal,bal_0039
Is this seat free for you?,,roman,informal,bal_0039
You sitting here?,,devanagari,formal,bal_0040
You sitting here?,तपाईँ यहाँ बस्नुहुन्छ?,devanagari,informal,bal_0040
You sitting here?,,roman,formal,bal_0040
You sitting here?,,roman,informal,bal_0040
Please let me know when you are ready.,,devanagari,formal,bal_0041
Please let me know when you are ready.,,devanagari,informal,bal_0041
Please let me know when you are ready.,,roman,formal,bal_0041
Please let me know when you are ready.,,roman,informal,bal_0041
Tell me when you're ready.,,devanagari,formal,bal_0042
Tell me when you're ready.,तपाईँ तयार हुँदा मलाई बताउनुहोस्।,devanagari,informal,bal_0042
Tell me when you're ready.,,roman,formal,bal_0042
Tell me when you're ready.,,roman,informal,bal_0042
Did you bring your ticket?,के तपाईँले आफ्नो टिकट ल्याउनुभयो?,devanagari,formal,bal_0043
Did you bring your ticket?,,devanagari,informal,bal_0043
Did you bring your ticket?,,roman,formal,bal_0043
Did you bring your ticket?,,roman,informal,bal_0043
You bring your ticket?,,devanagari,formal,bal_0044
You bring your ticket?,तपाईँ आफ्नो टिकट ल्याउनुहुन्छ?,devanagari,informal,bal_0044
You bring your ticket?,,roman,formal,bal_0044
You bring your ticket?,,roman,informal,bal_0044
Can you hear me clearly?,के तपाईँ मलाई स्पष्ट रूपमा सुन्न सक्नुहुन्छ?,devanagari,formal,bal_0045
Can you hear me clearly?,,devanagari,informal,bal_0045
Can you hear me clearly?,,roman,formal,bal_0045
Can you hear me clearly?,,roman,informal,bal_0045
Can you hear me?,,devanagari,formal,bal_0046
Can you hear me?,,devanagari,informal,bal_0046
Can you hear me?,,roman,formal,bal_0046
Can you hear me?,,roman,informal,bal_0046
Would you mind waiting outside?,के तपाईँ बाहिर पर्खन मन गर्नुहुन्छ?,devanagari,formal,bal_0047
Would you mind waiting outside?,,devanagari,informal,bal_0047
Would you mind waiting outside?,,roman,formal,bal_0047
Would you mind waiting outside?,,roman,informal,bal_0047
Wait outside a second?,,devanagari,formal,bal_0048
Wait outside a second?,एक सेकेन्ड बाहिर पर्खनुहोस्?,devanagari,informal,bal_0048
Wait outside a second?,,roman,formal,bal_0048
Wait outside a second?,,roman,informal,bal_0048
How long have you been here?,तपाईँ यहाँ कति समयदेखि हुनुहुन्छ?,devanagari,formal,bal_0049
How long have you been here?,,devanagari,informal,bal_0049
How long have you been here?,,roman,formal,bal_0049
How long have you been here?,,roman,informal,bal_0049
How long you been here?,,devanagari,formal,bal_0050
How long you been here?,तपाईँ यहाँ कति समयदेखि हुनुहुन्छ?,devanagari,informal,bal_0050
How long you been here?,,roman,formal,bal_0050
How long you been here?,,roman,informal,bal_0050
Are you looking for the office?,,devanagari,formal,bal_0051
Are you looking for the office?,,devanagari,informal,bal_0051
Are you looking for the office?,,roman,formal,bal_0051
Are you looking for the office?,,roman,informal,bal_0051
You looking for the office?,,devanagari,formal,bal_0052
You looking for the office?,तपाईँ कार्यालय खोज्दै हुनुहुन्छ?,devanagari,informal,bal_0052
You looking for the office?,,roman,formal,bal_0052
You looking for the office?,,roman,informal,bal_0052
Please call me when you arrive.,तपाईँ आइपुग्दा कृपया मलाई फोन गर्नुहोस्।,devanagari,formal,bal_0053
Please call me when you arrive.,,devanagari,informal,bal_0053
Please call me when you arrive.,,roman,formal,bal_0053
Please call me when you arrive.,,roman,informal,bal_0053
Call me when you get there.,,devanagari,formal,bal_0054
Call me when you get there.,तपाईँ त्यहाँ पुग्दा मलाई फोन गर्नुहोस्।,devanagari,informal,bal_0054
Call me when you get there.,,roman,formal,bal_0054
Call me when you get there.,,roman,informal,bal_0054
Do you need a bag?,के तपाईँलाई झोला चाहिन्छ?,devanagari,formal,bal_0055
Do you need a bag?,,devanagari,informal,bal_0055
Do you need a bag?,,roman,formal,bal_0055
Do you need a bag?,,roman,informal,bal_0055
You need a bag?,,devanagari,formal,bal_0056
You need a bag?,,devanagari,informal,bal_0056
You need a bag?,,roman,formal,bal_0056
You need a bag?,,roman,informal,bal_0056
Could you show me your identification?,के तपाईँ मलाई आफ्नो पहिचान देखाउन सक्नुहुन्छ?,devanagari,formal,bal_0057
Could you show me your identification?,,devanagari,informal,bal_0057
Could you show me your identification?,,roman,formal,bal_0057
Could you show me your identification?,,roman,informal,bal_0057
Can I see your ID?,,devanagari,formal,bal_0058
Can I see your ID?,के म तपाईँको आईडी देख्न सक्छु?,devanagari,informal,bal_0058
Can I see your ID?,,roman,formal,bal_0058
Can I see your ID?,,roman,informal,bal_0058
What is your phone number?,तपाईँको फोन नम्बर के हो?,devanagari,formal,bal_0059
What is your phone number?,,devanagari,informal,bal_0059
What is your phone number?,,roman,formal,bal_0059
What is your phone number?,,roman,informal,bal_0059
What's your number?,,devanagari,formal,bal_0060
What's your number?,तपाईँको नम्बर के हो?,devanagari,informal,bal_0060
What's your number?,,roman,formal,bal_0060
What's your number?,,roman,informal,bal_0060
Are you allergic to anything?,,devanagari,formal,bal_0061
Are you allergic to anything?,,devanagari,informal,bal_0061
Are you allergic to anything?,,roman,formal,bal_0061
Are you allergic to anything?,,roman,informal,bal_0061
You allergic to anything?,,devanagari,formal,bal_0062
You allergic to anything?,तपाईँलाई कुनै पनि कुराले एलर्जी छ?,devanagari,informal,bal_0062
You allergic to anything?,,roman,formal,bal_0062
You allergic to anything?,,roman,informal,bal_0062
Would you prefer the window or the aisle?,के तपाईँ झ्याल वा गलियारा मन पराउनुहुन्छ?,devanagari,formal,bal_0063
Would you prefer the window or the aisle?,,devanagari,informal,bal_0063
Would you prefer the window or the aisle?,,roman,formal,bal_0063
Would you prefer the window or the aisle?,,roman,informal,bal_0063
Window or aisle?,,devanagari,formal,bal_0064
Window or aisle?,विन्डो वा आइल?,devanagari,informal,bal_0064
Window or aisle?,,roman,formal,bal_0064
Window or aisle?,,roman,informal,bal_0064
Please tell me if you feel worse.,यदि तपाईँलाई नराम्रो महसुस भयो भने कृपया मलाई बताउनुहोस्।,devanagari,formal,bal_0065
Please tell me if you feel worse.,,devanagari,informal,bal_0065
Please tell me if you feel worse.,,roman,formal,bal_0065
Please tell me if you feel worse.,,roman,informal,bal_0065
Tell me if you feel worse.,,devanagari,formal,bal_0066
Tell me if you feel worse.,,devanagari,informal,bal_0066
Tell me if you feel worse.,,roman,formal,bal_0066
Tell me if you feel worse.,,roman,informal,bal_0066
Do you want this in a smaller size?,के तपाईँ यो सानो आकारमा चाहनुहुन्छ?,devanagari,formal,bal_0067
Do you want this in a smaller size?,,devanagari,informal,bal_0067
Do you want this in a smaller size?,,roman,formal,bal_0067
Do you want this in a smaller size?,,roman,informal,bal_0067
You want a smaller one?,,devanagari,formal,bal_0068
You want a smaller one?,तपाईँ एउटा सानो चाहनुहुन्छ?,devanagari,informal,bal_0068
You want a smaller one?,,roman,formal,bal_0068
You want a smaller one?,,roman,informal,bal_0068
Can you meet me at the gate?,के तपाईँ मलाई गेटमा भेट्न सक्नुहुन्छ?,devanagari,formal,bal_0069
Can you meet me at the gate?,,devanagari,informal,bal_0069
Can you meet me at the gate?,,roman,formal,bal_0069
Can you meet me at the gate?,,roman,informal,bal_0069
Meet me at the gate?,,devanagari,formal,bal_0070
Meet me at the gate?,मलाई गेटमा भेट्नुहोस्?,devanagari,informal,bal_0070
Meet me at the gate?,,roman,formal,bal_0070
Meet me at the gate?,,roman,informal,bal_0070
Have you been here before?,,devanagari,formal,bal_0071
Have you been here before?,,devanagari,informal,bal_0071
Have you been here before?,,roman,formal,bal_0071
Have you been here before?,,roman,informal,bal_0071
You been here before?,,devanagari,formal,bal_0072
You been here before?,तपाईँ यहाँ पहिले पनि आउनुभएको छ?,devanagari,informal,bal_0072
You been here before?,,roman,formal,bal_0072
You been here before?,,roman,informal,bal_0072
Would you like water while you wait?,के तपाईँ पर्खँदा पानी चाहनुहुन्छ?,devanagari,formal,bal_0073
Would you like water while you wait?,,devanagari,informal,bal_0073
Would you like water while you wait?,,roman,formal,bal_0073
Would you like water while you wait?,,roman,informal,bal_0073
Want water while you wait?,,devanagari,formal,bal_0074
Want water while you wait?,तपाईँ पर्खँदा पानी चाहनुहुन्छ?,devanagari,informal,bal_0074
Want water while you wait?,,roman,formal,bal_0074
Want water while you wait?,,roman,informal,bal_0074
Please keep your bag with you.,कृपया आफ्नो झोला आफूसँग राख्नुहोस्।,devanagari,formal,bal_0075
Please keep your bag with you.,,devanagari,informal,bal_0075
Please keep your bag with you.,,roman,formal,bal_0075
Please keep your bag with you.,,roman,informal,bal_0075
Keep your bag with you.,,devanagari,formal,bal_0076
Keep your bag with you.,,devanagari,informal,bal_0076
Keep your bag with you.,,roman,formal,bal_0076
Keep your bag with you.,,roman,informal,bal_0076
Who are you here to see?,तपाईँ यहाँ कसलाई हेर्न आउनुभएको हो?,devanagari,formal,bal_0077
Who are you here to see?,,devanagari,informal,bal_0077
Who are you here to see?,,roman,formal,bal_0077
Who are you here to see?,,roman,informal,bal_0077
Who you here to see?,,devanagari,formal,bal_0078
Who you here to see?,तपाईँ यहाँ कसलाई हेर्न आउनुहुन्छ?,devanagari,informal,bal_0078
Who you here to see?,,roman,formal,bal_0078
Who you here to see?,,roman,informal,bal_0078
Could you confirm your address?,के तपाईँ आफ्नो ठेगाना पुष्टि गर्न सक्नुहुन्छ?,devanagari,formal,bal_0079
Could you confirm your address?,,devanagari,informal,bal_0079
Could you confirm your address?,,roman,formal,bal_0079
Could you confirm your address?,,roman,informal,bal_0079
What's your address again?,,devanagari,formal,bal_0080
What's your address again?,तपाईँको ठेगाना फेरि के हो?,devanagari,informal,bal_0080
What's your address again?,,roman,formal,bal_0080
What's your address again?,,roman,informal,bal_0080
The next bus to Pokhara leaves at six.,,devanagari,formal,bal_0081
The next bus to Pokhara leaves at six.,,devanagari,informal,bal_0081
The next bus to Pokhara leaves at six.,,roman,formal,bal_0081
The next bus to Pokhara leaves at six.,,roman,informal,bal_0081
Is this the line for domestic departures?,के यो घरेलु प्रस्थानका लागि लाइन हो?,devanagari,formal,bal_0082
Is this the line for domestic departures?,,devanagari,informal,bal_0082
Is this the line for domestic departures?,,roman,formal,bal_0082
Is this the line for domestic departures?,,roman,informal,bal_0082
Our train is delayed by forty minutes.,हाम्रो रेल चालीस मिनेट ढिलो भयो।,devanagari,formal,bal_0083
Our train is delayed by forty minutes.,,devanagari,informal,bal_0083
Our train is delayed by forty minutes.,,roman,formal,bal_0083
Our train is delayed by forty minutes.,,roman,informal,bal_0083
"I need a ticket to the airport, one way.","मलाई विमानस्थलको टिकट चाहिन्छ, एक बाटो।",devanagari,formal,bal_0084
"I need a ticket to the airport, one way.",,devanagari,informal,bal_0084
"I need a ticket to the airport, one way.",,roman,formal,bal_0084
"I need a ticket to the airport, one way.",,roman,informal,bal_0084
Where do I collect checked bags?,मैले जाँच गरिएका झोलाहरू कहाँ सङ्कलन गर्ने?,devanagari,formal,bal_0085
Where do I collect checked bags?,,devanagari,informal,bal_0085
Where do I collect checked bags?,,roman,formal,bal_0085
Where do I collect checked bags?,,roman,informal,bal_0085
The hotel is across from the old bus park.,,devanagari,formal,bal_0086
The hotel is across from the old bus park.,,devanagari,informal,bal_0086
The hotel is across from the old bus park.,,roman,formal,bal_0086
The hotel is across from the old bus park.,,roman,informal,bal_0086
Please stop the taxi at the temple gate.,कृपया मन्दिरको ढोकामा ट्याक्सी रोक्नुहोस्।,devanagari,formal,bal_0087
Please stop the taxi at the temple gate.,,devanagari,informal,bal_0087
Please stop the taxi at the temple gate.,,roman,formal,bal_0087
Please stop the taxi at the temple gate.,,roman,informal,bal_0087
How much is a shared jeep to the trailhead?,ट्रेलहेडमा साझा जीप कति हुन्छ?,devanagari,formal,bal_0088
How much is a shared jeep to the trailhead?,,devanagari,informal,bal_0088
How much is a shared jeep to the trailhead?,,roman,formal,bal_0088
How much is a shared jeep to the trailhead?,,roman,informal,bal_0088
I missed the last cable car down.,मैले अन्तिम केबल कार मिस गरेँ।,devanagari,formal,bal_0089
I missed the last cable car down.,,devanagari,informal,bal_0089
I missed the last cable car down.,,roman,formal,bal_0089
I missed the last cable car down.,,roman,informal,bal_0089
Is there a night bus that has blankets?,के त्यहाँ कम्बल भएको रातको बस छ?,devanagari,formal,bal_0090
Is there a night bus that has blankets?,,devanagari,informal,bal_0090
Is there a night bus that has blankets?,,roman,formal,bal_0090
Is there a night bus that has blankets?,,roman,informal,bal_0090
The guesthouse key is at the front desk.,,devanagari,formal,bal_0091
The guesthouse key is at the front desk.,,devanagari,informal,bal_0091
The guesthouse key is at the front desk.,,roman,formal,bal_0091
The guesthouse key is at the front desk.,,roman,informal,bal_0091
We have a reservation under the name Sharma.,हामीसँग शर्माको नाममा आरक्षण छ।,devanagari,formal,bal_0092
We have a reservation under the name Sharma.,,devanagari,informal,bal_0092
We have a reservation under the name Sharma.,,roman,formal,bal_0092
We have a reservation under the name Sharma.,,roman,informal,bal_0092
Which platform does the eastbound train use?,पूर्वतर्फ जाने रेलले कुन प्लेटफर्म प्रयोग गर्दछ?,devanagari,formal,bal_0093
Which platform does the eastbound train use?,,devanagari,informal,bal_0093
Which platform does the eastbound train use?,,roman,formal,bal_0093
Which platform does the eastbound train use?,,roman,informal,bal_0093
The road to the village is closed after dark.,गाउँ जाने सडक अँध्यारो भएपछि बन्द हुन्छ।,devanagari,formal,bal_0094
The road to the village is closed after dark.,,devanagari,informal,bal_0094
The road to the village is closed after dark.,,roman,formal,bal_0094
The road to the village is closed after dark.,,roman,informal,bal_0094
Can I store this backpack until evening?,के म यो ब्याकप्याक साँझसम्म भण्डारण गर्न सक्छु?,devanagari,formal,bal_0095
Can I store this backpack until evening?,,devanagari,informal,bal_0095
Can I store this backpack until evening?,,roman,formal,bal_0095
Can I store this backpack until evening?,,roman,informal,bal_0095
The ferry leaves when it is full.,,devanagari,formal,bal_0096
The ferry leaves when it is full.,,devanagari,informal,bal_0096
The ferry leaves when it is full.,,roman,formal,bal_0096
The ferry leaves when it is full.,,roman,informal,bal_0096
I would like a room with a lock on the door.,म ढोकामा ताला भएको कोठा चाहन्छु।,devanagari,formal,bal_0097
I would like a room with a lock on the door.,,devanagari,informal,bal_0097
I would like a room with a lock on the door.,,roman,formal,bal_0097
I would like a room with a lock on the door.,,roman,informal,bal_0097
Where is the ticket counter for local buses?,स्थानीय बसहरूका लागि टिकट काउन्टर कहाँ छ?,devanagari,formal,bal_0098
Where is the ticket counter for local buses?,,devanagari,informal,bal_0098
Where is the ticket counter for local buses?,,roman,formal,bal_0098
Where is the ticket counter for local buses?,,roman,informal,bal_0098
My flight connection is in thirty minutes.,मेरो उडान जडान तीस मिनेटमा छ।,devanagari,formal,bal_0099
My flight connection is in thirty minutes.,,devanagari,informal,bal_0099
My flight connection is in thirty minutes.,,roman,formal,bal_0099
My flight connection is in thirty minutes.,,roman,informal,bal_0099
"Please drop me near the footbridge, not the mall.","कृपया मलाई मलमा होइन, फुटब्रिजको छेउमा छोड्नुहोस्।",devanagari,formal,bal_0100
"Please drop me near the footbridge, not the mall.",,devanagari,informal,bal_0100
"Please drop me near the footbridge, not the mall.",,roman,formal,bal_0100
"Please drop me near the footbridge, not the mall.",,roman,informal,bal_0100
Is drinking water sold on this bus?,,devanagari,formal,bal_0101
Is drinking water sold on this bus?,,devanagari,informal,bal_0101
Is drinking water sold on this bus?,,roman,formal,bal_0101
Is drinking water sold on this bus?,,roman,informal,bal_0101
The mountain road is slippery after rain.,पाहाडी सडक वर्षापछि चिप्लिन्छ।,devanagari,formal,bal_0102
The mountain road is slippery after rain.,,devanagari,informal,bal_0102
The mountain road is slippery after rain.,,roman,formal,bal_0102
The mountain road is slippery after rain.,,roman,informal,bal_0102
I need to extend my stay by one night.,मैले मेरो प्रवास एक रातसम्म बढाउन आवश्यक छ।,devanagari,formal,bal_0103
I need to extend my stay by one night.,,devanagari,informal,bal_0103
I need to extend my stay by one night.,,roman,formal,bal_0103
I need to extend my stay by one night.,,roman,informal,bal_0103
Which stop is closest to the hospital?,अस्पतालको सबैभन्दा नजिकको स्टप कुन हो?,devanagari,formal,bal_0104
Which stop is closest to the hospital?,,devanagari,informal,bal_0104
Which stop is closest to the hospital?,,roman,formal,bal_0104
Which stop is closest to the hospital?,,roman,informal,bal_0104
The driver said the pass is open today.,चालकले भने कि आज पास खुला छ।,devanagari,formal,bal_0105
The driver said the pass is open today.,,devanagari,informal,bal_0105
The driver said the pass is open today.,,roman,formal,bal_0105
The driver said the pass is open today.,,roman,informal,bal_0105
Please write the lodge name in Nepali.,,devanagari,formal,bal_0106
Please write the lodge name in Nepali.,,devanagari,informal,bal_0106
Please write the lodge name in Nepali.,,roman,formal,bal_0106
Please write the lodge name in Nepali.,,roman,informal,bal_0106
We are looking for the trail marked with red paint.,हामी रातो रङले चिन्ह लगाइएको ट्रेल खोज्दैछौँ।,devanagari,formal,bal_0107
We are looking for the trail marked with red paint.,,devanagari,informal,bal_0107
We are looking for the trail marked with red paint.,,roman,formal,bal_0107
We are looking for the trail marked with red paint.,,roman,informal,bal_0107
Is there a luggage rack above the seats?,के सिटहरू माथि सामानको र्याक छ?,devanagari,formal,bal_0108
Is there a luggage rack above the seats?,,devanagari,informal,bal_0108
Is there a luggage rack above the seats?,,roman,formal,bal_0108
Is there a luggage rack above the seats?,,roman,informal,bal_0108
The border post closes at four.,सीमा चौकी चार बजे बन्द हुन्छ।,devanagari,formal,bal_0109
The border post closes at four.,,devanagari,informal,bal_0109
The border post closes at four.,,roman,formal,bal_0109
The border post closes at four.,,roman,informal,bal_0109
I left my jacket on the last bus.,मैले अन्तिम बसमा मेरो ज्याकेट छोडेको थिएँ।,devanagari,formal,bal_0110
I left my jacket on the last bus.,,devanagari,informal,bal_0110
I left my jacket on the last bus.,,roman,formal,bal_0110
I left my jacket on the last bus.,,roman,informal,bal_0110
How long is the walk from this stop?,,devanagari,formal,bal_0111
How long is the walk from this stop?,,devanagari,informal,bal_0111
How long is the walk from this stop?,,roman,formal,bal_0111
How long is the walk from this stop?,,roman,informal,bal_0111
Please slow down on the curves.,कृपया वक्रहरूमा ढिलो गर्नुहोस्।,devanagari,formal,bal_0112
Please slow down on the curves.,,devanagari,informal,bal_0112
Please slow down on the curves.,,roman,formal,bal_0112
Please slow down on the curves.,,roman,informal,bal_0112
We need two seats together if possible.,यदि सम्भव छ भने हामीलाई दुई सिटहरू सँगै चाहिन्छ।,devanagari,formal,bal_0113
We need two seats together if possible.,,devanagari,informal,bal_0113
We need two seats together if possible.,,roman,formal,bal_0113
We need two seats together if possible.,,roman,informal,bal_0113
The map shows a bridge that is not here.,नक्साले एउटा पुल देखाउँछ जुन यहाँ छैन।,devanagari,formal,bal_0114
The map shows a bridge that is not here.,,devanagari,informal,bal_0114
The map shows a bridge that is not here.,,roman,formal,bal_0114
The map shows a bridge that is not here.,,roman,informal,bal_0114
Is the museum open on Monday morning?,के सङ्ग्रहालय सोमबार बिहान खुल्छ?,devanagari,formal,bal_0115
Is the museum open on Monday morning?,,devanagari,informal,bal_0115
Is the museum open on Monday morning?,,roman,formal,bal_0115
Is the museum open on Monday morning?,,roman,informal,bal_0115
I would like to pay the entrance fee for one adult.,,devanagari,formal,bal_0116
I would like to pay the entrance fee for one adult.,,devanagari,informal,bal_0116
I would like to pay the entrance fee for one adult.,,roman,formal,bal_0116
I would like to pay the entrance fee for one adult.,,roman,informal,bal_0116
Where can I charge a phone for an hour?,म एक घन्टाका लागि फोन कहाँ चार्ज गर्न सक्छु?,devanagari,formal,bal_0117
Where can I charge a phone for an hour?,,devanagari,informal,bal_0117
Where can I charge a phone for an hour?,,roman,formal,bal_0117
Where can I charge a phone for an hour?,,roman,informal,bal_0117
"The homestay includes breakfast, not dinner.","होमस्टेमा बिहानको खाजा समावेश हुन्छ, रातिको खाना होइन।",devanagari,formal,bal_0118
"The homestay includes breakfast, not dinner.",,devanagari,informal,bal_0118
"The homestay includes breakfast, not dinner.",,roman,formal,bal_0118
"The homestay includes breakfast, not dinner.",,roman,informal,bal_0118
Please point toward the river path.,कृपया नदीको बाटोतिर सङ्केत गर्नुहोस्।,devanagari,formal,bal_0119
Please point toward the river path.,,devanagari,informal,bal_0119
Please point toward the river path.,,roman,formal,bal_0119
Please point toward the river path.,,roman,informal,bal_0119
Our guide will meet us by the blue gate.,हाम्रो गाइडले हामीलाई निलो गेटबाट भेट्ने छ।,devanagari,formal,bal_0120
Our guide will meet us by the blue gate.,,devanagari,informal,bal_0120
Our guide will meet us by the blue gate.,,roman,formal,bal_0120
Our guide will meet us by the blue gate.,,roman,informal,bal_0120
The altitude is making the climb slow.,,devanagari,formal,bal_0121
The altitude is making the climb slow.,,devanagari,informal,bal_0121
The altitude is making the climb slow.,,roman,formal,bal_0121
The altitude is making the climb slow.,,roman,informal,bal_0121
Is there a later jeep if we miss this one?,यदि हामीले यो मिस गर्यौँ भने के त्यहाँ पछिको जीप छ?,devanagari,formal,bal_0122
Is there a later jeep if we miss this one?,,devanagari,informal,bal_0122
Is there a later jeep if we miss this one?,,roman,formal,bal_0122
Is there a later jeep if we miss this one?,,roman,informal,bal_0122
Please keep the receipt for the park fee.,कृपया पार्क शुल्कको रसिद राख्नुहोस्।,devanagari,formal,bal_0123
Please keep the receipt for the park fee.,,devanagari,informal,bal_0123
Please keep the receipt for the park fee.,,roman,formal,bal_0123
Please keep the receipt for the park fee.,,roman,informal,bal_0123
The town center is two stops after the school.,सहरको केन्द्र विद्यालयपछि दुईवटा स्टपहरू छन्।,devanagari,formal,bal_0124
The town center is two stops after the school.,,devanagari,informal,bal_0124
The town center is two stops after the school.,,roman,formal,bal_0124
The town center is two stops after the school.,,roman,informal,bal_0124
I need a place to sleep that is quiet.,मलाई सुत्नका लागि शान्त ठाउँ चाहिन्छ।,devanagari,formal,bal_0125
I need a place to sleep that is quiet.,,devanagari,informal,bal_0125
I need a place to sleep that is quiet.,,roman,formal,bal_0125
I need a place to sleep that is quiet.,,roman,informal,bal_0125
Which lane is for Kathmandu buses?,,devanagari,formal,bal_0126
Which lane is for Kathmandu buses?,,devanagari,informal,bal_0126
Which lane is for Kathmandu buses?,,roman,formal,bal_0126
Which lane is for Kathmandu buses?,,roman,informal,bal_0126
The boatman asked us to wait on the sand.,नाविकले हामीलाई बालुवामा पर्खन भने।,devanagari,formal,bal_0127
The boatman asked us to wait on the sand.,,devanagari,informal,bal_0127
The boatman asked us to wait on the sand.,,roman,formal,bal_0127
The boatman asked us to wait on the sand.,,roman,informal,bal_0127
Please tell the driver we get off at the bazaar.,कृपया ड्राइभरलाई भन्नुहोस् कि हामी बजारमा तल झर्छौं।,devanagari,formal,bal_0128
Please tell the driver we get off at the bazaar.,,devanagari,informal,bal_0128
Please tell the driver we get off at the bazaar.,,roman,formal,bal_0128
Please tell the driver we get off at the bazaar.,,roman,informal,bal_0128
We are lost between the temple and the market.,हामी मन्दिर र बजारको बिचमा हराएको छौँ।,devanagari,formal,bal_0129
We are lost between the temple and the market.,,devanagari,informal,bal_0129
We are lost between the temple and the market.,,roman,formal,bal_0129
We are lost between the temple and the market.,,roman,informal,bal_0129
Is the viewpoint worth the extra hour?,के दृष्टिकोण अतिरिक्त घण्टाको लायक छ?,devanagari,formal,bal_0130
Is the viewpoint worth the extra hour?,,devanagari,informal,bal_0130
Is the viewpoint worth the extra hour?,,roman,formal,bal_0130
Is the viewpoint worth the extra hour?,,roman,informal,bal_0130
My head has hurt since last night.,,devanagari,formal,bal_0131
My head has hurt since last night.,,devanagari,informal,bal_0131
My head has hurt since last night.,,roman,formal,bal_0131
My head has hurt since last night.,,roman,informal,bal_0131
I feel dizzy when I stand up.,उठ्दा मलाई चक्कर आउँछ।,devanagari,formal,bal_0132
I feel dizzy when I stand up.,,devanagari,informal,bal_0132
I feel dizzy when I stand up.,,roman,formal,bal_0132
I feel dizzy when I stand up.,,roman,informal,bal_0132
The child has had a fever since morning.,बच्चालाई बिहानदेखि ज्वरो आएको छ।,devanagari,formal,bal_0133
The child has had a fever since morning.,,devanagari,informal,bal_0133
The child has had a fever since morning.,,roman,formal,bal_0133
The child has had a fever since morning.,,roman,informal,bal_0133
I am short of breath after one flight of stairs.,सिँढीको एक उडानपछि मेरो सास फेर्न गाह्रो हुन्छ।,devanagari,formal,bal_0134
I am short of breath after one flight of stairs.,,devanagari,informal,bal_0134
I am short of breath after one flight of stairs.,,roman,formal,bal_0134
I am short of breath after one flight of stairs.,,roman,informal,bal_0134
Please look at this cut on my hand.,कृपया मेरो हातमा भएको यो कट हेर्नुहोस्।,devanagari,formal,bal_0135
Please look at this cut on my hand.,,devanagari,informal,bal_0135
Please look at this cut on my hand.,,roman,formal,bal_0135
Please look at this cut on my hand.,,roman,informal,bal_0135
I think I twisted my ankle on the path.,,devanagari,formal,bal_0136
I think I twisted my ankle on the path.,,devanagari,informal,bal_0136
I think I twisted my ankle on the path.,,roman,formal,bal_0136
I think I twisted my ankle on the path.,,roman,informal,bal_0136
The cough is worse at night.,खोकी रातमा अझ खराब हुन्छ।,devanagari,formal,bal_0137
The cough is worse at night.,,devanagari,informal,bal_0137
The cough is worse at night.,,roman,formal,bal_0137
The cough is worse at night.,,roman,informal,bal_0137
I need medicine for an upset stomach.,मलाई पेट दुख्ने औषधि चाहिन्छ।,devanagari,formal,bal_0138
I need medicine for an upset stomach.,,devanagari,informal,bal_0138
I need medicine for an upset stomach.,,roman,formal,bal_0138
I need medicine for an upset stomach.,,roman,informal,bal_0138
She has not been able to keep water down.,उनले पानी तल राख्न सकेनन्।,devanagari,formal,bal_0139
She has not been able to keep water down.,,devanagari,informal,bal_0139
She has not been able to keep water down.,,roman,formal,bal_0139
She has not been able to keep water down.,,roman,informal,bal_0139
My tooth hurts on the left side.,मेरो दाँत बायाँतिर दुख्छ।,devanagari,formal,bal_0140
My tooth hurts on the left side.,,devanagari,informal,bal_0140
My tooth hurts on the left side.,,roman,formal,bal_0140
My tooth hurts on the left side.,,roman,informal,bal_0140
I am allergic to penicillin.,,devanagari,formal,bal_0141
I am allergic to penicillin.,,devanagari,informal,bal_0141
I am allergic to penicillin.,,roman,formal,bal_0141
I am allergic to penicillin.,,roman,informal,bal_0141
The bandage keeps slipping off.,पट्टी चिप्लिँदै जान्छ।,devanagari,formal,bal_0142
The bandage keeps slipping off.,,devanagari,informal,bal_0142
The bandage keeps slipping off.,,roman,formal,bal_0142
The bandage keeps slipping off.,,roman,informal,bal_0142
Please check my blood pressure.,कृपया मेरो रक्तचाप जाँच गर्नुहोस्।,devanagari,formal,bal_0143
Please check my blood pressure.,,devanagari,informal,bal_0143
Please check my blood pressure.,,roman,formal,bal_0143
Please check my blood pressure.,,roman,informal,bal_0143
I have a rash on both arms.,मेरो दुवै हातमा चकत्ते छ।,devanagari,formal,bal_0144
I have a rash on both arms.,,devanagari,informal,bal_0144
I have a rash on both arms.,,roman,formal,bal_0144
I have a rash on both arms.,,roman,informal,bal_0144
"The pain is here, under the ribs.","दुखाइ यहाँ छ, पिसाबमुनि।",devanagari,formal,bal_0145
"The pain is here, under the ribs.",,devanagari,informal,bal_0145
"The pain is here, under the ribs.",,roman,formal,bal_0145
"The pain is here, under the ribs.",,roman,informal,bal_0145
I ran out of my daily tablets.,,devanagari,formal,bal_0146
I ran out of my daily tablets.,,devanagari,informal,bal_0146
I ran out of my daily tablets.,,roman,formal,bal_0146
I ran out of my daily tablets.,,roman,informal,bal_0146
He fainted for a few seconds and then woke.,उनी केही सेकेन्डका लागि बेहोस भए र त्यसपछि उठे।,devanagari,formal,bal_0147
He fainted for a few seconds and then woke.,,devanagari,informal,bal_0147
He fainted for a few seconds and then woke.,,roman,formal,bal_0147
He fainted for a few seconds and then woke.,,roman,informal,bal_0147
I need a clean cloth for this burn.,मलाई यो जलेका लागि सफा कपडा चाहिन्छ।,devanagari,formal,bal_0148
I need a clean cloth for this burn.,,devanagari,informal,bal_0148
I need a clean cloth for this burn.,,roman,formal,bal_0148
I need a clean cloth for this burn.,,roman,informal,bal_0148
The clinic told me to rest for two days.,क्लिनिकले मलाई दुई दिन आराम गर्न भन्यो।,devanagari,formal,bal_0149
The clinic told me to rest for two days.,,devanagari,informal,bal_0149
The clinic told me to rest for two days.,,roman,formal,bal_0149
The clinic told me to rest for two days.,,roman,informal,bal_0149
I cannot sleep because my ear aches.,म सुत्न सक्दिनँ किनभने मेरो कान दुख्छ।,devanagari,formal,bal_0150
I cannot sleep because my ear aches.,,devanagari,informal,bal_0150
I cannot sleep because my ear aches.,,roman,formal,bal_0150
I cannot sleep because my ear aches.,,roman,informal,bal_0150
"Please speak with the nurse, not only the desk.",,devanagari,formal,bal_0151
"Please speak with the nurse, not only the desk.",,devanagari,informal,bal_0151
"Please speak with the nurse, not only the desk.",,roman,formal,bal_0151
"Please speak with the nurse, not only the desk.",,roman,informal,bal_0151
I feel nauseous in the moving bus.,म चलिरहेको बसमा उल्टी महसुस गर्छु।,devanagari,formal,bal_0152
I feel nauseous in the moving bus.,,devanagari,informal,bal_0152
I feel nauseous in the moving bus.,,roman,formal,bal_0152
I feel nauseous in the moving bus.,,roman,informal,bal_0152
The swelling has not gone down.,सुन्निएको कम भएको छैन।,devanagari,formal,bal_0153
The swelling has not gone down.,,devanagari,informal,bal_0153
The swelling has not gone down.,,roman,formal,bal_0153
The swelling has not gone down.,,roman,informal,bal_0153
I need help reading this prescription.,मलाई यो प्रिस्क्रिप्शन पढ्न मद्दत चाहिन्छ।,devanagari,formal,bal_0154
I need help reading this prescription.,,devanagari,informal,bal_0154
I need help reading this prescription.,,roman,formal,bal_0154
I need help reading this prescription.,,roman,informal,bal_0154
My back locked up while I was lifting a bag.,मैले झोला उठाउँदै गर्दा मेरो पछाडि बन्द भयो।,devanagari,formal,bal_0155
My back locked up while I was lifting a bag.,,devanagari,informal,bal_0155
My back locked up while I was lifting a bag.,,roman,formal,bal_0155
My back locked up while I was lifting a bag.,,roman,informal,bal_0155
The baby is crying and will not feed.,,devanagari,formal,bal_0156
The baby is crying and will not feed.,,devanagari,informal,bal_0156
The baby is crying and will not feed.,,roman,formal,bal_0156
The baby is crying and will not feed.,,roman,informal,bal_0156
I have chills but no fever yet.,मलाई चिसो छ तर अहिलेसम्म ज्वरो आएको छैन।,devanagari,formal,bal_0157
I have chills but no fever yet.,,devanagari,informal,bal_0157
I have chills but no fever yet.,,roman,formal,bal_0157
I have chills but no fever yet.,,roman,informal,bal_0157
Please tell me if this pharmacy is open.,कृपया यो फार्मेसी खुला छ कि छैन मलाई बताउनुहोस्।,devanagari,formal,bal_0158
Please tell me if this pharmacy is open.,,devanagari,informal,bal_0158
Please tell me if this pharmacy is open.,,roman,formal,bal_0158
Please tell me if this pharmacy is open.,,roman,informal,bal_0158
I cut my foot on a rock in the river.,मैले नदीको चट्टानमा खुट्टा काटें।,devanagari,formal,bal_0159
I cut my foot on a rock in the river.,,devanagari,informal,bal_0159
I cut my foot on a rock in the river.,,roman,formal,bal_0159
I cut my foot on a rock in the river.,,roman,informal,bal_0159
The inhaler is empty.,इनहेलर खाली छ।,devanagari,formal,bal_0160
The inhaler is empty.,,devanagari,informal,bal_0160
The inhaler is empty.,,roman,formal,bal_0160
The inhaler is empty.,,roman,informal,bal_0160
I need to lie down for a minute.,,devanagari,formal,bal_0161
I need to lie down for a minute.,,devanagari,informal,bal_0161
I need to lie down for a minute.,,roman,formal,bal_0161
I need to lie down for a minute.,,roman,informal,bal_0161
The wound looks red around the edges.,घाउ किनाराको वरिपरि रातो देखिन्छ।,devanagari,formal,bal_0162
The wound looks red around the edges.,,devanagari,informal,bal_0162
The wound looks red around the edges.,,roman,formal,bal_0162
The wound looks red around the edges.,,roman,informal,bal_0162
I have had diarrhea since yesterday.,मलाई हिजोदेखि दस्त लागेको छ।,devanagari,formal,bal_0163
I have had diarrhea since yesterday.,,devanagari,informal,bal_0163
I have had diarrhea since yesterday.,,roman,formal,bal_0163
I have had diarrhea since yesterday.,,roman,informal,bal_0163
Please bring water before the tablets.,कृपया ट्याब्लेटअघि पानी ल्याउनुहोस्।,devanagari,formal,bal_0164
Please bring water before the tablets.,,devanagari,informal,bal_0164
Please bring water before the tablets.,,roman,formal,bal_0164
Please bring water before the tablets.,,roman,informal,bal_0164
My vision went blurry for a moment.,मेरो दृष्टि एक क्षणका लागि धुवाँलो भयो।,devanagari,formal,bal_0165
My vision went blurry for a moment.,,devanagari,informal,bal_0165
My vision went blurry for a moment.,,roman,formal,bal_0165
My vision went blurry for a moment.,,roman,informal,bal_0165
I am diabetic and I missed lunch.,,devanagari,formal,bal_0166
I am diabetic and I missed lunch.,,devanagari,informal,bal_0166
I am diabetic and I missed lunch.,,roman,formal,bal_0166
I am diabetic and I missed lunch.,,roman,informal,bal_0166
The joint is hot and hard to bend.,जोर्नी तातो र झुक्न गाह्रो हुन्छ।,devanagari,formal,bal_0167
The joint is hot and hard to bend.,,devanagari,informal,bal_0167
The joint is hot and hard to bend.,,roman,formal,bal_0167
The joint is hot and hard to bend.,,roman,informal,bal_0167
I need a doctor who can see me today.,मलाई आज मलाई भेट्न सक्ने डाक्टर चाहिन्छ।,devanagari,formal,bal_0168
I need a doctor who can see me today.,,devanagari,informal,bal_0168
I need a doctor who can see me today.,,roman,formal,bal_0168
I need a doctor who can see me today.,,roman,informal,bal_0168
Please do not give me aspirin.,कृपया मलाई एस्पिरिन नदिनुहोस्।,devanagari,formal,bal_0169
Please do not give me aspirin.,,devanagari,informal,bal_0169
Please do not give me aspirin.,,roman,formal,bal_0169
Please do not give me aspirin.,,roman,informal,bal_0169
I feel weak and my hands are shaking.,म कमजोर महसुस गर्छु र मेरा हातहरू हल्लाइरहेका छन्।,devanagari,formal,bal_0170
I feel weak and my hands are shaking.,,devanagari,informal,bal_0170
I feel weak and my hands are shaking.,,roman,formal,bal_0170
I feel weak and my hands are shaking.,,roman,informal,bal_0170
"Mom, let's go for a movie tomorrow.",,devanagari,formal,bench_in22_conv_0001
"Mom, let's go for a movie tomorrow.",,devanagari,informal,bench_in22_conv_0001
"Mom, let's go for a movie tomorrow.",,roman,formal,bench_in22_conv_0001
"Mom, let's go for a movie tomorrow.",,roman,informal,bench_in22_conv_0001
I don't have to go to school.,,devanagari,formal,bench_in22_conv_0002
I don't have to go to school.,,devanagari,informal,bench_in22_conv_0002
I don't have to go to school.,,roman,formal,bench_in22_conv_0002
I don't have to go to school.,,roman,informal,bench_in22_conv_0002
It is a holiday.,,devanagari,formal,bench_in22_conv_0003
It is a holiday.,,devanagari,informal,bench_in22_conv_0003
It is a holiday.,,roman,formal,bench_in22_conv_0003
It is a holiday.,,roman,informal,bench_in22_conv_0003
"Oh, tomorrow is the 14th of April right?",,devanagari,formal,bench_in22_conv_0004
"Oh, tomorrow is the 14th of April right?",,devanagari,informal,bench_in22_conv_0004
"Oh, tomorrow is the 14th of April right?",,roman,formal,bench_in22_conv_0004
"Oh, tomorrow is the 14th of April right?",,roman,informal,bench_in22_conv_0004
Your dad will also have the day off from work.,,devanagari,formal,bench_in22_conv_0005
Your dad will also have the day off from work.,,devanagari,informal,bench_in22_conv_0005
Your dad will also have the day off from work.,,roman,formal,bench_in22_conv_0005
Your dad will also have the day off from work.,,roman,informal,bench_in22_conv_0005
We can make a movie plan!,,devanagari,formal,bench_in22_conv_0006
We can make a movie plan!,,devanagari,informal,bench_in22_conv_0006
We can make a movie plan!,,roman,formal,bench_in22_conv_0006
We can make a movie plan!,,roman,informal,bench_in22_conv_0006
That's a good news!,,devanagari,formal,bench_in22_conv_0007
That's a good news!,,devanagari,informal,bench_in22_conv_0007
That's a good news!,,roman,formal,bench_in22_conv_0007
That's a good news!,,roman,informal,bench_in22_conv_0007
Why is it a holiday though?,,devanagari,formal,bench_in22_conv_0008
Why is it a holiday though?,,devanagari,informal,bench_in22_conv_0008
Why is it a holiday though?,,roman,formal,bench_in22_conv_0008
Why is it a holiday though?,,roman,informal,bench_in22_conv_0008
"Are all schools, colleges and offices closed tomorrow?",,devanagari,formal,bench_in22_conv_0009
"Are all schools, colleges and offices closed tomorrow?",,devanagari,informal,bench_in22_conv_0009
"Are all schools, colleges and offices closed tomorrow?",,roman,formal,bench_in22_conv_0009
"Are all schools, colleges and offices closed tomorrow?",,roman,informal,bench_in22_conv_0009
It is Ambedkar Jayanti tomorrow!,,devanagari,formal,bench_in22_conv_0010
It is Ambedkar Jayanti tomorrow!,,devanagari,informal,bench_in22_conv_0010
It is Ambedkar Jayanti tomorrow!,,roman,formal,bench_in22_conv_0010
It is Ambedkar Jayanti tomorrow!,,roman,informal,bench_in22_conv_0010
This day is celebrated annually to mark the birth of Dr. B. R Ambedkar.,,devanagari,formal,bench_in22_conv_0011
This day is celebrated annually to mark the birth of Dr. B. R Ambedkar.,,devanagari,informal,bench_in22_conv_0011
This day is celebrated annually to mark the birth of Dr. B. R Ambedkar.,,roman,formal,bench_in22_conv_0011
This day is celebrated annually to mark the birth of Dr. B. R Ambedkar.,,roman,informal,bench_in22_conv_0011
Have you heard of him?,,devanagari,formal,bench_in22_conv_0012
Have you heard of him?,,devanagari,informal,bench_in22_conv_0012
Have you heard of him?,,roman,formal,bench_in22_conv_0012
Have you heard of him?,,roman,informal,bench_in22_conv_0012
I think I have seen him in my History and Civics book.,,devanagari,formal,bench_in22_conv_0013
I think I have seen him in my History and Civics book.,,devanagari,informal,bench_in22_conv_0013
I think I have seen him in my History and Civics book.,,roman,formal,bench_in22_conv_0013
I think I have seen him in my History and Civics book.,,roman,informal,bench_in22_conv_0013
Is he related to our Constitution?,,devanagari,formal,bench_in22_conv_0014
Is he related to our Constitution?,,devanagari,informal,bench_in22_conv_0014
Is he related to our Constitution?,,roman,formal,bench_in22_conv_0014
Is he related to our Constitution?,,roman,informal,bench_in22_conv_0014
Absolutely! He is known as the father of the Indian Constitution.,,devanagari,formal,bench_in22_conv_0015
Absolutely! He is known as the father of the Indian Constitution.,,devanagari,informal,bench_in22_conv_0015
Absolutely! He is known as the father of the Indian Constitution.,,roman,formal,bench_in22_conv_0015
Absolutely! He is known as the father of the Indian Constitution.,,roman,informal,bench_in22_conv_0015
He was a civil rights activist who played a major role in formulating the Constitution.,,devanagari,formal,bench_in22_conv_0016
He was a civil rights activist who played a major role in formulating the Constitution.,,devanagari,informal,bench_in22_conv_0016
He was a civil rights activist who played a major role in formulating the Constitution.,,roman,formal,bench_in22_conv_0016
He was a civil rights activist who played a major role in formulating the Constitution.,,roman,informal,bench_in22_conv_0016
He played a crucial part in shaping the vibrant democratic structure that India prides itself upon.,,devanagari,formal,bench_in22_conv_0017
He played a crucial part in shaping the vibrant democratic structure that India prides itself upon.,,devanagari,informal,bench_in22_conv_0017
He played a crucial part in shaping the vibrant democratic structure that India prides itself upon.,,roman,formal,bench_in22_conv_0017
He played a crucial part in shaping the vibrant democratic structure that India prides itself upon.,,roman,informal,bench_in22_conv_0017
I remember now!,,devanagari,formal,bench_in22_conv_0018
I remember now!,,devanagari,informal,bench_in22_conv_0018
I remember now!,,roman,formal,bench_in22_conv_0018
I remember now!,,roman,informal,bench_in22_conv_0018
We were discussing about him in our Civics class the other day.,,devanagari,formal,bench_in22_conv_0019
We were discussing about him in our Civics class the other day.,,devanagari,informal,bench_in22_conv_0019
We were discussing about him in our Civics class the other day.,,roman,formal,bench_in22_conv_0019
We were discussing about him in our Civics class the other day.,,roman,informal,bench_in22_conv_0019
Ma'am said that she will tell us more about him when we do the chapter on the Indian Constitution,,devanagari,formal,bench_in22_conv_0020
Ma'am said that she will tell us more about him when we do the chapter on the Indian Constitution,,devanagari,informal,bench_in22_conv_0020
Ma'am said that she will tell us more about him when we do the chapter on the Indian Constitution,,roman,formal,bench_in22_conv_0020
Ma'am said that she will tell us more about him when we do the chapter on the Indian Constitution,,roman,informal,bench_in22_conv_0020
"He fought to remove the class distinction that prevailed in the society, right?",,devanagari,formal,bench_in22_conv_0021
"He fought to remove the class distinction that prevailed in the society, right?",,devanagari,informal,bench_in22_conv_0021
"He fought to remove the class distinction that prevailed in the society, right?",,roman,formal,bench_in22_conv_0021
"He fought to remove the class distinction that prevailed in the society, right?",,roman,informal,bench_in22_conv_0021
"Yes. Being a Dalit himself, he realised how hard is it to deal with the evil of untouchability.",,devanagari,formal,bench_in22_conv_0022
"Yes. Being a Dalit himself, he realised how hard is it to deal with the evil of untouchability.",,devanagari,informal,bench_in22_conv_0022
"Yes. Being a Dalit himself, he realised how hard is it to deal with the evil of untouchability.",,roman,formal,bench_in22_conv_0022
"Yes. Being a Dalit himself, he realised how hard is it to deal with the evil of untouchability.",,roman,informal,bench_in22_conv_0022
"Thus, he fought for the rights of the lower class.",,devanagari,formal,bench_in22_conv_0023
"Thus, he fought for the rights of the lower class.",,devanagari,informal,bench_in22_conv_0023
"Thus, he fought for the rights of the lower class.",,roman,formal,bench_in22_conv_0023
"Thus, he fought for the rights of the lower class.",,roman,informal,bench_in22_conv_0023
He extensively campaigned against the discrimination and came out victorious.,,devanagari,formal,bench_in22_conv_0024
He extensively campaigned against the discrimination and came out victorious.,,devanagari,informal,bench_in22_conv_0024
He extensively campaigned against the discrimination and came out victorious.,,roman,formal,bench_in22_conv_0024
He extensively campaigned against the discrimination and came out victorious.,,roman,informal,bench_in22_conv_0024
"Wow, what a strong personality!",,devanagari,formal,bench_in22_conv_0025
"Wow, what a strong personality!",,devanagari,informal,bench_in22_conv_0025
"Wow, what a strong personality!",,roman,formal,bench_in22_conv_0025
"Wow, what a strong personality!",,roman,informal,bench_in22_conv_0025
That is why the day is also commemorated as Equality Day all across the subcontinent.,,devanagari,formal,bench_in22_conv_0026
That is why the day is also commemorated as Equality Day all across the subcontinent.,,devanagari,informal,bench_in22_conv_0026
That is why the day is also commemorated as Equality Day all across the subcontinent.,,roman,formal,bench_in22_conv_0026
That is why the day is also commemorated as Equality Day all across the subcontinent.,,roman,informal,bench_in22_conv_0026
I am sure you are going to love reading about this man when you study the chapter in school.,,devanagari,formal,bench_in22_conv_0027
I am sure you are going to love reading about this man when you study the chapter in school.,,devanagari,informal,bench_in22_conv_0027
I am sure you are going to love reading about this man when you study the chapter in school.,,roman,formal,bench_in22_conv_0027
I am sure you are going to love reading about this man when you study the chapter in school.,,roman,informal,bench_in22_conv_0027
"Yes mom, I can't wait for it.",,devanagari,formal,bench_in22_conv_0028
"Yes mom, I can't wait for it.",,devanagari,informal,bench_in22_conv_0028
"Yes mom, I can't wait for it.",,roman,formal,bench_in22_conv_0028
"Yes mom, I can't wait for it.",,roman,informal,bench_in22_conv_0028
I am really intrigued.,,devanagari,formal,bench_in22_conv_0029
I am really intrigued.,,devanagari,informal,bench_in22_conv_0029
I am really intrigued.,,roman,formal,bench_in22_conv_0029
I am really intrigued.,,roman,informal,bench_in22_conv_0029
"Okay, now tell me what movie do you want to go for?",,devanagari,formal,bench_in22_conv_0030
"Okay, now tell me what movie do you want to go for?",,devanagari,informal,bench_in22_conv_0030
"Okay, now tell me what movie do you want to go for?",,roman,formal,bench_in22_conv_0030
"Okay, now tell me what movie do you want to go for?",,roman,informal,bench_in22_conv_0030
Do you want to watch the new Marvel movie?,,devanagari,formal,bench_in22_conv_0031
Do you want to watch the new Marvel movie?,,devanagari,informal,bench_in22_conv_0031
Do you want to watch the new Marvel movie?,,roman,formal,bench_in22_conv_0031
Do you want to watch the new Marvel movie?,,roman,informal,bench_in22_conv_0031
You mean Doctor Strange and the Multiverse of Madness?,,devanagari,formal,bench_in22_conv_0032
You mean Doctor Strange and the Multiverse of Madness?,,devanagari,informal,bench_in22_conv_0032
You mean Doctor Strange and the Multiverse of Madness?,,roman,formal,bench_in22_conv_0032
You mean Doctor Strange and the Multiverse of Madness?,,roman,informal,bench_in22_conv_0032
I am dying to watch it.,,devanagari,formal,bench_in22_conv_0033
I am dying to watch it.,,devanagari,informal,bench_in22_conv_0033
I am dying to watch it.,,roman,formal,bench_in22_conv_0033
I am dying to watch it.,,roman,informal,bench_in22_conv_0033
Can you book the tickets?,,devanagari,formal,bench_in22_conv_0034
Can you book the tickets?,,devanagari,informal,bench_in22_conv_0034
Can you book the tickets?,,roman,formal,bench_in22_conv_0034
Can you book the tickets?,,roman,informal,bench_in22_conv_0034
Let me talk to Dad.,,devanagari,formal,bench_in22_conv_0035
Let me talk to Dad.,,devanagari,informal,bench_in22_conv_0035
Let me talk to Dad.,,roman,formal,bench_in22_conv_0035
Let me talk to Dad.,,roman,informal,bench_in22_conv_0035
"Hey, you are pursuing.a course in web designing, aren't you?",,devanagari,formal,bench_in22_conv_0036
"Hey, you are pursuing.a course in web designing, aren't you?",,devanagari,informal,bench_in22_conv_0036
"Hey, you are pursuing.a course in web designing, aren't you?",,roman,formal,bench_in22_conv_0036
"Hey, you are pursuing.a course in web designing, aren't you?",,roman,informal,bench_in22_conv_0036
"One of my friends is thinking of doing the same so, I told her I'd get some information from you about it.",,devanagari,formal,bench_in22_conv_0037
"One of my friends is thinking of doing the same so, I told her I'd get some information from you about it.",,devanagari,informal,bench_in22_conv_0037
"One of my friends is thinking of doing the same so, I told her I'd get some information from you about it.",,roman,formal,bench_in22_conv_0037
"One of my friends is thinking of doing the same so, I told her I'd get some information from you about it.",,roman,informal,bench_in22_conv_0037
"Yeah, I am in my second year.",,devanagari,formal,bench_in22_conv_0038
"Yeah, I am in my second year.",,devanagari,informal,bench_in22_conv_0038
"Yeah, I am in my second year.",,roman,formal,bench_in22_conv_0038
"Yeah, I am in my second year.",,roman,informal,bench_in22_conv_0038
"That's great, so what does she want to know?",,devanagari,formal,bench_in22_conv_0039
"That's great, so what does she want to know?",,devanagari,informal,bench_in22_conv_0039
"That's great, so what does she want to know?",,roman,formal,bench_in22_conv_0039
"That's great, so what does she want to know?",,roman,informal,bench_in22_conv_0039
Which are the colleges that offer a diploma course in web designing?,,devanagari,formal,bench_in22_conv_0040
Which are the colleges that offer a diploma course in web designing?,,devanagari,informal,bench_in22_conv_0040
Which are the colleges that offer a diploma course in web designing?,,roman,formal,bench_in22_conv_0040
Which are the colleges that offer a diploma course in web designing?,,roman,informal,bench_in22_conv_0040
"She is not very sure of her choice, so she just wants to try it out at this point.",,devanagari,formal,bench_in22_conv_0041
"She is not very sure of her choice, so she just wants to try it out at this point.",,devanagari,informal,bench_in22_conv_0041
"She is not very sure of her choice, so she just wants to try it out at this point.",,roman,formal,bench_in22_conv_0041
"She is not very sure of her choice, so she just wants to try it out at this point.",,roman,informal,bench_in22_conv_0041
"Ok, I get that.",,devanagari,formal,bench_in22_conv_0042
"Ok, I get that.",,devanagari,informal,bench_in22_conv_0042
"Ok, I get that.",,roman,formal,bench_in22_conv_0042
"Ok, I get that.",,roman,informal,bench_in22_conv_0042
"It is available at a lot of colleges like the School of Fashion Technology, Pune; Stella Maris College, Chennai and Loyola College, Chennai among numerous others.",,devanagari,formal,bench_in22_conv_0043
"It is available at a lot of colleges like the School of Fashion Technology, Pune; Stella Maris College, Chennai and Loyola College, Chennai among numerous others.",,devanagari,informal,bench_in22_conv_0043
"It is available at a lot of colleges like the School of Fashion Technology, Pune; Stella Maris College, Chennai and Loyola College, Chennai among numerous others.",,roman,formal,bench_in22_conv_0043
"It is available at a lot of colleges like the School of Fashion Technology, Pune; Stella Maris College, Chennai and Loyola College, Chennai among numerous others.",,roman,informal,bench_in22_conv_0043
"You went to Loyola College, right?",,devanagari,formal,bench_in22_conv_0044
"You went to Loyola College, right?",,devanagari,informal,bench_in22_conv_0044
"You went to Loyola College, right?",,roman,formal,bench_in22_conv_0044
"You went to Loyola College, right?",,roman,informal,bench_in22_conv_0044
"Yeah, I studied there.",,devanagari,formal,bench_in22_conv_0045
"Yeah, I studied there.",,devanagari,informal,bench_in22_conv_0045
"Yeah, I studied there.",,roman,formal,bench_in22_conv_0045
"Yeah, I studied there.",,roman,informal,bench_in22_conv_0045
These colleges that you mentioned are pretty well known.,,devanagari,formal,bench_in22_conv_0046
These colleges that you mentioned are pretty well known.,,devanagari,informal,bench_in22_conv_0046
These colleges that you mentioned are pretty well known.,,roman,formal,bench_in22_conv_0046
These colleges that you mentioned are pretty well known.,,roman,informal,bench_in22_conv_0046
What is the entrance process?,,devanagari,formal,bench_in22_conv_0047
What is the entrance process?,,devanagari,informal,bench_in22_conv_0047
What is the entrance process?,,roman,formal,bench_in22_conv_0047
What is the entrance process?,,roman,informal,bench_in22_conv_0047
"Yeah, some colleges conduct their own entrance exams.",,devanagari,formal,bench_in22_conv_0048
"Yeah, some colleges conduct their own entrance exams.",,devanagari,informal,bench_in22_conv_0048
"Yeah, some colleges conduct their own entrance exams.",,roman,formal,bench_in22_conv_0048
"Yeah, some colleges conduct their own entrance exams.",,roman,informal,bench_in22_conv_0048
They look at the 10th and 12th standard grades as well.,,devanagari,formal,bench_in22_conv_0049
They look at the 10th and 12th standard grades as well.,,devanagari,informal,bench_in22_conv_0049
They look at the 10th and 12th standard grades as well.,,roman,formal,bench_in22_conv_0049
They look at the 10th and 12th standard grades as well.,,roman,informal,bench_in22_conv_0049
"There are national tests like the NID Entrance Exam, too.",,devanagari,formal,bench_in22_conv_0050
"There are national tests like the NID Entrance Exam, too.",,devanagari,informal,bench_in22_conv_0050
"There are national tests like the NID Entrance Exam, too.",,roman,formal,bench_in22_conv_0050
"There are national tests like the NID Entrance Exam, too.",,roman,informal,bench_in22_conv_0050
"My friend did really well for her boards, so she can ace any merit-based entrance.",,devanagari,formal,bench_in22_conv_0051
"My friend did really well for her boards, so she can ace any merit-based entrance.",,devanagari,informal,bench_in22_conv_0051
"My friend did really well for her boards, so she can ace any merit-based entrance.",,roman,formal,bench_in22_conv_0051
"My friend did really well for her boards, so she can ace any merit-based entrance.",,roman,informal,bench_in22_conv_0051
She is not so confident in her creative skills.,,devanagari,formal,bench_in22_conv_0052
She is not so confident in her creative skills.,,devanagari,informal,bench_in22_conv_0052
She is not so confident in her creative skills.,,roman,formal,bench_in22_conv_0052
She is not so confident in her creative skills.,,roman,informal,bench_in22_conv_0052
How long is the diploma course in these universities?,,devanagari,formal,bench_in22_conv_0053
How long is the diploma course in these universities?,,devanagari,informal,bench_in22_conv_0053
How long is the diploma course in these universities?,,roman,formal,bench_in22_conv_0053
How long is the diploma course in these universities?,,roman,informal,bench_in22_conv_0053
It usually lasts between a year or two.,,devanagari,formal,bench_in22_conv_0054
It usually lasts between a year or two.,,devanagari,informal,bench_in22_conv_0054
It usually lasts between a year or two.,,roman,formal,bench_in22_conv_0054
It usually lasts between a year or two.,,roman,informal,bench_in22_conv_0054
It actually depends on the college you take admission at.,,devanagari,formal,bench_in22_conv_0055
It actually depends on the college you take admission at.,,devanagari,informal,bench_in22_conv_0055
It actually depends on the college you take admission at.,,roman,formal,bench_in22_conv_0055
It actually depends on the college you take admission at.,,roman,informal,bench_in22_conv_0055
Are the career options good?,,devanagari,formal,bench_in22_conv_0056
Are the career options good?,,devanagari,informal,bench_in22_conv_0056
Are the career options good?,,roman,formal,bench_in22_conv_0056
Are the career options good?,,roman,informal,bench_in22_conv_0056
"Yeah, the job prospects in this field are promising.",,devanagari,formal,bench_in22_conv_0057
"Yeah, the job prospects in this field are promising.",,devanagari,informal,bench_in22_conv_0057
"Yeah, the job prospects in this field are promising.",,roman,formal,bench_in22_conv_0057
"Yeah, the job prospects in this field are promising.",,roman,informal,bench_in22_conv_0057
This is especially considering the world becoming increasingly digital.,,devanagari,formal,bench_in22_conv_0058
This is especially considering the world becoming increasingly digital.,,devanagari,informal,bench_in22_conv_0058
This is especially considering the world becoming increasingly digital.,,roman,formal,bench_in22_conv_0058
This is especially considering the world becoming increasingly digital.,,roman,informal,bench_in22_conv_0058
Hmm.. I see what you mean.,,devanagari,formal,bench_in22_conv_0059
Hmm.. I see what you mean.,,devanagari,informal,bench_in22_conv_0059
Hmm.. I see what you mean.,,roman,formal,bench_in22_conv_0059
Hmm.. I see what you mean.,,roman,informal,bench_in22_conv_0059
Do you know anyone who has taken this course before?,,devanagari,formal,bench_in22_conv_0060
Do you know anyone who has taken this course before?,,devanagari,informal,bench_in22_conv_0060
Do you know anyone who has taken this course before?,,roman,formal,bench_in22_conv_0060
Do you know anyone who has taken this course before?,,roman,informal,bench_in22_conv_0060
"Yeah, one of my friends did a diploma in web designing some five years back.",,devanagari,formal,bench_in22_conv_0061
"Yeah, one of my friends did a diploma in web designing some five years back.",,devanagari,informal,bench_in22_conv_0061
"Yeah, one of my friends did a diploma in web designing some five years back.",,roman,formal,bench_in22_conv_0061
"Yeah, one of my friends did a diploma in web designing some five years back.",,roman,informal,bench_in22_conv_0061
He is a successful web designer today.,,devanagari,formal,bench_in22_conv_0062
He is a successful web designer today.,,devanagari,informal,bench_in22_conv_0062
He is a successful web designer today.,,roman,formal,bench_in22_conv_0062
He is a successful web designer today.,,roman,informal,bench_in22_conv_0062
"Can I have his contact information, if you don't mind?",,devanagari,formal,bench_in22_conv_0063
"Can I have his contact information, if you don't mind?",,devanagari,informal,bench_in22_conv_0063
"Can I have his contact information, if you don't mind?",,roman,formal,bench_in22_conv_0063
"Can I have his contact information, if you don't mind?",,roman,informal,bench_in22_conv_0063
Its so that I can give it to my friend so she can talk to someone in detail about the course.,,devanagari,formal,bench_in22_conv_0064
Its so that I can give it to my friend so she can talk to someone in detail about the course.,,devanagari,informal,bench_in22_conv_0064
Its so that I can give it to my friend so she can talk to someone in detail about the course.,,roman,formal,bench_in22_conv_0064
Its so that I can give it to my friend so she can talk to someone in detail about the course.,,roman,informal,bench_in22_conv_0064
"Of course, I shall send you the contact on WhatsApp.",,devanagari,formal,bench_in22_conv_0065
"Of course, I shall send you the contact on WhatsApp.",,devanagari,informal,bench_in22_conv_0065
"Of course, I shall send you the contact on WhatsApp.",,roman,formal,bench_in22_conv_0065
"Of course, I shall send you the contact on WhatsApp.",,roman,informal,bench_in22_conv_0065
Am I too late?,,devanagari,formal,bench_in22_conv_0066
Am I too late?,,devanagari,informal,bench_in22_conv_0066
Am I too late?,,roman,formal,bench_in22_conv_0066
Am I too late?,,roman,informal,bench_in22_conv_0066
Did the parade start?,,devanagari,formal,bench_in22_conv_0067
Did the parade start?,,devanagari,informal,bench_in22_conv_0067
Did the parade start?,,roman,formal,bench_in22_conv_0067
Did the parade start?,,roman,informal,bench_in22_conv_0067
I don't know why I overslept.,,devanagari,formal,bench_in22_conv_0068
I don't know why I overslept.,,devanagari,informal,bench_in22_conv_0068
I don't know why I overslept.,,roman,formal,bench_in22_conv_0068
I don't know why I overslept.,,roman,informal,bench_in22_conv_0068
"Don't worry, you are right on time.",,devanagari,formal,bench_in22_conv_0069
"Don't worry, you are right on time.",,devanagari,informal,bench_in22_conv_0069
"Don't worry, you are right on time.",,roman,formal,bench_in22_conv_0069
"Don't worry, you are right on time.",,roman,informal,bench_in22_conv_0069
It has just been 5 minutes.,,devanagari,formal,bench_in22_conv_0070
It has just been 5 minutes.,,devanagari,informal,bench_in22_conv_0070
It has just been 5 minutes.,,roman,formal,bench_in22_conv_0070
It has just been 5 minutes.,,roman,informal,bench_in22_conv_0070
Come and have a seat.,,devanagari,formal,bench_in22_conv_0071
Come and have a seat.,,devanagari,informal,bench_in22_conv_0071
Come and have a seat.,,roman,formal,bench_in22_conv_0071
Come and have a seat.,,roman,informal,bench_in22_conv_0071
What did I miss?,,devanagari,formal,bench_in22_conv_0072
What did I miss?,,devanagari,informal,bench_in22_conv_0072
What did I miss?,,roman,formal,bench_in22_conv_0072
What did I miss?,,roman,informal,bench_in22_conv_0072
Nothing much! Just the unfurling of the national flag by the President.,,devanagari,formal,bench_in22_conv_0073
Nothing much! Just the unfurling of the national flag by the President.,,devanagari,informal,bench_in22_conv_0073
Nothing much! Just the unfurling of the national flag by the President.,,roman,formal,bench_in22_conv_0073
Nothing much! Just the unfurling of the national flag by the President.,,roman,informal,bench_in22_conv_0073
And the booming 21-gun salute to the president.,,devanagari,formal,bench_in22_conv_0074
And the booming 21-gun salute to the president.,,devanagari,informal,bench_in22_conv_0074
And the booming 21-gun salute to the president.,,roman,formal,bench_in22_conv_0074
And the booming 21-gun salute to the president.,,roman,informal,bench_in22_conv_0074
"At present, the different regiments of the Army, Navy, and Air Force, along with their bands are marching from the Rashtrapati Bhawan along the Rajpath.",,devanagari,formal,bench_in22_conv_0075
"At present, the different regiments of the Army, Navy, and Air Force, along with their bands are marching from the Rashtrapati Bhawan along the Rajpath.",,devanagari,informal,bench_in22_conv_0075
"At present, the different regiments of the Army, Navy, and Air Force, along with their bands are marching from the Rashtrapati Bhawan along the Rajpath.",,roman,formal,bench_in22_conv_0075
"At present, the different regiments of the Army, Navy, and Air Force, along with their bands are marching from the Rashtrapati Bhawan along the Rajpath.",,roman,informal,bench_in22_conv_0075
Where are they heading to?,,devanagari,formal,bench_in22_conv_0076
Where are they heading to?,,devanagari,informal,bench_in22_conv_0076
Where are they heading to?,,roman,formal,bench_in22_conv_0076
Where are they heading to?,,roman,informal,bench_in22_conv_0076
To the India Gate and finally to the Red fort.,,devanagari,formal,bench_in22_conv_0077
To the India Gate and finally to the Red fort.,,devanagari,informal,bench_in22_conv_0077
To the India Gate and finally to the Red fort.,,roman,formal,bench_in22_conv_0077
To the India Gate and finally to the Red fort.,,roman,informal,bench_in22_conv_0077
"As each of them go by, they pay homage to the President.",,devanagari,formal,bench_in22_conv_0078
"As each of them go by, they pay homage to the President.",,devanagari,informal,bench_in22_conv_0078
"As each of them go by, they pay homage to the President.",,roman,formal,bench_in22_conv_0078
"As each of them go by, they pay homage to the President.",,roman,informal,bench_in22_conv_0078
And look how he in turn is standing up and encouraging them as they march forward.,,devanagari,formal,bench_in22_conv_0079
And look how he in turn is standing up and encouraging them as they march forward.,,devanagari,informal,bench_in22_conv_0079
And look how he in turn is standing up and encouraging them as they march forward.,,roman,formal,bench_in22_conv_0079
And look how he in turn is standing up and encouraging them as they march forward.,,roman,informal,bench_in22_conv_0079
I wish to see all of it in person someday.,,devanagari,formal,bench_in22_conv_0080
I wish to see all of it in person someday.,,devanagari,informal,bench_in22_conv_0080
I wish to see all of it in person someday.,,roman,formal,bench_in22_conv_0080
I wish to see all of it in person someday.,,roman,informal,bench_in22_conv_0080
What about the representation of different states?,,devanagari,formal,bench_in22_conv_0081
What about the representation of different states?,,devanagari,informal,bench_in22_conv_0081
What about the representation of different states?,,roman,formal,bench_in22_conv_0081
What about the representation of different states?,,roman,informal,bench_in22_conv_0081
Will it be after the army marches past?,,devanagari,formal,bench_in22_conv_0082
Will it be after the army marches past?,,devanagari,informal,bench_in22_conv_0082
Will it be after the army marches past?,,roman,formal,bench_in22_conv_0082
Will it be after the army marches past?,,roman,informal,bench_in22_conv_0082
"Yes, once all the regiments march away, they will arrive.",,devanagari,formal,bench_in22_conv_0083
"Yes, once all the regiments march away, they will arrive.",,devanagari,informal,bench_in22_conv_0083
"Yes, once all the regiments march away, they will arrive.",,roman,formal,bench_in22_conv_0083
"Yes, once all the regiments march away, they will arrive.",,roman,informal,bench_in22_conv_0083
Each state is represented by a tableaux.,,devanagari,formal,bench_in22_conv_0084
Each state is represented by a tableaux.,,devanagari,informal,bench_in22_conv_0084
Each state is represented by a tableaux.,,roman,formal,bench_in22_conv_0084
Each state is represented by a tableaux.,,roman,informal,bench_in22_conv_0084
"They showcase the history, culture, heritage, dvelopment programmes and environment of their respective states.",,devanagari,formal,bench_in22_conv_0085
"They showcase the history, culture, heritage, dvelopment programmes and environment of their respective states.",,devanagari,informal,bench_in22_conv_0085
"They showcase the history, culture, heritage, dvelopment programmes and environment of their respective states.",,roman,formal,bench_in22_conv_0085
"They showcase the history, culture, heritage, dvelopment programmes and environment of their respective states.",,roman,informal,bench_in22_conv_0085
They carry some animations and sound along with them.,,devanagari,formal,bench_in22_conv_0086
They carry some animations and sound along with them.,,devanagari,informal,bench_in22_conv_0086
They carry some animations and sound along with them.,,roman,formal,bench_in22_conv_0086
They carry some animations and sound along with them.,,roman,informal,bench_in22_conv_0086
It is a very colorful display.,,devanagari,formal,bench_in22_conv_0087
It is a very colorful display.,,devanagari,informal,bench_in22_conv_0087
It is a very colorful display.,,roman,formal,bench_in22_conv_0087
It is a very colorful display.,,roman,informal,bench_in22_conv_0087
"Yeah, and my favourite part of the entire parade too.",,devanagari,formal,bench_in22_conv_0088
"Yeah, and my favourite part of the entire parade too.",,devanagari,informal,bench_in22_conv_0088
"Yeah, and my favourite part of the entire parade too.",,roman,formal,bench_in22_conv_0088
"Yeah, and my favourite part of the entire parade too.",,roman,informal,bench_in22_conv_0088
I still remember how the tableaux of West Bengal was decorated last time.,,devanagari,formal,bench_in22_conv_0089
I still remember how the tableaux of West Bengal was decorated last time.,,devanagari,informal,bench_in22_conv_0089
I still remember how the tableaux of West Bengal was decorated last time.,,roman,formal,bench_in22_conv_0089
I still remember how the tableaux of West Bengal was decorated last time.,,roman,informal,bench_in22_conv_0089
"And also the dancers on it, exhibiting the folk dance form of rural bengal.",,devanagari,formal,bench_in22_conv_0090
"And also the dancers on it, exhibiting the folk dance form of rural bengal.",,devanagari,informal,bench_in22_conv_0090
"And also the dancers on it, exhibiting the folk dance form of rural bengal.",,roman,formal,bench_in22_conv_0090
"And also the dancers on it, exhibiting the folk dance form of rural bengal.",,roman,informal,bench_in22_conv_0090
I wonder what they have in store this year.,,devanagari,formal,bench_in22_conv_0091
I wonder what they have in store this year.,,devanagari,informal,bench_in22_conv_0091
I wonder what they have in store this year.,,roman,formal,bench_in22_conv_0091
I wonder what they have in store this year.,,roman,informal,bench_in22_conv_0091
Let us wait and watch.,,devanagari,formal,bench_in22_conv_0092
Let us wait and watch.,,devanagari,informal,bench_in22_conv_0092
Let us wait and watch.,,roman,formal,bench_in22_conv_0092
Let us wait and watch.,,roman,informal,bench_in22_conv_0092
"But do not forget, you have your sit and draw competition today at around 12 noon.",,devanagari,formal,bench_in22_conv_0093
"But do not forget, you have your sit and draw competition today at around 12 noon.",,devanagari,informal,bench_in22_conv_0093
"But do not forget, you have your sit and draw competition today at around 12 noon.",,roman,formal,bench_in22_conv_0093
"But do not forget, you have your sit and draw competition today at around 12 noon.",,roman,informal,bench_in22_conv_0093
Are you prepared for that?,,devanagari,formal,bench_in22_conv_0094
Are you prepared for that?,,devanagari,informal,bench_in22_conv_0094
Are you prepared for that?,,roman,formal,bench_in22_conv_0094
Are you prepared for that?,,roman,informal,bench_in22_conv_0094
I have practised my sketches already.,,devanagari,formal,bench_in22_conv_0095
I have practised my sketches already.,,devanagari,informal,bench_in22_conv_0095
I have practised my sketches already.,,roman,formal,bench_in22_conv_0095
I have practised my sketches already.,,roman,informal,bench_in22_conv_0095
I am drawing a glimpse of the Republic Day parade itself.,,devanagari,formal,bench_in22_conv_0096
I am drawing a glimpse of the Republic Day parade itself.,,devanagari,informal,bench_in22_conv_0096
I am drawing a glimpse of the Republic Day parade itself.,,roman,formal,bench_in22_conv_0096
I am drawing a glimpse of the Republic Day parade itself.,,roman,informal,bench_in22_conv_0096
I hope I can bag a prize.,,devanagari,formal,bench_in22_conv_0097
I hope I can bag a prize.,,devanagari,informal,bench_in22_conv_0097
I hope I can bag a prize.,,roman,formal,bench_in22_conv_0097
I hope I can bag a prize.,,roman,informal,bench_in22_conv_0097
Do not bother about the prizes.,,devanagari,formal,bench_in22_conv_0098
Do not bother about the prizes.,,devanagari,informal,bench_in22_conv_0098
Do not bother about the prizes.,,roman,formal,bench_in22_conv_0098
Do not bother about the prizes.,,roman,informal,bench_in22_conv_0098
Just enjoy yourself out there.,,devanagari,formal,bench_in22_conv_0099
Just enjoy yourself out there.,,devanagari,informal,bench_in22_conv_0099
Just enjoy yourself out there.,,roman,formal,bench_in22_conv_0099
Just enjoy yourself out there.,,roman,informal,bench_in22_conv_0099
I wish you all the best.,,devanagari,formal,bench_in22_conv_0100
I wish you all the best.,,devanagari,informal,bench_in22_conv_0100
I wish you all the best.,,roman,formal,bench_in22_conv_0100
I wish you all the best.,,roman,informal,bench_in22_conv_0100
"Known for their mobility, the Marathas were able to consolidate their territory during the Mughal–Maratha Wars and later controlled a large part of the Indian subcontinent.",,devanagari,formal,bench_bpcc_daily_0001
"Known for their mobility, the Marathas were able to consolidate their territory during the Mughal–Maratha Wars and later controlled a large part of the Indian subcontinent.",,devanagari,informal,bench_bpcc_daily_0001
"Known for their mobility, the Marathas were able to consolidate their territory during the Mughal–Maratha Wars and later controlled a large part of the Indian subcontinent.",,roman,formal,bench_bpcc_daily_0001
"Known for their mobility, the Marathas were able to consolidate their territory during the Mughal–Maratha Wars and later controlled a large part of the Indian subcontinent.",,roman,informal,bench_bpcc_daily_0001
"Among veteran players still in the lineup are Jason Huerta, Reyjay Ortuste, Mark Joseph Gonzales, Josefina Maat, Des Oltor, Ronsted Cabayeron and Sara Catain.",,devanagari,formal,bench_bpcc_daily_0002
"Among veteran players still in the lineup are Jason Huerta, Reyjay Ortuste, Mark Joseph Gonzales, Josefina Maat, Des Oltor, Ronsted Cabayeron and Sara Catain.",,devanagari,informal,bench_bpcc_daily_0002
"Among veteran players still in the lineup are Jason Huerta, Reyjay Ortuste, Mark Joseph Gonzales, Josefina Maat, Des Oltor, Ronsted Cabayeron and Sara Catain.",,roman,formal,bench_bpcc_daily_0002
"Among veteran players still in the lineup are Jason Huerta, Reyjay Ortuste, Mark Joseph Gonzales, Josefina Maat, Des Oltor, Ronsted Cabayeron and Sara Catain.",,roman,informal,bench_bpcc_daily_0002
The term was later also adopted by the American variant.,,devanagari,formal,bench_bpcc_daily_0003
The term was later also adopted by the American variant.,,devanagari,informal,bench_bpcc_daily_0003
The term was later also adopted by the American variant.,,roman,formal,bench_bpcc_daily_0003
The term was later also adopted by the American variant.,,roman,informal,bench_bpcc_daily_0003
"Since kickboxing is a broad term, understanding the history can be somewhat difficult, since combat is an inherent part of being human.",,devanagari,formal,bench_bpcc_daily_0004
"Since kickboxing is a broad term, understanding the history can be somewhat difficult, since combat is an inherent part of being human.",,devanagari,informal,bench_bpcc_daily_0004
"Since kickboxing is a broad term, understanding the history can be somewhat difficult, since combat is an inherent part of being human.",,roman,formal,bench_bpcc_daily_0004
"Since kickboxing is a broad term, understanding the history can be somewhat difficult, since combat is an inherent part of being human.",,roman,informal,bench_bpcc_daily_0004
Record the amount of income you bring home in a month.,,devanagari,formal,bench_bpcc_daily_0005
Record the amount of income you bring home in a month.,,devanagari,informal,bench_bpcc_daily_0005
Record the amount of income you bring home in a month.,,roman,formal,bench_bpcc_daily_0005
Record the amount of income you bring home in a month.,,roman,informal,bench_bpcc_daily_0005
The Bibighar Well site where a memorial had been built.,,devanagari,formal,bench_bpcc_daily_0006
The Bibighar Well site where a memorial had been built.,,devanagari,informal,bench_bpcc_daily_0006
The Bibighar Well site where a memorial had been built.,,roman,formal,bench_bpcc_daily_0006
The Bibighar Well site where a memorial had been built.,,roman,informal,bench_bpcc_daily_0006
Nana Sahib disappeared near the end of the Rebellion and it is not known what happened to him.,,devanagari,formal,bench_bpcc_daily_0007
Nana Sahib disappeared near the end of the Rebellion and it is not known what happened to him.,,devanagari,informal,bench_bpcc_daily_0007
Nana Sahib disappeared near the end of the Rebellion and it is not known what happened to him.,,roman,formal,bench_bpcc_daily_0007
Nana Sahib disappeared near the end of the Rebellion and it is not known what happened to him.,,roman,informal,bench_bpcc_daily_0007
"Shree Govindajee Temple, Andro village, and the Manipur State Museum are in the city.",,devanagari,formal,bench_bpcc_daily_0008
"Shree Govindajee Temple, Andro village, and the Manipur State Museum are in the city.",,devanagari,informal,bench_bpcc_daily_0008
"Shree Govindajee Temple, Andro village, and the Manipur State Museum are in the city.",,roman,formal,bench_bpcc_daily_0008
"Shree Govindajee Temple, Andro village, and the Manipur State Museum are in the city.",,roman,informal,bench_bpcc_daily_0008
Clasps were awarded for the siege of Delhi and the siege and relief of Lucknow.,,devanagari,formal,bench_bpcc_daily_0009
Clasps were awarded for the siege of Delhi and the siege and relief of Lucknow.,,devanagari,informal,bench_bpcc_daily_0009
Clasps were awarded for the siege of Delhi and the siege and relief of Lucknow.,,roman,formal,bench_bpcc_daily_0009
Clasps were awarded for the siege of Delhi and the siege and relief of Lucknow.,,roman,informal,bench_bpcc_daily_0009
"On 20 October 1874, Dayanand arrived in Bombay.",,devanagari,formal,bench_bpcc_daily_0010
"On 20 October 1874, Dayanand arrived in Bombay.",,devanagari,informal,bench_bpcc_daily_0010
"On 20 October 1874, Dayanand arrived in Bombay.",,roman,formal,bench_bpcc_daily_0010
"On 20 October 1874, Dayanand arrived in Bombay.",,roman,informal,bench_bpcc_daily_0010
They also campaigned for widow remarriage and women's education.,,devanagari,formal,bench_bpcc_daily_0011
They also campaigned for widow remarriage and women's education.,,devanagari,informal,bench_bpcc_daily_0011
They also campaigned for widow remarriage and women's education.,,roman,formal,bench_bpcc_daily_0011
They also campaigned for widow remarriage and women's education.,,roman,informal,bench_bpcc_daily_0011
"Remember to always leave room in your monthly budget for unexpected expenses, like small medical bills or car repairs.",,devanagari,formal,bench_bpcc_daily_0012
"Remember to always leave room in your monthly budget for unexpected expenses, like small medical bills or car repairs.",,devanagari,informal,bench_bpcc_daily_0012
"Remember to always leave room in your monthly budget for unexpected expenses, like small medical bills or car repairs.",,roman,formal,bench_bpcc_daily_0012
"Remember to always leave room in your monthly budget for unexpected expenses, like small medical bills or car repairs.",,roman,informal,bench_bpcc_daily_0012
"To boost its popularity and improve its performance in the forthcoming election, Congress leaders urged Sonia Gandhi, Rajiv Gandhi's widow, to assume leadership of the party.",,devanagari,formal,bench_bpcc_daily_0013
"To boost its popularity and improve its performance in the forthcoming election, Congress leaders urged Sonia Gandhi, Rajiv Gandhi's widow, to assume leadership of the party.",,devanagari,informal,bench_bpcc_daily_0013
"To boost its popularity and improve its performance in the forthcoming election, Congress leaders urged Sonia Gandhi, Rajiv Gandhi's widow, to assume leadership of the party.",,roman,formal,bench_bpcc_daily_0013
"To boost its popularity and improve its performance in the forthcoming election, Congress leaders urged Sonia Gandhi, Rajiv Gandhi's widow, to assume leadership of the party.",,roman,informal,bench_bpcc_daily_0013
She had previously declined offers to become actively involved in party affairs and had stayed away from politics.,,devanagari,formal,bench_bpcc_daily_0014
She had previously declined offers to become actively involved in party affairs and had stayed away from politics.,,devanagari,informal,bench_bpcc_daily_0014
She had previously declined offers to become actively involved in party affairs and had stayed away from politics.,,roman,formal,bench_bpcc_daily_0014
She had previously declined offers to become actively involved in party affairs and had stayed away from politics.,,roman,informal,bench_bpcc_daily_0014
"Despite massive support from within the party, Gandhi declined the post of prime minister, choosing to appoint Manmohan Singh instead.",,devanagari,formal,bench_bpcc_daily_0015
"Despite massive support from within the party, Gandhi declined the post of prime minister, choosing to appoint Manmohan Singh instead.",,devanagari,informal,bench_bpcc_daily_0015
"Despite massive support from within the party, Gandhi declined the post of prime minister, choosing to appoint Manmohan Singh instead.",,roman,formal,bench_bpcc_daily_0015
"Despite massive support from within the party, Gandhi declined the post of prime minister, choosing to appoint Manmohan Singh instead.",,roman,informal,bench_bpcc_daily_0015
She remained as party president and headed the National Advisory Council.,,devanagari,formal,bench_bpcc_daily_0016
She remained as party president and headed the National Advisory Council.,,devanagari,informal,bench_bpcc_daily_0016
She remained as party president and headed the National Advisory Council.,,roman,formal,bench_bpcc_daily_0016
She remained as party president and headed the National Advisory Council.,,roman,informal,bench_bpcc_daily_0016
"Two days later, on 15 April, demonstrations occurred in Gujranwala protesting against the killings at Amritsar.",,devanagari,formal,bench_bpcc_daily_0017
"Two days later, on 15 April, demonstrations occurred in Gujranwala protesting against the killings at Amritsar.",,devanagari,informal,bench_bpcc_daily_0017
"Two days later, on 15 April, demonstrations occurred in Gujranwala protesting against the killings at Amritsar.",,roman,formal,bench_bpcc_daily_0017
"Two days later, on 15 April, demonstrations occurred in Gujranwala protesting against the killings at Amritsar.",,roman,informal,bench_bpcc_daily_0017
I salute Shaheed-i-Azam Udham Singh with reverence who had kissed the noose so that we may be free.,,devanagari,formal,bench_bpcc_daily_0018
I salute Shaheed-i-Azam Udham Singh with reverence who had kissed the noose so that we may be free.,,devanagari,informal,bench_bpcc_daily_0018
I salute Shaheed-i-Azam Udham Singh with reverence who had kissed the noose so that we may be free.,,roman,formal,bench_bpcc_daily_0018
I salute Shaheed-i-Azam Udham Singh with reverence who had kissed the noose so that we may be free.,,roman,informal,bench_bpcc_daily_0018
The Pandyas steadily routed both the Hoysalas and the Cholas.,,devanagari,formal,bench_bpcc_daily_0019
The Pandyas steadily routed both the Hoysalas and the Cholas.,,devanagari,informal,bench_bpcc_daily_0019
The Pandyas steadily routed both the Hoysalas and the Cholas.,,roman,formal,bench_bpcc_daily_0019
The Pandyas steadily routed both the Hoysalas and the Cholas.,,roman,informal,bench_bpcc_daily_0019
"In the early 16th century, Virasekhara Chola, king of Tanjore rose out of obscurity and plundered the dominions of the then Pandya prince in the South.",,devanagari,formal,bench_bpcc_daily_0020
"In the early 16th century, Virasekhara Chola, king of Tanjore rose out of obscurity and plundered the dominions of the then Pandya prince in the South.",,devanagari,informal,bench_bpcc_daily_0020
"In the early 16th century, Virasekhara Chola, king of Tanjore rose out of obscurity and plundered the dominions of the then Pandya prince in the South.",,roman,formal,bench_bpcc_daily_0020
"In the early 16th century, Virasekhara Chola, king of Tanjore rose out of obscurity and plundered the dominions of the then Pandya prince in the South.",,roman,informal,bench_bpcc_daily_0020
He was born in the previously Chola occupied Srivijaya.,,devanagari,formal,bench_bpcc_daily_0021
He was born in the previously Chola occupied Srivijaya.,,devanagari,informal,bench_bpcc_daily_0021
He was born in the previously Chola occupied Srivijaya.,,roman,formal,bench_bpcc_daily_0021
He was born in the previously Chola occupied Srivijaya.,,roman,informal,bench_bpcc_daily_0021
It played a significant role in linking the markets of China to the rest of the world.,,devanagari,formal,bench_bpcc_daily_0022
It played a significant role in linking the markets of China to the rest of the world.,,devanagari,informal,bench_bpcc_daily_0022
It played a significant role in linking the markets of China to the rest of the world.,,roman,formal,bench_bpcc_daily_0022
It played a significant role in linking the markets of China to the rest of the world.,,roman,informal,bench_bpcc_daily_0022
"The Parvati Temple, is located about 140 km southeast to the Badami.",,devanagari,formal,bench_bpcc_daily_0023
"The Parvati Temple, is located about 140 km southeast to the Badami.",,devanagari,informal,bench_bpcc_daily_0023
"The Parvati Temple, is located about 140 km southeast to the Badami.",,roman,formal,bench_bpcc_daily_0023
"The Parvati Temple, is located about 140 km southeast to the Badami.",,roman,informal,bench_bpcc_daily_0023
Some companies will give you various price quotes.,,devanagari,formal,bench_bpcc_daily_0024
Some companies will give you various price quotes.,,devanagari,informal,bench_bpcc_daily_0024
Some companies will give you various price quotes.,,roman,formal,bench_bpcc_daily_0024
Some companies will give you various price quotes.,,roman,informal,bench_bpcc_daily_0024
"During these famines, Khalji's sultanate granaries and wholesale mandi system with price controls ensured sufficient food for his army, court officials, and the urban population in Delhi.",,devanagari,formal,bench_bpcc_daily_0025
"During these famines, Khalji's sultanate granaries and wholesale mandi system with price controls ensured sufficient food for his army, court officials, and the urban population in Delhi.",,devanagari,informal,bench_bpcc_daily_0025
"During these famines, Khalji's sultanate granaries and wholesale mandi system with price controls ensured sufficient food for his army, court officials, and the urban population in Delhi.",,roman,formal,bench_bpcc_daily_0025
"During these famines, Khalji's sultanate granaries and wholesale mandi system with price controls ensured sufficient food for his army, court officials, and the urban population in Delhi.",,roman,informal,bench_bpcc_daily_0025
The Periplus further explains ancient Indo-Greek rule and the continued circulation of Indo-Greek coinage in the region.,,devanagari,formal,bench_bpcc_daily_0026
The Periplus further explains ancient Indo-Greek rule and the continued circulation of Indo-Greek coinage in the region.,,devanagari,informal,bench_bpcc_daily_0026
The Periplus further explains ancient Indo-Greek rule and the continued circulation of Indo-Greek coinage in the region.,,roman,formal,bench_bpcc_daily_0026
The Periplus further explains ancient Indo-Greek rule and the continued circulation of Indo-Greek coinage in the region.,,roman,informal,bench_bpcc_daily_0026
"Mathura may then have been conquered by the Mitra dynasty, or ruled independently by the Datta dynasty during the 1st century BC.",,devanagari,formal,bench_bpcc_daily_0027
"Mathura may then have been conquered by the Mitra dynasty, or ruled independently by the Datta dynasty during the 1st century BC.",,devanagari,informal,bench_bpcc_daily_0027
"Mathura may then have been conquered by the Mitra dynasty, or ruled independently by the Datta dynasty during the 1st century BC.",,roman,formal,bench_bpcc_daily_0027
"Mathura may then have been conquered by the Mitra dynasty, or ruled independently by the Datta dynasty during the 1st century BC.",,roman,informal,bench_bpcc_daily_0027
They would again win independence until being conquered by Samudragupta of the Gupta Empire and would disintegrate soon after.,,devanagari,formal,bench_bpcc_daily_0028
They would again win independence until being conquered by Samudragupta of the Gupta Empire and would disintegrate soon after.,,devanagari,informal,bench_bpcc_daily_0028
They would again win independence until being conquered by Samudragupta of the Gupta Empire and would disintegrate soon after.,,roman,formal,bench_bpcc_daily_0028
They would again win independence until being conquered by Samudragupta of the Gupta Empire and would disintegrate soon after.,,roman,informal,bench_bpcc_daily_0028
Headquarters was located on the mouth river Periyar.,,devanagari,formal,bench_bpcc_daily_0029
Headquarters was located on the mouth river Periyar.,,devanagari,informal,bench_bpcc_daily_0029
Headquarters was located on the mouth river Periyar.,,roman,formal,bench_bpcc_daily_0029
Headquarters was located on the mouth river Periyar.,,roman,informal,bench_bpcc_daily_0029
"The port at Kozhikode held the superior economic and political position in Kerala, while Kollam, Kochi, and Kannur were commercially confined to secondary roles.",,devanagari,formal,bench_bpcc_daily_0030
"The port at Kozhikode held the superior economic and political position in Kerala, while Kollam, Kochi, and Kannur were commercially confined to secondary roles.",,devanagari,informal,bench_bpcc_daily_0030
"The port at Kozhikode held the superior economic and political position in Kerala, while Kollam, Kochi, and Kannur were commercially confined to secondary roles.",,roman,formal,bench_bpcc_daily_0030
"The port at Kozhikode held the superior economic and political position in Kerala, while Kollam, Kochi, and Kannur were commercially confined to secondary roles.",,roman,informal,bench_bpcc_daily_0030
The state is wedged between the Lakshadweep Sea and the Western Ghats.,,devanagari,formal,bench_bpcc_daily_0031
The state is wedged between the Lakshadweep Sea and the Western Ghats.,,devanagari,informal,bench_bpcc_daily_0031
The state is wedged between the Lakshadweep Sea and the Western Ghats.,,roman,formal,bench_bpcc_daily_0031
The state is wedged between the Lakshadweep Sea and the Western Ghats.,,roman,informal,bench_bpcc_daily_0031
"Lying between northern latitudes 8°18' and 12°48' and eastern longitudes 74°52' and 77°22', Kerala experiences a humid tropical rainforest climate with some cyclones.",,devanagari,formal,bench_bpcc_daily_0032
"Lying between northern latitudes 8°18' and 12°48' and eastern longitudes 74°52' and 77°22', Kerala experiences a humid tropical rainforest climate with some cyclones.",,devanagari,informal,bench_bpcc_daily_0032
"Lying between northern latitudes 8°18' and 12°48' and eastern longitudes 74°52' and 77°22', Kerala experiences a humid tropical rainforest climate with some cyclones.",,roman,formal,bench_bpcc_daily_0032
"Lying between northern latitudes 8°18' and 12°48' and eastern longitudes 74°52' and 77°22', Kerala experiences a humid tropical rainforest climate with some cyclones.",,roman,informal,bench_bpcc_daily_0032
The battle helped the British East India Company take control of Bengal.,,devanagari,formal,bench_bpcc_daily_0033
The battle helped the British East India Company take control of Bengal.,,devanagari,informal,bench_bpcc_daily_0033
The battle helped the British East India Company take control of Bengal.,,roman,formal,bench_bpcc_daily_0033
The battle helped the British East India Company take control of Bengal.,,roman,informal,bench_bpcc_daily_0033
The caves were possibly excavated during this period.,,devanagari,formal,bench_bpcc_daily_0034
The caves were possibly excavated during this period.,,devanagari,informal,bench_bpcc_daily_0034
The caves were possibly excavated during this period.,,roman,formal,bench_bpcc_daily_0034
The caves were possibly excavated during this period.,,roman,informal,bench_bpcc_daily_0034
"The British governed western Maharashtra as part of the Bombay Presidency, which spanned an area from Karachi in Pakistan to northern Deccan.",,devanagari,formal,bench_bpcc_daily_0035
"The British governed western Maharashtra as part of the Bombay Presidency, which spanned an area from Karachi in Pakistan to northern Deccan.",,devanagari,informal,bench_bpcc_daily_0035
"The British governed western Maharashtra as part of the Bombay Presidency, which spanned an area from Karachi in Pakistan to northern Deccan.",,roman,formal,bench_bpcc_daily_0035
"The British governed western Maharashtra as part of the Bombay Presidency, which spanned an area from Karachi in Pakistan to northern Deccan.",,roman,informal,bench_bpcc_daily_0035
"A number of the Maratha states persisted as princely states, retaining autonomy in return for acknowledging British suzerainty.",,devanagari,formal,bench_bpcc_daily_0036
"A number of the Maratha states persisted as princely states, retaining autonomy in return for acknowledging British suzerainty.",,devanagari,informal,bench_bpcc_daily_0036
"A number of the Maratha states persisted as princely states, retaining autonomy in return for acknowledging British suzerainty.",,roman,formal,bench_bpcc_daily_0036
"A number of the Maratha states persisted as princely states, retaining autonomy in return for acknowledging British suzerainty.",,roman,informal,bench_bpcc_daily_0036
The British ruled the Maharashtra region from 1818 to 1947 and influenced every aspect of life for the people of the region.,,devanagari,formal,bench_bpcc_daily_0037
The British ruled the Maharashtra region from 1818 to 1947 and influenced every aspect of life for the people of the region.,,devanagari,informal,bench_bpcc_daily_0037
The British ruled the Maharashtra region from 1818 to 1947 and influenced every aspect of life for the people of the region.,,roman,formal,bench_bpcc_daily_0037
The British ruled the Maharashtra region from 1818 to 1947 and influenced every aspect of life for the people of the region.,,roman,informal,bench_bpcc_daily_0037
Jyotirao Phule was the pioneer of social reform in the Maharashtra region in the second half of the 19th century.,,devanagari,formal,bench_bpcc_daily_0038
Jyotirao Phule was the pioneer of social reform in the Maharashtra region in the second half of the 19th century.,,devanagari,informal,bench_bpcc_daily_0038
Jyotirao Phule was the pioneer of social reform in the Maharashtra region in the second half of the 19th century.,,roman,formal,bench_bpcc_daily_0038
Jyotirao Phule was the pioneer of social reform in the Maharashtra region in the second half of the 19th century.,,roman,informal,bench_bpcc_daily_0038
The ultimatum to the British during the Quit India Movement was given in Mumbai and culminated in the transfer of power and independence in 1947.,,devanagari,formal,bench_bpcc_daily_0039
The ultimatum to the British during the Quit India Movement was given in Mumbai and culminated in the transfer of power and independence in 1947.,,devanagari,informal,bench_bpcc_daily_0039
The ultimatum to the British during the Quit India Movement was given in Mumbai and culminated in the transfer of power and independence in 1947.,,roman,formal,bench_bpcc_daily_0039
The ultimatum to the British during the Quit India Movement was given in Mumbai and culminated in the transfer of power and independence in 1947.,,roman,informal,bench_bpcc_daily_0039
"It has an area of 2,448 square kilometres.",,devanagari,formal,bench_bpcc_daily_0040
"It has an area of 2,448 square kilometres.",,devanagari,informal,bench_bpcc_daily_0040
"It has an area of 2,448 square kilometres.",,roman,formal,bench_bpcc_daily_0040
"It has an area of 2,448 square kilometres.",,roman,informal,bench_bpcc_daily_0040
"It covers 342,239 square kilometres or 10.4 per cent of India's total geographical area.",,devanagari,formal,bench_bpcc_daily_0041
"It covers 342,239 square kilometres or 10.4 per cent of India's total geographical area.",,devanagari,informal,bench_bpcc_daily_0041
"It covers 342,239 square kilometres or 10.4 per cent of India's total geographical area.",,roman,formal,bench_bpcc_daily_0041
"It covers 342,239 square kilometres or 10.4 per cent of India's total geographical area.",,roman,informal,bench_bpcc_daily_0041
"The biggest contributors to the state's GSDP growth are Agriculture, Public Administration and Construction work.",,devanagari,formal,bench_bpcc_daily_0042
"The biggest contributors to the state's GSDP growth are Agriculture, Public Administration and Construction work.",,devanagari,informal,bench_bpcc_daily_0042
"The biggest contributors to the state's GSDP growth are Agriculture, Public Administration and Construction work.",,roman,formal,bench_bpcc_daily_0042
"The biggest contributors to the state's GSDP growth are Agriculture, Public Administration and Construction work.",,roman,informal,bench_bpcc_daily_0042
It has one major port at Paradip and a few minor ports.,,devanagari,formal,bench_bpcc_daily_0043
It has one major port at Paradip and a few minor ports.,,devanagari,informal,bench_bpcc_daily_0043
It has one major port at Paradip and a few minor ports.,,roman,formal,bench_bpcc_daily_0043
It has one major port at Paradip and a few minor ports.,,roman,informal,bench_bpcc_daily_0043
Major cities of Odisha are well connected to all the major cities of India by direct daily trains and weekly trains.,,devanagari,formal,bench_bpcc_daily_0044
Major cities of Odisha are well connected to all the major cities of India by direct daily trains and weekly trains.,,devanagari,informal,bench_bpcc_daily_0044
Major cities of Odisha are well connected to all the major cities of India by direct daily trains and weekly trains.,,roman,formal,bench_bpcc_daily_0044
Major cities of Odisha are well connected to all the major cities of India by direct daily trains and weekly trains.,,roman,informal,bench_bpcc_daily_0044
"Data of 1996–2001 showed the life expectancy in the state was 61.64 years, higher than the national value of years.",,devanagari,formal,bench_bpcc_daily_0045
"Data of 1996–2001 showed the life expectancy in the state was 61.64 years, higher than the national value of years.",,devanagari,informal,bench_bpcc_daily_0045
"Data of 1996–2001 showed the life expectancy in the state was 61.64 years, higher than the national value of years.",,roman,formal,bench_bpcc_daily_0045
"Data of 1996–2001 showed the life expectancy in the state was 61.64 years, higher than the national value of years.",,roman,informal,bench_bpcc_daily_0045
The monsoon season provides most of the rainfall for the region.,,devanagari,formal,bench_bpcc_daily_0046
The monsoon season provides most of the rainfall for the region.,,devanagari,informal,bench_bpcc_daily_0046
The monsoon season provides most of the rainfall for the region.,,roman,formal,bench_bpcc_daily_0046
The monsoon season provides most of the rainfall for the region.,,roman,informal,bench_bpcc_daily_0046
It will have stops in Ludhiana and Jalandhar.,,devanagari,formal,bench_bpcc_daily_0047
It will have stops in Ludhiana and Jalandhar.,,devanagari,informal,bench_bpcc_daily_0047
It will have stops in Ludhiana and Jalandhar.,,roman,formal,bench_bpcc_daily_0047
It will have stops in Ludhiana and Jalandhar.,,roman,informal,bench_bpcc_daily_0047
During Aurangzeb's rule Rana Raj Singh I and Veer Durgadas Rathore were chief among those who defied the intolerant emperor of Delhi.,,devanagari,formal,bench_bpcc_daily_0048
During Aurangzeb's rule Rana Raj Singh I and Veer Durgadas Rathore were chief among those who defied the intolerant emperor of Delhi.,,devanagari,informal,bench_bpcc_daily_0048
During Aurangzeb's rule Rana Raj Singh I and Veer Durgadas Rathore were chief among those who defied the intolerant emperor of Delhi.,,roman,formal,bench_bpcc_daily_0048
During Aurangzeb's rule Rana Raj Singh I and Veer Durgadas Rathore were chief among those who defied the intolerant emperor of Delhi.,,roman,informal,bench_bpcc_daily_0048
Mount Abu is a popular hill station in Rajasthan.,,devanagari,formal,bench_bpcc_daily_0049
Mount Abu is a popular hill station in Rajasthan.,,devanagari,informal,bench_bpcc_daily_0049
Mount Abu is a popular hill station in Rajasthan.,,roman,formal,bench_bpcc_daily_0049
Mount Abu is a popular hill station in Rajasthan.,,roman,informal,bench_bpcc_daily_0049
"Hindi is the official language of the state, while English is the additional official language.",,devanagari,formal,bench_bpcc_daily_0050
"Hindi is the official language of the state, while English is the additional official language.",,devanagari,informal,bench_bpcc_daily_0050
"Hindi is the official language of the state, while English is the additional official language.",,roman,formal,bench_bpcc_daily_0050
"Hindi is the official language of the state, while English is the additional official language.",,roman,informal,bench_bpcc_daily_0050
"The Indian Army has control over a large part of the state, as Sikkim forms part of a sensitive border area with China.",,devanagari,formal,bench_bpcc_daily_0051
"The Indian Army has control over a large part of the state, as Sikkim forms part of a sensitive border area with China.",,devanagari,informal,bench_bpcc_daily_0051
"The Indian Army has control over a large part of the state, as Sikkim forms part of a sensitive border area with China.",,roman,formal,bench_bpcc_daily_0051
"The Indian Army has control over a large part of the state, as Sikkim forms part of a sensitive border area with China.",,roman,informal,bench_bpcc_daily_0051
"The sex ratio is 889 females per 1,000 males, with a total of 321,661 males and 286,027 females recorded in 2011.",,devanagari,formal,bench_bpcc_daily_0052
"The sex ratio is 889 females per 1,000 males, with a total of 321,661 males and 286,027 females recorded in 2011.",,devanagari,informal,bench_bpcc_daily_0052
"The sex ratio is 889 females per 1,000 males, with a total of 321,661 males and 286,027 females recorded in 2011.",,roman,formal,bench_bpcc_daily_0052
"The sex ratio is 889 females per 1,000 males, with a total of 321,661 males and 286,027 females recorded in 2011.",,roman,informal,bench_bpcc_daily_0052
"Losar, Saga Dawa, Lhabab Duechen, Drupka Teshi, and Bhumchu are among the Buddhist festivals celebrated in Sikkim.",,devanagari,formal,bench_bpcc_daily_0053
"Losar, Saga Dawa, Lhabab Duechen, Drupka Teshi, and Bhumchu are among the Buddhist festivals celebrated in Sikkim.",,devanagari,informal,bench_bpcc_daily_0053
"Losar, Saga Dawa, Lhabab Duechen, Drupka Teshi, and Bhumchu are among the Buddhist festivals celebrated in Sikkim.",,roman,formal,bench_bpcc_daily_0053
"Losar, Saga Dawa, Lhabab Duechen, Drupka Teshi, and Bhumchu are among the Buddhist festivals celebrated in Sikkim.",,roman,informal,bench_bpcc_daily_0053
Christmas has been promoted in Gangtok to attract tourists during the off-season.,,devanagari,formal,bench_bpcc_daily_0054
Christmas has been promoted in Gangtok to attract tourists during the off-season.,,devanagari,informal,bench_bpcc_daily_0054
Christmas has been promoted in Gangtok to attract tourists during the off-season.,,roman,formal,bench_bpcc_daily_0054
Christmas has been promoted in Gangtok to attract tourists during the off-season.,,roman,informal,bench_bpcc_daily_0054
"The oldest Sangam work we have knowledge of is the Tolkappiyam, a book of Tamil grammar.",,devanagari,formal,bench_bpcc_daily_0055
"The oldest Sangam work we have knowledge of is the Tolkappiyam, a book of Tamil grammar.",,devanagari,informal,bench_bpcc_daily_0055
"The oldest Sangam work we have knowledge of is the Tolkappiyam, a book of Tamil grammar.",,roman,formal,bench_bpcc_daily_0055
"The oldest Sangam work we have knowledge of is the Tolkappiyam, a book of Tamil grammar.",,roman,informal,bench_bpcc_daily_0055
"According to Upinder Singh, Bindusara died around 273 BCE.",,devanagari,formal,bench_bpcc_daily_0056
"According to Upinder Singh, Bindusara died around 273 BCE.",,devanagari,informal,bench_bpcc_daily_0056
"According to Upinder Singh, Bindusara died around 273 BCE.",,roman,formal,bench_bpcc_daily_0056
"According to Upinder Singh, Bindusara died around 273 BCE.",,roman,informal,bench_bpcc_daily_0056
"Shore Temple built by the Pallavas at Mamallapuram during the 8th century, is now a UNESCO World Heritage Site",,devanagari,formal,bench_bpcc_daily_0057
"Shore Temple built by the Pallavas at Mamallapuram during the 8th century, is now a UNESCO World Heritage Site",,devanagari,informal,bench_bpcc_daily_0057
"Shore Temple built by the Pallavas at Mamallapuram during the 8th century, is now a UNESCO World Heritage Site",,roman,formal,bench_bpcc_daily_0057
"Shore Temple built by the Pallavas at Mamallapuram during the 8th century, is now a UNESCO World Heritage Site",,roman,informal,bench_bpcc_daily_0057
The Islamic historians Sirhindi and Bihamadkhani provide a detailed account of this period.,,devanagari,formal,bench_bpcc_daily_0058
The Islamic historians Sirhindi and Bihamadkhani provide a detailed account of this period.,,devanagari,informal,bench_bpcc_daily_0058
The Islamic historians Sirhindi and Bihamadkhani provide a detailed account of this period.,,roman,formal,bench_bpcc_daily_0058
The Islamic historians Sirhindi and Bihamadkhani provide a detailed account of this period.,,roman,informal,bench_bpcc_daily_0058
"In 2008, Tamil Nadu was India's fifth biggest producer of rice.",,devanagari,formal,bench_bpcc_daily_0059
"In 2008, Tamil Nadu was India's fifth biggest producer of rice.",,devanagari,informal,bench_bpcc_daily_0059
"In 2008, Tamil Nadu was India's fifth biggest producer of rice.",,roman,formal,bench_bpcc_daily_0059
"In 2008, Tamil Nadu was India's fifth biggest producer of rice.",,roman,informal,bench_bpcc_daily_0059
"The state has 17,000 hectares of land under oil palm cultivation, the second highest in India.",,devanagari,formal,bench_bpcc_daily_0060
"The state has 17,000 hectares of land under oil palm cultivation, the second highest in India.",,devanagari,informal,bench_bpcc_daily_0060
"The state has 17,000 hectares of land under oil palm cultivation, the second highest in India.",,roman,formal,bench_bpcc_daily_0060
"The state has 17,000 hectares of land under oil palm cultivation, the second highest in India.",,roman,informal,bench_bpcc_daily_0060
Tamil Nadu has a well-developed rail network as part of Southern Railway.,,devanagari,formal,bench_bpcc_daily_0061
Tamil Nadu has a well-developed rail network as part of Southern Railway.,,devanagari,informal,bench_bpcc_daily_0061
Tamil Nadu has a well-developed rail network as part of Southern Railway.,,roman,formal,bench_bpcc_daily_0061
Tamil Nadu has a well-developed rail network as part of Southern Railway.,,roman,informal,bench_bpcc_daily_0061
The government of Tamil Nadu created a Special Purpose Vehicle for implementing the Chennai Metro Rail Project.,,devanagari,formal,bench_bpcc_daily_0062
The government of Tamil Nadu created a Special Purpose Vehicle for implementing the Chennai Metro Rail Project.,,devanagari,informal,bench_bpcc_daily_0062
The government of Tamil Nadu created a Special Purpose Vehicle for implementing the Chennai Metro Rail Project.,,roman,formal,bench_bpcc_daily_0062
The government of Tamil Nadu created a Special Purpose Vehicle for implementing the Chennai Metro Rail Project.,,roman,informal,bench_bpcc_daily_0062
"This SPV named ""Chennai Metro Rail Limited"" was incorporated on 3 December 2007 under the Companies Act.",,devanagari,formal,bench_bpcc_daily_0063
"This SPV named ""Chennai Metro Rail Limited"" was incorporated on 3 December 2007 under the Companies Act.",,devanagari,informal,bench_bpcc_daily_0063
"This SPV named ""Chennai Metro Rail Limited"" was incorporated on 3 December 2007 under the Companies Act.",,roman,formal,bench_bpcc_daily_0063
"This SPV named ""Chennai Metro Rail Limited"" was incorporated on 3 December 2007 under the Companies Act.",,roman,informal,bench_bpcc_daily_0063
It is one of the oldest Indian literature amongst all others.,,devanagari,formal,bench_bpcc_daily_0064
It is one of the oldest Indian literature amongst all others.,,devanagari,informal,bench_bpcc_daily_0064
It is one of the oldest Indian literature amongst all others.,,roman,formal,bench_bpcc_daily_0064
It is one of the oldest Indian literature amongst all others.,,roman,informal,bench_bpcc_daily_0064
"Of these, the last two are mostly applied in poetry.",,devanagari,formal,bench_bpcc_daily_0065
"Of these, the last two are mostly applied in poetry.",,devanagari,informal,bench_bpcc_daily_0065
"Of these, the last two are mostly applied in poetry.",,roman,formal,bench_bpcc_daily_0065
"Of these, the last two are mostly applied in poetry.",,roman,informal,bench_bpcc_daily_0065
Pongal also called Tamizhar Thirunaal or Makara Sankranti elsewhere in India is a four-day harvest festival and is one of the most widely celebrated festivals throughout Tamil Nadu.,,devanagari,formal,bench_bpcc_daily_0066
Pongal also called Tamizhar Thirunaal or Makara Sankranti elsewhere in India is a four-day harvest festival and is one of the most widely celebrated festivals throughout Tamil Nadu.,,devanagari,informal,bench_bpcc_daily_0066
Pongal also called Tamizhar Thirunaal or Makara Sankranti elsewhere in India is a four-day harvest festival and is one of the most widely celebrated festivals throughout Tamil Nadu.,,roman,formal,bench_bpcc_daily_0066
Pongal also called Tamizhar Thirunaal or Makara Sankranti elsewhere in India is a four-day harvest festival and is one of the most widely celebrated festivals throughout Tamil Nadu.,,roman,informal,bench_bpcc_daily_0066
"Other major Hindu festivals, including Deepavali, Ayudha Poojai, Saraswathi Poojai, Ayya Vaikunda Avataram, Krishna Jayanthi, and Vinayaka Chathurthi, are also celebrated.",,devanagari,formal,bench_bpcc_daily_0067
"Other major Hindu festivals, including Deepavali, Ayudha Poojai, Saraswathi Poojai, Ayya Vaikunda Avataram, Krishna Jayanthi, and Vinayaka Chathurthi, are also celebrated.",,devanagari,informal,bench_bpcc_daily_0067
"Other major Hindu festivals, including Deepavali, Ayudha Poojai, Saraswathi Poojai, Ayya Vaikunda Avataram, Krishna Jayanthi, and Vinayaka Chathurthi, are also celebrated.",,roman,formal,bench_bpcc_daily_0067
"Other major Hindu festivals, including Deepavali, Ayudha Poojai, Saraswathi Poojai, Ayya Vaikunda Avataram, Krishna Jayanthi, and Vinayaka Chathurthi, are also celebrated.",,roman,informal,bench_bpcc_daily_0067
"On the third day, Maattu Pongal is meant to offer thanks to the cattle, as they provide milk and are used to plough the lands.",,devanagari,formal,bench_bpcc_daily_0068
"On the third day, Maattu Pongal is meant to offer thanks to the cattle, as they provide milk and are used to plough the lands.",,devanagari,informal,bench_bpcc_daily_0068
"On the third day, Maattu Pongal is meant to offer thanks to the cattle, as they provide milk and are used to plough the lands.",,roman,formal,bench_bpcc_daily_0068
"On the third day, Maattu Pongal is meant to offer thanks to the cattle, as they provide milk and are used to plough the lands.",,roman,informal,bench_bpcc_daily_0068
People from all the corners of the country come to Kumbakonam for the festival.,,devanagari,formal,bench_bpcc_daily_0069
People from all the corners of the country come to Kumbakonam for the festival.,,devanagari,informal,bench_bpcc_daily_0069
People from all the corners of the country come to Kumbakonam for the festival.,,roman,formal,bench_bpcc_daily_0069
People from all the corners of the country come to Kumbakonam for the festival.,,roman,informal,bench_bpcc_daily_0069
This festival is also called Kumbamela of South.,,devanagari,formal,bench_bpcc_daily_0070
This festival is also called Kumbamela of South.,,devanagari,informal,bench_bpcc_daily_0070
This festival is also called Kumbamela of South.,,roman,formal,bench_bpcc_daily_0070
This festival is also called Kumbamela of South.,,roman,informal,bench_bpcc_daily_0070
"Idlis, dosas, and sambar are quite common throughout the state.",,devanagari,formal,bench_bpcc_daily_0071
"Idlis, dosas, and sambar are quite common throughout the state.",,devanagari,informal,bench_bpcc_daily_0071
"Idlis, dosas, and sambar are quite common throughout the state.",,roman,formal,bench_bpcc_daily_0071
"Idlis, dosas, and sambar are quite common throughout the state.",,roman,informal,bench_bpcc_daily_0071
"Eid ul-Fitr, Bakrid, Milad un Nabi, Muharram are celebrated by Muslims whereas Christmas, Good Friday, Easter are celebrated by Christians in the state.",,devanagari,formal,bench_bpcc_daily_0072
"Eid ul-Fitr, Bakrid, Milad un Nabi, Muharram are celebrated by Muslims whereas Christmas, Good Friday, Easter are celebrated by Christians in the state.",,devanagari,informal,bench_bpcc_daily_0072
"Eid ul-Fitr, Bakrid, Milad un Nabi, Muharram are celebrated by Muslims whereas Christmas, Good Friday, Easter are celebrated by Christians in the state.",,roman,formal,bench_bpcc_daily_0072
"Eid ul-Fitr, Bakrid, Milad un Nabi, Muharram are celebrated by Muslims whereas Christmas, Good Friday, Easter are celebrated by Christians in the state.",,roman,informal,bench_bpcc_daily_0072
Mahamagam a bathing festival at Kumbakonam in Tamil Nadu is celebrated once in 12 years.,,devanagari,formal,bench_bpcc_daily_0073
Mahamagam a bathing festival at Kumbakonam in Tamil Nadu is celebrated once in 12 years.,,devanagari,informal,bench_bpcc_daily_0073
Mahamagam a bathing festival at Kumbakonam in Tamil Nadu is celebrated once in 12 years.,,roman,formal,bench_bpcc_daily_0073
Mahamagam a bathing festival at Kumbakonam in Tamil Nadu is celebrated once in 12 years.,,roman,informal,bench_bpcc_daily_0073
"Aadi Perukku is celebrated on the 18th day of the Tamil month Aadi, which celebrates the rising of the water level in the river Kaveri.",,devanagari,formal,bench_bpcc_daily_0074
"Aadi Perukku is celebrated on the 18th day of the Tamil month Aadi, which celebrates the rising of the water level in the river Kaveri.",,devanagari,informal,bench_bpcc_daily_0074
"Aadi Perukku is celebrated on the 18th day of the Tamil month Aadi, which celebrates the rising of the water level in the river Kaveri.",,roman,formal,bench_bpcc_daily_0074
"Aadi Perukku is celebrated on the 18th day of the Tamil month Aadi, which celebrates the rising of the water level in the river Kaveri.",,roman,informal,bench_bpcc_daily_0074
"Most of these festivals are related to the goddess Maariyamman, the mother goddess of the rain.",,devanagari,formal,bench_bpcc_daily_0075
"Most of these festivals are related to the goddess Maariyamman, the mother goddess of the rain.",,devanagari,informal,bench_bpcc_daily_0075
"Most of these festivals are related to the goddess Maariyamman, the mother goddess of the rain.",,roman,formal,bench_bpcc_daily_0075
"Most of these festivals are related to the goddess Maariyamman, the mother goddess of the rain.",,roman,informal,bench_bpcc_daily_0075
Alanganallur is famous for its Jallikattu contest usually held on the third day of Pongal.,,devanagari,formal,bench_bpcc_daily_0076
Alanganallur is famous for its Jallikattu contest usually held on the third day of Pongal.,,devanagari,informal,bench_bpcc_daily_0076
Alanganallur is famous for its Jallikattu contest usually held on the third day of Pongal.,,roman,formal,bench_bpcc_daily_0076
Alanganallur is famous for its Jallikattu contest usually held on the third day of Pongal.,,roman,informal,bench_bpcc_daily_0076
"During this final day, Kaanum Pongal – the word kaanum, means 'to view' in Tamil.",,devanagari,formal,bench_bpcc_daily_0077
"During this final day, Kaanum Pongal – the word kaanum, means 'to view' in Tamil.",,devanagari,informal,bench_bpcc_daily_0077
"During this final day, Kaanum Pongal – the word kaanum, means 'to view' in Tamil.",,roman,formal,bench_bpcc_daily_0077
"During this final day, Kaanum Pongal – the word kaanum, means 'to view' in Tamil.",,roman,informal,bench_bpcc_daily_0077
The first month in the Tamil calendar is Chittirai and the first day of this month in mid-April is celebrated as Tamil New Year.,,devanagari,formal,bench_bpcc_daily_0078
The first month in the Tamil calendar is Chittirai and the first day of this month in mid-April is celebrated as Tamil New Year.,,devanagari,informal,bench_bpcc_daily_0078
The first month in the Tamil calendar is Chittirai and the first day of this month in mid-April is celebrated as Tamil New Year.,,roman,formal,bench_bpcc_daily_0078
The first month in the Tamil calendar is Chittirai and the first day of this month in mid-April is celebrated as Tamil New Year.,,roman,informal,bench_bpcc_daily_0078
"Jallikattu, a bull-taming contest, marks the main event of this day.",,devanagari,formal,bench_bpcc_daily_0079
"Jallikattu, a bull-taming contest, marks the main event of this day.",,devanagari,informal,bench_bpcc_daily_0079
"Jallikattu, a bull-taming contest, marks the main event of this day.",,roman,formal,bench_bpcc_daily_0079
"Jallikattu, a bull-taming contest, marks the main event of this day.",,roman,informal,bench_bpcc_daily_0079
"Single screen theatres may charge a maximum of ₹50, while theatres with more than three screens may charge a maximum of ₹120 per ticket.",,devanagari,formal,bench_bpcc_daily_0080
"Single screen theatres may charge a maximum of ₹50, while theatres with more than three screens may charge a maximum of ₹120 per ticket.",,devanagari,informal,bench_bpcc_daily_0080
"Single screen theatres may charge a maximum of ₹50, while theatres with more than three screens may charge a maximum of ₹120 per ticket.",,roman,formal,bench_bpcc_daily_0080
"Single screen theatres may charge a maximum of ₹50, while theatres with more than three screens may charge a maximum of ₹120 per ticket.",,roman,informal,bench_bpcc_daily_0080
