input,output,direction,register,surface,meaning_id,provenance,source_file
tapai kahabata aaunubhaeko ho?,Where are you from?,ne-en,roman_formal,questions_requests,questions_requests_00007,assistant_curated,training/data/train_clean_ne-en.jsonl
tapai kahabata aaunubhaeko ho?,Where are you from?,ne-en,roman_formal,questions_requests,questions_requests_00007,assistant_curated,training/data/train_clean_ne-en.jsonl
tapai kahabata aaunubhaeko ho?,Where are you from?,ne-en,roman_formal,questions_requests,questions_requests_00007,assistant_curated,training/data/train_clean_ne-en.jsonl
tapai kahabata aaunubhaeko ho?,Where are you from?,ne-en,roman_formal,questions_requests,questions_requests_00007,assistant_curated,training/data/train_clean_ne-en.jsonl
tapai kahabata aaunubhaeko ho?,Where are you from?,ne-en,roman_formal,questions_requests,questions_requests_00007,assistant_curated,training/data/train_clean_ne-en.jsonl
tapai kahabata aaunubhaeko ho?,Where are you from?,ne-en,roman_formal,questions_requests,questions_requests_00007,assistant_curated,training/data/train_clean_ne-en.jsonl
tapai kahabata aaunubhaeko ho?,Where are you from?,ne-en,roman_formal,questions_requests,questions_requests_00007,assistant_curated,training/data/train_clean_ne-en.jsonl
tapai kahabata aaunubhaeko ho?,Where are you from?,ne-en,roman_formal,questions_requests,questions_requests_00007,assistant_curated,training/data/train_clean_ne-en.jsonl
तपाईंकी आमालाई कस्तो छ?,How is your mother?,ne-en,formal,family,family_00002,hand_priority_seed,training/data/train_clean_ne-en.jsonl
तपाईंकी आमालाई कस्तो छ?,How is your mother?,ne-en,formal,family,family_00002,hand_priority_seed,training/data/train_clean_ne-en.jsonl
तपाईंकी आमालाई कस्तो छ?,How is your mother?,ne-en,formal,family,family_00002,hand_priority_seed,training/data/train_clean_ne-en.jsonl
तपाईंकी आमालाई कस्तो छ?,How is your mother?,ne-en,formal,family,family_00002,hand_priority_seed,training/data/train_clean_ne-en.jsonl
के यो ठमेल जाने बाटो हो?,Is this the way to Thamel?,ne-en,formal,travel,travel_00003,hand_priority_seed,training/data/train_clean_ne-en.jsonl
के यो ठमेल जाने बाटो हो?,Is this the way to Thamel?,ne-en,formal,travel,travel_00003,hand_priority_seed,training/data/train_clean_ne-en.jsonl
के यो ठमेल जाने बाटो हो?,Is this the way to Thamel?,ne-en,formal,travel,travel_00003,hand_priority_seed,training/data/train_clean_ne-en.jsonl
के यो ठमेल जाने बाटो हो?,Is this the way to Thamel?,ne-en,formal,travel,travel_00003,hand_priority_seed,training/data/train_clean_ne-en.jsonl
के यो ठमेल जाने बाटो हो?,Is this the way to Thamel?,ne-en,formal,travel,travel_00003,hand_priority_seed,training/data/train_clean_ne-en.jsonl
के यो ठमेल जाने बाटो हो?,Is this the way to Thamel?,ne-en,formal,travel,travel_00003,hand_priority_seed,training/data/train_clean_ne-en.jsonl
के यो ठमेल जाने बाटो हो?,Is this the way to Thamel?,ne-en,formal,travel,travel_00003,hand_priority_seed,training/data/train_clean_ne-en.jsonl
के यो ठमेल जाने बाटो हो?,Is this the way to Thamel?,ne-en,formal,travel,travel_00003,hand_priority_seed,training/data/train_clean_ne-en.jsonl
कृपया मलाई बस स्टेशन लैजानुहोस्।,Please take me to the bus station.,ne-en,formal,travel,travel_00002,hand_priority_seed,training/data/train_clean_ne-en.jsonl
कृपया मलाई बस स्टेशन लैजानुहोस्।,Please take me to the bus station.,ne-en,formal,travel,travel_00002,hand_priority_seed,training/data/train_clean_ne-en.jsonl
कृपया मलाई बस स्टेशन लैजानुहोस्।,Please take me to the bus station.,ne-en,formal,travel,travel_00002,hand_priority_seed,training/data/train_clean_ne-en.jsonl
कृपया मलाई बस स्टेशन लैजानुहोस्।,Please take me to the bus station.,ne-en,formal,travel,travel_00002,hand_priority_seed,training/data/train_clean_ne-en.jsonl
कृपया मलाई बस स्टेशन लैजानुहोस्।,Please take me to the bus station.,ne-en,formal,travel,travel_00002,hand_priority_seed,training/data/train_clean_ne-en.jsonl
कृपया मलाई बस स्टेशन लैजानुहोस्।,Please take me to the bus station.,ne-en,formal,travel,travel_00002,hand_priority_seed,training/data/train_clean_ne-en.jsonl
कृपया मलाई बस स्टेशन लैजानुहोस्।,Please take me to the bus station.,ne-en,formal,travel,travel_00002,hand_priority_seed,training/data/train_clean_ne-en.jsonl
कृपया मलाई बस स्टेशन लैजानुहोस्।,Please take me to the bus station.,ne-en,formal,travel,travel_00002,hand_priority_seed,training/data/train_clean_ne-en.jsonl
के तिमी बुझ्छौ?,Do you understand?,ne-en,informal,questions_requests,questions_requests_00002,hand_priority_seed,training/data/train_clean_ne-en.jsonl
के तिमी बुझ्छौ?,Do you understand?,ne-en,informal,questions_requests,questions_requests_00002,hand_priority_seed,training/data/train_clean_ne-en.jsonl
के तिमी बुझ्छौ?,Do you understand?,ne-en,informal,questions_requests,questions_requests_00002,hand_priority_seed,training/data/train_clean_ne-en.jsonl
के तिमी बुझ्छौ?,Do you understand?,ne-en,informal,questions_requests,questions_requests_00002,hand_priority_seed,training/data/train_clean_ne-en.jsonl
के तिमी बुझ्छौ?,Do you understand?,ne-en,informal,questions_requests,questions_requests_00002,hand_priority_seed,training/data/train_clean_ne-en.jsonl
के तिमी बुझ्छौ?,Do you understand?,ne-en,informal,questions_requests,questions_requests_00002,hand_priority_seed,training/data/train_clean_ne-en.jsonl
के तिमी बुझ्छौ?,Do you understand?,ne-en,informal,questions_requests,questions_requests_00002,hand_priority_seed,training/data/train_clean_ne-en.jsonl
के तिमी बुझ्छौ?,Do you understand?,ne-en,informal,questions_requests,questions_requests_00002,hand_priority_seed,training/data/train_clean_ne-en.jsonl
मसँग आऊ न।,Please come with me.,ne-en,formal,questions_requests,questions_requests_00017,assistant_curated,training/data/train_clean_ne-en.jsonl
मसँग आऊ न।,Please come with me.,ne-en,formal,questions_requests,questions_requests_00017,assistant_curated,training/data/train_clean_ne-en.jsonl
मसँग आऊ न।,Please come with me.,ne-en,formal,questions_requests,questions_requests_00017,assistant_curated,training/data/train_clean_ne-en.jsonl
मसँग आऊ न।,Please come with me.,ne-en,formal,questions_requests,questions_requests_00017,assistant_curated,training/data/train_clean_ne-en.jsonl
मसँग आऊ न।,Please come with me.,ne-en,formal,questions_requests,questions_requests_00017,assistant_curated,training/data/train_clean_ne-en.jsonl
मसँग आऊ न।,Please come with me.,ne-en,formal,questions_requests,questions_requests_00017,assistant_curated,training/data/train_clean_ne-en.jsonl
मसँग आऊ न।,Please come with me.,ne-en,formal,questions_requests,questions_requests_00017,assistant_curated,training/data/train_clean_ne-en.jsonl
मसँग आऊ न।,Please come with me.,ne-en,formal,questions_requests,questions_requests_00017,assistant_curated,training/data/train_clean_ne-en.jsonl
"श्री ५ को सरकारले मिति २०४७।१२।१८ को निर्णयानुसार नेपाल कानून सुधार आयोगलाई पुनर्गठन गरी कार्यविधि समेत तोकेको थियो। यो आयोगले २०४८ सालमा एक कार्यदलको गठन गरी नेपाल अधिराज्यको संविधान, २०४७ बमोजिम तर्जुमा गर्नुपर्ने ऐनहरुको मस्यौदा तयार गर्यो।","2 Formation of Working Team: The Commission decides annual program on the basis of the priority and forms working team (WT) involving experts to work on approved area by providing clear mandate and time frame. Generally, one member of the Commission heads the WT or it is headed by any reputed personality in the relevant field.",ne-en,formal,government,government_00062,law_gov,training/data/train_clean_ne-en.jsonl
"श्री ५ को सरकारले मिति २०४७।१२।१८ को निर्णयानुसार नेपाल कानून सुधार आयोगलाई पुनर्गठन गरी कार्यविधि समेत तोकेको थियो। यो आयोगले २०४८ सालमा एक कार्यदलको गठन गरी नेपाल अधिराज्यको संविधान, २०४७ बमोजिम तर्जुमा गर्नुपर्ने ऐनहरुको मस्यौदा तयार गर्यो।","2 Formation of Working Team: The Commission decides annual program on the basis of the priority and forms working team (WT) involving experts to work on approved area by providing clear mandate and time frame. Generally, one member of the Commission heads the WT or it is headed by any reputed personality in the relevant field.",ne-en,formal,government,government_00062,law_gov,training/data/train_clean_ne-en.jsonl
"श्री ५ को सरकारले मिति २०४७।१२।१८ को निर्णयानुसार नेपाल कानून सुधार आयोगलाई पुनर्गठन गरी कार्यविधि समेत तोकेको थियो। यो आयोगले २०४८ सालमा एक कार्यदलको गठन गरी नेपाल अधिराज्यको संविधान, २०४७ बमोजिम तर्जुमा गर्नुपर्ने ऐनहरुको मस्यौदा तयार गर्यो।","2 Formation of Working Team: The Commission decides annual program on the basis of the priority and forms working team (WT) involving experts to work on approved area by providing clear mandate and time frame. Generally, one member of the Commission heads the WT or it is headed by any reputed personality in the relevant field.",ne-en,formal,government,government_00062,law_gov,training/data/train_clean_ne-en.jsonl
"श्री ५ को सरकारले मिति २०४७।१२।१८ को निर्णयानुसार नेपाल कानून सुधार आयोगलाई पुनर्गठन गरी कार्यविधि समेत तोकेको थियो। यो आयोगले २०४८ सालमा एक कार्यदलको गठन गरी नेपाल अधिराज्यको संविधान, २०४७ बमोजिम तर्जुमा गर्नुपर्ने ऐनहरुको मस्यौदा तयार गर्यो।","2 Formation of Working Team: The Commission decides annual program on the basis of the priority and forms working team (WT) involving experts to work on approved area by providing clear mandate and time frame. Generally, one member of the Commission heads the WT or it is headed by any reputed personality in the relevant field.",ne-en,formal,government,government_00062,law_gov,training/data/train_clean_ne-en.jsonl
दायाँ मोड्नुहोस्।,Turn right.,ne-en,formal,core_grammar,core_grammar_00011,assistant_curated,training/data/train_clean_ne-en.jsonl
दायाँ मोड्नुहोस्।,Turn right.,ne-en,formal,core_grammar,core_grammar_00011,assistant_curated,training/data/train_clean_ne-en.jsonl
दायाँ मोड्नुहोस्।,Turn right.,ne-en,formal,core_grammar,core_grammar_00011,assistant_curated,training/data/train_clean_ne-en.jsonl
दायाँ मोड्नुहोस्।,Turn right.,ne-en,formal,core_grammar,core_grammar_00011,assistant_curated,training/data/train_clean_ne-en.jsonl
खोज तथा अध्ययन,Research and Study,ne-en,formal,government,government_00011,recovered_site_labels_and_manual_normalization,training/data/train_clean_ne-en.jsonl
खोज तथा अध्ययन,Research and Study,ne-en,formal,government,government_00011,recovered_site_labels_and_manual_normalization,training/data/train_clean_ne-en.jsonl
खोज तथा अध्ययन,Research and Study,ne-en,formal,government,government_00011,recovered_site_labels_and_manual_normalization,training/data/train_clean_ne-en.jsonl
खोज तथा अध्ययन,Research and Study,ne-en,formal,government,government_00011,recovered_site_labels_and_manual_normalization,training/data/train_clean_ne-en.jsonl
यो राम्रो छ।,This is good.,ne-en,formal,core_grammar,core_grammar_00001,hand_priority_seed,training/data/train_clean_ne-en.jsonl
यो राम्रो छ।,This is good.,ne-en,formal,core_grammar,core_grammar_00001,hand_priority_seed,training/data/train_clean_ne-en.jsonl
यो राम्रो छ।,This is good.,ne-en,formal,core_grammar,core_grammar_00001,hand_priority_seed,training/data/train_clean_ne-en.jsonl
यो राम्रो छ।,This is good.,ne-en,formal,core_grammar,core_grammar_00001,hand_priority_seed,training/data/train_clean_ne-en.jsonl
होइन।,No.,ne-en,formal,core_grammar,core_grammar_00007,assistant_curated,training/data/train_clean_ne-en.jsonl
होइन।,No.,ne-en,formal,core_grammar,core_grammar_00007,assistant_curated,training/data/train_clean_ne-en.jsonl
होइन।,No.,ne-en,formal,core_grammar,core_grammar_00007,assistant_curated,training/data/train_clean_ne-en.jsonl
होइन।,No.,ne-en,formal,core_grammar,core_grammar_00007,assistant_curated,training/data/train_clean_ne-en.jsonl
म क्षमा चाहन्छु।,I am sorry.,ne-en,formal,core_grammar,core_grammar_00005,assistant_curated,training/data/train_clean_ne-en.jsonl
म क्षमा चाहन्छु।,I am sorry.,ne-en,formal,core_grammar,core_grammar_00005,assistant_curated,training/data/train_clean_ne-en.jsonl
म क्षमा चाहन्छु।,I am sorry.,ne-en,formal,core_grammar,core_grammar_00005,assistant_curated,training/data/train_clean_ne-en.jsonl
म क्षमा चाहन्छु।,I am sorry.,ne-en,formal,core_grammar,core_grammar_00005,assistant_curated,training/data/train_clean_ne-en.jsonl
"नयाँ बानेश्वर, काठमाडौं","New Baneshwor, Kathmandu",ne-en,formal,government,government_00037,recovered_site_labels_and_manual_normalization,training/data/train_clean_ne-en.jsonl
"नयाँ बानेश्वर, काठमाडौं","New Baneshwor, Kathmandu",ne-en,formal,government,government_00037,recovered_site_labels_and_manual_normalization,training/data/train_clean_ne-en.jsonl
"नयाँ बानेश्वर, काठमाडौं","New Baneshwor, Kathmandu",ne-en,formal,government,government_00037,recovered_site_labels_and_manual_normalization,training/data/train_clean_ne-en.jsonl
"नयाँ बानेश्वर, काठमाडौं","New Baneshwor, Kathmandu",ne-en,formal,government,government_00037,recovered_site_labels_and_manual_normalization,training/data/train_clean_ne-en.jsonl
तिम्री आमालाई कस्तो छ?,How is your mother?,ne-en,informal,family,family_00002,hand_priority_seed,training/data/train_clean_ne-en.jsonl
तिम्री आमालाई कस्तो छ?,How is your mother?,ne-en,informal,family,family_00002,hand_priority_seed,training/data/train_clean_ne-en.jsonl
तिम्री आमालाई कस्तो छ?,How is your mother?,ne-en,informal,family,family_00002,hand_priority_seed,training/data/train_clean_ne-en.jsonl
तिम्री आमालाई कस्तो छ?,How is your mother?,ne-en,informal,family,family_00002,hand_priority_seed,training/data/train_clean_ne-en.jsonl
मिति २०१८।७।१४ मा प्रकाशित सूचना अनुसार सर्वोच्च अदालतको न्यायाधीशलाई झिकी एटर्नी जनरललाई अध्यक्ष बनाइएको थियो। उक्त सूचना अनुसूची ३ मा राखिएको छ। कमिशनको बैठक कम्तिमा महिनाको ४ पटक वस्नुपर्ने र ४ जना सदस्यहरु उपस्थित हुनुपर्ने गरी गणपूरक संख्या तोकिएकोमा मिति २०१८।७।१४ को राजपत्रमा प्रकाशित सूचना अनुसार गणपूरक संख्या ३ बनाइएको थियो। कमिशनले आफ्नो कार्यविधि व्यवस्थित गर्न नियम बनाउन सक्ने तथा सो नियम कानून मन्त्रालयबाट स्वीकृत हुनुपर्ने व्यवस्था थियो। कानून मन्त्रालयको उप—सचिवलाई सेक्रेटरी तोकिएको उक्त कमिशनले २ वर्ष भित्रमा काम सम्पन्न गरी रिपोर्ट श्री ५ को सरकार समक्ष पेश गर्नुपर्ने थियो। २०२० सालको मुलुकी ऐन यस आयोगको सक्रियतामा बनेको हो।,The Chairperson and the Vice-chairperson are appointed by the Government of Nepal for five years. Other three members consisting of at least one woman are nominated by the same for two years. Retired judge of the Supreme Court or one who is qualified for the same is eligible to be appointed as the Chairperson. Person retired from the post of special class of Nepal Judicial Service or a person having fifteen years of experience as a law practitioner or law teacher or working in the field of law and justice including legal drafting may be eligible for the post of Vice-chairperson or member of the commission.,ne-en,formal,government,government_00057,law_gov,training/data/train_clean_ne-en.jsonl
मिति २०१८।७।१४ मा प्रकाशित सूचना अनुसार सर्वोच्च अदालतको न्यायाधीशलाई झिकी एटर्नी जनरललाई अध्यक्ष बनाइएको थियो। उक्त सूचना अनुसूची ३ मा राखिएको छ। कमिशनको बैठक कम्तिमा महिनाको ४ पटक वस्नुपर्ने र ४ जना सदस्यहरु उपस्थित हुनुपर्ने गरी गणपूरक संख्या तोकिएकोमा मिति २०१८।७।१४ को राजपत्रमा प्रकाशित सूचना अनुसार गणपूरक संख्या ३ बनाइएको थियो। कमिशनले आफ्नो कार्यविधि व्यवस्थित गर्न नियम बनाउन सक्ने तथा सो नियम कानून मन्त्रालयबाट स्वीकृत हुनुपर्ने व्यवस्था थियो। कानून मन्त्रालयको उप—सचिवलाई सेक्रेटरी तोकिएको उक्त कमिशनले २ वर्ष भित्रमा काम सम्पन्न गरी रिपोर्ट श्री ५ को सरकार समक्ष पेश गर्नुपर्ने थियो। २०२० सालको मुलुकी ऐन यस आयोगको सक्रियतामा बनेको हो।,The Chairperson and the Vice-chairperson are appointed by the Government of Nepal for five years. Other three members consisting of at least one woman are nominated by the same for two years. Retired judge of the Supreme Court or one who is qualified for the same is eligible to be appointed as the Chairperson. Person retired from the post of special class of Nepal Judicial Service or a person having fifteen years of experience as a law practitioner or law teacher or working in the field of law and justice including legal drafting may be eligible for the post of Vice-chairperson or member of the commission.,ne-en,formal,government,government_00057,law_gov,training/data/train_clean_ne-en.jsonl
मिति २०१८।७।१४ मा प्रकाशित सूचना अनुसार सर्वोच्च अदालतको न्यायाधीशलाई झिकी एटर्नी जनरललाई अध्यक्ष बनाइएको थियो। उक्त सूचना अनुसूची ३ मा राखिएको छ। कमिशनको बैठक कम्तिमा महिनाको ४ पटक वस्नुपर्ने र ४ जना सदस्यहरु उपस्थित हुनुपर्ने गरी गणपूरक संख्या तोकिएकोमा मिति २०१८।७।१४ को राजपत्रमा प्रकाशित सूचना अनुसार गणपूरक संख्या ३ बनाइएको थियो। कमिशनले आफ्नो कार्यविधि व्यवस्थित गर्न नियम बनाउन सक्ने तथा सो नियम कानून मन्त्रालयबाट स्वीकृत हुनुपर्ने व्यवस्था थियो। कानून मन्त्रालयको उप—सचिवलाई सेक्रेटरी तोकिएको उक्त कमिशनले २ वर्ष भित्रमा काम सम्पन्न गरी रिपोर्ट श्री ५ को सरकार समक्ष पेश गर्नुपर्ने थियो। २०२० सालको मुलुकी ऐन यस आयोगको सक्रियतामा बनेको हो।,The Chairperson and the Vice-chairperson are appointed by the Government of Nepal for five years. Other three members consisting of at least one woman are nominated by the same for two years. Retired judge of the Supreme Court or one who is qualified for the same is eligible to be appointed as the Chairperson. Person retired from the post of special class of Nepal Judicial Service or a person having fifteen years of experience as a law practitioner or law teacher or working in the field of law and justice including legal drafting may be eligible for the post of Vice-chairperson or member of the commission.,ne-en,formal,government,government_00057,law_gov,training/data/train_clean_ne-en.jsonl
मिति २०१८।७।१४ मा प्रकाशित सूचना अनुसार सर्वोच्च अदालतको न्यायाधीशलाई झिकी एटर्नी जनरललाई अध्यक्ष बनाइएको थियो। उक्त सूचना अनुसूची ३ मा राखिएको छ। कमिशनको बैठक कम्तिमा महिनाको ४ पटक वस्नुपर्ने र ४ जना सदस्यहरु उपस्थित हुनुपर्ने गरी गणपूरक संख्या तोकिएकोमा मिति २०१८।७।१४ को राजपत्रमा प्रकाशित सूचना अनुसार गणपूरक संख्या ३ बनाइएको थियो। कमिशनले आफ्नो कार्यविधि व्यवस्थित गर्न नियम बनाउन सक्ने तथा सो नियम कानून मन्त्रालयबाट स्वीकृत हुनुपर्ने व्यवस्था थियो। कानून मन्त्रालयको उप—सचिवलाई सेक्रेटरी तोकिएको उक्त कमिशनले २ वर्ष भित्रमा काम सम्पन्न गरी रिपोर्ट श्री ५ को सरकार समक्ष पेश गर्नुपर्ने थियो। २०२० सालको मुलुकी ऐन यस आयोगको सक्रियतामा बनेको हो।,The Chairperson and the Vice-chairperson are appointed by the Government of Nepal for five years. Other three members consisting of at least one woman are nominated by the same for two years. Retired judge of the Supreme Court or one who is qualified for the same is eligible to be appointed as the Chairperson. Person retired from the post of special class of Nepal Judicial Service or a person having fifteen years of experience as a law practitioner or law teacher or working in the field of law and justice including legal drafting may be eligible for the post of Vice-chairperson or member of the commission.,ne-en,formal,government,government_00057,law_gov,training/data/train_clean_ne-en.jsonl
pheri prayasa gara.,Please try again.,ne-en,roman_formal,questions_requests,questions_requests_00027,assistant_curated,training/data/train_clean_ne-en.jsonl
pheri prayasa gara.,Please try again.,ne-en,roman_formal,questions_requests,questions_requests_00027,assistant_curated,training/data/train_clean_ne-en.jsonl
pheri prayasa gara.,Please try again.,ne-en,roman_formal,questions_requests,questions_requests_00027,assistant_curated,training/data/train_clean_ne-en.jsonl
pheri prayasa gara.,Please try again.,ne-en,roman_formal,questions_requests,questions_requests_00027,assistant_curated,training/data/train_clean_ne-en.jsonl
pheri prayasa gara.,Please try again.,ne-en,roman_formal,questions_requests,questions_requests_00027,assistant_curated,training/data/train_clean_ne-en.jsonl
pheri prayasa gara.,Please try again.,ne-en,roman_formal,questions_requests,questions_requests_00027,assistant_curated,training/data/train_clean_ne-en.jsonl
pheri prayasa gara.,Please try again.,ne-en,roman_formal,questions_requests,questions_requests_00027,assistant_curated,training/data/train_clean_ne-en.jsonl
pheri prayasa gara.,Please try again.,ne-en,roman_formal,questions_requests,questions_requests_00027,assistant_curated,training/data/train_clean_ne-en.jsonl
पेश गर्नुहोस्,Submit,ne-en,formal,government,government_00047,recovered_site_labels_and_manual_normalization,training/data/train_clean_ne-en.jsonl
पेश गर्नुहोस्,Submit,ne-en,formal,government,government_00047,recovered_site_labels_and_manual_normalization,training/data/train_clean_ne-en.jsonl
पेश गर्नुहोस्,Submit,ne-en,formal,government,government_00047,recovered_site_labels_and_manual_normalization,training/data/train_clean_ne-en.jsonl
पेश गर्नुहोस्,Submit,ne-en,formal,government,government_00047,recovered_site_labels_and_manual_normalization,training/data/train_clean_ne-en.jsonl
मलाई मद्दत गर।,Please help me.,ne-en,informal,asr_noise,asr_noise_00001,hand_priority_seed,training/data/train_clean_ne-en.jsonl
मलाई मद्दत गर।,Please help me.,ne-en,informal,asr_noise,asr_noise_00001,hand_priority_seed,training/data/train_clean_ne-en.jsonl
मलाई मद्दत गर।,Please help me.,ne-en,informal,asr_noise,asr_noise_00001,hand_priority_seed,training/data/train_clean_ne-en.jsonl
मलाई मद्दत गर।,Please help me.,ne-en,informal,asr_noise,asr_noise_00001,hand_priority_seed,training/data/train_clean_ne-en.jsonl
सिधा जाऊ।,Go straight.,ne-en,formal,core_grammar,core_grammar_00014,assistant_curated,training/data/train_clean_ne-en.jsonl
सिधा जाऊ।,Go straight.,ne-en,formal,core_grammar,core_grammar_00014,assistant_curated,training/data/train_clean_ne-en.jsonl
सिधा जाऊ।,Go straight.,ne-en,formal,core_grammar,core_grammar_00014,assistant_curated,training/data/train_clean_ne-en.jsonl
सिधा जाऊ।,Go straight.,ne-en,formal,core_grammar,core_grammar_00014,assistant_curated,training/data/train_clean_ne-en.jsonl
कृपया मसँग आउनुहोस्।,Please come with me.,ne-en,formal,questions_requests,questions_requests_00016,assistant_curated,training/data/train_clean_ne-en.jsonl
कृपया मसँग आउनुहोस्।,Please come with me.,ne-en,formal,questions_requests,questions_requests_00016,assistant_curated,training/data/train_clean_ne-en.jsonl
कृपया मसँग आउनुहोस्।,Please come with me.,ne-en,formal,questions_requests,questions_requests_00016,assistant_curated,training/data/train_clean_ne-en.jsonl
कृपया मसँग आउनुहोस्।,Please come with me.,ne-en,formal,questions_requests,questions_requests_00016,assistant_curated,training/data/train_clean_ne-en.jsonl
कृपया मसँग आउनुहोस्।,Please come with me.,ne-en,formal,questions_requests,questions_requests_00016,assistant_curated,training/data/train_clean_ne-en.jsonl
कृपया मसँग आउनुहोस्।,Please come with me.,ne-en,formal,questions_requests,questions_requests_00016,assistant_curated,training/data/train_clean_ne-en.jsonl
कृपया मसँग आउनुहोस्।,Please come with me.,ne-en,formal,questions_requests,questions_requests_00016,assistant_curated,training/data/train_clean_ne-en.jsonl
कृपया मसँग आउनुहोस्।,Please come with me.,ne-en,formal,questions_requests,questions_requests_00016,assistant_curated,training/data/train_clean_ne-en.jsonl
तिमी कहाँबाट आएको?,Where are you from?,ne-en,informal,questions_requests,questions_requests_00008,assistant_curated,training/data/train_clean_ne-en.jsonl
तिमी कहाँबाट आएको?,Where are you from?,ne-en,informal,questions_requests,questions_requests_00008,assistant_curated,training/data/train_clean_ne-en.jsonl
तिमी कहाँबाट आएको?,Where are you from?,ne-en,informal,questions_requests,questions_requests_00008,assistant_curated,training/data/train_clean_ne-en.jsonl
तिमी कहाँबाट आएको?,Where are you from?,ne-en,informal,questions_requests,questions_requests_00008,assistant_curated,training/data/train_clean_ne-en.jsonl
तिमी कहाँबाट आएको?,Where are you from?,ne-en,informal,questions_requests,questions_requests_00008,assistant_curated,training/data/train_clean_ne-en.jsonl
तिमी कहाँबाट आएको?,Where are you from?,ne-en,informal,questions_requests,questions_requests_00008,assistant_curated,training/data/train_clean_ne-en.jsonl
तिमी कहाँबाट आएको?,Where are you from?,ne-en,informal,questions_requests,questions_requests_00008,assistant_curated,training/data/train_clean_ne-en.jsonl
तिमी कहाँबाट आएको?,Where are you from?,ne-en,informal,questions_requests,questions_requests_00008,assistant_curated,training/data/train_clean_ne-en.jsonl
मेरो फोनको ब्याट्री सकियो।,My phone has no battery.,ne-en,formal,core_grammar,core_grammar_00028,assistant_curated,training/data/train_clean_ne-en.jsonl
मेरो फोनको ब्याट्री सकियो।,My phone has no battery.,ne-en,formal,core_grammar,core_grammar_00028,assistant_curated,training/data/train_clean_ne-en.jsonl
मेरो फोनको ब्याट्री सकियो।,My phone has no battery.,ne-en,formal,core_grammar,core_grammar_00028,assistant_curated,training/data/train_clean_ne-en.jsonl
मेरो फोनको ब्याट्री सकियो।,My phone has no battery.,ne-en,formal,core_grammar,core_grammar_00028,assistant_curated,training/data/train_clean_ne-en.jsonl
गुगल म्याप्स खोल।,Open Google Maps.,ne-en,informal,code_switch_names,code_switch_names_00005,hand_priority_seed,training/data/train_clean_ne-en.jsonl
गुगल म्याप्स खोल।,Open Google Maps.,ne-en,informal,code_switch_names,code_switch_names_00005,hand_priority_seed,training/data/train_clean_ne-en.jsonl
गुगल म्याप्स खोल।,Open Google Maps.,ne-en,informal,code_switch_names,code_switch_names_00005,hand_priority_seed,training/data/train_clean_ne-en.jsonl
गुगल म्याप्स खोल।,Open Google Maps.,ne-en,informal,code_switch_names,code_switch_names_00005,hand_priority_seed,training/data/train_clean_ne-en.jsonl
कृपया मलाई सन्देश पठाउनुहोस्।,Send me a message.,ne-en,formal,questions_requests,questions_requests_00023,assistant_curated,training/data/train_clean_ne-en.jsonl
कृपया मलाई सन्देश पठाउनुहोस्।,Send me a message.,ne-en,formal,questions_requests,questions_requests_00023,assistant_curated,training/data/train_clean_ne-en.jsonl
कृपया मलाई सन्देश पठाउनुहोस्।,Send me a message.,ne-en,formal,questions_requests,questions_requests_00023,assistant_curated,training/data/train_clean_ne-en.jsonl
कृपया मलाई सन्देश पठाउनुहोस्।,Send me a message.,ne-en,formal,questions_requests,questions_requests_00023,assistant_curated,training/data/train_clean_ne-en.jsonl
कृपया मलाई सन्देश पठाउनुहोस्।,Send me a message.,ne-en,formal,questions_requests,questions_requests_00023,assistant_curated,training/data/train_clean_ne-en.jsonl
कृपया मलाई सन्देश पठाउनुहोस्।,Send me a message.,ne-en,formal,questions_requests,questions_requests_00023,assistant_curated,training/data/train_clean_ne-en.jsonl
कृपया मलाई सन्देश पठाउनुहोस्।,Send me a message.,ne-en,formal,questions_requests,questions_requests_00023,assistant_curated,training/data/train_clean_ne-en.jsonl
कृपया मलाई सन्देश पठाउनुहोस्।,Send me a message.,ne-en,formal,questions_requests,questions_requests_00023,assistant_curated,training/data/train_clean_ne-en.jsonl
kripya pheri prayasa garnuhos.,Please try again.,ne-en,roman_formal,questions_requests,questions_requests_00026,assistant_curated,training/data/train_clean_ne-en.jsonl
kripya pheri prayasa garnuhos.,Please try again.,ne-en,roman_formal,questions_requests,questions_requests_00026,assistant_curated,training/data/train_clean_ne-en.jsonl
kripya pheri prayasa garnuhos.,Please try again.,ne-en,roman_formal,questions_requests,questions_requests_00026,assistant_curated,training/data/train_clean_ne-en.jsonl
kripya pheri prayasa garnuhos.,Please try again.,ne-en,roman_formal,questions_requests,questions_requests_00026,assistant_curated,training/data/train_clean_ne-en.jsonl
kripya pheri prayasa garnuhos.,Please try again.,ne-en,roman_formal,questions_requests,questions_requests_00026,assistant_curated,training/data/train_clean_ne-en.jsonl
kripya pheri prayasa garnuhos.,Please try again.,ne-en,roman_formal,questions_requests,questions_requests_00026,assistant_curated,training/data/train_clean_ne-en.jsonl
kripya pheri prayasa garnuhos.,Please try again.,ne-en,roman_formal,questions_requests,questions_requests_00026,assistant_curated,training/data/train_clean_ne-en.jsonl
kripya pheri prayasa garnuhos.,Please try again.,ne-en,roman_formal,questions_requests,questions_requests_00026,assistant_curated,training/data/train_clean_ne-en.jsonl
तपाईं कहाँ जाँदै हुनुहुन्छ?,Where are you going?,ne-en,formal,pronouns_honorifics,pronouns_honorifics_00001,hand_priority_seed,training/data/train_clean_ne-en.jsonl
तपाईं कहाँ जाँदै हुनुहुन्छ?,Where are you going?,ne-en,formal,pronouns_honorifics,pronouns_honorifics_00001,hand_priority_seed,training/data/train_clean_ne-en.jsonl
तपाईं कहाँ जाँदै हुनुहुन्छ?,Where are you going?,ne-en,formal,pronouns_honorifics,pronouns_honorifics_00001,hand_priority_seed,training/data/train_clean_ne-en.jsonl
तपाईं कहाँ जाँदै हुनुहुन्छ?,Where are you going?,ne-en,formal,pronouns_honorifics,pronouns_honorifics_00001,hand_priority_seed,training/data/train_clean_ne-en.jsonl
तपाईं कहाँ जाँदै हुनुहुन्छ?,Where are you going?,ne-en,formal,pronouns_honorifics,pronouns_honorifics_00001,hand_priority_seed,training/data/train_clean_ne-en.jsonl
तपाईं कहाँ जाँदै हुनुहुन्छ?,Where are you going?,ne-en,formal,pronouns_honorifics,pronouns_honorifics_00001,hand_priority_seed,training/data/train_clean_ne-en.jsonl
तपाईं कहाँ जाँदै हुनुहुन्छ?,Where are you going?,ne-en,formal,pronouns_honorifics,pronouns_honorifics_00001,hand_priority_seed,training/data/train_clean_ne-en.jsonl
तपाईं कहाँ जाँदै हुनुहुन्छ?,Where are you going?,ne-en,formal,pronouns_honorifics,pronouns_honorifics_00001,hand_priority_seed,training/data/train_clean_ne-en.jsonl
मैले बोलिसकेँ।,I have finished speaking.,ne-en,formal,core_grammar,core_grammar_00029,assistant_curated,training/data/train_clean_ne-en.jsonl
मैले बोलिसकेँ।,I have finished speaking.,ne-en,formal,core_grammar,core_grammar_00029,assistant_curated,training/data/train_clean_ne-en.jsonl
मैले बोलिसकेँ।,I have finished speaking.,ne-en,formal,core_grammar,core_grammar_00029,assistant_curated,training/data/train_clean_ne-en.jsonl
मैले बोलिसकेँ।,I have finished speaking.,ne-en,formal,core_grammar,core_grammar_00029,assistant_curated,training/data/train_clean_ne-en.jsonl
kuna basa patana janchha?,Which bus goes to Patan?,ne-en,roman_formal,travel,travel_00005,hand_priority_seed,training/data/train_clean_ne-en.jsonl
kuna basa patana janchha?,Which bus goes to Patan?,ne-en,roman_formal,travel,travel_00005,hand_priority_seed,training/data/train_clean_ne-en.jsonl
kuna basa patana janchha?,Which bus goes to Patan?,ne-en,roman_formal,travel,travel_00005,hand_priority_seed,training/data/train_clean_ne-en.jsonl
kuna basa patana janchha?,Which bus goes to Patan?,ne-en,roman_formal,travel,travel_00005,hand_priority_seed,training/data/train_clean_ne-en.jsonl
kuna basa patana janchha?,Which bus goes to Patan?,ne-en,roman_formal,travel,travel_00005,hand_priority_seed,training/data/train_clean_ne-en.jsonl
kuna basa patana janchha?,Which bus goes to Patan?,ne-en,roman_formal,travel,travel_00005,hand_priority_seed,training/data/train_clean_ne-en.jsonl
kuna basa patana janchha?,Which bus goes to Patan?,ne-en,roman_formal,travel,travel_00005,hand_priority_seed,training/data/train_clean_ne-en.jsonl
kuna basa patana janchha?,Which bus goes to Patan?,ne-en,roman_formal,travel,travel_00005,hand_priority_seed,training/data/train_clean_ne-en.jsonl
तपाईंलाई कहाँ दुखेको छ?,Where does it hurt?,ne-en,formal,questions_requests,questions_requests_00015,assistant_curated,training/data/train_clean_ne-en.jsonl
तपाईंलाई कहाँ दुखेको छ?,Where does it hurt?,ne-en,formal,questions_requests,questions_requests_00015,assistant_curated,training/data/train_clean_ne-en.jsonl
तपाईंलाई कहाँ दुखेको छ?,Where does it hurt?,ne-en,formal,questions_requests,questions_requests_00015,assistant_curated,training/data/train_clean_ne-en.jsonl
तपाईंलाई कहाँ दुखेको छ?,Where does it hurt?,ne-en,formal,questions_requests,questions_requests_00015,assistant_curated,training/data/train_clean_ne-en.jsonl
तपाईंलाई कहाँ दुखेको छ?,Where does it hurt?,ne-en,formal,questions_requests,questions_requests_00015,assistant_curated,training/data/train_clean_ne-en.jsonl
तपाईंलाई कहाँ दुखेको छ?,Where does it hurt?,ne-en,formal,questions_requests,questions_requests_00015,assistant_curated,training/data/train_clean_ne-en.jsonl
तपाईंलाई कहाँ दुखेको छ?,Where does it hurt?,ne-en,formal,questions_requests,questions_requests_00015,assistant_curated,training/data/train_clean_ne-en.jsonl
तपाईंलाई कहाँ दुखेको छ?,Where does it hurt?,ne-en,formal,questions_requests,questions_requests_00015,assistant_curated,training/data/train_clean_ne-en.jsonl
ke tapai chiya khanuhunchha?,Would you like some tea?,ne-en,roman_formal,pronouns_honorifics,pronouns_honorifics_00003,hand_priority_seed,training/data/train_clean_ne-en.jsonl
ke tapai chiya khanuhunchha?,Would you like some tea?,ne-en,roman_formal,pronouns_honorifics,pronouns_honorifics_00003,hand_priority_seed,training/data/train_clean_ne-en.jsonl
ke tapai chiya khanuhunchha?,Would you like some tea?,ne-en,roman_formal,pronouns_honorifics,pronouns_honorifics_00003,hand_priority_seed,training/data/train_clean_ne-en.jsonl
ke tapai chiya khanuhunchha?,Would you like some tea?,ne-en,roman_formal,pronouns_honorifics,pronouns_honorifics_00003,hand_priority_seed,training/data/train_clean_ne-en.jsonl
ke tapai chiya khanuhunchha?,Would you like some tea?,ne-en,roman_formal,pronouns_honorifics,pronouns_honorifics_00003,hand_priority_seed,training/data/train_clean_ne-en.jsonl
ke tapai chiya khanuhunchha?,Would you like some tea?,ne-en,roman_formal,pronouns_honorifics,pronouns_honorifics_00003,hand_priority_seed,training/data/train_clean_ne-en.jsonl
ke tapai chiya khanuhunchha?,Would you like some tea?,ne-en,roman_formal,pronouns_honorifics,pronouns_honorifics_00003,hand_priority_seed,training/data/train_clean_ne-en.jsonl
ke tapai chiya khanuhunchha?,Would you like some tea?,ne-en,roman_formal,pronouns_honorifics,pronouns_honorifics_00003,hand_priority_seed,training/data/train_clean_ne-en.jsonl
अन्य,Other,ne-en,formal,government,government_00028,recovered_site_labels_and_manual_normalization,training/data/train_clean_ne-en.jsonl
अन्य,Other,ne-en,formal,government,government_00028,recovered_site_labels_and_manual_normalization,training/data/train_clean_ne-en.jsonl
अन्य,Other,ne-en,formal,government,government_00028,recovered_site_labels_and_manual_normalization,training/data/train_clean_ne-en.jsonl
अन्य,Other,ne-en,formal,government,government_00028,recovered_site_labels_and_manual_normalization,training/data/train_clean_ne-en.jsonl
सूचना केन्द्र,Information Center,ne-en,formal,government,government_00029,recovered_site_labels_and_manual_normalization,training/data/train_clean_ne-en.jsonl
सूचना केन्द्र,Information Center,ne-en,formal,government,government_00029,recovered_site_labels_and_manual_normalization,training/data/train_clean_ne-en.jsonl
सूचना केन्द्र,Information Center,ne-en,formal,government,government_00029,recovered_site_labels_and_manual_normalization,training/data/train_clean_ne-en.jsonl
सूचना केन्द्र,Information Center,ne-en,formal,government,government_00029,recovered_site_labels_and_manual_normalization,training/data/train_clean_ne-en.jsonl
तिमी कहाँबाट आउनुभएको हो?,Where are you from?,ne-en,informal,questions_requests,questions_requests_00007,assistant_curated,training/data/train_clean_ne-en.jsonl
तिमी कहाँबाट आउनुभएको हो?,Where are you from?,ne-en,informal,questions_requests,questions_requests_00007,assistant_curated,training/data/train_clean_ne-en.jsonl
तिमी कहाँबाट आउनुभएको हो?,Where are you from?,ne-en,informal,questions_requests,questions_requests_00007,assistant_curated,training/data/train_clean_ne-en.jsonl
तिमी कहाँबाट आउनुभएको हो?,Where are you from?,ne-en,informal,questions_requests,questions_requests_00007,assistant_curated,training/data/train_clean_ne-en.jsonl
तिमी कहाँबाट आउनुभएको हो?,Where are you from?,ne-en,informal,questions_requests,questions_requests_00007,assistant_curated,training/data/train_clean_ne-en.jsonl
तिमी कहाँबाट आउनुभएको हो?,Where are you from?,ne-en,informal,questions_requests,questions_requests_00007,assistant_curated,training/data/train_clean_ne-en.jsonl
तिमी कहाँबाट आउनुभएको हो?,Where are you from?,ne-en,informal,questions_requests,questions_requests_00007,assistant_curated,training/data/train_clean_ne-en.jsonl
तिमी कहाँबाट आउनुभएको हो?,Where are you from?,ne-en,informal,questions_requests,questions_requests_00007,assistant_curated,training/data/train_clean_ne-en.jsonl
संविधान,Constitution,ne-en,formal,government,government_00013,recovered_site_labels_and_manual_normalization,training/data/train_clean_ne-en.jsonl
संविधान,Constitution,ne-en,formal,government,government_00013,recovered_site_labels_and_manual_normalization,training/data/train_clean_ne-en.jsonl
संविधान,Constitution,ne-en,formal,government,government_00013,recovered_site_labels_and_manual_normalization,training/data/train_clean_ne-en.jsonl
संविधान,Constitution,ne-en,formal,government,government_00013,recovered_site_labels_and_manual_normalization,training/data/train_clean_ne-en.jsonl
कृपया भित्र आउनुहोस्।,Please come in.,ne-en,formal,pronouns_honorifics,pronouns_honorifics_00002,hand_priority_seed,training/data/train_clean_ne-en.jsonl
कृपया भित्र आउनुहोस्।,Please come in.,ne-en,formal,pronouns_honorifics,pronouns_honorifics_00002,hand_priority_seed,training/data/train_clean_ne-en.jsonl
कृपया भित्र आउनुहोस्।,Please come in.,ne-en,formal,pronouns_honorifics,pronouns_honorifics_00002,hand_priority_seed,training/data/train_clean_ne-en.jsonl
कृपया भित्र आउनुहोस्।,Please come in.,ne-en,formal,pronouns_honorifics,pronouns_honorifics_00002,hand_priority_seed,training/data/train_clean_ne-en.jsonl
कृपया भित्र आउनुहोस्।,Please come in.,ne-en,formal,pronouns_honorifics,pronouns_honorifics_00002,hand_priority_seed,training/data/train_clean_ne-en.jsonl
कृपया भित्र आउनुहोस्।,Please come in.,ne-en,formal,pronouns_honorifics,pronouns_honorifics_00002,hand_priority_seed,training/data/train_clean_ne-en.jsonl
कृपया भित्र आउनुहोस्।,Please come in.,ne-en,formal,pronouns_honorifics,pronouns_honorifics_00002,hand_priority_seed,training/data/train_clean_ne-en.jsonl
कृपया भित्र आउनुहोस्।,Please come in.,ne-en,formal,pronouns_honorifics,pronouns_honorifics_00002,hand_priority_seed,training/data/train_clean_ne-en.jsonl
कृपया फोन अर्को व्यक्तिलाई दिनुहोस्।,Please pass the phone.,ne-en,formal,questions_requests,questions_requests_00024,assistant_curated,training/data/train_clean_ne-en.jsonl
कृपया फोन अर्को व्यक्तिलाई दिनुहोस्।,Please pass the phone.,ne-en,formal,questions_requests,questions_requests_00024,assistant_curated,training/data/train_clean_ne-en.jsonl
कृपया फोन अर्को व्यक्तिलाई दिनुहोस्।,Please pass the phone.,ne-en,formal,questions_requests,questions_requests_00024,assistant_curated,training/data/train_clean_ne-en.jsonl
कृपया फोन अर्को व्यक्तिलाई दिनुहोस्।,Please pass the phone.,ne-en,formal,questions_requests,questions_requests_00024,assistant_curated,training/data/train_clean_ne-en.jsonl
कृपया फोन अर्को व्यक्तिलाई दिनुहोस्।,Please pass the phone.,ne-en,formal,questions_requests,questions_requests_00024,assistant_curated,training/data/train_clean_ne-en.jsonl
कृपया फोन अर्को व्यक्तिलाई दिनुहोस्।,Please pass the phone.,ne-en,formal,questions_requests,questions_requests_00024,assistant_curated,training/data/train_clean_ne-en.jsonl
कृपया फोन अर्को व्यक्तिलाई दिनुहोस्।,Please pass the phone.,ne-en,formal,questions_requests,questions_requests_00024,assistant_curated,training/data/train_clean_ne-en.jsonl
कृपया फोन अर्को व्यक्तिलाई दिनुहोस्।,Please pass the phone.,ne-en,formal,questions_requests,questions_requests_00024,assistant_curated,training/data/train_clean_ne-en.jsonl
सङ्गठन संरचना,Organization Structure,ne-en,formal,government,government_00006,recovered_site_labels_and_manual_normalization,training/data/train_clean_ne-en.jsonl
सङ्गठन संरचना,Organization Structure,ne-en,formal,government,government_00006,recovered_site_labels_and_manual_normalization,training/data/train_clean_ne-en.jsonl
सङ्गठन संरचना,Organization Structure,ne-en,formal,government,government_00006,recovered_site_labels_and_manual_normalization,training/data/train_clean_ne-en.jsonl
सङ्गठन संरचना,Organization Structure,ne-en,formal,government,government_00006,recovered_site_labels_and_manual_normalization,training/data/train_clean_ne-en.jsonl
मलाई टाउको घुमेको छ।,I feel dizzy.,ne-en,formal,health,health_00002,hand_priority_seed,training/data/train_clean_ne-en.jsonl
मलाई टाउको घुमेको छ।,I feel dizzy.,ne-en,formal,health,health_00002,hand_priority_seed,training/data/train_clean_ne-en.jsonl
मलाई टाउको घुमेको छ।,I feel dizzy.,ne-en,formal,health,health_00002,hand_priority_seed,training/data/train_clean_ne-en.jsonl
मलाई टाउको घुमेको छ।,I feel dizzy.,ne-en,formal,health,health_00002,hand_priority_seed,training/data/train_clean_ne-en.jsonl
मलाई टाउको घुमेको छ।,I feel dizzy.,ne-en,formal,health,health_00002,hand_priority_seed,training/data/train_clean_ne-en.jsonl
मलाई टाउको घुमेको छ।,I feel dizzy.,ne-en,formal,health,health_00002,hand_priority_seed,training/data/train_clean_ne-en.jsonl
मलाई टाउको घुमेको छ।,I feel dizzy.,ne-en,formal,health,health_00002,hand_priority_seed,training/data/train_clean_ne-en.jsonl
मलाई टाउको घुमेको छ।,I feel dizzy.,ne-en,formal,health,health_00002,hand_priority_seed,training/data/train_clean_ne-en.jsonl
खारेज भएका नियमावली,Repealed Regulations,ne-en,formal,government,government_00024,recovered_site_labels_and_manual_normalization,training/data/train_clean_ne-en.jsonl
खारेज भएका नियमावली,Repealed Regulations,ne-en,formal,government,government_00024,recovered_site_labels_and_manual_normalization,training/data/train_clean_ne-en.jsonl
खारेज भएका नियमावली,Repealed Regulations,ne-en,formal,government,government_00024,recovered_site_labels_and_manual_normalization,training/data/train_clean_ne-en.jsonl
खारेज भएका नियमावली,Repealed Regulations,ne-en,formal,government,government_00024,recovered_site_labels_and_manual_normalization,training/data/train_clean_ne-en.jsonl
kripya malai sandesha pathaunuhos.,Send me a message.,ne-en,roman_formal,questions_requests,questions_requests_00023,assistant_curated,training/data/train_clean_ne-en.jsonl
kripya malai sandesha pathaunuhos.,Send me a message.,ne-en,roman_formal,questions_requests,questions_requests_00023,assistant_curated,training/data/train_clean_ne-en.jsonl
kripya malai sandesha pathaunuhos.,Send me a message.,ne-en,roman_formal,questions_requests,questions_requests_00023,assistant_curated,training/data/train_clean_ne-en.jsonl
kripya malai sandesha pathaunuhos.,Send me a message.,ne-en,roman_formal,questions_requests,questions_requests_00023,assistant_curated,training/data/train_clean_ne-en.jsonl
kripya malai sandesha pathaunuhos.,Send me a message.,ne-en,roman_formal,questions_requests,questions_requests_00023,assistant_curated,training/data/train_clean_ne-en.jsonl
kripya malai sandesha pathaunuhos.,Send me a message.,ne-en,roman_formal,questions_requests,questions_requests_00023,assistant_curated,training/data/train_clean_ne-en.jsonl
kripya malai sandesha pathaunuhos.,Send me a message.,ne-en,roman_formal,questions_requests,questions_requests_00023,assistant_curated,training/data/train_clean_ne-en.jsonl
kripya malai sandesha pathaunuhos.,Send me a message.,ne-en,roman_formal,questions_requests,questions_requests_00023,assistant_curated,training/data/train_clean_ne-en.jsonl
शुरुमा यसको कार्यकाल एक वर्ष तोकिएको भए तापनि पटक पटक म्याद थप भई २०२७ सालसम्म कायम भएको थियो।,The Government may appoint up to five members as honorary members to the Commission from amongst outstanding experts in the pertinent field.,ne-en,formal,government,government_00054,law_gov,training/data/train_clean_ne-en.jsonl
शुरुमा यसको कार्यकाल एक वर्ष तोकिएको भए तापनि पटक पटक म्याद थप भई २०२७ सालसम्म कायम भएको थियो।,The Government may appoint up to five members as honorary members to the Commission from amongst outstanding experts in the pertinent field.,ne-en,formal,government,government_00054,law_gov,training/data/train_clean_ne-en.jsonl
शुरुमा यसको कार्यकाल एक वर्ष तोकिएको भए तापनि पटक पटक म्याद थप भई २०२७ सालसम्म कायम भएको थियो।,The Government may appoint up to five members as honorary members to the Commission from amongst outstanding experts in the pertinent field.,ne-en,formal,government,government_00054,law_gov,training/data/train_clean_ne-en.jsonl
शुरुमा यसको कार्यकाल एक वर्ष तोकिएको भए तापनि पटक पटक म्याद थप भई २०२७ सालसम्म कायम भएको थियो।,The Government may appoint up to five members as honorary members to the Commission from amongst outstanding experts in the pertinent field.,ne-en,formal,government,government_00054,law_gov,training/data/train_clean_ne-en.jsonl
त्यो ठिक होइन।,That is not right.,ne-en,formal,core_grammar,core_grammar_00002,hand_priority_seed,training/data/train_clean_ne-en.jsonl
त्यो ठिक होइन।,That is not right.,ne-en,formal,core_grammar,core_grammar_00002,hand_priority_seed,training/data/train_clean_ne-en.jsonl
त्यो ठिक होइन।,That is not right.,ne-en,formal,core_grammar,core_grammar_00002,hand_priority_seed,training/data/train_clean_ne-en.jsonl
त्यो ठिक होइन।,That is not right.,ne-en,formal,core_grammar,core_grammar_00002,hand_priority_seed,training/data/train_clean_ne-en.jsonl
खण्ड अनुसार,By Volume,ne-en,formal,government,government_00016,recovered_site_labels_and_manual_normalization,training/data/train_clean_ne-en.jsonl
खण्ड अनुसार,By Volume,ne-en,formal,government,government_00016,recovered_site_labels_and_manual_normalization,training/data/train_clean_ne-en.jsonl
खण्ड अनुसार,By Volume,ne-en,formal,government,government_00016,recovered_site_labels_and_manual_normalization,training/data/train_clean_ne-en.jsonl
खण्ड अनुसार,By Volume,ne-en,formal,government,government_00016,recovered_site_labels_and_manual_normalization,training/data/train_clean_ne-en.jsonl
yasako artha ke ho?,What does this mean?,ne-en,roman_formal,questions_requests,questions_requests_00003,hand_priority_seed,training/data/train_clean_ne-en.jsonl
yasako artha ke ho?,What does this mean?,ne-en,roman_formal,questions_requests,questions_requests_00003,hand_priority_seed,training/data/train_clean_ne-en.jsonl
yasako artha ke ho?,What does this mean?,ne-en,roman_formal,questions_requests,questions_requests_00003,hand_priority_seed,training/data/train_clean_ne-en.jsonl
yasako artha ke ho?,What does this mean?,ne-en,roman_formal,questions_requests,questions_requests_00003,hand_priority_seed,training/data/train_clean_ne-en.jsonl
yasako artha ke ho?,What does this mean?,ne-en,roman_formal,questions_requests,questions_requests_00003,hand_priority_seed,training/data/train_clean_ne-en.jsonl
yasako artha ke ho?,What does this mean?,ne-en,roman_formal,questions_requests,questions_requests_00003,hand_priority_seed,training/data/train_clean_ne-en.jsonl
yasako artha ke ho?,What does this mean?,ne-en,roman_formal,questions_requests,questions_requests_00003,hand_priority_seed,training/data/train_clean_ne-en.jsonl
yasako artha ke ho?,What does this mean?,ne-en,roman_formal,questions_requests,questions_requests_00003,hand_priority_seed,training/data/train_clean_ne-en.jsonl
भाषा चयन गर,Select Language,ne-en,informal,government,government_00038,recovered_site_labels_and_manual_normalization,training/data/train_clean_ne-en.jsonl
भाषा चयन गर,Select Language,ne-en,informal,government,government_00038,recovered_site_labels_and_manual_normalization,training/data/train_clean_ne-en.jsonl
भाषा चयन गर,Select Language,ne-en,informal,government,government_00038,recovered_site_labels_and_manual_normalization,training/data/train_clean_ne-en.jsonl
भाषा चयन गर,Select Language,ne-en,informal,government,government_00038,recovered_site_labels_and_manual_normalization,training/data/train_clean_ne-en.jsonl
एक हजार रुपैयाँ।,One thousand rupees.,ne-en,formal,numbers_money,numbers_money_00004,hand_priority_seed,training/data/train_clean_ne-en.jsonl
एक हजार रुपैयाँ।,One thousand rupees.,ne-en,formal,numbers_money,numbers_money_00004,hand_priority_seed,training/data/train_clean_ne-en.jsonl
एक हजार रुपैयाँ।,One thousand rupees.,ne-en,formal,numbers_money,numbers_money_00004,hand_priority_seed,training/data/train_clean_ne-en.jsonl
एक हजार रुपैयाँ।,One thousand rupees.,ne-en,formal,numbers_money,numbers_money_00004,hand_priority_seed,training/data/train_clean_ne-en.jsonl
मलाई एलर्जी छ।,I have an allergy.,ne-en,formal,core_grammar,core_grammar_00018,assistant_curated,training/data/train_clean_ne-en.jsonl
मलाई एलर्जी छ।,I have an allergy.,ne-en,formal,core_grammar,core_grammar_00018,assistant_curated,training/data/train_clean_ne-en.jsonl
मलाई एलर्जी छ।,I have an allergy.,ne-en,formal,core_grammar,core_grammar_00018,assistant_curated,training/data/train_clean_ne-en.jsonl
मलाई एलर्जी छ।,I have an allergy.,ne-en,formal,core_grammar,core_grammar_00018,assistant_curated,training/data/train_clean_ne-en.jsonl
त्यो अनुवाद गलत छ।,That translation is wrong.,ne-en,formal,core_grammar,core_grammar_00032,assistant_curated,training/data/train_clean_ne-en.jsonl
त्यो अनुवाद गलत छ।,That translation is wrong.,ne-en,formal,core_grammar,core_grammar_00032,assistant_curated,training/data/train_clean_ne-en.jsonl
त्यो अनुवाद गलत छ।,That translation is wrong.,ne-en,formal,core_grammar,core_grammar_00032,assistant_curated,training/data/train_clean_ne-en.jsonl
त्यो अनुवाद गलत छ।,That translation is wrong.,ne-en,formal,core_grammar,core_grammar_00032,assistant_curated,training/data/train_clean_ne-en.jsonl
गृहपृष्ठ,Home,ne-en,formal,government,government_00042,recovered_site_labels_and_manual_normalization,training/data/train_clean_ne-en.jsonl
गृहपृष्ठ,Home,ne-en,formal,government,government_00042,recovered_site_labels_and_manual_normalization,training/data/train_clean_ne-en.jsonl
गृहपृष्ठ,Home,ne-en,formal,government,government_00042,recovered_site_labels_and_manual_normalization,training/data/train_clean_ne-en.jsonl
गृहपृष्ठ,Home,ne-en,formal,government,government_00042,recovered_site_labels_and_manual_normalization,training/data/train_clean_ne-en.jsonl
kripya bhitra aaunuhos.,Please come in.,ne-en,roman_formal,pronouns_honorifics,pronouns_honorifics_00002,hand_priority_seed,training/data/train_clean_ne-en.jsonl
kripya bhitra aaunuhos.,Please come in.,ne-en,roman_formal,pronouns_honorifics,pronouns_honorifics_00002,hand_priority_seed,training/data/train_clean_ne-en.jsonl
kripya bhitra aaunuhos.,Please come in.,ne-en,roman_formal,pronouns_honorifics,pronouns_honorifics_00002,hand_priority_seed,training/data/train_clean_ne-en.jsonl
kripya bhitra aaunuhos.,Please come in.,ne-en,roman_formal,pronouns_honorifics,pronouns_honorifics_00002,hand_priority_seed,training/data/train_clean_ne-en.jsonl
kripya bhitra aaunuhos.,Please come in.,ne-en,roman_formal,pronouns_honorifics,pronouns_honorifics_00002,hand_priority_seed,training/data/train_clean_ne-en.jsonl
kripya bhitra aaunuhos.,Please come in.,ne-en,roman_formal,pronouns_honorifics,pronouns_honorifics_00002,hand_priority_seed,training/data/train_clean_ne-en.jsonl
kripya bhitra aaunuhos.,Please come in.,ne-en,roman_formal,pronouns_honorifics,pronouns_honorifics_00002,hand_priority_seed,training/data/train_clean_ne-en.jsonl
kripya bhitra aaunuhos.,Please come in.,ne-en,roman_formal,pronouns_honorifics,pronouns_honorifics_00002,hand_priority_seed,training/data/train_clean_ne-en.jsonl
ke tapai bujhnuhunchha?,Do you understand?,ne-en,roman_formal,questions_requests,questions_requests_00002,hand_priority_seed,training/data/train_clean_ne-en.jsonl
ke tapai bujhnuhunchha?,Do you understand?,ne-en,roman_formal,questions_requests,questions_requests_00002,hand_priority_seed,training/data/train_clean_ne-en.jsonl
ke tapai bujhnuhunchha?,Do you understand?,ne-en,roman_formal,questions_requests,questions_requests_00002,hand_priority_seed,training/data/train_clean_ne-en.jsonl
ke tapai bujhnuhunchha?,Do you understand?,ne-en,roman_formal,questions_requests,questions_requests_00002,hand_priority_seed,training/data/train_clean_ne-en.jsonl
ke tapai bujhnuhunchha?,Do you understand?,ne-en,roman_formal,questions_requests,questions_requests_00002,hand_priority_seed,training/data/train_clean_ne-en.jsonl
ke tapai bujhnuhunchha?,Do you understand?,ne-en,roman_formal,questions_requests,questions_requests_00002,hand_priority_seed,training/data/train_clean_ne-en.jsonl
ke tapai bujhnuhunchha?,Do you understand?,ne-en,roman_formal,questions_requests,questions_requests_00002,hand_priority_seed,training/data/train_clean_ne-en.jsonl
ke tapai bujhnuhunchha?,Do you understand?,ne-en,roman_formal,questions_requests,questions_requests_00002,hand_priority_seed,training/data/train_clean_ne-en.jsonl
ke tapaisnga yobhanda sano saija chha?,Do you have a smaller size?,ne-en,roman_formal,questions_requests,questions_requests_00031,user_conv_seed,training/data/train_clean_ne-en.jsonl
ke tapaisnga yobhanda sano saija chha?,Do you have a smaller size?,ne-en,roman_formal,questions_requests,questions_requests_00031,user_conv_seed,training/data/train_clean_ne-en.jsonl
ke tapaisnga yobhanda sano saija chha?,Do you have a smaller size?,ne-en,roman_formal,questions_requests,questions_requests_00031,user_conv_seed,training/data/train_clean_ne-en.jsonl
ke tapaisnga yobhanda sano saija chha?,Do you have a smaller size?,ne-en,roman_formal,questions_requests,questions_requests_00031,user_conv_seed,training/data/train_clean_ne-en.jsonl
ke tapaisnga yobhanda sano saija chha?,Do you have a smaller size?,ne-en,roman_formal,questions_requests,questions_requests_00031,user_conv_seed,training/data/train_clean_ne-en.jsonl
ke tapaisnga yobhanda sano saija chha?,Do you have a smaller size?,ne-en,roman_formal,questions_requests,questions_requests_00031,user_conv_seed,training/data/train_clean_ne-en.jsonl
ke tapaisnga yobhanda sano saija chha?,Do you have a smaller size?,ne-en,roman_formal,questions_requests,questions_requests_00031,user_conv_seed,training/data/train_clean_ne-en.jsonl
ke tapaisnga yobhanda sano saija chha?,Do you have a smaller size?,ne-en,roman_formal,questions_requests,questions_requests_00031,user_conv_seed,training/data/train_clean_ne-en.jsonl
tapailai kaha dukheko chha?,Where does it hurt?,ne-en,roman_formal,questions_requests,questions_requests_00032,user_conv_seed,training/data/train_clean_ne-en.jsonl
tapailai kaha dukheko chha?,Where does it hurt?,ne-en,roman_formal,questions_requests,questions_requests_00032,user_conv_seed,training/data/train_clean_ne-en.jsonl
tapailai kaha dukheko chha?,Where does it hurt?,ne-en,roman_formal,questions_requests,questions_requests_00032,user_conv_seed,training/data/train_clean_ne-en.jsonl
tapailai kaha dukheko chha?,Where does it hurt?,ne-en,roman_formal,questions_requests,questions_requests_00032,user_conv_seed,training/data/train_clean_ne-en.jsonl
tapailai kaha dukheko chha?,Where does it hurt?,ne-en,roman_formal,questions_requests,questions_requests_00032,user_conv_seed,training/data/train_clean_ne-en.jsonl
tapailai kaha dukheko chha?,Where does it hurt?,ne-en,roman_formal,questions_requests,questions_requests_00032,user_conv_seed,training/data/train_clean_ne-en.jsonl
tapailai kaha dukheko chha?,Where does it hurt?,ne-en,roman_formal,questions_requests,questions_requests_00032,user_conv_seed,training/data/train_clean_ne-en.jsonl
tapailai kaha dukheko chha?,Where does it hurt?,ne-en,roman_formal,questions_requests,questions_requests_00032,user_conv_seed,training/data/train_clean_ne-en.jsonl
म गर्भवती छु।,I am pregnant.,ne-en,formal,health,health_00005,hand_priority_seed,training/data/train_clean_ne-en.jsonl
म गर्भवती छु।,I am pregnant.,ne-en,formal,health,health_00005,hand_priority_seed,training/data/train_clean_ne-en.jsonl
म गर्भवती छु।,I am pregnant.,ne-en,formal,health,health_00005,hand_priority_seed,training/data/train_clean_ne-en.jsonl
म गर्भवती छु।,I am pregnant.,ne-en,formal,health,health_00005,hand_priority_seed,training/data/train_clean_ne-en.jsonl
म गर्भवती छु।,I am pregnant.,ne-en,formal,health,health_00005,hand_priority_seed,training/data/train_clean_ne-en.jsonl
म गर्भवती छु।,I am pregnant.,ne-en,formal,health,health_00005,hand_priority_seed,training/data/train_clean_ne-en.jsonl
म गर्भवती छु।,I am pregnant.,ne-en,formal,health,health_00005,hand_priority_seed,training/data/train_clean_ne-en.jsonl
म गर्भवती छु।,I am pregnant.,ne-en,formal,health,health_00005,hand_priority_seed,training/data/train_clean_ne-en.jsonl
मलाई बस स्टेशन लगिदे।,Please take me to the bus station.,ne-en,informal,travel,travel_00002,hand_priority_seed,training/data/train_clean_ne-en.jsonl
मलाई बस स्टेशन लगिदे।,Please take me to the bus station.,ne-en,informal,travel,travel_00002,hand_priority_seed,training/data/train_clean_ne-en.jsonl
मलाई बस स्टेशन लगिदे।,Please take me to the bus station.,ne-en,informal,travel,travel_00002,hand_priority_seed,training/data/train_clean_ne-en.jsonl
मलाई बस स्टेशन लगिदे।,Please take me to the bus station.,ne-en,informal,travel,travel_00002,hand_priority_seed,training/data/train_clean_ne-en.jsonl
मलाई बस स्टेशन लगिदे।,Please take me to the bus station.,ne-en,informal,travel,travel_00002,hand_priority_seed,training/data/train_clean_ne-en.jsonl
मलाई बस स्टेशन लगिदे।,Please take me to the bus station.,ne-en,informal,travel,travel_00002,hand_priority_seed,training/data/train_clean_ne-en.jsonl
मलाई बस स्टेशन लगिदे।,Please take me to the bus station.,ne-en,informal,travel,travel_00002,hand_priority_seed,training/data/train_clean_ne-en.jsonl
मलाई बस स्टेशन लगिदे।,Please take me to the bus station.,ne-en,informal,travel,travel_00002,hand_priority_seed,training/data/train_clean_ne-en.jsonl
कुन बस पाटन जान्छ?,Which bus goes to Patan?,ne-en,formal,travel,travel_00005,hand_priority_seed,training/data/train_clean_ne-en.jsonl
कुन बस पाटन जान्छ?,Which bus goes to Patan?,ne-en,formal,travel,travel_00005,hand_priority_seed,training/data/train_clean_ne-en.jsonl
कुन बस पाटन जान्छ?,Which bus goes to Patan?,ne-en,formal,travel,travel_00005,hand_priority_seed,training/data/train_clean_ne-en.jsonl
कुन बस पाटन जान्छ?,Which bus goes to Patan?,ne-en,formal,travel,travel_00005,hand_priority_seed,training/data/train_clean_ne-en.jsonl
कुन बस पाटन जान्छ?,Which bus goes to Patan?,ne-en,formal,travel,travel_00005,hand_priority_seed,training/data/train_clean_ne-en.jsonl
कुन बस पाटन जान्छ?,Which bus goes to Patan?,ne-en,formal,travel,travel_00005,hand_priority_seed,training/data/train_clean_ne-en.jsonl
कुन बस पाटन जान्छ?,Which bus goes to Patan?,ne-en,formal,travel,travel_00005,hand_priority_seed,training/data/train_clean_ne-en.jsonl
कुन बस पाटन जान्छ?,Which bus goes to Patan?,ne-en,formal,travel,travel_00005,hand_priority_seed,training/data/train_clean_ne-en.jsonl
यो शाकाहारी हो?,Is this vegetarian?,ne-en,formal,questions_requests,questions_requests_00014,assistant_curated,training/data/train_clean_ne-en.jsonl
यो शाकाहारी हो?,Is this vegetarian?,ne-en,formal,questions_requests,questions_requests_00014,assistant_curated,training/data/train_clean_ne-en.jsonl
यो शाकाहारी हो?,Is this vegetarian?,ne-en,formal,questions_requests,questions_requests_00014,assistant_curated,training/data/train_clean_ne-en.jsonl
यो शाकाहारी हो?,Is this vegetarian?,ne-en,formal,questions_requests,questions_requests_00014,assistant_curated,training/data/train_clean_ne-en.jsonl
यो शाकाहारी हो?,Is this vegetarian?,ne-en,formal,questions_requests,questions_requests_00014,assistant_curated,training/data/train_clean_ne-en.jsonl
यो शाकाहारी हो?,Is this vegetarian?,ne-en,formal,questions_requests,questions_requests_00014,assistant_curated,training/data/train_clean_ne-en.jsonl
यो शाकाहारी हो?,Is this vegetarian?,ne-en,formal,questions_requests,questions_requests_00014,assistant_curated,training/data/train_clean_ne-en.jsonl
यो शाकाहारी हो?,Is this vegetarian?,ne-en,formal,questions_requests,questions_requests_00014,assistant_curated,training/data/train_clean_ne-en.jsonl
कृपया मलाई रसिद दिनुहोस्।,Please give me a receipt.,ne-en,formal,questions_requests,questions_requests_00011,assistant_curated,training/data/train_clean_ne-en.jsonl
कृपया मलाई रसिद दिनुहोस्।,Please give me a receipt.,ne-en,formal,questions_requests,questions_requests_00011,assistant_curated,training/data/train_clean_ne-en.jsonl
कृपया मलाई रसिद दिनुहोस्।,Please give me a receipt.,ne-en,formal,questions_requests,questions_requests_00011,assistant_curated,training/data/train_clean_ne-en.jsonl
कृपया मलाई रसिद दिनुहोस्।,Please give me a receipt.,ne-en,formal,questions_requests,questions_requests_00011,assistant_curated,training/data/train_clean_ne-en.jsonl
कृपया मलाई रसिद दिनुहोस्।,Please give me a receipt.,ne-en,formal,questions_requests,questions_requests_00011,assistant_curated,training/data/train_clean_ne-en.jsonl
कृपया मलाई रसिद दिनुहोस्।,Please give me a receipt.,ne-en,formal,questions_requests,questions_requests_00011,assistant_curated,training/data/train_clean_ne-en.jsonl
कृपया मलाई रसिद दिनुहोस्।,Please give me a receipt.,ne-en,formal,questions_requests,questions_requests_00011,assistant_curated,training/data/train_clean_ne-en.jsonl
कृपया मलाई रसिद दिनुहोस्।,Please give me a receipt.,ne-en,formal,questions_requests,questions_requests_00011,assistant_curated,training/data/train_clean_ne-en.jsonl
के तपाईंसँग योभन्दा सानो आकार छ?,Do you have a smaller size?,ne-en,formal,questions_requests,questions_requests_00009,assistant_curated,training/data/train_clean_ne-en.jsonl
के तपाईंसँग योभन्दा सानो आकार छ?,Do you have a smaller size?,ne-en,formal,questions_requests,questions_requests_00009,assistant_curated,training/data/train_clean_ne-en.jsonl
के तपाईंसँग योभन्दा सानो आकार छ?,Do you have a smaller size?,ne-en,formal,questions_requests,questions_requests_00009,assistant_curated,training/data/train_clean_ne-en.jsonl
के तपाईंसँग योभन्दा सानो आकार छ?,Do you have a smaller size?,ne-en,formal,questions_requests,questions_requests_00009,assistant_curated,training/data/train_clean_ne-en.jsonl
के तपाईंसँग योभन्दा सानो आकार छ?,Do you have a smaller size?,ne-en,formal,questions_requests,questions_requests_00009,assistant_curated,training/data/train_clean_ne-en.jsonl
के तपाईंसँग योभन्दा सानो आकार छ?,Do you have a smaller size?,ne-en,formal,questions_requests,questions_requests_00009,assistant_curated,training/data/train_clean_ne-en.jsonl
के तपाईंसँग योभन्दा सानो आकार छ?,Do you have a smaller size?,ne-en,formal,questions_requests,questions_requests_00009,assistant_curated,training/data/train_clean_ne-en.jsonl
के तपाईंसँग योभन्दा सानो आकार छ?,Do you have a smaller size?,ne-en,formal,questions_requests,questions_requests_00009,assistant_curated,training/data/train_clean_ne-en.jsonl
सेवाहरू,Services,ne-en,formal,government,government_00009,recovered_site_labels_and_manual_normalization,training/data/train_clean_ne-en.jsonl
सेवाहरू,Services,ne-en,formal,government,government_00009,recovered_site_labels_and_manual_normalization,training/data/train_clean_ne-en.jsonl
सेवाहरू,Services,ne-en,formal,government,government_00009,recovered_site_labels_and_manual_normalization,training/data/train_clean_ne-en.jsonl
सेवाहरू,Services,ne-en,formal,government,government_00009,recovered_site_labels_and_manual_normalization,training/data/train_clean_ne-en.jsonl
malai phona gara na.,Please call me.,ne-en,roman_formal,questions_requests,questions_requests_00022,assistant_curated,training/data/train_clean_ne-en.jsonl
malai phona gara na.,Please call me.,ne-en,roman_formal,questions_requests,questions_requests_00022,assistant_curated,training/data/train_clean_ne-en.jsonl
malai phona gara na.,Please call me.,ne-en,roman_formal,questions_requests,questions_requests_00022,assistant_curated,training/data/train_clean_ne-en.jsonl
malai phona gara na.,Please call me.,ne-en,roman_formal,questions_requests,questions_requests_00022,assistant_curated,training/data/train_clean_ne-en.jsonl
malai phona gara na.,Please call me.,ne-en,roman_formal,questions_requests,questions_requests_00022,assistant_curated,training/data/train_clean_ne-en.jsonl
malai phona gara na.,Please call me.,ne-en,roman_formal,questions_requests,questions_requests_00022,assistant_curated,training/data/train_clean_ne-en.jsonl
malai phona gara na.,Please call me.,ne-en,roman_formal,questions_requests,questions_requests_00022,assistant_curated,training/data/train_clean_ne-en.jsonl
malai phona gara na.,Please call me.,ne-en,roman_formal,questions_requests,questions_requests_00022,assistant_curated,training/data/train_clean_ne-en.jsonl
अनुवाद तयार हुँदैछ।,The translation is loading.,ne-en,formal,core_grammar,core_grammar_00030,assistant_curated,training/data/train_clean_ne-en.jsonl
अनुवाद तयार हुँदैछ।,The translation is loading.,ne-en,formal,core_grammar,core_grammar_00030,assistant_curated,training/data/train_clean_ne-en.jsonl
अनुवाद तयार हुँदैछ।,The translation is loading.,ne-en,formal,core_grammar,core_grammar_00030,assistant_curated,training/data/train_clean_ne-en.jsonl
अनुवाद तयार हुँदैछ।,The translation is loading.,ne-en,formal,core_grammar,core_grammar_00030,assistant_curated,training/data/train_clean_ne-en.jsonl
तिमी पहिले।,After you.,ne-en,informal,pronouns_honorifics,pronouns_honorifics_00004,hand_priority_seed,training/data/train_clean_ne-en.jsonl
तिमी पहिले।,After you.,ne-en,informal,pronouns_honorifics,pronouns_honorifics_00004,hand_priority_seed,training/data/train_clean_ne-en.jsonl
तिमी पहिले।,After you.,ne-en,informal,pronouns_honorifics,pronouns_honorifics_00004,hand_priority_seed,training/data/train_clean_ne-en.jsonl
तिमी पहिले।,After you.,ne-en,informal,pronouns_honorifics,pronouns_honorifics_00004,hand_priority_seed,training/data/train_clean_ne-en.jsonl
तिमी पहिले।,After you.,ne-en,informal,pronouns_honorifics,pronouns_honorifics_00004,hand_priority_seed,training/data/train_clean_ne-en.jsonl
तिमी पहिले।,After you.,ne-en,informal,pronouns_honorifics,pronouns_honorifics_00004,hand_priority_seed,training/data/train_clean_ne-en.jsonl
तिमी पहिले।,After you.,ne-en,informal,pronouns_honorifics,pronouns_honorifics_00004,hand_priority_seed,training/data/train_clean_ne-en.jsonl
तिमी पहिले।,After you.,ne-en,informal,pronouns_honorifics,pronouns_honorifics_00004,hand_priority_seed,training/data/train_clean_ne-en.jsonl
ke yahan dukhchha?,Does it hurt here?,ne-en,roman_formal,health,health_00004,hand_priority_seed,training/data/train_clean_ne-en.jsonl
ke yahan dukhchha?,Does it hurt here?,ne-en,roman_formal,health,health_00004,hand_priority_seed,training/data/train_clean_ne-en.jsonl
ke yahan dukhchha?,Does it hurt here?,ne-en,roman_formal,health,health_00004,hand_priority_seed,training/data/train_clean_ne-en.jsonl
ke yahan dukhchha?,Does it hurt here?,ne-en,roman_formal,health,health_00004,hand_priority_seed,training/data/train_clean_ne-en.jsonl
ke yahan dukhchha?,Does it hurt here?,ne-en,roman_formal,health,health_00004,hand_priority_seed,training/data/train_clean_ne-en.jsonl
ke yahan dukhchha?,Does it hurt here?,ne-en,roman_formal,health,health_00004,hand_priority_seed,training/data/train_clean_ne-en.jsonl
ke yahan dukhchha?,Does it hurt here?,ne-en,roman_formal,health,health_00004,hand_priority_seed,training/data/train_clean_ne-en.jsonl
ke yahan dukhchha?,Does it hurt here?,ne-en,roman_formal,health,health_00004,hand_priority_seed,training/data/train_clean_ne-en.jsonl
हालसालैका ऐन,Recent Acts,ne-en,formal,government,government_00015,recovered_site_labels_and_manual_normalization,training/data/train_clean_ne-en.jsonl
हालसालैका ऐन,Recent Acts,ne-en,formal,government,government_00015,recovered_site_labels_and_manual_normalization,training/data/train_clean_ne-en.jsonl
हालसालैका ऐन,Recent Acts,ne-en,formal,government,government_00015,recovered_site_labels_and_manual_normalization,training/data/train_clean_ne-en.jsonl
हालसालैका ऐन,Recent Acts,ne-en,formal,government,government_00015,recovered_site_labels_and_manual_normalization,training/data/train_clean_ne-en.jsonl
कृपया औपचारिक भाषा प्रयोग गर्नुहोस्।,Please use formal language.,ne-en,formal,government,government_00052,assistant_curated,training/data/train_clean_ne-en.jsonl
कृपया औपचारिक भाषा प्रयोग गर्नुहोस्।,Please use formal language.,ne-en,formal,government,government_00052,assistant_curated,training/data/train_clean_ne-en.jsonl
कृपया औपचारिक भाषा प्रयोग गर्नुहोस्।,Please use formal language.,ne-en,formal,government,government_00052,assistant_curated,training/data/train_clean_ne-en.jsonl
कृपया औपचारिक भाषा प्रयोग गर्नुहोस्।,Please use formal language.,ne-en,formal,government,government_00052,assistant_curated,training/data/train_clean_ne-en.jsonl
yo kahile aaipugchha?,When will it arrive?,ne-en,roman_formal,questions_requests,questions_requests_00020,assistant_curated,training/data/train_clean_ne-en.jsonl
yo kahile aaipugchha?,When will it arrive?,ne-en,roman_formal,questions_requests,questions_requests_00020,assistant_curated,training/data/train_clean_ne-en.jsonl
yo kahile aaipugchha?,When will it arrive?,ne-en,roman_formal,questions_requests,questions_requests_00020,assistant_curated,training/data/train_clean_ne-en.jsonl
yo kahile aaipugchha?,When will it arrive?,ne-en,roman_formal,questions_requests,questions_requests_00020,assistant_curated,training/data/train_clean_ne-en.jsonl
yo kahile aaipugchha?,When will it arrive?,ne-en,roman_formal,questions_requests,questions_requests_00020,assistant_curated,training/data/train_clean_ne-en.jsonl
yo kahile aaipugchha?,When will it arrive?,ne-en,roman_formal,questions_requests,questions_requests_00020,assistant_curated,training/data/train_clean_ne-en.jsonl
yo kahile aaipugchha?,When will it arrive?,ne-en,roman_formal,questions_requests,questions_requests_00020,assistant_curated,training/data/train_clean_ne-en.jsonl
yo kahile aaipugchha?,When will it arrive?,ne-en,roman_formal,questions_requests,questions_requests_00020,assistant_curated,training/data/train_clean_ne-en.jsonl
तिमी कहाँबाट आएको?,Where are you from?,ne-en,informal,questions_requests,questions_requests_00030,user_conv_seed,training/data/train_clean_ne-en.jsonl
तिमी कहाँबाट आएको?,Where are you from?,ne-en,informal,questions_requests,questions_requests_00030,user_conv_seed,training/data/train_clean_ne-en.jsonl
तिमी कहाँबाट आएको?,Where are you from?,ne-en,informal,questions_requests,questions_requests_00030,user_conv_seed,training/data/train_clean_ne-en.jsonl
तिमी कहाँबाट आएको?,Where are you from?,ne-en,informal,questions_requests,questions_requests_00030,user_conv_seed,training/data/train_clean_ne-en.jsonl
तिमी कहाँबाट आएको?,Where are you from?,ne-en,informal,questions_requests,questions_requests_00030,user_conv_seed,training/data/train_clean_ne-en.jsonl
तिमी कहाँबाट आएको?,Where are you from?,ne-en,informal,questions_requests,questions_requests_00030,user_conv_seed,training/data/train_clean_ne-en.jsonl
तिमी कहाँबाट आएको?,Where are you from?,ne-en,informal,questions_requests,questions_requests_00030,user_conv_seed,training/data/train_clean_ne-en.jsonl
तिमी कहाँबाट आएको?,Where are you from?,ne-en,informal,questions_requests,questions_requests_00030,user_conv_seed,training/data/train_clean_ne-en.jsonl
हो।,Yes.,ne-en,formal,core_grammar,core_grammar_00006,assistant_curated,training/data/train_clean_ne-en.jsonl
हो।,Yes.,ne-en,formal,core_grammar,core_grammar_00006,assistant_curated,training/data/train_clean_ne-en.jsonl
हो।,Yes.,ne-en,formal,core_grammar,core_grammar_00006,assistant_curated,training/data/train_clean_ne-en.jsonl
हो।,Yes.,ne-en,formal,core_grammar,core_grammar_00006,assistant_curated,training/data/train_clean_ne-en.jsonl
ke tapaisnga yobhanda sano saija chha?,Do you have a smaller size?,ne-en,roman_formal,questions_requests,questions_requests_00010,assistant_curated,training/data/train_clean_ne-en.jsonl
ke tapaisnga yobhanda sano saija chha?,Do you have a smaller size?,ne-en,roman_formal,questions_requests,questions_requests_00010,assistant_curated,training/data/train_clean_ne-en.jsonl
ke tapaisnga yobhanda sano saija chha?,Do you have a smaller size?,ne-en,roman_formal,questions_requests,questions_requests_00010,assistant_curated,training/data/train_clean_ne-en.jsonl
ke tapaisnga yobhanda sano saija chha?,Do you have a smaller size?,ne-en,roman_formal,questions_requests,questions_requests_00010,assistant_curated,training/data/train_clean_ne-en.jsonl
ke tapaisnga yobhanda sano saija chha?,Do you have a smaller size?,ne-en,roman_formal,questions_requests,questions_requests_00010,assistant_curated,training/data/train_clean_ne-en.jsonl
ke tapaisnga yobhanda sano saija chha?,Do you have a smaller size?,ne-en,roman_formal,questions_requests,questions_requests_00010,assistant_curated,training/data/train_clean_ne-en.jsonl
ke tapaisnga yobhanda sano saija chha?,Do you have a smaller size?,ne-en,roman_formal,questions_requests,questions_requests_00010,assistant_curated,training/data/train_clean_ne-en.jsonl
ke tapaisnga yobhanda sano saija chha?,Do you have a smaller size?,ne-en,roman_formal,questions_requests,questions_requests_00010,assistant_curated,training/data/train_clean_ne-en.jsonl
कृपया मलाई मद्दत गर्नुहोस्।,Please help me.,ne-en,formal,asr_noise,asr_noise_00001,hand_priority_seed,training/data/train_clean_ne-en.jsonl
कृपया मलाई मद्दत गर्नुहोस्।,Please help me.,ne-en,formal,asr_noise,asr_noise_00001,hand_priority_seed,training/data/train_clean_ne-en.jsonl
कृपया मलाई मद्दत गर्नुहोस्।,Please help me.,ne-en,formal,asr_noise,asr_noise_00001,hand_priority_seed,training/data/train_clean_ne-en.jsonl
कृपया मलाई मद्दत गर्नुहोस्।,Please help me.,ne-en,formal,asr_noise,asr_noise_00001,hand_priority_seed,training/data/train_clean_ne-en.jsonl
मलाई रसिद देऊ न।,Please give me a receipt.,ne-en,formal,questions_requests,questions_requests_00012,assistant_curated,training/data/train_clean_ne-en.jsonl
मलाई रसिद देऊ न।,Please give me a receipt.,ne-en,formal,questions_requests,questions_requests_00012,assistant_curated,training/data/train_clean_ne-en.jsonl
मलाई रसिद देऊ न।,Please give me a receipt.,ne-en,formal,questions_requests,questions_requests_00012,assistant_curated,training/data/train_clean_ne-en.jsonl
मलाई रसिद देऊ न।,Please give me a receipt.,ne-en,formal,questions_requests,questions_requests_00012,assistant_curated,training/data/train_clean_ne-en.jsonl
मलाई रसिद देऊ न।,Please give me a receipt.,ne-en,formal,questions_requests,questions_requests_00012,assistant_curated,training/data/train_clean_ne-en.jsonl
मलाई रसिद देऊ न।,Please give me a receipt.,ne-en,formal,questions_requests,questions_requests_00012,assistant_curated,training/data/train_clean_ne-en.jsonl
मलाई रसिद देऊ न।,Please give me a receipt.,ne-en,formal,questions_requests,questions_requests_00012,assistant_curated,training/data/train_clean_ne-en.jsonl
मलाई रसिद देऊ न।,Please give me a receipt.,ne-en,formal,questions_requests,questions_requests_00012,assistant_curated,training/data/train_clean_ne-en.jsonl
के तिमीसँग योभन्दा सानो साइज छ?,Do you have a smaller size?,ne-en,informal,questions_requests,questions_requests_00031,user_conv_seed,training/data/train_clean_ne-en.jsonl
के तिमीसँग योभन्दा सानो साइज छ?,Do you have a smaller size?,ne-en,informal,questions_requests,questions_requests_00031,user_conv_seed,training/data/train_clean_ne-en.jsonl
के तिमीसँग योभन्दा सानो साइज छ?,Do you have a smaller size?,ne-en,informal,questions_requests,questions_requests_00031,user_conv_seed,training/data/train_clean_ne-en.jsonl
के तिमीसँग योभन्दा सानो साइज छ?,Do you have a smaller size?,ne-en,informal,questions_requests,questions_requests_00031,user_conv_seed,training/data/train_clean_ne-en.jsonl
के तिमीसँग योभन्दा सानो साइज छ?,Do you have a smaller size?,ne-en,informal,questions_requests,questions_requests_00031,user_conv_seed,training/data/train_clean_ne-en.jsonl
के तिमीसँग योभन्दा सानो साइज छ?,Do you have a smaller size?,ne-en,informal,questions_requests,questions_requests_00031,user_conv_seed,training/data/train_clean_ne-en.jsonl
के तिमीसँग योभन्दा सानो साइज छ?,Do you have a smaller size?,ne-en,informal,questions_requests,questions_requests_00031,user_conv_seed,training/data/train_clean_ne-en.jsonl
के तिमीसँग योभन्दा सानो साइज छ?,Do you have a smaller size?,ne-en,informal,questions_requests,questions_requests_00031,user_conv_seed,training/data/train_clean_ne-en.jsonl
तिमी कहाँ जाँदै छौ?,Where are you going?,ne-en,informal,pronouns_honorifics,pronouns_honorifics_00001,hand_priority_seed,training/data/train_clean_ne-en.jsonl
तिमी कहाँ जाँदै छौ?,Where are you going?,ne-en,informal,pronouns_honorifics,pronouns_honorifics_00001,hand_priority_seed,training/data/train_clean_ne-en.jsonl
तिमी कहाँ जाँदै छौ?,Where are you going?,ne-en,informal,pronouns_honorifics,pronouns_honorifics_00001,hand_priority_seed,training/data/train_clean_ne-en.jsonl
तिमी कहाँ जाँदै छौ?,Where are you going?,ne-en,informal,pronouns_honorifics,pronouns_honorifics_00001,hand_priority_seed,training/data/train_clean_ne-en.jsonl
तिमी कहाँ जाँदै छौ?,Where are you going?,ne-en,informal,pronouns_honorifics,pronouns_honorifics_00001,hand_priority_seed,training/data/train_clean_ne-en.jsonl
तिमी कहाँ जाँदै छौ?,Where are you going?,ne-en,informal,pronouns_honorifics,pronouns_honorifics_00001,hand_priority_seed,training/data/train_clean_ne-en.jsonl
तिमी कहाँ जाँदै छौ?,Where are you going?,ne-en,informal,pronouns_honorifics,pronouns_honorifics_00001,hand_priority_seed,training/data/train_clean_ne-en.jsonl
तिमी कहाँ जाँदै छौ?,Where are you going?,ne-en,informal,pronouns_honorifics,pronouns_honorifics_00001,hand_priority_seed,training/data/train_clean_ne-en.jsonl
kripya malai rasida dinuhos.,Please give me a receipt.,ne-en,roman_formal,questions_requests,questions_requests_00011,assistant_curated,training/data/train_clean_ne-en.jsonl
kripya malai rasida dinuhos.,Please give me a receipt.,ne-en,roman_formal,questions_requests,questions_requests_00011,assistant_curated,training/data/train_clean_ne-en.jsonl
kripya malai rasida dinuhos.,Please give me a receipt.,ne-en,roman_formal,questions_requests,questions_requests_00011,assistant_curated,training/data/train_clean_ne-en.jsonl
kripya malai rasida dinuhos.,Please give me a receipt.,ne-en,roman_formal,questions_requests,questions_requests_00011,assistant_curated,training/data/train_clean_ne-en.jsonl
kripya malai rasida dinuhos.,Please give me a receipt.,ne-en,roman_formal,questions_requests,questions_requests_00011,assistant_curated,training/data/train_clean_ne-en.jsonl
kripya malai rasida dinuhos.,Please give me a receipt.,ne-en,roman_formal,questions_requests,questions_requests_00011,assistant_curated,training/data/train_clean_ne-en.jsonl
kripya malai rasida dinuhos.,Please give me a receipt.,ne-en,roman_formal,questions_requests,questions_requests_00011,assistant_curated,training/data/train_clean_ne-en.jsonl
kripya malai rasida dinuhos.,Please give me a receipt.,ne-en,roman_formal,questions_requests,questions_requests_00011,assistant_curated,training/data/train_clean_ne-en.jsonl
फेरि प्रयास गर।,Please try again.,ne-en,formal,questions_requests,questions_requests_00027,assistant_curated,training/data/train_clean_ne-en.jsonl
फेरि प्रयास गर।,Please try again.,ne-en,formal,questions_requests,questions_requests_00027,assistant_curated,training/data/train_clean_ne-en.jsonl
फेरि प्रयास गर।,Please try again.,ne-en,formal,questions_requests,questions_requests_00027,assistant_curated,training/data/train_clean_ne-en.jsonl
फेरि प्रयास गर।,Please try again.,ne-en,formal,questions_requests,questions_requests_00027,assistant_curated,training/data/train_clean_ne-en.jsonl
फेरि प्रयास गर।,Please try again.,ne-en,formal,questions_requests,questions_requests_00027,assistant_curated,training/data/train_clean_ne-en.jsonl
फेरि प्रयास गर।,Please try again.,ne-en,formal,questions_requests,questions_requests_00027,assistant_curated,training/data/train_clean_ne-en.jsonl
फेरि प्रयास गर।,Please try again.,ne-en,formal,questions_requests,questions_requests_00027,assistant_curated,training/data/train_clean_ne-en.jsonl
फेरि प्रयास गर।,Please try again.,ne-en,formal,questions_requests,questions_requests_00027,assistant_curated,training/data/train_clean_ne-en.jsonl
म नगद तिर्छु।,I will pay in cash.,ne-en,formal,shopping,shopping_00005,hand_priority_seed,training/data/train_clean_ne-en.jsonl
म नगद तिर्छु।,I will pay in cash.,ne-en,formal,shopping,shopping_00005,hand_priority_seed,training/data/train_clean_ne-en.jsonl
म नगद तिर्छु।,I will pay in cash.,ne-en,formal,shopping,shopping_00005,hand_priority_seed,training/data/train_clean_ne-en.jsonl
म नगद तिर्छु।,I will pay in cash.,ne-en,formal,shopping,shopping_00005,hand_priority_seed,training/data/train_clean_ne-en.jsonl
अनुवाद जाँच गर।,Please check the translation.,ne-en,informal,questions_requests,questions_requests_00028,assistant_curated,training/data/train_clean_ne-en.jsonl
अनुवाद जाँच गर।,Please check the translation.,ne-en,informal,questions_requests,questions_requests_00028,assistant_curated,training/data/train_clean_ne-en.jsonl
अनुवाद जाँच गर।,Please check the translation.,ne-en,informal,questions_requests,questions_requests_00028,assistant_curated,training/data/train_clean_ne-en.jsonl
अनुवाद जाँच गर।,Please check the translation.,ne-en,informal,questions_requests,questions_requests_00028,assistant_curated,training/data/train_clean_ne-en.jsonl
अनुवाद जाँच गर।,Please check the translation.,ne-en,informal,questions_requests,questions_requests_00028,assistant_curated,training/data/train_clean_ne-en.jsonl
अनुवाद जाँच गर।,Please check the translation.,ne-en,informal,questions_requests,questions_requests_00028,assistant_curated,training/data/train_clean_ne-en.jsonl
अनुवाद जाँच गर।,Please check the translation.,ne-en,informal,questions_requests,questions_requests_00028,assistant_curated,training/data/train_clean_ne-en.jsonl
अनुवाद जाँच गर।,Please check the translation.,ne-en,informal,questions_requests,questions_requests_00028,assistant_curated,training/data/train_clean_ne-en.jsonl
उडान ढिलो भयो।,The flight is delayed.,ne-en,formal,travel,travel_00008,hand_priority_seed,training/data/train_clean_ne-en.jsonl
उडान ढिलो भयो।,The flight is delayed.,ne-en,formal,travel,travel_00008,hand_priority_seed,training/data/train_clean_ne-en.jsonl
उडान ढिलो भयो।,The flight is delayed.,ne-en,formal,travel,travel_00008,hand_priority_seed,training/data/train_clean_ne-en.jsonl
उडान ढिलो भयो।,The flight is delayed.,ne-en,formal,travel,travel_00008,hand_priority_seed,training/data/train_clean_ne-en.jsonl
उडान ढिलो भयो।,The flight is delayed.,ne-en,formal,travel,travel_00008,hand_priority_seed,training/data/train_clean_ne-en.jsonl
उडान ढिलो भयो।,The flight is delayed.,ne-en,formal,travel,travel_00008,hand_priority_seed,training/data/train_clean_ne-en.jsonl
उडान ढिलो भयो।,The flight is delayed.,ne-en,formal,travel,travel_00008,hand_priority_seed,training/data/train_clean_ne-en.jsonl
उडान ढिलो भयो।,The flight is delayed.,ne-en,formal,travel,travel_00008,hand_priority_seed,training/data/train_clean_ne-en.jsonl
दरबार स्क्वायरमा भेटौं।,Meet me at Durbar Square.,ne-en,formal,code_switch_names,code_switch_names_00004,hand_priority_seed,training/data/train_clean_ne-en.jsonl
दरबार स्क्वायरमा भेटौं।,Meet me at Durbar Square.,ne-en,formal,code_switch_names,code_switch_names_00004,hand_priority_seed,training/data/train_clean_ne-en.jsonl
दरबार स्क्वायरमा भेटौं।,Meet me at Durbar Square.,ne-en,formal,code_switch_names,code_switch_names_00004,hand_priority_seed,training/data/train_clean_ne-en.jsonl
दरबार स्क्वायरमा भेटौं।,Meet me at Durbar Square.,ne-en,formal,code_switch_names,code_switch_names_00004,hand_priority_seed,training/data/train_clean_ne-en.jsonl
tapai kahabata aaeko?,Where are you from?,ne-en,roman_formal,questions_requests,questions_requests_00008,assistant_curated,training/data/train_clean_ne-en.jsonl
tapai kahabata aaeko?,Where are you from?,ne-en,roman_formal,questions_requests,questions_requests_00008,assistant_curated,training/data/train_clean_ne-en.jsonl
tapai kahabata aaeko?,Where are you from?,ne-en,roman_formal,questions_requests,questions_requests_00008,assistant_curated,training/data/train_clean_ne-en.jsonl
tapai kahabata aaeko?,Where are you from?,ne-en,roman_formal,questions_requests,questions_requests_00008,assistant_curated,training/data/train_clean_ne-en.jsonl
tapai kahabata aaeko?,Where are you from?,ne-en,roman_formal,questions_requests,questions_requests_00008,assistant_curated,training/data/train_clean_ne-en.jsonl
tapai kahabata aaeko?,Where are you from?,ne-en,roman_formal,questions_requests,questions_requests_00008,assistant_curated,training/data/train_clean_ne-en.jsonl
tapai kahabata aaeko?,Where are you from?,ne-en,roman_formal,questions_requests,questions_requests_00008,assistant_curated,training/data/train_clean_ne-en.jsonl
tapai kahabata aaeko?,Where are you from?,ne-en,roman_formal,questions_requests,questions_requests_00008,assistant_curated,training/data/train_clean_ne-en.jsonl
तपाईं कहाँबाट आउनुभएको हो?,Where are you from?,ne-en,formal,questions_requests,questions_requests_00007,assistant_curated,training/data/train_clean_ne-en.jsonl
तपाईं कहाँबाट आउनुभएको हो?,Where are you from?,ne-en,formal,questions_requests,questions_requests_00007,assistant_curated,training/data/train_clean_ne-en.jsonl
तपाईं कहाँबाट आउनुभएको हो?,Where are you from?,ne-en,formal,questions_requests,questions_requests_00007,assistant_curated,training/data/train_clean_ne-en.jsonl
तपाईं कहाँबाट आउनुभएको हो?,Where are you from?,ne-en,formal,questions_requests,questions_requests_00007,assistant_curated,training/data/train_clean_ne-en.jsonl
तपाईं कहाँबाट आउनुभएको हो?,Where are you from?,ne-en,formal,questions_requests,questions_requests_00007,assistant_curated,training/data/train_clean_ne-en.jsonl
तपाईं कहाँबाट आउनुभएको हो?,Where are you from?,ne-en,formal,questions_requests,questions_requests_00007,assistant_curated,training/data/train_clean_ne-en.jsonl
तपाईं कहाँबाट आउनुभएको हो?,Where are you from?,ne-en,formal,questions_requests,questions_requests_00007,assistant_curated,training/data/train_clean_ne-en.jsonl
तपाईं कहाँबाट आउनुभएको हो?,Where are you from?,ne-en,formal,questions_requests,questions_requests_00007,assistant_curated,training/data/train_clean_ne-en.jsonl
yo shakahari ho?,Is this vegetarian?,ne-en,roman_formal,questions_requests,questions_requests_00014,assistant_curated,training/data/train_clean_ne-en.jsonl
yo shakahari ho?,Is this vegetarian?,ne-en,roman_formal,questions_requests,questions_requests_00014,assistant_curated,training/data/train_clean_ne-en.jsonl
yo shakahari ho?,Is this vegetarian?,ne-en,roman_formal,questions_requests,questions_requests_00014,assistant_curated,training/data/train_clean_ne-en.jsonl
yo shakahari ho?,Is this vegetarian?,ne-en,roman_formal,questions_requests,questions_requests_00014,assistant_curated,training/data/train_clean_ne-en.jsonl
yo shakahari ho?,Is this vegetarian?,ne-en,roman_formal,questions_requests,questions_requests_00014,assistant_curated,training/data/train_clean_ne-en.jsonl
yo shakahari ho?,Is this vegetarian?,ne-en,roman_formal,questions_requests,questions_requests_00014,assistant_curated,training/data/train_clean_ne-en.jsonl
yo shakahari ho?,Is this vegetarian?,ne-en,roman_formal,questions_requests,questions_requests_00014,assistant_curated,training/data/train_clean_ne-en.jsonl
yo shakahari ho?,Is this vegetarian?,ne-en,roman_formal,questions_requests,questions_requests_00014,assistant_curated,training/data/train_clean_ne-en.jsonl
बायाँ मोड्नुहोस्।,Turn left.,ne-en,formal,core_grammar,core_grammar_00009,assistant_curated,training/data/train_clean_ne-en.jsonl
बायाँ मोड्नुहोस्।,Turn left.,ne-en,formal,core_grammar,core_grammar_00009,assistant_curated,training/data/train_clean_ne-en.jsonl
बायाँ मोड्नुहोस्।,Turn left.,ne-en,formal,core_grammar,core_grammar_00009,assistant_curated,training/data/train_clean_ne-en.jsonl
बायाँ मोड्नुहोस्।,Turn left.,ne-en,formal,core_grammar,core_grammar_00009,assistant_curated,training/data/train_clean_ne-en.jsonl
सुझाव र गुनासो,Suggestions and Complaints,ne-en,formal,government,government_00033,recovered_site_labels_and_manual_normalization,training/data/train_clean_ne-en.jsonl
सुझाव र गुनासो,Suggestions and Complaints,ne-en,formal,government,government_00033,recovered_site_labels_and_manual_normalization,training/data/train_clean_ne-en.jsonl
सुझाव र गुनासो,Suggestions and Complaints,ne-en,formal,government,government_00033,recovered_site_labels_and_manual_normalization,training/data/train_clean_ne-en.jsonl
सुझाव र गुनासो,Suggestions and Complaints,ne-en,formal,government,government_00033,recovered_site_labels_and_manual_normalization,training/data/train_clean_ne-en.jsonl
तिमीलाई कहाँ दुखेको छ?,Where does it hurt?,ne-en,informal,questions_requests,questions_requests_00015,assistant_curated,training/data/train_clean_ne-en.jsonl
तिमीलाई कहाँ दुखेको छ?,Where does it hurt?,ne-en,informal,questions_requests,questions_requests_00015,assistant_curated,training/data/train_clean_ne-en.jsonl
तिमीलाई कहाँ दुखेको छ?,Where does it hurt?,ne-en,informal,questions_requests,questions_requests_00015,assistant_curated,training/data/train_clean_ne-en.jsonl
तिमीलाई कहाँ दुखेको छ?,Where does it hurt?,ne-en,informal,questions_requests,questions_requests_00015,assistant_curated,training/data/train_clean_ne-en.jsonl
तिमीलाई कहाँ दुखेको छ?,Where does it hurt?,ne-en,informal,questions_requests,questions_requests_00015,assistant_curated,training/data/train_clean_ne-en.jsonl
तिमीलाई कहाँ दुखेको छ?,Where does it hurt?,ne-en,informal,questions_requests,questions_requests_00015,assistant_curated,training/data/train_clean_ne-en.jsonl
तिमीलाई कहाँ दुखेको छ?,Where does it hurt?,ne-en,informal,questions_requests,questions_requests_00015,assistant_curated,training/data/train_clean_ne-en.jsonl
तिमीलाई कहाँ दुखेको छ?,Where does it hurt?,ne-en,informal,questions_requests,questions_requests_00015,assistant_curated,training/data/train_clean_ne-en.jsonl
सिम कार्ड कहाँ किन्न सकिन्छ?,Where can I buy a SIM card?,ne-en,formal,travel,travel_00007,hand_priority_seed,training/data/train_clean_ne-en.jsonl
सिम कार्ड कहाँ किन्न सकिन्छ?,Where can I buy a SIM card?,ne-en,formal,travel,travel_00007,hand_priority_seed,training/data/train_clean_ne-en.jsonl
सिम कार्ड कहाँ किन्न सकिन्छ?,Where can I buy a SIM card?,ne-en,formal,travel,travel_00007,hand_priority_seed,training/data/train_clean_ne-en.jsonl
सिम कार्ड कहाँ किन्न सकिन्छ?,Where can I buy a SIM card?,ne-en,formal,travel,travel_00007,hand_priority_seed,training/data/train_clean_ne-en.jsonl
सिम कार्ड कहाँ किन्न सकिन्छ?,Where can I buy a SIM card?,ne-en,formal,travel,travel_00007,hand_priority_seed,training/data/train_clean_ne-en.jsonl
सिम कार्ड कहाँ किन्न सकिन्छ?,Where can I buy a SIM card?,ne-en,formal,travel,travel_00007,hand_priority_seed,training/data/train_clean_ne-en.jsonl
सिम कार्ड कहाँ किन्न सकिन्छ?,Where can I buy a SIM card?,ne-en,formal,travel,travel_00007,hand_priority_seed,training/data/train_clean_ne-en.jsonl
सिम कार्ड कहाँ किन्न सकिन्छ?,Where can I buy a SIM card?,ne-en,formal,travel,travel_00007,hand_priority_seed,training/data/train_clean_ne-en.jsonl
मेरो नाम कुपर हो।,My name is Cooper.,ne-en,formal,code_switch_names,code_switch_names_00003,hand_priority_seed,training/data/train_clean_ne-en.jsonl
मेरो नाम कुपर हो।,My name is Cooper.,ne-en,formal,code_switch_names,code_switch_names_00003,hand_priority_seed,training/data/train_clean_ne-en.jsonl
मेरो नाम कुपर हो।,My name is Cooper.,ne-en,formal,code_switch_names,code_switch_names_00003,hand_priority_seed,training/data/train_clean_ne-en.jsonl
मेरो नाम कुपर हो।,My name is Cooper.,ne-en,formal,code_switch_names,code_switch_names_00003,hand_priority_seed,training/data/train_clean_ne-en.jsonl
ऐतिहासिक दस्तावेज,Historical Documents,ne-en,formal,government,government_00027,recovered_site_labels_and_manual_normalization,training/data/train_clean_ne-en.jsonl
ऐतिहासिक दस्तावेज,Historical Documents,ne-en,formal,government,government_00027,recovered_site_labels_and_manual_normalization,training/data/train_clean_ne-en.jsonl
ऐतिहासिक दस्तावेज,Historical Documents,ne-en,formal,government,government_00027,recovered_site_labels_and_manual_normalization,training/data/train_clean_ne-en.jsonl
ऐतिहासिक दस्तावेज,Historical Documents,ne-en,formal,government,government_00027,recovered_site_labels_and_manual_normalization,training/data/train_clean_ne-en.jsonl
tapai kaha jadai hunuhunchha?,Where are you going?,ne-en,roman_formal,pronouns_honorifics,pronouns_honorifics_00001,hand_priority_seed,training/data/train_clean_ne-en.jsonl
tapai kaha jadai hunuhunchha?,Where are you going?,ne-en,roman_formal,pronouns_honorifics,pronouns_honorifics_00001,hand_priority_seed,training/data/train_clean_ne-en.jsonl
tapai kaha jadai hunuhunchha?,Where are you going?,ne-en,roman_formal,pronouns_honorifics,pronouns_honorifics_00001,hand_priority_seed,training/data/train_clean_ne-en.jsonl
tapai kaha jadai hunuhunchha?,Where are you going?,ne-en,roman_formal,pronouns_honorifics,pronouns_honorifics_00001,hand_priority_seed,training/data/train_clean_ne-en.jsonl
tapai kaha jadai hunuhunchha?,Where are you going?,ne-en,roman_formal,pronouns_honorifics,pronouns_honorifics_00001,hand_priority_seed,training/data/train_clean_ne-en.jsonl
tapai kaha jadai hunuhunchha?,Where are you going?,ne-en,roman_formal,pronouns_honorifics,pronouns_honorifics_00001,hand_priority_seed,training/data/train_clean_ne-en.jsonl
tapai kaha jadai hunuhunchha?,Where are you going?,ne-en,roman_formal,pronouns_honorifics,pronouns_honorifics_00001,hand_priority_seed,training/data/train_clean_ne-en.jsonl
tapai kaha jadai hunuhunchha?,Where are you going?,ne-en,roman_formal,pronouns_honorifics,pronouns_honorifics_00001,hand_priority_seed,training/data/train_clean_ne-en.jsonl
रद्द गर्नुहोस्,Cancel,ne-en,formal,government,government_00048,recovered_site_labels_and_manual_normalization,training/data/train_clean_ne-en.jsonl
रद्द गर्नुहोस्,Cancel,ne-en,formal,government,government_00048,recovered_site_labels_and_manual_normalization,training/data/train_clean_ne-en.jsonl
रद्द गर्नुहोस्,Cancel,ne-en,formal,government,government_00048,recovered_site_labels_and_manual_normalization,training/data/train_clean_ne-en.jsonl
रद्द गर्नुहोस्,Cancel,ne-en,formal,government,government_00048,recovered_site_labels_and_manual_normalization,training/data/train_clean_ne-en.jsonl
यो मेरो पासपोर्ट हो।,This is my passport.,ne-en,formal,government,government_00001,hand_priority_seed,training/data/train_clean_ne-en.jsonl
यो मेरो पासपोर्ट हो।,This is my passport.,ne-en,formal,government,government_00001,hand_priority_seed,training/data/train_clean_ne-en.jsonl
यो मेरो पासपोर्ट हो।,This is my passport.,ne-en,formal,government,government_00001,hand_priority_seed,training/data/train_clean_ne-en.jsonl
यो मेरो पासपोर्ट हो।,This is my passport.,ne-en,formal,government,government_00001,hand_priority_seed,training/data/train_clean_ne-en.jsonl
नियमावली,Regulations,ne-en,formal,government,government_00019,recovered_site_labels_and_manual_normalization,training/data/train_clean_ne-en.jsonl
नियमावली,Regulations,ne-en,formal,government,government_00019,recovered_site_labels_and_manual_normalization,training/data/train_clean_ne-en.jsonl
नियमावली,Regulations,ne-en,formal,government,government_00019,recovered_site_labels_and_manual_normalization,training/data/train_clean_ne-en.jsonl
नियमावली,Regulations,ne-en,formal,government,government_00019,recovered_site_labels_and_manual_normalization,training/data/train_clean_ne-en.jsonl
भाषा चयन गर्नुहोस्,Select Language,ne-en,formal,government,government_00038,recovered_site_labels_and_manual_normalization,training/data/train_clean_ne-en.jsonl
भाषा चयन गर्नुहोस्,Select Language,ne-en,formal,government,government_00038,recovered_site_labels_and_manual_normalization,training/data/train_clean_ne-en.jsonl
भाषा चयन गर्नुहोस्,Select Language,ne-en,formal,government,government_00038,recovered_site_labels_and_manual_normalization,training/data/train_clean_ne-en.jsonl
भाषा चयन गर्नुहोस्,Select Language,ne-en,formal,government,government_00038,recovered_site_labels_and_manual_normalization,training/data/train_clean_ne-en.jsonl
yo kati tadha chha?,How far is it?,ne-en,roman_formal,travel,travel_00001,hand_priority_seed,training/data/train_clean_ne-en.jsonl
yo kati tadha chha?,How far is it?,ne-en,roman_formal,travel,travel_00001,hand_priority_seed,training/data/train_clean_ne-en.jsonl
yo kati tadha chha?,How far is it?,ne-en,roman_formal,travel,travel_00001,hand_priority_seed,training/data/train_clean_ne-en.jsonl
yo kati tadha chha?,How far is it?,ne-en,roman_formal,travel,travel_00001,hand_priority_seed,training/data/train_clean_ne-en.jsonl
yo kati tadha chha?,How far is it?,ne-en,roman_formal,travel,travel_00001,hand_priority_seed,training/data/train_clean_ne-en.jsonl
yo kati tadha chha?,How far is it?,ne-en,roman_formal,travel,travel_00001,hand_priority_seed,training/data/train_clean_ne-en.jsonl
yo kati tadha chha?,How far is it?,ne-en,roman_formal,travel,travel_00001,hand_priority_seed,training/data/train_clean_ne-en.jsonl
yo kati tadha chha?,How far is it?,ne-en,roman_formal,travel,travel_00001,hand_priority_seed,training/data/train_clean_ne-en.jsonl
डाउनलोड गर,Download,ne-en,informal,government,government_00043,recovered_site_labels_and_manual_normalization,training/data/train_clean_ne-en.jsonl
डाउनलोड गर,Download,ne-en,informal,government,government_00043,recovered_site_labels_and_manual_normalization,training/data/train_clean_ne-en.jsonl
डाउनलोड गर,Download,ne-en,informal,government,government_00043,recovered_site_labels_and_manual_normalization,training/data/train_clean_ne-en.jsonl
डाउनलोड गर,Download,ne-en,informal,government,government_00043,recovered_site_labels_and_manual_normalization,training/data/train_clean_ne-en.jsonl
हजुरलाई स्वागत छ।,You are welcome.,ne-en,formal,family,family_00005,assistant_curated,training/data/train_clean_ne-en.jsonl
हजुरलाई स्वागत छ।,You are welcome.,ne-en,formal,family,family_00005,assistant_curated,training/data/train_clean_ne-en.jsonl
हजुरलाई स्वागत छ।,You are welcome.,ne-en,formal,family,family_00005,assistant_curated,training/data/train_clean_ne-en.jsonl
हजुरलाई स्वागत छ।,You are welcome.,ne-en,formal,family,family_00005,assistant_curated,training/data/train_clean_ne-en.jsonl
kripya phona arko wyaktilai dinuhos.,Please pass the phone.,ne-en,roman_formal,questions_requests,questions_requests_00024,assistant_curated,training/data/train_clean_ne-en.jsonl
kripya phona arko wyaktilai dinuhos.,Please pass the phone.,ne-en,roman_formal,questions_requests,questions_requests_00024,assistant_curated,training/data/train_clean_ne-en.jsonl
kripya phona arko wyaktilai dinuhos.,Please pass the phone.,ne-en,roman_formal,questions_requests,questions_requests_00024,assistant_curated,training/data/train_clean_ne-en.jsonl
kripya phona arko wyaktilai dinuhos.,Please pass the phone.,ne-en,roman_formal,questions_requests,questions_requests_00024,assistant_curated,training/data/train_clean_ne-en.jsonl
kripya phona arko wyaktilai dinuhos.,Please pass the phone.,ne-en,roman_formal,questions_requests,questions_requests_00024,assistant_curated,training/data/train_clean_ne-en.jsonl
kripya phona arko wyaktilai dinuhos.,Please pass the phone.,ne-en,roman_formal,questions_requests,questions_requests_00024,assistant_curated,training/data/train_clean_ne-en.jsonl
kripya phona arko wyaktilai dinuhos.,Please pass the phone.,ne-en,roman_formal,questions_requests,questions_requests_00024,assistant_curated,training/data/train_clean_ne-en.jsonl
kripya phona arko wyaktilai dinuhos.,Please pass the phone.,ne-en,roman_formal,questions_requests,questions_requests_00024,assistant_curated,training/data/train_clean_ne-en.jsonl
दुई सय रुपैयाँ हो।,It is two hundred rupees.,ne-en,formal,numbers_money,numbers_money_00001,hand_priority_seed,training/data/train_clean_ne-en.jsonl
दुई सय रुपैयाँ हो।,It is two hundred rupees.,ne-en,formal,numbers_money,numbers_money_00001,hand_priority_seed,training/data/train_clean_ne-en.jsonl
दुई सय रुपैयाँ हो।,It is two hundred rupees.,ne-en,formal,numbers_money,numbers_money_00001,hand_priority_seed,training/data/train_clean_ne-en.jsonl
दुई सय रुपैयाँ हो।,It is two hundred rupees.,ne-en,formal,numbers_money,numbers_money_00001,hand_priority_seed,training/data/train_clean_ne-en.jsonl
म बिरामी छु।,I am sick.,ne-en,formal,core_grammar,core_grammar_00019,assistant_curated,training/data/train_clean_ne-en.jsonl
म बिरामी छु।,I am sick.,ne-en,formal,core_grammar,core_grammar_00019,assistant_curated,training/data/train_clean_ne-en.jsonl
म बिरामी छु।,I am sick.,ne-en,formal,core_grammar,core_grammar_00019,assistant_curated,training/data/train_clean_ne-en.jsonl
म बिरामी छु।,I am sick.,ne-en,formal,core_grammar,core_grammar_00019,assistant_curated,training/data/train_clean_ne-en.jsonl
कृपया फेरि प्रयास गर्नुहोस्।,Please try again.,ne-en,formal,questions_requests,questions_requests_00026,assistant_curated,training/data/train_clean_ne-en.jsonl
कृपया फेरि प्रयास गर्नुहोस्।,Please try again.,ne-en,formal,questions_requests,questions_requests_00026,assistant_curated,training/data/train_clean_ne-en.jsonl
कृपया फेरि प्रयास गर्नुहोस्।,Please try again.,ne-en,formal,questions_requests,questions_requests_00026,assistant_curated,training/data/train_clean_ne-en.jsonl
कृपया फेरि प्रयास गर्नुहोस्।,Please try again.,ne-en,formal,questions_requests,questions_requests_00026,assistant_curated,training/data/train_clean_ne-en.jsonl
कृपया फेरि प्रयास गर्नुहोस्।,Please try again.,ne-en,formal,questions_requests,questions_requests_00026,assistant_curated,training/data/train_clean_ne-en.jsonl
कृपया फेरि प्रयास गर्नुहोस्।,Please try again.,ne-en,formal,questions_requests,questions_requests_00026,assistant_curated,training/data/train_clean_ne-en.jsonl
कृपया फेरि प्रयास गर्नुहोस्।,Please try again.,ne-en,formal,questions_requests,questions_requests_00026,assistant_curated,training/data/train_clean_ne-en.jsonl
कृपया फेरि प्रयास गर्नुहोस्।,Please try again.,ne-en,formal,questions_requests,questions_requests_00026,assistant_curated,training/data/train_clean_ne-en.jsonl
तपाईं कहाँबाट आएको?,Where are you from?,ne-en,formal,questions_requests,questions_requests_00030,user_conv_seed,training/data/train_clean_ne-en.jsonl
तपाईं कहाँबाट आएको?,Where are you from?,ne-en,formal,questions_requests,questions_requests_00030,user_conv_seed,training/data/train_clean_ne-en.jsonl
तपाईं कहाँबाट आएको?,Where are you from?,ne-en,formal,questions_requests,questions_requests_00030,user_conv_seed,training/data/train_clean_ne-en.jsonl
तपाईं कहाँबाट आएको?,Where are you from?,ne-en,formal,questions_requests,questions_requests_00030,user_conv_seed,training/data/train_clean_ne-en.jsonl
तपाईं कहाँबाट आएको?,Where are you from?,ne-en,formal,questions_requests,questions_requests_00030,user_conv_seed,training/data/train_clean_ne-en.jsonl
तपाईं कहाँबाट आएको?,Where are you from?,ne-en,formal,questions_requests,questions_requests_00030,user_conv_seed,training/data/train_clean_ne-en.jsonl
तपाईं कहाँबाट आएको?,Where are you from?,ne-en,formal,questions_requests,questions_requests_00030,user_conv_seed,training/data/train_clean_ne-en.jsonl
तपाईं कहाँबाट आएको?,Where are you from?,ne-en,formal,questions_requests,questions_requests_00030,user_conv_seed,training/data/train_clean_ne-en.jsonl
मलाई सन्देश पठाऊ न।,Send me a message.,ne-en,formal,core_grammar,core_grammar_00024,assistant_curated,training/data/train_clean_ne-en.jsonl
मलाई सन्देश पठाऊ न।,Send me a message.,ne-en,formal,core_grammar,core_grammar_00024,assistant_curated,training/data/train_clean_ne-en.jsonl
मलाई सन्देश पठाऊ न।,Send me a message.,ne-en,formal,core_grammar,core_grammar_00024,assistant_curated,training/data/train_clean_ne-en.jsonl
मलाई सन्देश पठाऊ न।,Send me a message.,ne-en,formal,core_grammar,core_grammar_00024,assistant_curated,training/data/train_clean_ne-en.jsonl
म मासु खाँदिनँ।,I do not eat meat.,ne-en,formal,core_grammar,core_grammar_00017,assistant_curated,training/data/train_clean_ne-en.jsonl
म मासु खाँदिनँ।,I do not eat meat.,ne-en,formal,core_grammar,core_grammar_00017,assistant_curated,training/data/train_clean_ne-en.jsonl
म मासु खाँदिनँ।,I do not eat meat.,ne-en,formal,core_grammar,core_grammar_00017,assistant_curated,training/data/train_clean_ne-en.jsonl
म मासु खाँदिनँ।,I do not eat meat.,ne-en,formal,core_grammar,core_grammar_00017,assistant_curated,training/data/train_clean_ne-en.jsonl
tapai kahabata aaeko?,Where are you from?,ne-en,roman_formal,questions_requests,questions_requests_00030,user_conv_seed,training/data/train_clean_ne-en.jsonl
tapai kahabata aaeko?,Where are you from?,ne-en,roman_formal,questions_requests,questions_requests_00030,user_conv_seed,training/data/train_clean_ne-en.jsonl
tapai kahabata aaeko?,Where are you from?,ne-en,roman_formal,questions_requests,questions_requests_00030,user_conv_seed,training/data/train_clean_ne-en.jsonl
tapai kahabata aaeko?,Where are you from?,ne-en,roman_formal,questions_requests,questions_requests_00030,user_conv_seed,training/data/train_clean_ne-en.jsonl
tapai kahabata aaeko?,Where are you from?,ne-en,roman_formal,questions_requests,questions_requests_00030,user_conv_seed,training/data/train_clean_ne-en.jsonl
tapai kahabata aaeko?,Where are you from?,ne-en,roman_formal,questions_requests,questions_requests_00030,user_conv_seed,training/data/train_clean_ne-en.jsonl
tapai kahabata aaeko?,Where are you from?,ne-en,roman_formal,questions_requests,questions_requests_00030,user_conv_seed,training/data/train_clean_ne-en.jsonl
tapai kahabata aaeko?,Where are you from?,ne-en,roman_formal,questions_requests,questions_requests_00030,user_conv_seed,training/data/train_clean_ne-en.jsonl
sima karda kaha kinna sakinchha?,Where can I buy a SIM card?,ne-en,roman_formal,travel,travel_00007,hand_priority_seed,training/data/train_clean_ne-en.jsonl
sima karda kaha kinna sakinchha?,Where can I buy a SIM card?,ne-en,roman_formal,travel,travel_00007,hand_priority_seed,training/data/train_clean_ne-en.jsonl
sima karda kaha kinna sakinchha?,Where can I buy a SIM card?,ne-en,roman_formal,travel,travel_00007,hand_priority_seed,training/data/train_clean_ne-en.jsonl
sima karda kaha kinna sakinchha?,Where can I buy a SIM card?,ne-en,roman_formal,travel,travel_00007,hand_priority_seed,training/data/train_clean_ne-en.jsonl
sima karda kaha kinna sakinchha?,Where can I buy a SIM card?,ne-en,roman_formal,travel,travel_00007,hand_priority_seed,training/data/train_clean_ne-en.jsonl
sima karda kaha kinna sakinchha?,Where can I buy a SIM card?,ne-en,roman_formal,travel,travel_00007,hand_priority_seed,training/data/train_clean_ne-en.jsonl
sima karda kaha kinna sakinchha?,Where can I buy a SIM card?,ne-en,roman_formal,travel,travel_00007,hand_priority_seed,training/data/train_clean_ne-en.jsonl
sima karda kaha kinna sakinchha?,Where can I buy a SIM card?,ne-en,roman_formal,travel,travel_00007,hand_priority_seed,training/data/train_clean_ne-en.jsonl
udana dhilo bhayo.,The flight is delayed.,ne-en,roman_formal,travel,travel_00008,hand_priority_seed,training/data/train_clean_ne-en.jsonl
udana dhilo bhayo.,The flight is delayed.,ne-en,roman_formal,travel,travel_00008,hand_priority_seed,training/data/train_clean_ne-en.jsonl
udana dhilo bhayo.,The flight is delayed.,ne-en,roman_formal,travel,travel_00008,hand_priority_seed,training/data/train_clean_ne-en.jsonl
udana dhilo bhayo.,The flight is delayed.,ne-en,roman_formal,travel,travel_00008,hand_priority_seed,training/data/train_clean_ne-en.jsonl
udana dhilo bhayo.,The flight is delayed.,ne-en,roman_formal,travel,travel_00008,hand_priority_seed,training/data/train_clean_ne-en.jsonl
udana dhilo bhayo.,The flight is delayed.,ne-en,roman_formal,travel,travel_00008,hand_priority_seed,training/data/train_clean_ne-en.jsonl
udana dhilo bhayo.,The flight is delayed.,ne-en,roman_formal,travel,travel_00008,hand_priority_seed,training/data/train_clean_ne-en.jsonl
udana dhilo bhayo.,The flight is delayed.,ne-en,roman_formal,travel,travel_00008,hand_priority_seed,training/data/train_clean_ne-en.jsonl
नेटवर्कले काम गरिरहेको छैन।,The network is not working.,ne-en,formal,core_grammar,core_grammar_00025,assistant_curated,training/data/train_clean_ne-en.jsonl
नेटवर्कले काम गरिरहेको छैन।,The network is not working.,ne-en,formal,core_grammar,core_grammar_00025,assistant_curated,training/data/train_clean_ne-en.jsonl
नेटवर्कले काम गरिरहेको छैन।,The network is not working.,ne-en,formal,core_grammar,core_grammar_00025,assistant_curated,training/data/train_clean_ne-en.jsonl
नेटवर्कले काम गरिरहेको छैन।,The network is not working.,ne-en,formal,core_grammar,core_grammar_00025,assistant_curated,training/data/train_clean_ne-en.jsonl
kripya masnga aaunuhos.,Please come with me.,ne-en,roman_formal,questions_requests,questions_requests_00016,assistant_curated,training/data/train_clean_ne-en.jsonl
kripya masnga aaunuhos.,Please come with me.,ne-en,roman_formal,questions_requests,questions_requests_00016,assistant_curated,training/data/train_clean_ne-en.jsonl
kripya masnga aaunuhos.,Please come with me.,ne-en,roman_formal,questions_requests,questions_requests_00016,assistant_curated,training/data/train_clean_ne-en.jsonl
kripya masnga aaunuhos.,Please come with me.,ne-en,roman_formal,questions_requests,questions_requests_00016,assistant_curated,training/data/train_clean_ne-en.jsonl
kripya masnga aaunuhos.,Please come with me.,ne-en,roman_formal,questions_requests,questions_requests_00016,assistant_curated,training/data/train_clean_ne-en.jsonl
kripya masnga aaunuhos.,Please come with me.,ne-en,roman_formal,questions_requests,questions_requests_00016,assistant_curated,training/data/train_clean_ne-en.jsonl
kripya masnga aaunuhos.,Please come with me.,ne-en,roman_formal,questions_requests,questions_requests_00016,assistant_curated,training/data/train_clean_ne-en.jsonl
kripya masnga aaunuhos.,Please come with me.,ne-en,roman_formal,questions_requests,questions_requests_00016,assistant_curated,training/data/train_clean_ne-en.jsonl
अनुवाद लोड हुँदैछ।,The translation is loading.,ne-en,formal,core_grammar,core_grammar_00031,assistant_curated,training/data/train_clean_ne-en.jsonl
अनुवाद लोड हुँदैछ।,The translation is loading.,ne-en,formal,core_grammar,core_grammar_00031,assistant_curated,training/data/train_clean_ne-en.jsonl
अनुवाद लोड हुँदैछ।,The translation is loading.,ne-en,formal,core_grammar,core_grammar_00031,assistant_curated,training/data/train_clean_ne-en.jsonl
अनुवाद लोड हुँदैछ।,The translation is loading.,ne-en,formal,core_grammar,core_grammar_00031,assistant_curated,training/data/train_clean_ne-en.jsonl
औपचारिक भाषा प्रयोग गर।,Please use formal language.,ne-en,formal,government,government_00053,assistant_curated,training/data/train_clean_ne-en.jsonl
औपचारिक भाषा प्रयोग गर।,Please use formal language.,ne-en,formal,government,government_00053,assistant_curated,training/data/train_clean_ne-en.jsonl
औपचारिक भाषा प्रयोग गर।,Please use formal language.,ne-en,formal,government,government_00053,assistant_curated,training/data/train_clean_ne-en.jsonl
औपचारिक भाषा प्रयोग गर।,Please use formal language.,ne-en,formal,government,government_00053,assistant_curated,training/data/train_clean_ne-en.jsonl
मलाई ज्वरो आएको छ।,I have a fever.,ne-en,formal,health,health_00001,hand_priority_seed,training/data/train_clean_ne-en.jsonl
मलाई ज्वरो आएको छ।,I have a fever.,ne-en,formal,health,health_00001,hand_priority_seed,training/data/train_clean_ne-en.jsonl
मलाई ज्वरो आएको छ।,I have a fever.,ne-en,formal,health,health_00001,hand_priority_seed,training/data/train_clean_ne-en.jsonl
मलाई ज्वरो आएको छ।,I have a fever.,ne-en,formal,health,health_00001,hand_priority_seed,training/data/train_clean_ne-en.jsonl
मलाई ज्वरो आएको छ।,I have a fever.,ne-en,formal,health,health_00001,hand_priority_seed,training/data/train_clean_ne-en.jsonl
मलाई ज्वरो आएको छ।,I have a fever.,ne-en,formal,health,health_00001,hand_priority_seed,training/data/train_clean_ne-en.jsonl
मलाई ज्वरो आएको छ।,I have a fever.,ne-en,formal,health,health_00001,hand_priority_seed,training/data/train_clean_ne-en.jsonl
मलाई ज्वरो आएको छ।,I have a fever.,ne-en,formal,health,health_00001,hand_priority_seed,training/data/train_clean_ne-en.jsonl
पूर्व अध्यक्षहरू,Former Chairpersons,ne-en,formal,government,government_00008,recovered_site_labels_and_manual_normalization,training/data/train_clean_ne-en.jsonl
पूर्व अध्यक्षहरू,Former Chairpersons,ne-en,formal,government,government_00008,recovered_site_labels_and_manual_normalization,training/data/train_clean_ne-en.jsonl
पूर्व अध्यक्षहरू,Former Chairpersons,ne-en,formal,government,government_00008,recovered_site_labels_and_manual_normalization,training/data/train_clean_ne-en.jsonl
पूर्व अध्यक्षहरू,Former Chairpersons,ne-en,formal,government,government_00008,recovered_site_labels_and_manual_normalization,training/data/train_clean_ne-en.jsonl
यहाँ वाइफाइ फ्री छ?,Is Wi-Fi free here?,ne-en,informal,code_switch_names,code_switch_names_00002,hand_priority_seed,training/data/train_clean_ne-en.jsonl
यहाँ वाइफाइ फ्री छ?,Is Wi-Fi free here?,ne-en,informal,code_switch_names,code_switch_names_00002,hand_priority_seed,training/data/train_clean_ne-en.jsonl
यहाँ वाइफाइ फ्री छ?,Is Wi-Fi free here?,ne-en,informal,code_switch_names,code_switch_names_00002,hand_priority_seed,training/data/train_clean_ne-en.jsonl
यहाँ वाइफाइ फ्री छ?,Is Wi-Fi free here?,ne-en,informal,code_switch_names,code_switch_names_00002,hand_priority_seed,training/data/train_clean_ne-en.jsonl
kripya anuwada jancha garnuhos.,Please check the translation.,ne-en,roman_formal,questions_requests,questions_requests_00028,assistant_curated,training/data/train_clean_ne-en.jsonl
kripya anuwada jancha garnuhos.,Please check the translation.,ne-en,roman_formal,questions_requests,questions_requests_00028,assistant_curated,training/data/train_clean_ne-en.jsonl
kripya anuwada jancha garnuhos.,Please check the translation.,ne-en,roman_formal,questions_requests,questions_requests_00028,assistant_curated,training/data/train_clean_ne-en.jsonl
kripya anuwada jancha garnuhos.,Please check the translation.,ne-en,roman_formal,questions_requests,questions_requests_00028,assistant_curated,training/data/train_clean_ne-en.jsonl
kripya anuwada jancha garnuhos.,Please check the translation.,ne-en,roman_formal,questions_requests,questions_requests_00028,assistant_curated,training/data/train_clean_ne-en.jsonl
kripya anuwada jancha garnuhos.,Please check the translation.,ne-en,roman_formal,questions_requests,questions_requests_00028,assistant_curated,training/data/train_clean_ne-en.jsonl
kripya anuwada jancha garnuhos.,Please check the translation.,ne-en,roman_formal,questions_requests,questions_requests_00028,assistant_curated,training/data/train_clean_ne-en.jsonl
kripya anuwada jancha garnuhos.,Please check the translation.,ne-en,roman_formal,questions_requests,questions_requests_00028,assistant_curated,training/data/train_clean_ne-en.jsonl
नेटवर्क चलेको छैन।,The network is not working.,ne-en,formal,core_grammar,core_grammar_00026,assistant_curated,training/data/train_clean_ne-en.jsonl
नेटवर्क चलेको छैन।,The network is not working.,ne-en,formal,core_grammar,core_grammar_00026,assistant_curated,training/data/train_clean_ne-en.jsonl
नेटवर्क चलेको छैन।,The network is not working.,ne-en,formal,core_grammar,core_grammar_00026,assistant_curated,training/data/train_clean_ne-en.jsonl
नेटवर्क चलेको छैन।,The network is not working.,ne-en,formal,core_grammar,core_grammar_00026,assistant_curated,training/data/train_clean_ne-en.jsonl
के तिमीसँग योभन्दा सानो आकार छ?,Do you have a smaller size?,ne-en,informal,questions_requests,questions_requests_00009,assistant_curated,training/data/train_clean_ne-en.jsonl
के तिमीसँग योभन्दा सानो आकार छ?,Do you have a smaller size?,ne-en,informal,questions_requests,questions_requests_00009,assistant_curated,training/data/train_clean_ne-en.jsonl
के तिमीसँग योभन्दा सानो आकार छ?,Do you have a smaller size?,ne-en,informal,questions_requests,questions_requests_00009,assistant_curated,training/data/train_clean_ne-en.jsonl
के तिमीसँग योभन्दा सानो आकार छ?,Do you have a smaller size?,ne-en,informal,questions_requests,questions_requests_00009,assistant_curated,training/data/train_clean_ne-en.jsonl
के तिमीसँग योभन्दा सानो आकार छ?,Do you have a smaller size?,ne-en,informal,questions_requests,questions_requests_00009,assistant_curated,training/data/train_clean_ne-en.jsonl
के तिमीसँग योभन्दा सानो आकार छ?,Do you have a smaller size?,ne-en,informal,questions_requests,questions_requests_00009,assistant_curated,training/data/train_clean_ne-en.jsonl
के तिमीसँग योभन्दा सानो आकार छ?,Do you have a smaller size?,ne-en,informal,questions_requests,questions_requests_00009,assistant_curated,training/data/train_clean_ne-en.jsonl
के तिमीसँग योभन्दा सानो आकार छ?,Do you have a smaller size?,ne-en,informal,questions_requests,questions_requests_00009,assistant_curated,training/data/train_clean_ne-en.jsonl
"(ग) कानून आयोग, २०२०ः श्री ५ को सरकारको मिति २०२०।१०।८।४ को निर्णय बमोजिम (राजपत्रमा सूचना प्रकाशित मिति २०२०।१२।१०) गठन भएको उक्त आयोगको गठनविधि यस प्रकार थियोः— १. श्री विनोदप्रसाद धिताल सह—सचिव, कानून मन्त्रालय — पदेन अध्यक्ष २. श्री नीरकुमार क्षेत्री — सदस्य ३. श्री टोप बहादुर सिंह — सदस्य ४. श्री हेरम्बराज — सदस्य ५. श्री विश्वनाथ उपाध्याय उप—सचिव, कानून मन्त्रालय —सदस्य—सचिव","The Secretary at the Ministry of Law, Justice and Parliamentary Affairs, Secretary (Law) at the Office of the Prime Minister and Council of Ministers, Deputy Attorney General nominated by the Attorney General of Nepal and the Secretary at the NLC, who also serves as a Member-Secretary, are ex-officio members.",ne-en,formal,government,government_00058,law_gov,training/data/train_clean_ne-en.jsonl
"(ग) कानून आयोग, २०२०ः श्री ५ को सरकारको मिति २०२०।१०।८।४ को निर्णय बमोजिम (राजपत्रमा सूचना प्रकाशित मिति २०२०।१२।१०) गठन भएको उक्त आयोगको गठनविधि यस प्रकार थियोः— १. श्री विनोदप्रसाद धिताल सह—सचिव, कानून मन्त्रालय — पदेन अध्यक्ष २. श्री नीरकुमार क्षेत्री — सदस्य ३. श्री टोप बहादुर सिंह — सदस्य ४. श्री हेरम्बराज — सदस्य ५. श्री विश्वनाथ उपाध्याय उप—सचिव, कानून मन्त्रालय —सदस्य—सचिव","The Secretary at the Ministry of Law, Justice and Parliamentary Affairs, Secretary (Law) at the Office of the Prime Minister and Council of Ministers, Deputy Attorney General nominated by the Attorney General of Nepal and the Secretary at the NLC, who also serves as a Member-Secretary, are ex-officio members.",ne-en,formal,government,government_00058,law_gov,training/data/train_clean_ne-en.jsonl
"(ग) कानून आयोग, २०२०ः श्री ५ को सरकारको मिति २०२०।१०।८।४ को निर्णय बमोजिम (राजपत्रमा सूचना प्रकाशित मिति २०२०।१२।१०) गठन भएको उक्त आयोगको गठनविधि यस प्रकार थियोः— १. श्री विनोदप्रसाद धिताल सह—सचिव, कानून मन्त्रालय — पदेन अध्यक्ष २. श्री नीरकुमार क्षेत्री — सदस्य ३. श्री टोप बहादुर सिंह — सदस्य ४. श्री हेरम्बराज — सदस्य ५. श्री विश्वनाथ उपाध्याय उप—सचिव, कानून मन्त्रालय —सदस्य—सचिव","The Secretary at the Ministry of Law, Justice and Parliamentary Affairs, Secretary (Law) at the Office of the Prime Minister and Council of Ministers, Deputy Attorney General nominated by the Attorney General of Nepal and the Secretary at the NLC, who also serves as a Member-Secretary, are ex-officio members.",ne-en,formal,government,government_00058,law_gov,training/data/train_clean_ne-en.jsonl
"(ग) कानून आयोग, २०२०ः श्री ५ को सरकारको मिति २०२०।१०।८।४ को निर्णय बमोजिम (राजपत्रमा सूचना प्रकाशित मिति २०२०।१२।१०) गठन भएको उक्त आयोगको गठनविधि यस प्रकार थियोः— १. श्री विनोदप्रसाद धिताल सह—सचिव, कानून मन्त्रालय — पदेन अध्यक्ष २. श्री नीरकुमार क्षेत्री — सदस्य ३. श्री टोप बहादुर सिंह — सदस्य ४. श्री हेरम्बराज — सदस्य ५. श्री विश्वनाथ उपाध्याय उप—सचिव, कानून मन्त्रालय —सदस्य—सचिव","The Secretary at the Ministry of Law, Justice and Parliamentary Affairs, Secretary (Law) at the Office of the Prime Minister and Council of Ministers, Deputy Attorney General nominated by the Attorney General of Nepal and the Secretary at the NLC, who also serves as a Member-Secretary, are ex-officio members.",ne-en,formal,government,government_00058,law_gov,training/data/train_clean_ne-en.jsonl
दायाँ मोड।,Turn right.,ne-en,formal,core_grammar,core_grammar_00012,assistant_curated,training/data/train_clean_ne-en.jsonl
दायाँ मोड।,Turn right.,ne-en,formal,core_grammar,core_grammar_00012,assistant_curated,training/data/train_clean_ne-en.jsonl
दायाँ मोड।,Turn right.,ne-en,formal,core_grammar,core_grammar_00012,assistant_curated,training/data/train_clean_ne-en.jsonl
दायाँ मोड।,Turn right.,ne-en,formal,core_grammar,core_grammar_00012,assistant_curated,training/data/train_clean_ne-en.jsonl
malai tyaksi chahiyo.,I need a taxi.,ne-en,roman_formal,travel,travel_00004,hand_priority_seed,training/data/train_clean_ne-en.jsonl
malai tyaksi chahiyo.,I need a taxi.,ne-en,roman_formal,travel,travel_00004,hand_priority_seed,training/data/train_clean_ne-en.jsonl
malai tyaksi chahiyo.,I need a taxi.,ne-en,roman_formal,travel,travel_00004,hand_priority_seed,training/data/train_clean_ne-en.jsonl
malai tyaksi chahiyo.,I need a taxi.,ne-en,roman_formal,travel,travel_00004,hand_priority_seed,training/data/train_clean_ne-en.jsonl
malai tyaksi chahiyo.,I need a taxi.,ne-en,roman_formal,travel,travel_00004,hand_priority_seed,training/data/train_clean_ne-en.jsonl
malai tyaksi chahiyo.,I need a taxi.,ne-en,roman_formal,travel,travel_00004,hand_priority_seed,training/data/train_clean_ne-en.jsonl
malai tyaksi chahiyo.,I need a taxi.,ne-en,roman_formal,travel,travel_00004,hand_priority_seed,training/data/train_clean_ne-en.jsonl
malai tyaksi chahiyo.,I need a taxi.,ne-en,roman_formal,travel,travel_00004,hand_priority_seed,training/data/train_clean_ne-en.jsonl
najikai sasto hotala chha?,Is there a cheaper hotel nearby?,ne-en,roman_formal,travel,travel_00006,hand_priority_seed,training/data/train_clean_ne-en.jsonl
najikai sasto hotala chha?,Is there a cheaper hotel nearby?,ne-en,roman_formal,travel,travel_00006,hand_priority_seed,training/data/train_clean_ne-en.jsonl
najikai sasto hotala chha?,Is there a cheaper hotel nearby?,ne-en,roman_formal,travel,travel_00006,hand_priority_seed,training/data/train_clean_ne-en.jsonl
najikai sasto hotala chha?,Is there a cheaper hotel nearby?,ne-en,roman_formal,travel,travel_00006,hand_priority_seed,training/data/train_clean_ne-en.jsonl
najikai sasto hotala chha?,Is there a cheaper hotel nearby?,ne-en,roman_formal,travel,travel_00006,hand_priority_seed,training/data/train_clean_ne-en.jsonl
najikai sasto hotala chha?,Is there a cheaper hotel nearby?,ne-en,roman_formal,travel,travel_00006,hand_priority_seed,training/data/train_clean_ne-en.jsonl
najikai sasto hotala chha?,Is there a cheaper hotel nearby?,ne-en,roman_formal,travel,travel_00006,hand_priority_seed,training/data/train_clean_ne-en.jsonl
najikai sasto hotala chha?,Is there a cheaper hotel nearby?,ne-en,roman_formal,travel,travel_00006,hand_priority_seed,training/data/train_clean_ne-en.jsonl
ma garbhawati chhau.,I am pregnant.,ne-en,roman_formal,health,health_00005,hand_priority_seed,training/data/train_clean_ne-en.jsonl
ma garbhawati chhau.,I am pregnant.,ne-en,roman_formal,health,health_00005,hand_priority_seed,training/data/train_clean_ne-en.jsonl
ma garbhawati chhau.,I am pregnant.,ne-en,roman_formal,health,health_00005,hand_priority_seed,training/data/train_clean_ne-en.jsonl
ma garbhawati chhau.,I am pregnant.,ne-en,roman_formal,health,health_00005,hand_priority_seed,training/data/train_clean_ne-en.jsonl
ma garbhawati chhau.,I am pregnant.,ne-en,roman_formal,health,health_00005,hand_priority_seed,training/data/train_clean_ne-en.jsonl
ma garbhawati chhau.,I am pregnant.,ne-en,roman_formal,health,health_00005,hand_priority_seed,training/data/train_clean_ne-en.jsonl
ma garbhawati chhau.,I am pregnant.,ne-en,roman_formal,health,health_00005,hand_priority_seed,training/data/train_clean_ne-en.jsonl
ma garbhawati chhau.,I am pregnant.,ne-en,roman_formal,health,health_00005,hand_priority_seed,training/data/train_clean_ne-en.jsonl
कृपया यहाँ पर्खनुहोस्।,Please wait here.,ne-en,formal,questions_requests,questions_requests_00001,hand_priority_seed,training/data/train_clean_ne-en.jsonl
कृपया यहाँ पर्खनुहोस्।,Please wait here.,ne-en,formal,questions_requests,questions_requests_00001,hand_priority_seed,training/data/train_clean_ne-en.jsonl
कृपया यहाँ पर्खनुहोस्।,Please wait here.,ne-en,formal,questions_requests,questions_requests_00001,hand_priority_seed,training/data/train_clean_ne-en.jsonl
कृपया यहाँ पर्खनुहोस्।,Please wait here.,ne-en,formal,questions_requests,questions_requests_00001,hand_priority_seed,training/data/train_clean_ne-en.jsonl
कृपया यहाँ पर्खनुहोस्।,Please wait here.,ne-en,formal,questions_requests,questions_requests_00001,hand_priority_seed,training/data/train_clean_ne-en.jsonl
कृपया यहाँ पर्खनुहोस्।,Please wait here.,ne-en,formal,questions_requests,questions_requests_00001,hand_priority_seed,training/data/train_clean_ne-en.jsonl
कृपया यहाँ पर्खनुहोस्।,Please wait here.,ne-en,formal,questions_requests,questions_requests_00001,hand_priority_seed,training/data/train_clean_ne-en.jsonl
कृपया यहाँ पर्खनुहोस्।,Please wait here.,ne-en,formal,questions_requests,questions_requests_00001,hand_priority_seed,training/data/train_clean_ne-en.jsonl
म हिजो आएको थिएँ।,I came yesterday.,ne-en,formal,core_grammar,core_grammar_00022,assistant_curated,training/data/train_clean_ne-en.jsonl
म हिजो आएको थिएँ।,I came yesterday.,ne-en,formal,core_grammar,core_grammar_00022,assistant_curated,training/data/train_clean_ne-en.jsonl
म हिजो आएको थिएँ।,I came yesterday.,ne-en,formal,core_grammar,core_grammar_00022,assistant_curated,training/data/train_clean_ne-en.jsonl
म हिजो आएको थिएँ।,I came yesterday.,ne-en,formal,core_grammar,core_grammar_00022,assistant_curated,training/data/train_clean_ne-en.jsonl
परिचय,Introduction,ne-en,formal,government,government_00003,recovered_site_labels_and_manual_normalization,training/data/train_clean_ne-en.jsonl
परिचय,Introduction,ne-en,formal,government,government_00003,recovered_site_labels_and_manual_normalization,training/data/train_clean_ne-en.jsonl
परिचय,Introduction,ne-en,formal,government,government_00003,recovered_site_labels_and_manual_normalization,training/data/train_clean_ne-en.jsonl
परिचय,Introduction,ne-en,formal,government,government_00003,recovered_site_labels_and_manual_normalization,training/data/train_clean_ne-en.jsonl
malai tauko dukhaiko aushadhi chahiyo.,I need medicine for a headache.,ne-en,roman_formal,health,health_00003,hand_priority_seed,training/data/train_clean_ne-en.jsonl
malai tauko dukhaiko aushadhi chahiyo.,I need medicine for a headache.,ne-en,roman_formal,health,health_00003,hand_priority_seed,training/data/train_clean_ne-en.jsonl
malai tauko dukhaiko aushadhi chahiyo.,I need medicine for a headache.,ne-en,roman_formal,health,health_00003,hand_priority_seed,training/data/train_clean_ne-en.jsonl
malai tauko dukhaiko aushadhi chahiyo.,I need medicine for a headache.,ne-en,roman_formal,health,health_00003,hand_priority_seed,training/data/train_clean_ne-en.jsonl
malai tauko dukhaiko aushadhi chahiyo.,I need medicine for a headache.,ne-en,roman_formal,health,health_00003,hand_priority_seed,training/data/train_clean_ne-en.jsonl
malai tauko dukhaiko aushadhi chahiyo.,I need medicine for a headache.,ne-en,roman_formal,health,health_00003,hand_priority_seed,training/data/train_clean_ne-en.jsonl
malai tauko dukhaiko aushadhi chahiyo.,I need medicine for a headache.,ne-en,roman_formal,health,health_00003,hand_priority_seed,training/data/train_clean_ne-en.jsonl
malai tauko dukhaiko aushadhi chahiyo.,I need medicine for a headache.,ne-en,roman_formal,health,health_00003,hand_priority_seed,training/data/train_clean_ne-en.jsonl
"(ख) ल कमिशन, २०१७ः श्री ५ को सरकारको मिति २०१७।६।२७।४ को निर्णय अनुसार (नेपाल राजपत्रमा प्रकाशित मिति २०१७।७।१५) देहाय बमोजिमको ७ सदस्यीय दोश्रो ल कमिशन गठन गरियो। १. सर्वोच्च अदालतका माननीय न्यायाधीश श्री नयनबहादुर खत्री — अध्यक्ष २. मध्यमाञ्चल उच्च अदालतका मुख्य न्यायाधीश — सदस्य ३. एटर्नी जनरल श्री शम्भुप्रसाद ज्ञवाली — सदस्य ४. कानून सचिव — सदस्य ५. श्री ५ को सरकारबाट मनोनित गैर—सरकारी व्यक्ति जना ३ — सदस्य","The Commission consists of nine members including the Chairperson, Vice-chairperson and seven members.",ne-en,formal,government,government_00056,law_gov,training/data/train_clean_ne-en.jsonl
"(ख) ल कमिशन, २०१७ः श्री ५ को सरकारको मिति २०१७।६।२७।४ को निर्णय अनुसार (नेपाल राजपत्रमा प्रकाशित मिति २०१७।७।१५) देहाय बमोजिमको ७ सदस्यीय दोश्रो ल कमिशन गठन गरियो। १. सर्वोच्च अदालतका माननीय न्यायाधीश श्री नयनबहादुर खत्री — अध्यक्ष २. मध्यमाञ्चल उच्च अदालतका मुख्य न्यायाधीश — सदस्य ३. एटर्नी जनरल श्री शम्भुप्रसाद ज्ञवाली — सदस्य ४. कानून सचिव — सदस्य ५. श्री ५ को सरकारबाट मनोनित गैर—सरकारी व्यक्ति जना ३ — सदस्य","The Commission consists of nine members including the Chairperson, Vice-chairperson and seven members.",ne-en,formal,government,government_00056,law_gov,training/data/train_clean_ne-en.jsonl
"(ख) ल कमिशन, २०१७ः श्री ५ को सरकारको मिति २०१७।६।२७।४ को निर्णय अनुसार (नेपाल राजपत्रमा प्रकाशित मिति २०१७।७।१५) देहाय बमोजिमको ७ सदस्यीय दोश्रो ल कमिशन गठन गरियो। १. सर्वोच्च अदालतका माननीय न्यायाधीश श्री नयनबहादुर खत्री — अध्यक्ष २. मध्यमाञ्चल उच्च अदालतका मुख्य न्यायाधीश — सदस्य ३. एटर्नी जनरल श्री शम्भुप्रसाद ज्ञवाली — सदस्य ४. कानून सचिव — सदस्य ५. श्री ५ को सरकारबाट मनोनित गैर—सरकारी व्यक्ति जना ३ — सदस्य","The Commission consists of nine members including the Chairperson, Vice-chairperson and seven members.",ne-en,formal,government,government_00056,law_gov,training/data/train_clean_ne-en.jsonl
"(ख) ल कमिशन, २०१७ः श्री ५ को सरकारको मिति २०१७।६।२७।४ को निर्णय अनुसार (नेपाल राजपत्रमा प्रकाशित मिति २०१७।७।१५) देहाय बमोजिमको ७ सदस्यीय दोश्रो ल कमिशन गठन गरियो। १. सर्वोच्च अदालतका माननीय न्यायाधीश श्री नयनबहादुर खत्री — अध्यक्ष २. मध्यमाञ्चल उच्च अदालतका मुख्य न्यायाधीश — सदस्य ३. एटर्नी जनरल श्री शम्भुप्रसाद ज्ञवाली — सदस्य ४. कानून सचिव — सदस्य ५. श्री ५ को सरकारबाट मनोनित गैर—सरकारी व्यक्ति जना ३ — सदस्य","The Commission consists of nine members including the Chairperson, Vice-chairperson and seven members.",ne-en,formal,government,government_00056,law_gov,training/data/train_clean_ne-en.jsonl
के तपाईंसँग योभन्दा सानो साइज छ?,Do you have a smaller size?,ne-en,formal,questions_requests,questions_requests_00010,assistant_curated,training/data/train_clean_ne-en.jsonl
के तपाईंसँग योभन्दा सानो साइज छ?,Do you have a smaller size?,ne-en,formal,questions_requests,questions_requests_00010,assistant_curated,training/data/train_clean_ne-en.jsonl
के तपाईंसँग योभन्दा सानो साइज छ?,Do you have a smaller size?,ne-en,formal,questions_requests,questions_requests_00010,assistant_curated,training/data/train_clean_ne-en.jsonl
के तपाईंसँग योभन्दा सानो साइज छ?,Do you have a smaller size?,ne-en,formal,questions_requests,questions_requests_00010,assistant_curated,training/data/train_clean_ne-en.jsonl
के तपाईंसँग योभन्दा सानो साइज छ?,Do you have a smaller size?,ne-en,formal,questions_requests,questions_requests_00010,assistant_curated,training/data/train_clean_ne-en.jsonl
के तपाईंसँग योभन्दा सानो साइज छ?,Do you have a smaller size?,ne-en,formal,questions_requests,questions_requests_00010,assistant_curated,training/data/train_clean_ne-en.jsonl
के तपाईंसँग योभन्दा सानो साइज छ?,Do you have a smaller size?,ne-en,formal,questions_requests,questions_requests_00010,assistant_curated,training/data/train_clean_ne-en.jsonl
के तपाईंसँग योभन्दा सानो साइज छ?,Do you have a smaller size?,ne-en,formal,questions_requests,questions_requests_00010,assistant_curated,training/data/train_clean_ne-en.jsonl
मलाई फोन गर न।,Please call me.,ne-en,formal,questions_requests,questions_requests_00022,assistant_curated,training/data/train_clean_ne-en.jsonl
मलाई फोन गर न।,Please call me.,ne-en,formal,questions_requests,questions_requests_00022,assistant_curated,training/data/train_clean_ne-en.jsonl
मलाई फोन गर न।,Please call me.,ne-en,formal,questions_requests,questions_requests_00022,assistant_curated,training/data/train_clean_ne-en.jsonl
मलाई फोन गर न।,Please call me.,ne-en,formal,questions_requests,questions_requests_00022,assistant_curated,training/data/train_clean_ne-en.jsonl
मलाई फोन गर न।,Please call me.,ne-en,formal,questions_requests,questions_requests_00022,assistant_curated,training/data/train_clean_ne-en.jsonl
मलाई फोन गर न।,Please call me.,ne-en,formal,questions_requests,questions_requests_00022,assistant_curated,training/data/train_clean_ne-en.jsonl
मलाई फोन गर न।,Please call me.,ne-en,formal,questions_requests,questions_requests_00022,assistant_curated,training/data/train_clean_ne-en.jsonl
मलाई फोन गर न।,Please call me.,ne-en,formal,questions_requests,questions_requests_00022,assistant_curated,training/data/train_clean_ne-en.jsonl
masnga aau na.,Please come with me.,ne-en,roman_formal,questions_requests,questions_requests_00017,assistant_curated,training/data/train_clean_ne-en.jsonl
masnga aau na.,Please come with me.,ne-en,roman_formal,questions_requests,questions_requests_00017,assistant_curated,training/data/train_clean_ne-en.jsonl
masnga aau na.,Please come with me.,ne-en,roman_formal,questions_requests,questions_requests_00017,assistant_curated,training/data/train_clean_ne-en.jsonl
masnga aau na.,Please come with me.,ne-en,roman_formal,questions_requests,questions_requests_00017,assistant_curated,training/data/train_clean_ne-en.jsonl
masnga aau na.,Please come with me.,ne-en,roman_formal,questions_requests,questions_requests_00017,assistant_curated,training/data/train_clean_ne-en.jsonl
masnga aau na.,Please come with me.,ne-en,roman_formal,questions_requests,questions_requests_00017,assistant_curated,training/data/train_clean_ne-en.jsonl
masnga aau na.,Please come with me.,ne-en,roman_formal,questions_requests,questions_requests_00017,assistant_curated,training/data/train_clean_ne-en.jsonl
masnga aau na.,Please come with me.,ne-en,roman_formal,questions_requests,questions_requests_00017,assistant_curated,training/data/train_clean_ne-en.jsonl
म भोलि आउँछु।,I will come tomorrow.,ne-en,formal,core_grammar,core_grammar_00021,assistant_curated,training/data/train_clean_ne-en.jsonl
म भोलि आउँछु।,I will come tomorrow.,ne-en,formal,core_grammar,core_grammar_00021,assistant_curated,training/data/train_clean_ne-en.jsonl
म भोलि आउँछु।,I will come tomorrow.,ne-en,formal,core_grammar,core_grammar_00021,assistant_curated,training/data/train_clean_ne-en.jsonl
म भोलि आउँछु।,I will come tomorrow.,ne-en,formal,core_grammar,core_grammar_00021,assistant_curated,training/data/train_clean_ne-en.jsonl
परिदृश्य र परिलक्ष्य,Vision and Mission,ne-en,formal,government,government_00004,recovered_site_labels_and_manual_normalization,training/data/train_clean_ne-en.jsonl
परिदृश्य र परिलक्ष्य,Vision and Mission,ne-en,formal,government,government_00004,recovered_site_labels_and_manual_normalization,training/data/train_clean_ne-en.jsonl
परिदृश्य र परिलक्ष्य,Vision and Mission,ne-en,formal,government,government_00004,recovered_site_labels_and_manual_normalization,training/data/train_clean_ne-en.jsonl
परिदृश्य र परिलक्ष्य,Vision and Mission,ne-en,formal,government,government_00004,recovered_site_labels_and_manual_normalization,training/data/train_clean_ne-en.jsonl
थप पढ्नुहोस्,Read More,ne-en,formal,government,government_00044,recovered_site_labels_and_manual_normalization,training/data/train_clean_ne-en.jsonl
थप पढ्नुहोस्,Read More,ne-en,formal,government,government_00044,recovered_site_labels_and_manual_normalization,training/data/train_clean_ne-en.jsonl
थप पढ्नुहोस्,Read More,ne-en,formal,government,government_00044,recovered_site_labels_and_manual_normalization,training/data/train_clean_ne-en.jsonl
थप पढ्नुहोस्,Read More,ne-en,formal,government,government_00044,recovered_site_labels_and_manual_normalization,training/data/train_clean_ne-en.jsonl
खारेज भएका अध्यादेश,Repealed Ordinances,ne-en,formal,government,government_00023,recovered_site_labels_and_manual_normalization,training/data/train_clean_ne-en.jsonl
खारेज भएका अध्यादेश,Repealed Ordinances,ne-en,formal,government,government_00023,recovered_site_labels_and_manual_normalization,training/data/train_clean_ne-en.jsonl
खारेज भएका अध्यादेश,Repealed Ordinances,ne-en,formal,government,government_00023,recovered_site_labels_and_manual_normalization,training/data/train_clean_ne-en.jsonl
खारेज भएका अध्यादेश,Repealed Ordinances,ne-en,formal,government,government_00023,recovered_site_labels_and_manual_normalization,training/data/train_clean_ne-en.jsonl
tapai pahile.,After you.,ne-en,roman_formal,pronouns_honorifics,pronouns_honorifics_00004,hand_priority_seed,training/data/train_clean_ne-en.jsonl
tapai pahile.,After you.,ne-en,roman_formal,pronouns_honorifics,pronouns_honorifics_00004,hand_priority_seed,training/data/train_clean_ne-en.jsonl
tapai pahile.,After you.,ne-en,roman_formal,pronouns_honorifics,pronouns_honorifics_00004,hand_priority_seed,training/data/train_clean_ne-en.jsonl
tapai pahile.,After you.,ne-en,roman_formal,pronouns_honorifics,pronouns_honorifics_00004,hand_priority_seed,training/data/train_clean_ne-en.jsonl
tapai pahile.,After you.,ne-en,roman_formal,pronouns_honorifics,pronouns_honorifics_00004,hand_priority_seed,training/data/train_clean_ne-en.jsonl
tapai pahile.,After you.,ne-en,roman_formal,pronouns_honorifics,pronouns_honorifics_00004,hand_priority_seed,training/data/train_clean_ne-en.jsonl
tapai pahile.,After you.,ne-en,roman_formal,pronouns_honorifics,pronouns_honorifics_00004,hand_priority_seed,training/data/train_clean_ne-en.jsonl
tapai pahile.,After you.,ne-en,roman_formal,pronouns_honorifics,pronouns_honorifics_00004,hand_priority_seed,training/data/train_clean_ne-en.jsonl
त्यो धेरै महँगो छ।,That is too expensive.,ne-en,formal,shopping,shopping_00001,hand_priority_seed,training/data/train_clean_ne-en.jsonl
त्यो धेरै महँगो छ।,That is too expensive.,ne-en,formal,shopping,shopping_00001,hand_priority_seed,training/data/train_clean_ne-en.jsonl
त्यो धेरै महँगो छ।,That is too expensive.,ne-en,formal,shopping,shopping_00001,hand_priority_seed,training/data/train_clean_ne-en.jsonl
त्यो धेरै महँगो छ।,That is too expensive.,ne-en,formal,shopping,shopping_00001,hand_priority_seed,training/data/train_clean_ne-en.jsonl
"काम, कर्तव्य र अधिकार",Duties and Powers,ne-en,formal,government,government_00005,recovered_site_labels_and_manual_normalization,training/data/train_clean_ne-en.jsonl
"काम, कर्तव्य र अधिकार",Duties and Powers,ne-en,formal,government,government_00005,recovered_site_labels_and_manual_normalization,training/data/train_clean_ne-en.jsonl
"काम, कर्तव्य र अधिकार",Duties and Powers,ne-en,formal,government,government_00005,recovered_site_labels_and_manual_normalization,training/data/train_clean_ne-en.jsonl
"काम, कर्तव्य र अधिकार",Duties and Powers,ne-en,formal,government,government_00005,recovered_site_labels_and_manual_normalization,training/data/train_clean_ne-en.jsonl
बायाँ मोड।,Turn left.,ne-en,formal,core_grammar,core_grammar_00010,assistant_curated,training/data/train_clean_ne-en.jsonl
बायाँ मोड।,Turn left.,ne-en,formal,core_grammar,core_grammar_00010,assistant_curated,training/data/train_clean_ne-en.jsonl
बायाँ मोड।,Turn left.,ne-en,formal,core_grammar,core_grammar_00010,assistant_curated,training/data/train_clean_ne-en.jsonl
बायाँ मोड।,Turn left.,ne-en,formal,core_grammar,core_grammar_00010,assistant_curated,training/data/train_clean_ne-en.jsonl
नेपाल कानून आयोग,Nepal Law Commission,ne-en,formal,government,government_00036,recovered_site_labels_and_manual_normalization,training/data/train_clean_ne-en.jsonl
नेपाल कानून आयोग,Nepal Law Commission,ne-en,formal,government,government_00036,recovered_site_labels_and_manual_normalization,training/data/train_clean_ne-en.jsonl
नेपाल कानून आयोग,Nepal Law Commission,ne-en,formal,government,government_00036,recovered_site_labels_and_manual_normalization,training/data/train_clean_ne-en.jsonl
नेपाल कानून आयोग,Nepal Law Commission,ne-en,formal,government,government_00036,recovered_site_labels_and_manual_normalization,training/data/train_clean_ne-en.jsonl
यो मेरो भाइ हो।,This is my brother.,ne-en,formal,family,family_00003,hand_priority_seed,training/data/train_clean_ne-en.jsonl
यो मेरो भाइ हो।,This is my brother.,ne-en,formal,family,family_00003,hand_priority_seed,training/data/train_clean_ne-en.jsonl
यो मेरो भाइ हो।,This is my brother.,ne-en,formal,family,family_00003,hand_priority_seed,training/data/train_clean_ne-en.jsonl
यो मेरो भाइ हो।,This is my brother.,ne-en,formal,family,family_00003,hand_priority_seed,training/data/train_clean_ne-en.jsonl
नजिकै सस्तो होटल छ?,Is there a cheaper hotel nearby?,ne-en,formal,travel,travel_00006,hand_priority_seed,training/data/train_clean_ne-en.jsonl
नजिकै सस्तो होटल छ?,Is there a cheaper hotel nearby?,ne-en,formal,travel,travel_00006,hand_priority_seed,training/data/train_clean_ne-en.jsonl
नजिकै सस्तो होटल छ?,Is there a cheaper hotel nearby?,ne-en,formal,travel,travel_00006,hand_priority_seed,training/data/train_clean_ne-en.jsonl
नजिकै सस्तो होटल छ?,Is there a cheaper hotel nearby?,ne-en,formal,travel,travel_00006,hand_priority_seed,training/data/train_clean_ne-en.jsonl
नजिकै सस्तो होटल छ?,Is there a cheaper hotel nearby?,ne-en,formal,travel,travel_00006,hand_priority_seed,training/data/train_clean_ne-en.jsonl
नजिकै सस्तो होटल छ?,Is there a cheaper hotel nearby?,ne-en,formal,travel,travel_00006,hand_priority_seed,training/data/train_clean_ne-en.jsonl
नजिकै सस्तो होटल छ?,Is there a cheaper hotel nearby?,ne-en,formal,travel,travel_00006,hand_priority_seed,training/data/train_clean_ne-en.jsonl
नजिकै सस्तो होटल छ?,Is there a cheaper hotel nearby?,ne-en,formal,travel,travel_00006,hand_priority_seed,training/data/train_clean_ne-en.jsonl
साना साइज छ?,Do you have a smaller size?,ne-en,formal,shopping,shopping_00004,hand_priority_seed,training/data/train_clean_ne-en.jsonl
साना साइज छ?,Do you have a smaller size?,ne-en,formal,shopping,shopping_00004,hand_priority_seed,training/data/train_clean_ne-en.jsonl
साना साइज छ?,Do you have a smaller size?,ne-en,formal,shopping,shopping_00004,hand_priority_seed,training/data/train_clean_ne-en.jsonl
साना साइज छ?,Do you have a smaller size?,ne-en,formal,shopping,shopping_00004,hand_priority_seed,training/data/train_clean_ne-en.jsonl
ke yo shakahari ho?,Is this vegetarian?,ne-en,roman_formal,questions_requests,questions_requests_00013,assistant_curated,training/data/train_clean_ne-en.jsonl
ke yo shakahari ho?,Is this vegetarian?,ne-en,roman_formal,questions_requests,questions_requests_00013,assistant_curated,training/data/train_clean_ne-en.jsonl
ke yo shakahari ho?,Is this vegetarian?,ne-en,roman_formal,questions_requests,questions_requests_00013,assistant_curated,training/data/train_clean_ne-en.jsonl
ke yo shakahari ho?,Is this vegetarian?,ne-en,roman_formal,questions_requests,questions_requests_00013,assistant_curated,training/data/train_clean_ne-en.jsonl
ke yo shakahari ho?,Is this vegetarian?,ne-en,roman_formal,questions_requests,questions_requests_00013,assistant_curated,training/data/train_clean_ne-en.jsonl
ke yo shakahari ho?,Is this vegetarian?,ne-en,roman_formal,questions_requests,questions_requests_00013,assistant_curated,training/data/train_clean_ne-en.jsonl
ke yo shakahari ho?,Is this vegetarian?,ne-en,roman_formal,questions_requests,questions_requests_00013,assistant_curated,training/data/train_clean_ne-en.jsonl
ke yo shakahari ho?,Is this vegetarian?,ne-en,roman_formal,questions_requests,questions_requests_00013,assistant_curated,training/data/train_clean_ne-en.jsonl
मलाई टाउको दुखाइको औषधि चाहियो।,I need medicine for a headache.,ne-en,formal,health,health_00003,hand_priority_seed,training/data/train_clean_ne-en.jsonl
मलाई टाउको दुखाइको औषधि चाहियो।,I need medicine for a headache.,ne-en,formal,health,health_00003,hand_priority_seed,training/data/train_clean_ne-en.jsonl
मलाई टाउको दुखाइको औषधि चाहियो।,I need medicine for a headache.,ne-en,formal,health,health_00003,hand_priority_seed,training/data/train_clean_ne-en.jsonl
मलाई टाउको दुखाइको औषधि चाहियो।,I need medicine for a headache.,ne-en,formal,health,health_00003,hand_priority_seed,training/data/train_clean_ne-en.jsonl
मलाई टाउको दुखाइको औषधि चाहियो।,I need medicine for a headache.,ne-en,formal,health,health_00003,hand_priority_seed,training/data/train_clean_ne-en.jsonl
मलाई टाउको दुखाइको औषधि चाहियो।,I need medicine for a headache.,ne-en,formal,health,health_00003,hand_priority_seed,training/data/train_clean_ne-en.jsonl
मलाई टाउको दुखाइको औषधि चाहियो।,I need medicine for a headache.,ne-en,formal,health,health_00003,hand_priority_seed,training/data/train_clean_ne-en.jsonl
मलाई टाउको दुखाइको औषधि चाहियो।,I need medicine for a headache.,ne-en,formal,health,health_00003,hand_priority_seed,training/data/train_clean_ne-en.jsonl
म यो लगाएर हेर्न सक्छु?,Can I try this on?,ne-en,informal,shopping,shopping_00003,hand_priority_seed,training/data/train_clean_ne-en.jsonl
म यो लगाएर हेर्न सक्छु?,Can I try this on?,ne-en,informal,shopping,shopping_00003,hand_priority_seed,training/data/train_clean_ne-en.jsonl
म यो लगाएर हेर्न सक्छु?,Can I try this on?,ne-en,informal,shopping,shopping_00003,hand_priority_seed,training/data/train_clean_ne-en.jsonl
म यो लगाएर हेर्न सक्छु?,Can I try this on?,ne-en,informal,shopping,shopping_00003,hand_priority_seed,training/data/train_clean_ne-en.jsonl
मलाई रसिद देऊ।,Please give me a receipt.,ne-en,informal,questions_requests,questions_requests_00011,assistant_curated,training/data/train_clean_ne-en.jsonl
मलाई रसिद देऊ।,Please give me a receipt.,ne-en,informal,questions_requests,questions_requests_00011,assistant_curated,training/data/train_clean_ne-en.jsonl
मलाई रसिद देऊ।,Please give me a receipt.,ne-en,informal,questions_requests,questions_requests_00011,assistant_curated,training/data/train_clean_ne-en.jsonl
मलाई रसिद देऊ।,Please give me a receipt.,ne-en,informal,questions_requests,questions_requests_00011,assistant_curated,training/data/train_clean_ne-en.jsonl
मलाई रसिद देऊ।,Please give me a receipt.,ne-en,informal,questions_requests,questions_requests_00011,assistant_curated,training/data/train_clean_ne-en.jsonl
मलाई रसिद देऊ।,Please give me a receipt.,ne-en,informal,questions_requests,questions_requests_00011,assistant_curated,training/data/train_clean_ne-en.jsonl
मलाई रसिद देऊ।,Please give me a receipt.,ne-en,informal,questions_requests,questions_requests_00011,assistant_curated,training/data/train_clean_ne-en.jsonl
मलाई रसिद देऊ।,Please give me a receipt.,ne-en,informal,questions_requests,questions_requests_00011,assistant_curated,training/data/train_clean_ne-en.jsonl
बारम्बार सोधिने प्रश्न र उत्तर,Frequently Asked Questions,ne-en,formal,government,government_00034,recovered_site_labels_and_manual_normalization,training/data/train_clean_ne-en.jsonl
बारम्बार सोधिने प्रश्न र उत्तर,Frequently Asked Questions,ne-en,formal,government,government_00034,recovered_site_labels_and_manual_normalization,training/data/train_clean_ne-en.jsonl
बारम्बार सोधिने प्रश्न र उत्तर,Frequently Asked Questions,ne-en,formal,government,government_00034,recovered_site_labels_and_manual_normalization,training/data/train_clean_ne-en.jsonl
बारम्बार सोधिने प्रश्न र उत्तर,Frequently Asked Questions,ne-en,formal,government,government_00034,recovered_site_labels_and_manual_normalization,training/data/train_clean_ne-en.jsonl
मलाई ट्याक्सी चाहियो।,I need a taxi.,ne-en,formal,travel,travel_00004,hand_priority_seed,training/data/train_clean_ne-en.jsonl
मलाई ट्याक्सी चाहियो।,I need a taxi.,ne-en,formal,travel,travel_00004,hand_priority_seed,training/data/train_clean_ne-en.jsonl
मलाई ट्याक्सी चाहियो।,I need a taxi.,ne-en,formal,travel,travel_00004,hand_priority_seed,training/data/train_clean_ne-en.jsonl
मलाई ट्याक्सी चाहियो।,I need a taxi.,ne-en,formal,travel,travel_00004,hand_priority_seed,training/data/train_clean_ne-en.jsonl
मलाई ट्याक्सी चाहियो।,I need a taxi.,ne-en,formal,travel,travel_00004,hand_priority_seed,training/data/train_clean_ne-en.jsonl
मलाई ट्याक्सी चाहियो।,I need a taxi.,ne-en,formal,travel,travel_00004,hand_priority_seed,training/data/train_clean_ne-en.jsonl
मलाई ट्याक्सी चाहियो।,I need a taxi.,ne-en,formal,travel,travel_00004,hand_priority_seed,training/data/train_clean_ne-en.jsonl
मलाई ट्याक्सी चाहियो।,I need a taxi.,ne-en,formal,travel,travel_00004,hand_priority_seed,training/data/train_clean_ne-en.jsonl
मौजुदा कानून,Existing Laws,ne-en,formal,government,government_00012,recovered_site_labels_and_manual_normalization,training/data/train_clean_ne-en.jsonl
मौजुदा कानून,Existing Laws,ne-en,formal,government,government_00012,recovered_site_labels_and_manual_normalization,training/data/train_clean_ne-en.jsonl
मौजुदा कानून,Existing Laws,ne-en,formal,government,government_00012,recovered_site_labels_and_manual_normalization,training/data/train_clean_ne-en.jsonl
मौजुदा कानून,Existing Laws,ne-en,formal,government,government_00012,recovered_site_labels_and_manual_normalization,training/data/train_clean_ne-en.jsonl
अध्यादेश,Ordinances,ne-en,formal,government,government_00018,recovered_site_labels_and_manual_normalization,training/data/train_clean_ne-en.jsonl
अध्यादेश,Ordinances,ne-en,formal,government,government_00018,recovered_site_labels_and_manual_normalization,training/data/train_clean_ne-en.jsonl
अध्यादेश,Ordinances,ne-en,formal,government,government_00018,recovered_site_labels_and_manual_normalization,training/data/train_clean_ne-en.jsonl
अध्यादेश,Ordinances,ne-en,formal,government,government_00018,recovered_site_labels_and_manual_normalization,training/data/train_clean_ne-en.jsonl
के तिमीसँग योभन्दा सानो साइज छ?,Do you have a smaller size?,ne-en,informal,questions_requests,questions_requests_00010,assistant_curated,training/data/train_clean_ne-en.jsonl
के तिमीसँग योभन्दा सानो साइज छ?,Do you have a smaller size?,ne-en,informal,questions_requests,questions_requests_00010,assistant_curated,training/data/train_clean_ne-en.jsonl
के तिमीसँग योभन्दा सानो साइज छ?,Do you have a smaller size?,ne-en,informal,questions_requests,questions_requests_00010,assistant_curated,training/data/train_clean_ne-en.jsonl
के तिमीसँग योभन्दा सानो साइज छ?,Do you have a smaller size?,ne-en,informal,questions_requests,questions_requests_00010,assistant_curated,training/data/train_clean_ne-en.jsonl
के तिमीसँग योभन्दा सानो साइज छ?,Do you have a smaller size?,ne-en,informal,questions_requests,questions_requests_00010,assistant_curated,training/data/train_clean_ne-en.jsonl
के तिमीसँग योभन्दा सानो साइज छ?,Do you have a smaller size?,ne-en,informal,questions_requests,questions_requests_00010,assistant_curated,training/data/train_clean_ne-en.jsonl
के तिमीसँग योभन्दा सानो साइज छ?,Do you have a smaller size?,ne-en,informal,questions_requests,questions_requests_00010,assistant_curated,training/data/train_clean_ne-en.jsonl
के तिमीसँग योभन्दा सानो साइज छ?,Do you have a smaller size?,ne-en,informal,questions_requests,questions_requests_00010,assistant_curated,training/data/train_clean_ne-en.jsonl
तिमीलाई कहाँ दुखेको छ?,Where does it hurt?,ne-en,informal,questions_requests,questions_requests_00032,user_conv_seed,training/data/train_clean_ne-en.jsonl
तिमीलाई कहाँ दुखेको छ?,Where does it hurt?,ne-en,informal,questions_requests,questions_requests_00032,user_conv_seed,training/data/train_clean_ne-en.jsonl
तिमीलाई कहाँ दुखेको छ?,Where does it hurt?,ne-en,informal,questions_requests,questions_requests_00032,user_conv_seed,training/data/train_clean_ne-en.jsonl
तिमीलाई कहाँ दुखेको छ?,Where does it hurt?,ne-en,informal,questions_requests,questions_requests_00032,user_conv_seed,training/data/train_clean_ne-en.jsonl
तिमीलाई कहाँ दुखेको छ?,Where does it hurt?,ne-en,informal,questions_requests,questions_requests_00032,user_conv_seed,training/data/train_clean_ne-en.jsonl
तिमीलाई कहाँ दुखेको छ?,Where does it hurt?,ne-en,informal,questions_requests,questions_requests_00032,user_conv_seed,training/data/train_clean_ne-en.jsonl
तिमीलाई कहाँ दुखेको छ?,Where does it hurt?,ne-en,informal,questions_requests,questions_requests_00032,user_conv_seed,training/data/train_clean_ne-en.jsonl
तिमीलाई कहाँ दुखेको छ?,Where does it hurt?,ne-en,informal,questions_requests,questions_requests_00032,user_conv_seed,training/data/train_clean_ne-en.jsonl
"यस आयोगले निम्न विषयमा विशेषज्ञहरुबाट कार्यक्रम तयार गर्न लगाई तत्सम्बन्धी कानूनको तर्जुमामा अध्ययन, अनुसन्धान गरेको देखिन्छ।","3 Preparation of Consultation Paper: The WT carries out in-depth study of the issue under review. For this purpose, WT may invite expert, stakeholder and government official for consultation as an invitee member. The WT prepares a consultation/issue paper and it is made available to any person interested. WT can also opt appropriate methods of research for data collection.",ne-en,formal,government,government_00063,law_gov,training/data/train_clean_ne-en.jsonl
"यस आयोगले निम्न विषयमा विशेषज्ञहरुबाट कार्यक्रम तयार गर्न लगाई तत्सम्बन्धी कानूनको तर्जुमामा अध्ययन, अनुसन्धान गरेको देखिन्छ।","3 Preparation of Consultation Paper: The WT carries out in-depth study of the issue under review. For this purpose, WT may invite expert, stakeholder and government official for consultation as an invitee member. The WT prepares a consultation/issue paper and it is made available to any person interested. WT can also opt appropriate methods of research for data collection.",ne-en,formal,government,government_00063,law_gov,training/data/train_clean_ne-en.jsonl
"यस आयोगले निम्न विषयमा विशेषज्ञहरुबाट कार्यक्रम तयार गर्न लगाई तत्सम्बन्धी कानूनको तर्जुमामा अध्ययन, अनुसन्धान गरेको देखिन्छ।","3 Preparation of Consultation Paper: The WT carries out in-depth study of the issue under review. For this purpose, WT may invite expert, stakeholder and government official for consultation as an invitee member. The WT prepares a consultation/issue paper and it is made available to any person interested. WT can also opt appropriate methods of research for data collection.",ne-en,formal,government,government_00063,law_gov,training/data/train_clean_ne-en.jsonl
"यस आयोगले निम्न विषयमा विशेषज्ञहरुबाट कार्यक्रम तयार गर्न लगाई तत्सम्बन्धी कानूनको तर्जुमामा अध्ययन, अनुसन्धान गरेको देखिन्छ।","3 Preparation of Consultation Paper: The WT carries out in-depth study of the issue under review. For this purpose, WT may invite expert, stakeholder and government official for consultation as an invitee member. The WT prepares a consultation/issue paper and it is made available to any person interested. WT can also opt appropriate methods of research for data collection.",ne-en,formal,government,government_00063,law_gov,training/data/train_clean_ne-en.jsonl
फोन अर्को व्यक्तिलाई देऊ।,Please pass the phone.,ne-en,informal,questions_requests,questions_requests_00024,assistant_curated,training/data/train_clean_ne-en.jsonl
फोन अर्को व्यक्तिलाई देऊ।,Please pass the phone.,ne-en,informal,questions_requests,questions_requests_00024,assistant_curated,training/data/train_clean_ne-en.jsonl
फोन अर्को व्यक्तिलाई देऊ।,Please pass the phone.,ne-en,informal,questions_requests,questions_requests_00024,assistant_curated,training/data/train_clean_ne-en.jsonl
फोन अर्को व्यक्तिलाई देऊ।,Please pass the phone.,ne-en,informal,questions_requests,questions_requests_00024,assistant_curated,training/data/train_clean_ne-en.jsonl
फोन अर्को व्यक्तिलाई देऊ।,Please pass the phone.,ne-en,informal,questions_requests,questions_requests_00024,assistant_curated,training/data/train_clean_ne-en.jsonl
फोन अर्को व्यक्तिलाई देऊ।,Please pass the phone.,ne-en,informal,questions_requests,questions_requests_00024,assistant_curated,training/data/train_clean_ne-en.jsonl
फोन अर्को व्यक्तिलाई देऊ।,Please pass the phone.,ne-en,informal,questions_requests,questions_requests_00024,assistant_curated,training/data/train_clean_ne-en.jsonl
फोन अर्को व्यक्तिलाई देऊ।,Please pass the phone.,ne-en,informal,questions_requests,questions_requests_00024,assistant_curated,training/data/train_clean_ne-en.jsonl
मलाई सन्देश पठाउनुहोस्।,Send me a message.,ne-en,informal,questions_requests,questions_requests_00023,assistant_curated,training/data/train_clean_ne-en.jsonl
मलाई सन्देश पठाउनुहोस्।,Send me a message.,ne-en,informal,questions_requests,questions_requests_00023,assistant_curated,training/data/train_clean_ne-en.jsonl
मलाई सन्देश पठाउनुहोस्।,Send me a message.,ne-en,informal,questions_requests,questions_requests_00023,assistant_curated,training/data/train_clean_ne-en.jsonl
मलाई सन्देश पठाउनुहोस्।,Send me a message.,ne-en,informal,questions_requests,questions_requests_00023,assistant_curated,training/data/train_clean_ne-en.jsonl
मलाई सन्देश पठाउनुहोस्।,Send me a message.,ne-en,informal,questions_requests,questions_requests_00023,assistant_curated,training/data/train_clean_ne-en.jsonl
मलाई सन्देश पठाउनुहोस्।,Send me a message.,ne-en,informal,questions_requests,questions_requests_00023,assistant_curated,training/data/train_clean_ne-en.jsonl
मलाई सन्देश पठाउनुहोस्।,Send me a message.,ne-en,informal,questions_requests,questions_requests_00023,assistant_curated,training/data/train_clean_ne-en.jsonl
मलाई सन्देश पठाउनुहोस्।,Send me a message.,ne-en,informal,questions_requests,questions_requests_00023,assistant_curated,training/data/train_clean_ne-en.jsonl
रद्द गर,Cancel,ne-en,informal,government,government_00048,recovered_site_labels_and_manual_normalization,training/data/train_clean_ne-en.jsonl
रद्द गर,Cancel,ne-en,informal,government,government_00048,recovered_site_labels_and_manual_normalization,training/data/train_clean_ne-en.jsonl
रद्द गर,Cancel,ne-en,informal,government,government_00048,recovered_site_labels_and_manual_normalization,training/data/train_clean_ne-en.jsonl
रद्द गर,Cancel,ne-en,informal,government,government_00048,recovered_site_labels_and_manual_normalization,training/data/train_clean_ne-en.jsonl
ke yo thamela jane bato ho?,Is this the way to Thamel?,ne-en,roman_formal,travel,travel_00003,hand_priority_seed,training/data/train_clean_ne-en.jsonl
ke yo thamela jane bato ho?,Is this the way to Thamel?,ne-en,roman_formal,travel,travel_00003,hand_priority_seed,training/data/train_clean_ne-en.jsonl
ke yo thamela jane bato ho?,Is this the way to Thamel?,ne-en,roman_formal,travel,travel_00003,hand_priority_seed,training/data/train_clean_ne-en.jsonl
ke yo thamela jane bato ho?,Is this the way to Thamel?,ne-en,roman_formal,travel,travel_00003,hand_priority_seed,training/data/train_clean_ne-en.jsonl
ke yo thamela jane bato ho?,Is this the way to Thamel?,ne-en,roman_formal,travel,travel_00003,hand_priority_seed,training/data/train_clean_ne-en.jsonl
ke yo thamela jane bato ho?,Is this the way to Thamel?,ne-en,roman_formal,travel,travel_00003,hand_priority_seed,training/data/train_clean_ne-en.jsonl
ke yo thamela jane bato ho?,Is this the way to Thamel?,ne-en,roman_formal,travel,travel_00003,hand_priority_seed,training/data/train_clean_ne-en.jsonl
ke yo thamela jane bato ho?,Is this the way to Thamel?,ne-en,roman_formal,travel,travel_00003,hand_priority_seed,training/data/train_clean_ne-en.jsonl
अघिल्लो,Previous,ne-en,formal,government,government_00045,recovered_site_labels_and_manual_normalization,training/data/train_clean_ne-en.jsonl
अघिल्लो,Previous,ne-en,formal,government,government_00045,recovered_site_labels_and_manual_normalization,training/data/train_clean_ne-en.jsonl
अघिल्लो,Previous,ne-en,formal,government,government_00045,recovered_site_labels_and_manual_normalization,training/data/train_clean_ne-en.jsonl
अघिल्लो,Previous,ne-en,formal,government,government_00045,recovered_site_labels_and_manual_normalization,training/data/train_clean_ne-en.jsonl
अर्को,Next,ne-en,formal,government,government_00046,recovered_site_labels_and_manual_normalization,training/data/train_clean_ne-en.jsonl
अर्को,Next,ne-en,formal,government,government_00046,recovered_site_labels_and_manual_normalization,training/data/train_clean_ne-en.jsonl
अर्को,Next,ne-en,formal,government,government_00046,recovered_site_labels_and_manual_normalization,training/data/train_clean_ne-en.jsonl
अर्को,Next,ne-en,formal,government,government_00046,recovered_site_labels_and_manual_normalization,training/data/train_clean_ne-en.jsonl
के तपाईंसँग योभन्दा सानो साइज छ?,Do you have a smaller size?,ne-en,formal,questions_requests,questions_requests_00031,user_conv_seed,training/data/train_clean_ne-en.jsonl
के तपाईंसँग योभन्दा सानो साइज छ?,Do you have a smaller size?,ne-en,formal,questions_requests,questions_requests_00031,user_conv_seed,training/data/train_clean_ne-en.jsonl
के तपाईंसँग योभन्दा सानो साइज छ?,Do you have a smaller size?,ne-en,formal,questions_requests,questions_requests_00031,user_conv_seed,training/data/train_clean_ne-en.jsonl
के तपाईंसँग योभन्दा सानो साइज छ?,Do you have a smaller size?,ne-en,formal,questions_requests,questions_requests_00031,user_conv_seed,training/data/train_clean_ne-en.jsonl
के तपाईंसँग योभन्दा सानो साइज छ?,Do you have a smaller size?,ne-en,formal,questions_requests,questions_requests_00031,user_conv_seed,training/data/train_clean_ne-en.jsonl
के तपाईंसँग योभन्दा सानो साइज छ?,Do you have a smaller size?,ne-en,formal,questions_requests,questions_requests_00031,user_conv_seed,training/data/train_clean_ne-en.jsonl
के तपाईंसँग योभन्दा सानो साइज छ?,Do you have a smaller size?,ne-en,formal,questions_requests,questions_requests_00031,user_conv_seed,training/data/train_clean_ne-en.jsonl
के तपाईंसँग योभन्दा सानो साइज छ?,Do you have a smaller size?,ne-en,formal,questions_requests,questions_requests_00031,user_conv_seed,training/data/train_clean_ne-en.jsonl
यो कति टाढा छ?,How far is it?,ne-en,formal,travel,travel_00001,hand_priority_seed,training/data/train_clean_ne-en.jsonl
यो कति टाढा छ?,How far is it?,ne-en,formal,travel,travel_00001,hand_priority_seed,training/data/train_clean_ne-en.jsonl
यो कति टाढा छ?,How far is it?,ne-en,formal,travel,travel_00001,hand_priority_seed,training/data/train_clean_ne-en.jsonl
यो कति टाढा छ?,How far is it?,ne-en,formal,travel,travel_00001,hand_priority_seed,training/data/train_clean_ne-en.jsonl
यो कति टाढा छ?,How far is it?,ne-en,formal,travel,travel_00001,hand_priority_seed,training/data/train_clean_ne-en.jsonl
यो कति टाढा छ?,How far is it?,ne-en,formal,travel,travel_00001,hand_priority_seed,training/data/train_clean_ne-en.jsonl
यो कति टाढा छ?,How far is it?,ne-en,formal,travel,travel_00001,hand_priority_seed,training/data/train_clean_ne-en.jsonl
यो कति टाढा छ?,How far is it?,ne-en,formal,travel,travel_00001,hand_priority_seed,training/data/train_clean_ne-en.jsonl
भित्र आ।,Please come in.,ne-en,informal,pronouns_honorifics,pronouns_honorifics_00002,hand_priority_seed,training/data/train_clean_ne-en.jsonl
भित्र आ।,Please come in.,ne-en,informal,pronouns_honorifics,pronouns_honorifics_00002,hand_priority_seed,training/data/train_clean_ne-en.jsonl
भित्र आ।,Please come in.,ne-en,informal,pronouns_honorifics,pronouns_honorifics_00002,hand_priority_seed,training/data/train_clean_ne-en.jsonl
भित्र आ।,Please come in.,ne-en,informal,pronouns_honorifics,pronouns_honorifics_00002,hand_priority_seed,training/data/train_clean_ne-en.jsonl
भित्र आ।,Please come in.,ne-en,informal,pronouns_honorifics,pronouns_honorifics_00002,hand_priority_seed,training/data/train_clean_ne-en.jsonl
भित्र आ।,Please come in.,ne-en,informal,pronouns_honorifics,pronouns_honorifics_00002,hand_priority_seed,training/data/train_clean_ne-en.jsonl
भित्र आ।,Please come in.,ne-en,informal,pronouns_honorifics,pronouns_honorifics_00002,hand_priority_seed,training/data/train_clean_ne-en.jsonl
भित्र आ।,Please come in.,ne-en,informal,pronouns_honorifics,pronouns_honorifics_00002,hand_priority_seed,training/data/train_clean_ne-en.jsonl
खोज्नुहोस्,Search,ne-en,formal,government,government_00039,recovered_site_labels_and_manual_normalization,training/data/train_clean_ne-en.jsonl
खोज्नुहोस्,Search,ne-en,formal,government,government_00039,recovered_site_labels_and_manual_normalization,training/data/train_clean_ne-en.jsonl
खोज्नुहोस्,Search,ne-en,formal,government,government_00039,recovered_site_labels_and_manual_normalization,training/data/train_clean_ne-en.jsonl
खोज्नुहोस्,Search,ne-en,formal,government,government_00039,recovered_site_labels_and_manual_normalization,training/data/train_clean_ne-en.jsonl
malai tauko ghumeko chha.,I feel dizzy.,ne-en,roman_formal,health,health_00002,hand_priority_seed,training/data/train_clean_ne-en.jsonl
malai tauko ghumeko chha.,I feel dizzy.,ne-en,roman_formal,health,health_00002,hand_priority_seed,training/data/train_clean_ne-en.jsonl
malai tauko ghumeko chha.,I feel dizzy.,ne-en,roman_formal,health,health_00002,hand_priority_seed,training/data/train_clean_ne-en.jsonl
malai tauko ghumeko chha.,I feel dizzy.,ne-en,roman_formal,health,health_00002,hand_priority_seed,training/data/train_clean_ne-en.jsonl
malai tauko ghumeko chha.,I feel dizzy.,ne-en,roman_formal,health,health_00002,hand_priority_seed,training/data/train_clean_ne-en.jsonl
malai tauko ghumeko chha.,I feel dizzy.,ne-en,roman_formal,health,health_00002,hand_priority_seed,training/data/train_clean_ne-en.jsonl
malai tauko ghumeko chha.,I feel dizzy.,ne-en,roman_formal,health,health_00002,hand_priority_seed,training/data/train_clean_ne-en.jsonl
malai tauko ghumeko chha.,I feel dizzy.,ne-en,roman_formal,health,health_00002,hand_priority_seed,training/data/train_clean_ne-en.jsonl
कार्यालय समय,Office Hours,ne-en,formal,government,government_00041,recovered_site_labels_and_manual_normalization,training/data/train_clean_ne-en.jsonl
कार्यालय समय,Office Hours,ne-en,formal,government,government_00041,recovered_site_labels_and_manual_normalization,training/data/train_clean_ne-en.jsonl
कार्यालय समय,Office Hours,ne-en,formal,government,government_00041,recovered_site_labels_and_manual_normalization,training/data/train_clean_ne-en.jsonl
कार्यालय समय,Office Hours,ne-en,formal,government,government_00041,recovered_site_labels_and_manual_normalization,training/data/train_clean_ne-en.jsonl
के तिमी चिया खान्छौ?,Would you like some tea?,ne-en,informal,pronouns_honorifics,pronouns_honorifics_00003,hand_priority_seed,training/data/train_clean_ne-en.jsonl
के तिमी चिया खान्छौ?,Would you like some tea?,ne-en,informal,pronouns_honorifics,pronouns_honorifics_00003,hand_priority_seed,training/data/train_clean_ne-en.jsonl
के तिमी चिया खान्छौ?,Would you like some tea?,ne-en,informal,pronouns_honorifics,pronouns_honorifics_00003,hand_priority_seed,training/data/train_clean_ne-en.jsonl
के तिमी चिया खान्छौ?,Would you like some tea?,ne-en,informal,pronouns_honorifics,pronouns_honorifics_00003,hand_priority_seed,training/data/train_clean_ne-en.jsonl
के तिमी चिया खान्छौ?,Would you like some tea?,ne-en,informal,pronouns_honorifics,pronouns_honorifics_00003,hand_priority_seed,training/data/train_clean_ne-en.jsonl
के तिमी चिया खान्छौ?,Would you like some tea?,ne-en,informal,pronouns_honorifics,pronouns_honorifics_00003,hand_priority_seed,training/data/train_clean_ne-en.jsonl
के तिमी चिया खान्छौ?,Would you like some tea?,ne-en,informal,pronouns_honorifics,pronouns_honorifics_00003,hand_priority_seed,training/data/train_clean_ne-en.jsonl
के तिमी चिया खान्छौ?,Would you like some tea?,ne-en,informal,pronouns_honorifics,pronouns_honorifics_00003,hand_priority_seed,training/data/train_clean_ne-en.jsonl
kripya.,Please.,ne-en,roman_formal,questions_requests,questions_requests_00006,assistant_curated,training/data/train_clean_ne-en.jsonl
kripya.,Please.,ne-en,roman_formal,questions_requests,questions_requests_00006,assistant_curated,training/data/train_clean_ne-en.jsonl
kripya.,Please.,ne-en,roman_formal,questions_requests,questions_requests_00006,assistant_curated,training/data/train_clean_ne-en.jsonl
kripya.,Please.,ne-en,roman_formal,questions_requests,questions_requests_00006,assistant_curated,training/data/train_clean_ne-en.jsonl
kripya.,Please.,ne-en,roman_formal,questions_requests,questions_requests_00006,assistant_curated,training/data/train_clean_ne-en.jsonl
kripya.,Please.,ne-en,roman_formal,questions_requests,questions_requests_00006,assistant_curated,training/data/train_clean_ne-en.jsonl
kripya.,Please.,ne-en,roman_formal,questions_requests,questions_requests_00006,assistant_curated,training/data/train_clean_ne-en.jsonl
kripya.,Please.,ne-en,roman_formal,questions_requests,questions_requests_00006,assistant_curated,training/data/train_clean_ne-en.jsonl
ऐन,Acts,ne-en,formal,government,government_00014,recovered_site_labels_and_manual_normalization,training/data/train_clean_ne-en.jsonl
ऐन,Acts,ne-en,formal,government,government_00014,recovered_site_labels_and_manual_normalization,training/data/train_clean_ne-en.jsonl
ऐन,Acts,ne-en,formal,government,government_00014,recovered_site_labels_and_manual_normalization,training/data/train_clean_ne-en.jsonl
ऐन,Acts,ne-en,formal,government,government_00014,recovered_site_labels_and_manual_normalization,training/data/train_clean_ne-en.jsonl
"(घ) कानून आयोग, २०२९ः श्री ५ महाराजाधिराजबाट मिति २०२९।२।१९ मा प्रचलित नेपाल कानूनमा विशेष गरी फौजदारी, देवानी, बाणिज्य तथा प्रमाण सम्बन्धी कानूनहरुमा भइरहेको अभाव र त्रुटीहरु हटाई भरिसक्य सरल, बैज्ञानिक र व्यवहारिक रुप दिई छुटृाछुटृै ऐनहरुको तर्जुमा गर्न न्यायिक समितिका अध्यक्ष एवं सर्वोच्च अदालतका माननीय न्यायाधीश श्री नयनबहादुर खत्रीको अध्यक्षतामा ५ सदस्यीय चौथौ कानून आयोगको गठन गरिबक्सियो। उक्त आयोग गठनको सूचना अनुसूची – ४ मा राखिएको छ। उक्त आयोगमा सर्वोच्च अदालतका अस्थायी माननीय न्यायाधीश श्री विश्वनाथ उपाध्याय— १, महान्यायाधिवक्ता श्री रमानन्दप्रसाद सिंह —१, न्यायिक समितिका सदस्य श्री कृष्णप्रसाद पन्त— १ समेतलाई सदस्य तथा कानून सचिव श्री चूडामणिराज सिंहलाई सदस्य—सचिव तोकिएको थियो। यस आयोगले प्रमाण ऐन तथा अपराध संहिता मसौदा र तत्सम्बन्धी प्रतिवेदन तयार गरी श्री ५ समक्ष पेश गरेको थि","There is a provision of a Recommendation Committee composed of the Minister for Law, Justice and Parliamentary Affairs, Chairperson of the Law, Justice and Parliamentary Committee of the House of Representatives* and Chairperson of the Nepal Bar Association to recommend to the Government for appointment in the post of Chairperson, Vice-chairperson and members of the Commission.",ne-en,formal,government,government_00059,law_gov,training/data/train_clean_ne-en.jsonl
"(घ) कानून आयोग, २०२९ः श्री ५ महाराजाधिराजबाट मिति २०२९।२।१९ मा प्रचलित नेपाल कानूनमा विशेष गरी फौजदारी, देवानी, बाणिज्य तथा प्रमाण सम्बन्धी कानूनहरुमा भइरहेको अभाव र त्रुटीहरु हटाई भरिसक्य सरल, बैज्ञानिक र व्यवहारिक रुप दिई छुटृाछुटृै ऐनहरुको तर्जुमा गर्न न्यायिक समितिका अध्यक्ष एवं सर्वोच्च अदालतका माननीय न्यायाधीश श्री नयनबहादुर खत्रीको अध्यक्षतामा ५ सदस्यीय चौथौ कानून आयोगको गठन गरिबक्सियो। उक्त आयोग गठनको सूचना अनुसूची – ४ मा राखिएको छ। उक्त आयोगमा सर्वोच्च अदालतका अस्थायी माननीय न्यायाधीश श्री विश्वनाथ उपाध्याय— १, महान्यायाधिवक्ता श्री रमानन्दप्रसाद सिंह —१, न्यायिक समितिका सदस्य श्री कृष्णप्रसाद पन्त— १ समेतलाई सदस्य तथा कानून सचिव श्री चूडामणिराज सिंहलाई सदस्य—सचिव तोकिएको थियो। यस आयोगले प्रमाण ऐन तथा अपराध संहिता मसौदा र तत्सम्बन्धी प्रतिवेदन तयार गरी श्री ५ समक्ष पेश गरेको थि","There is a provision of a Recommendation Committee composed of the Minister for Law, Justice and Parliamentary Affairs, Chairperson of the Law, Justice and Parliamentary Committee of the House of Representatives* and Chairperson of the Nepal Bar Association to recommend to the Government for appointment in the post of Chairperson, Vice-chairperson and members of the Commission.",ne-en,formal,government,government_00059,law_gov,training/data/train_clean_ne-en.jsonl
"(घ) कानून आयोग, २०२९ः श्री ५ महाराजाधिराजबाट मिति २०२९।२।१९ मा प्रचलित नेपाल कानूनमा विशेष गरी फौजदारी, देवानी, बाणिज्य तथा प्रमाण सम्बन्धी कानूनहरुमा भइरहेको अभाव र त्रुटीहरु हटाई भरिसक्य सरल, बैज्ञानिक र व्यवहारिक रुप दिई छुटृाछुटृै ऐनहरुको तर्जुमा गर्न न्यायिक समितिका अध्यक्ष एवं सर्वोच्च अदालतका माननीय न्यायाधीश श्री नयनबहादुर खत्रीको अध्यक्षतामा ५ सदस्यीय चौथौ कानून आयोगको गठन गरिबक्सियो। उक्त आयोग गठनको सूचना अनुसूची – ४ मा राखिएको छ। उक्त आयोगमा सर्वोच्च अदालतका अस्थायी माननीय न्यायाधीश श्री विश्वनाथ उपाध्याय— १, महान्यायाधिवक्ता श्री रमानन्दप्रसाद सिंह —१, न्यायिक समितिका सदस्य श्री कृष्णप्रसाद पन्त— १ समेतलाई सदस्य तथा कानून सचिव श्री चूडामणिराज सिंहलाई सदस्य—सचिव तोकिएको थियो। यस आयोगले प्रमाण ऐन तथा अपराध संहिता मसौदा र तत्सम्बन्धी प्रतिवेदन तयार गरी श्री ५ समक्ष पेश गरेको थि","There is a provision of a Recommendation Committee composed of the Minister for Law, Justice and Parliamentary Affairs, Chairperson of the Law, Justice and Parliamentary Committee of the House of Representatives* and Chairperson of the Nepal Bar Association to recommend to the Government for appointment in the post of Chairperson, Vice-chairperson and members of the Commission.",ne-en,formal,government,government_00059,law_gov,training/data/train_clean_ne-en.jsonl
"(घ) कानून आयोग, २०२९ः श्री ५ महाराजाधिराजबाट मिति २०२९।२।१९ मा प्रचलित नेपाल कानूनमा विशेष गरी फौजदारी, देवानी, बाणिज्य तथा प्रमाण सम्बन्धी कानूनहरुमा भइरहेको अभाव र त्रुटीहरु हटाई भरिसक्य सरल, बैज्ञानिक र व्यवहारिक रुप दिई छुटृाछुटृै ऐनहरुको तर्जुमा गर्न न्यायिक समितिका अध्यक्ष एवं सर्वोच्च अदालतका माननीय न्यायाधीश श्री नयनबहादुर खत्रीको अध्यक्षतामा ५ सदस्यीय चौथौ कानून आयोगको गठन गरिबक्सियो। उक्त आयोग गठनको सूचना अनुसूची – ४ मा राखिएको छ। उक्त आयोगमा सर्वोच्च अदालतका अस्थायी माननीय न्यायाधीश श्री विश्वनाथ उपाध्याय— १, महान्यायाधिवक्ता श्री रमानन्दप्रसाद सिंह —१, न्यायिक समितिका सदस्य श्री कृष्णप्रसाद पन्त— १ समेतलाई सदस्य तथा कानून सचिव श्री चूडामणिराज सिंहलाई सदस्य—सचिव तोकिएको थियो। यस आयोगले प्रमाण ऐन तथा अपराध संहिता मसौदा र तत्सम्बन्धी प्रतिवेदन तयार गरी श्री ५ समक्ष पेश गरेको थि","There is a provision of a Recommendation Committee composed of the Minister for Law, Justice and Parliamentary Affairs, Chairperson of the Law, Justice and Parliamentary Committee of the House of Representatives* and Chairperson of the Nepal Bar Association to recommend to the Government for appointment in the post of Chairperson, Vice-chairperson and members of the Commission.",ne-en,formal,government,government_00059,law_gov,training/data/train_clean_ne-en.jsonl
यहाँ उभिऊ न।,Please stand here.,ne-en,formal,questions_requests,questions_requests_00019,assistant_curated,training/data/train_clean_ne-en.jsonl
यहाँ उभिऊ न।,Please stand here.,ne-en,formal,questions_requests,questions_requests_00019,assistant_curated,training/data/train_clean_ne-en.jsonl
यहाँ उभिऊ न।,Please stand here.,ne-en,formal,questions_requests,questions_requests_00019,assistant_curated,training/data/train_clean_ne-en.jsonl
यहाँ उभिऊ न।,Please stand here.,ne-en,formal,questions_requests,questions_requests_00019,assistant_curated,training/data/train_clean_ne-en.jsonl
यहाँ उभिऊ न।,Please stand here.,ne-en,formal,questions_requests,questions_requests_00019,assistant_curated,training/data/train_clean_ne-en.jsonl
यहाँ उभिऊ न।,Please stand here.,ne-en,formal,questions_requests,questions_requests_00019,assistant_curated,training/data/train_clean_ne-en.jsonl
यहाँ उभिऊ न।,Please stand here.,ne-en,formal,questions_requests,questions_requests_00019,assistant_curated,training/data/train_clean_ne-en.jsonl
यहाँ उभिऊ न।,Please stand here.,ne-en,formal,questions_requests,questions_requests_00019,assistant_curated,training/data/train_clean_ne-en.jsonl
म भोलि आउनेछु।,I will come tomorrow.,ne-en,formal,core_grammar,core_grammar_00020,assistant_curated,training/data/train_clean_ne-en.jsonl
म भोलि आउनेछु।,I will come tomorrow.,ne-en,formal,core_grammar,core_grammar_00020,assistant_curated,training/data/train_clean_ne-en.jsonl
म भोलि आउनेछु।,I will come tomorrow.,ne-en,formal,core_grammar,core_grammar_00020,assistant_curated,training/data/train_clean_ne-en.jsonl
म भोलि आउनेछु।,I will come tomorrow.,ne-en,formal,core_grammar,core_grammar_00020,assistant_curated,training/data/train_clean_ne-en.jsonl
के तपाईं चिया खानुहुन्छ?,Would you like some tea?,ne-en,formal,pronouns_honorifics,pronouns_honorifics_00003,hand_priority_seed,training/data/train_clean_ne-en.jsonl
के तपाईं चिया खानुहुन्छ?,Would you like some tea?,ne-en,formal,pronouns_honorifics,pronouns_honorifics_00003,hand_priority_seed,training/data/train_clean_ne-en.jsonl
के तपाईं चिया खानुहुन्छ?,Would you like some tea?,ne-en,formal,pronouns_honorifics,pronouns_honorifics_00003,hand_priority_seed,training/data/train_clean_ne-en.jsonl
के तपाईं चिया खानुहुन्छ?,Would you like some tea?,ne-en,formal,pronouns_honorifics,pronouns_honorifics_00003,hand_priority_seed,training/data/train_clean_ne-en.jsonl
के तपाईं चिया खानुहुन्छ?,Would you like some tea?,ne-en,formal,pronouns_honorifics,pronouns_honorifics_00003,hand_priority_seed,training/data/train_clean_ne-en.jsonl
के तपाईं चिया खानुहुन्छ?,Would you like some tea?,ne-en,formal,pronouns_honorifics,pronouns_honorifics_00003,hand_priority_seed,training/data/train_clean_ne-en.jsonl
के तपाईं चिया खानुहुन्छ?,Would you like some tea?,ne-en,formal,pronouns_honorifics,pronouns_honorifics_00003,hand_priority_seed,training/data/train_clean_ne-en.jsonl
के तपाईं चिया खानुहुन्छ?,Would you like some tea?,ne-en,formal,pronouns_honorifics,pronouns_honorifics_00003,hand_priority_seed,training/data/train_clean_ne-en.jsonl
फेरि प्रयास गर।,Please try again.,ne-en,informal,questions_requests,questions_requests_00026,assistant_curated,training/data/train_clean_ne-en.jsonl
फेरि प्रयास गर।,Please try again.,ne-en,informal,questions_requests,questions_requests_00026,assistant_curated,training/data/train_clean_ne-en.jsonl
फेरि प्रयास गर।,Please try again.,ne-en,informal,questions_requests,questions_requests_00026,assistant_curated,training/data/train_clean_ne-en.jsonl
फेरि प्रयास गर।,Please try again.,ne-en,informal,questions_requests,questions_requests_00026,assistant_curated,training/data/train_clean_ne-en.jsonl
फेरि प्रयास गर।,Please try again.,ne-en,informal,questions_requests,questions_requests_00026,assistant_curated,training/data/train_clean_ne-en.jsonl
फेरि प्रयास गर।,Please try again.,ne-en,informal,questions_requests,questions_requests_00026,assistant_curated,training/data/train_clean_ne-en.jsonl
फेरि प्रयास गर।,Please try again.,ne-en,informal,questions_requests,questions_requests_00026,assistant_curated,training/data/train_clean_ne-en.jsonl
फेरि प्रयास गर।,Please try again.,ne-en,informal,questions_requests,questions_requests_00026,assistant_curated,training/data/train_clean_ne-en.jsonl
डाउनलोड गर्नुहोस्,Download,ne-en,formal,government,government_00043,recovered_site_labels_and_manual_normalization,training/data/train_clean_ne-en.jsonl
डाउनलोड गर्नुहोस्,Download,ne-en,formal,government,government_00043,recovered_site_labels_and_manual_normalization,training/data/train_clean_ne-en.jsonl
डाउनलोड गर्नुहोस्,Download,ne-en,formal,government,government_00043,recovered_site_labels_and_manual_normalization,training/data/train_clean_ne-en.jsonl
डाउनलोड गर्नुहोस्,Download,ne-en,formal,government,government_00043,recovered_site_labels_and_manual_normalization,training/data/train_clean_ne-en.jsonl
नेपाल सरकार,Government of Nepal,ne-en,formal,government,government_00035,recovered_site_labels_and_manual_normalization,training/data/train_clean_ne-en.jsonl
नेपाल सरकार,Government of Nepal,ne-en,formal,government,government_00035,recovered_site_labels_and_manual_normalization,training/data/train_clean_ne-en.jsonl
नेपाल सरकार,Government of Nepal,ne-en,formal,government,government_00035,recovered_site_labels_and_manual_normalization,training/data/train_clean_ne-en.jsonl
नेपाल सरकार,Government of Nepal,ne-en,formal,government,government_00035,recovered_site_labels_and_manual_normalization,training/data/train_clean_ne-en.jsonl
kripya malai basa steshana laijanuhos.,Please take me to the bus station.,ne-en,roman_formal,travel,travel_00002,hand_priority_seed,training/data/train_clean_ne-en.jsonl
kripya malai basa steshana laijanuhos.,Please take me to the bus station.,ne-en,roman_formal,travel,travel_00002,hand_priority_seed,training/data/train_clean_ne-en.jsonl
kripya malai basa steshana laijanuhos.,Please take me to the bus station.,ne-en,roman_formal,travel,travel_00002,hand_priority_seed,training/data/train_clean_ne-en.jsonl
kripya malai basa steshana laijanuhos.,Please take me to the bus station.,ne-en,roman_formal,travel,travel_00002,hand_priority_seed,training/data/train_clean_ne-en.jsonl
kripya malai basa steshana laijanuhos.,Please take me to the bus station.,ne-en,roman_formal,travel,travel_00002,hand_priority_seed,training/data/train_clean_ne-en.jsonl
kripya malai basa steshana laijanuhos.,Please take me to the bus station.,ne-en,roman_formal,travel,travel_00002,hand_priority_seed,training/data/train_clean_ne-en.jsonl
kripya malai basa steshana laijanuhos.,Please take me to the bus station.,ne-en,roman_formal,travel,travel_00002,hand_priority_seed,training/data/train_clean_ne-en.jsonl
kripya malai basa steshana laijanuhos.,Please take me to the bus station.,ne-en,roman_formal,travel,travel_00002,hand_priority_seed,training/data/train_clean_ne-en.jsonl
के म यो लगाएर हेर्न सक्छु?,Can I try this on?,ne-en,formal,shopping,shopping_00003,hand_priority_seed,training/data/train_clean_ne-en.jsonl
के म यो लगाएर हेर्न सक्छु?,Can I try this on?,ne-en,formal,shopping,shopping_00003,hand_priority_seed,training/data/train_clean_ne-en.jsonl
के म यो लगाएर हेर्न सक्छु?,Can I try this on?,ne-en,formal,shopping,shopping_00003,hand_priority_seed,training/data/train_clean_ne-en.jsonl
के म यो लगाएर हेर्न सक्छु?,Can I try this on?,ne-en,formal,shopping,shopping_00003,hand_priority_seed,training/data/train_clean_ne-en.jsonl
म यो चाहन्छु।,I want this one.,ne-en,formal,shopping,shopping_00002,hand_priority_seed,training/data/train_clean_ne-en.jsonl
म यो चाहन्छु।,I want this one.,ne-en,formal,shopping,shopping_00002,hand_priority_seed,training/data/train_clean_ne-en.jsonl
म यो चाहन्छु।,I want this one.,ne-en,formal,shopping,shopping_00002,hand_priority_seed,training/data/train_clean_ne-en.jsonl
म यो चाहन्छु।,I want this one.,ne-en,formal,shopping,shopping_00002,hand_priority_seed,training/data/train_clean_ne-en.jsonl
kripya yahan parkhanuhos.,Please wait here.,ne-en,roman_formal,questions_requests,questions_requests_00001,hand_priority_seed,training/data/train_clean_ne-en.jsonl
kripya yahan parkhanuhos.,Please wait here.,ne-en,roman_formal,questions_requests,questions_requests_00001,hand_priority_seed,training/data/train_clean_ne-en.jsonl
kripya yahan parkhanuhos.,Please wait here.,ne-en,roman_formal,questions_requests,questions_requests_00001,hand_priority_seed,training/data/train_clean_ne-en.jsonl
kripya yahan parkhanuhos.,Please wait here.,ne-en,roman_formal,questions_requests,questions_requests_00001,hand_priority_seed,training/data/train_clean_ne-en.jsonl
kripya yahan parkhanuhos.,Please wait here.,ne-en,roman_formal,questions_requests,questions_requests_00001,hand_priority_seed,training/data/train_clean_ne-en.jsonl
kripya yahan parkhanuhos.,Please wait here.,ne-en,roman_formal,questions_requests,questions_requests_00001,hand_priority_seed,training/data/train_clean_ne-en.jsonl
kripya yahan parkhanuhos.,Please wait here.,ne-en,roman_formal,questions_requests,questions_requests_00001,hand_priority_seed,training/data/train_clean_ne-en.jsonl
kripya yahan parkhanuhos.,Please wait here.,ne-en,roman_formal,questions_requests,questions_requests_00001,hand_priority_seed,training/data/train_clean_ne-en.jsonl
ke tapaisnga yobhanda sano aakara chha?,Do you have a smaller size?,ne-en,roman_formal,questions_requests,questions_requests_00009,assistant_curated,training/data/train_clean_ne-en.jsonl
ke tapaisnga yobhanda sano aakara chha?,Do you have a smaller size?,ne-en,roman_formal,questions_requests,questions_requests_00009,assistant_curated,training/data/train_clean_ne-en.jsonl
ke tapaisnga yobhanda sano aakara chha?,Do you have a smaller size?,ne-en,roman_formal,questions_requests,questions_requests_00009,assistant_curated,training/data/train_clean_ne-en.jsonl
ke tapaisnga yobhanda sano aakara chha?,Do you have a smaller size?,ne-en,roman_formal,questions_requests,questions_requests_00009,assistant_curated,training/data/train_clean_ne-en.jsonl
ke tapaisnga yobhanda sano aakara chha?,Do you have a smaller size?,ne-en,roman_formal,questions_requests,questions_requests_00009,assistant_curated,training/data/train_clean_ne-en.jsonl
ke tapaisnga yobhanda sano aakara chha?,Do you have a smaller size?,ne-en,roman_formal,questions_requests,questions_requests_00009,assistant_curated,training/data/train_clean_ne-en.jsonl
ke tapaisnga yobhanda sano aakara chha?,Do you have a smaller size?,ne-en,roman_formal,questions_requests,questions_requests_00009,assistant_curated,training/data/train_clean_ne-en.jsonl
ke tapaisnga yobhanda sano aakara chha?,Do you have a smaller size?,ne-en,roman_formal,questions_requests,questions_requests_00009,assistant_curated,training/data/train_clean_ne-en.jsonl
के तपाईं लेखिदिन सक्नुहुन्छ?,Could you write it down?,ne-en,formal,questions_requests,questions_requests_00004,hand_priority_seed,training/data/train_clean_ne-en.jsonl
के तपाईं लेखिदिन सक्नुहुन्छ?,Could you write it down?,ne-en,formal,questions_requests,questions_requests_00004,hand_priority_seed,training/data/train_clean_ne-en.jsonl
के तपाईं लेखिदिन सक्नुहुन्छ?,Could you write it down?,ne-en,formal,questions_requests,questions_requests_00004,hand_priority_seed,training/data/train_clean_ne-en.jsonl
के तपाईं लेखिदिन सक्नुहुन्छ?,Could you write it down?,ne-en,formal,questions_requests,questions_requests_00004,hand_priority_seed,training/data/train_clean_ne-en.jsonl
के तपाईं लेखिदिन सक्नुहुन्छ?,Could you write it down?,ne-en,formal,questions_requests,questions_requests_00004,hand_priority_seed,training/data/train_clean_ne-en.jsonl
के तपाईं लेखिदिन सक्नुहुन्छ?,Could you write it down?,ne-en,formal,questions_requests,questions_requests_00004,hand_priority_seed,training/data/train_clean_ne-en.jsonl
के तपाईं लेखिदिन सक्नुहुन्छ?,Could you write it down?,ne-en,formal,questions_requests,questions_requests_00004,hand_priority_seed,training/data/train_clean_ne-en.jsonl
के तपाईं लेखिदिन सक्नुहुन्छ?,Could you write it down?,ne-en,formal,questions_requests,questions_requests_00004,hand_priority_seed,training/data/train_clean_ne-en.jsonl
पछाडि,Back,ne-en,formal,government,government_00050,recovered_site_labels_and_manual_normalization,training/data/train_clean_ne-en.jsonl
पछाडि,Back,ne-en,formal,government,government_00050,recovered_site_labels_and_manual_normalization,training/data/train_clean_ne-en.jsonl
पछाडि,Back,ne-en,formal,government,government_00050,recovered_site_labels_and_manual_normalization,training/data/train_clean_ne-en.jsonl
पछाडि,Back,ne-en,formal,government,government_00050,recovered_site_labels_and_manual_normalization,training/data/train_clean_ne-en.jsonl
tapailai kaha dukheko chha?,Where does it hurt?,ne-en,roman_formal,questions_requests,questions_requests_00015,assistant_curated,training/data/train_clean_ne-en.jsonl
tapailai kaha dukheko chha?,Where does it hurt?,ne-en,roman_formal,questions_requests,questions_requests_00015,assistant_curated,training/data/train_clean_ne-en.jsonl
tapailai kaha dukheko chha?,Where does it hurt?,ne-en,roman_formal,questions_requests,questions_requests_00015,assistant_curated,training/data/train_clean_ne-en.jsonl
tapailai kaha dukheko chha?,Where does it hurt?,ne-en,roman_formal,questions_requests,questions_requests_00015,assistant_curated,training/data/train_clean_ne-en.jsonl
tapailai kaha dukheko chha?,Where does it hurt?,ne-en,roman_formal,questions_requests,questions_requests_00015,assistant_curated,training/data/train_clean_ne-en.jsonl
tapailai kaha dukheko chha?,Where does it hurt?,ne-en,roman_formal,questions_requests,questions_requests_00015,assistant_curated,training/data/train_clean_ne-en.jsonl
tapailai kaha dukheko chha?,Where does it hurt?,ne-en,roman_formal,questions_requests,questions_requests_00015,assistant_curated,training/data/train_clean_ne-en.jsonl
tapailai kaha dukheko chha?,Where does it hurt?,ne-en,roman_formal,questions_requests,questions_requests_00015,assistant_curated,training/data/train_clean_ne-en.jsonl
पेश गर,Submit,ne-en,informal,government,government_00047,recovered_site_labels_and_manual_normalization,training/data/train_clean_ne-en.jsonl
पेश गर,Submit,ne-en,informal,government,government_00047,recovered_site_labels_and_manual_normalization,training/data/train_clean_ne-en.jsonl
पेश गर,Submit,ne-en,informal,government,government_00047,recovered_site_labels_and_manual_normalization,training/data/train_clean_ne-en.jsonl
पेश गर,Submit,ne-en,informal,government,government_00047,recovered_site_labels_and_manual_normalization,training/data/train_clean_ne-en.jsonl
औपचारिक भाषा प्रयोग गर।,Please use formal language.,ne-en,informal,government,government_00052,assistant_curated,training/data/train_clean_ne-en.jsonl
औपचारिक भाषा प्रयोग गर।,Please use formal language.,ne-en,informal,government,government_00052,assistant_curated,training/data/train_clean_ne-en.jsonl
औपचारिक भाषा प्रयोग गर।,Please use formal language.,ne-en,informal,government,government_00052,assistant_curated,training/data/train_clean_ne-en.jsonl
औपचारिक भाषा प्रयोग गर।,Please use formal language.,ne-en,informal,government,government_00052,assistant_curated,training/data/train_clean_ne-en.jsonl
सिधा जा।,Go straight.,ne-en,informal,core_grammar,core_grammar_00013,assistant_curated,training/data/train_clean_ne-en.jsonl
सिधा जा।,Go straight.,ne-en,informal,core_grammar,core_grammar_00013,assistant_curated,training/data/train_clean_ne-en.jsonl
सिधा जा।,Go straight.,ne-en,informal,core_grammar,core_grammar_00013,assistant_curated,training/data/train_clean_ne-en.jsonl
सिधा जा।,Go straight.,ne-en,informal,core_grammar,core_grammar_00013,assistant_curated,training/data/train_clean_ne-en.jsonl
पदाधिकारी र कर्मचारी,Officials and Employees,ne-en,formal,government,government_00007,recovered_site_labels_and_manual_normalization,training/data/train_clean_ne-en.jsonl
पदाधिकारी र कर्मचारी,Officials and Employees,ne-en,formal,government,government_00007,recovered_site_labels_and_manual_normalization,training/data/train_clean_ne-en.jsonl
पदाधिकारी र कर्मचारी,Officials and Employees,ne-en,formal,government,government_00007,recovered_site_labels_and_manual_normalization,training/data/train_clean_ne-en.jsonl
पदाधिकारी र कर्मचारी,Officials and Employees,ne-en,formal,government,government_00007,recovered_site_labels_and_manual_normalization,training/data/train_clean_ne-en.jsonl
गठन आदेश,Formation Orders,ne-en,formal,government,government_00020,recovered_site_labels_and_manual_normalization,training/data/train_clean_ne-en.jsonl
गठन आदेश,Formation Orders,ne-en,formal,government,government_00020,recovered_site_labels_and_manual_normalization,training/data/train_clean_ne-en.jsonl
गठन आदेश,Formation Orders,ne-en,formal,government,government_00020,recovered_site_labels_and_manual_normalization,training/data/train_clean_ne-en.jsonl
गठन आदेश,Formation Orders,ne-en,formal,government,government_00020,recovered_site_labels_and_manual_normalization,training/data/train_clean_ne-en.jsonl
मलाई यो चाहिँदैन।,I do not want this.,ne-en,formal,core_grammar,core_grammar_00016,assistant_curated,training/data/train_clean_ne-en.jsonl
मलाई यो चाहिँदैन।,I do not want this.,ne-en,formal,core_grammar,core_grammar_00016,assistant_curated,training/data/train_clean_ne-en.jsonl
मलाई यो चाहिँदैन।,I do not want this.,ne-en,formal,core_grammar,core_grammar_00016,assistant_curated,training/data/train_clean_ne-en.jsonl
मलाई यो चाहिँदैन।,I do not want this.,ne-en,formal,core_grammar,core_grammar_00016,assistant_curated,training/data/train_clean_ne-en.jsonl
के तपाईं बुझ्नुहुन्छ?,Do you understand?,ne-en,formal,questions_requests,questions_requests_00002,hand_priority_seed,training/data/train_clean_ne-en.jsonl
के तपाईं बुझ्नुहुन्छ?,Do you understand?,ne-en,formal,questions_requests,questions_requests_00002,hand_priority_seed,training/data/train_clean_ne-en.jsonl
के तपाईं बुझ्नुहुन्छ?,Do you understand?,ne-en,formal,questions_requests,questions_requests_00002,hand_priority_seed,training/data/train_clean_ne-en.jsonl
के तपाईं बुझ्नुहुन्छ?,Do you understand?,ne-en,formal,questions_requests,questions_requests_00002,hand_priority_seed,training/data/train_clean_ne-en.jsonl
के तपाईं बुझ्नुहुन्छ?,Do you understand?,ne-en,formal,questions_requests,questions_requests_00002,hand_priority_seed,training/data/train_clean_ne-en.jsonl
के तपाईं बुझ्नुहुन्छ?,Do you understand?,ne-en,formal,questions_requests,questions_requests_00002,hand_priority_seed,training/data/train_clean_ne-en.jsonl
के तपाईं बुझ्नुहुन्छ?,Do you understand?,ne-en,formal,questions_requests,questions_requests_00002,hand_priority_seed,training/data/train_clean_ne-en.jsonl
के तपाईं बुझ्नुहुन्छ?,Do you understand?,ne-en,formal,questions_requests,questions_requests_00002,hand_priority_seed,training/data/train_clean_ne-en.jsonl
यसको अर्थ के हो?,What does this mean?,ne-en,formal,questions_requests,questions_requests_00003,hand_priority_seed,training/data/train_clean_ne-en.jsonl
यसको अर्थ के हो?,What does this mean?,ne-en,formal,questions_requests,questions_requests_00003,hand_priority_seed,training/data/train_clean_ne-en.jsonl
यसको अर्थ के हो?,What does this mean?,ne-en,formal,questions_requests,questions_requests_00003,hand_priority_seed,training/data/train_clean_ne-en.jsonl
यसको अर्थ के हो?,What does this mean?,ne-en,formal,questions_requests,questions_requests_00003,hand_priority_seed,training/data/train_clean_ne-en.jsonl
यसको अर्थ के हो?,What does this mean?,ne-en,formal,questions_requests,questions_requests_00003,hand_priority_seed,training/data/train_clean_ne-en.jsonl
यसको अर्थ के हो?,What does this mean?,ne-en,formal,questions_requests,questions_requests_00003,hand_priority_seed,training/data/train_clean_ne-en.jsonl
यसको अर्थ के हो?,What does this mean?,ne-en,formal,questions_requests,questions_requests_00003,hand_priority_seed,training/data/train_clean_ne-en.jsonl
यसको अर्थ के हो?,What does this mean?,ne-en,formal,questions_requests,questions_requests_00003,hand_priority_seed,training/data/train_clean_ne-en.jsonl
मसँग आउ।,Please come with me.,ne-en,informal,questions_requests,questions_requests_00016,assistant_curated,training/data/train_clean_ne-en.jsonl
मसँग आउ।,Please come with me.,ne-en,informal,questions_requests,questions_requests_00016,assistant_curated,training/data/train_clean_ne-en.jsonl
मसँग आउ।,Please come with me.,ne-en,informal,questions_requests,questions_requests_00016,assistant_curated,training/data/train_clean_ne-en.jsonl
मसँग आउ।,Please come with me.,ne-en,informal,questions_requests,questions_requests_00016,assistant_curated,training/data/train_clean_ne-en.jsonl
मसँग आउ।,Please come with me.,ne-en,informal,questions_requests,questions_requests_00016,assistant_curated,training/data/train_clean_ne-en.jsonl
मसँग आउ।,Please come with me.,ne-en,informal,questions_requests,questions_requests_00016,assistant_curated,training/data/train_clean_ne-en.jsonl
मसँग आउ।,Please come with me.,ne-en,informal,questions_requests,questions_requests_00016,assistant_curated,training/data/train_clean_ne-en.jsonl
मसँग आउ।,Please come with me.,ne-en,informal,questions_requests,questions_requests_00016,assistant_curated,training/data/train_clean_ne-en.jsonl
कृपया।,Please.,ne-en,formal,questions_requests,questions_requests_00006,assistant_curated,training/data/train_clean_ne-en.jsonl
कृपया।,Please.,ne-en,formal,questions_requests,questions_requests_00006,assistant_curated,training/data/train_clean_ne-en.jsonl
कृपया।,Please.,ne-en,formal,questions_requests,questions_requests_00006,assistant_curated,training/data/train_clean_ne-en.jsonl
कृपया।,Please.,ne-en,formal,questions_requests,questions_requests_00006,assistant_curated,training/data/train_clean_ne-en.jsonl
कृपया।,Please.,ne-en,formal,questions_requests,questions_requests_00006,assistant_curated,training/data/train_clean_ne-en.jsonl
कृपया।,Please.,ne-en,formal,questions_requests,questions_requests_00006,assistant_curated,training/data/train_clean_ne-en.jsonl
कृपया।,Please.,ne-en,formal,questions_requests,questions_requests_00006,assistant_curated,training/data/train_clean_ne-en.jsonl
कृपया।,Please.,ne-en,formal,questions_requests,questions_requests_00006,assistant_curated,training/data/train_clean_ne-en.jsonl
तपाईंलाई कहाँ दुखेको छ?,Where does it hurt?,ne-en,formal,questions_requests,questions_requests_00032,user_conv_seed,training/data/train_clean_ne-en.jsonl
तपाईंलाई कहाँ दुखेको छ?,Where does it hurt?,ne-en,formal,questions_requests,questions_requests_00032,user_conv_seed,training/data/train_clean_ne-en.jsonl
तपाईंलाई कहाँ दुखेको छ?,Where does it hurt?,ne-en,formal,questions_requests,questions_requests_00032,user_conv_seed,training/data/train_clean_ne-en.jsonl
तपाईंलाई कहाँ दुखेको छ?,Where does it hurt?,ne-en,formal,questions_requests,questions_requests_00032,user_conv_seed,training/data/train_clean_ne-en.jsonl
तपाईंलाई कहाँ दुखेको छ?,Where does it hurt?,ne-en,formal,questions_requests,questions_requests_00032,user_conv_seed,training/data/train_clean_ne-en.jsonl
तपाईंलाई कहाँ दुखेको छ?,Where does it hurt?,ne-en,formal,questions_requests,questions_requests_00032,user_conv_seed,training/data/train_clean_ne-en.jsonl
तपाईंलाई कहाँ दुखेको छ?,Where does it hurt?,ne-en,formal,questions_requests,questions_requests_00032,user_conv_seed,training/data/train_clean_ne-en.jsonl
तपाईंलाई कहाँ दुखेको छ?,Where does it hurt?,ne-en,formal,questions_requests,questions_requests_00032,user_conv_seed,training/data/train_clean_ne-en.jsonl
"(क) ल कमिशन, २०१०ः नेपालमा सर्वप्रथम २०१०।९।६।१ को मन्त्रिमण्डलको निर्णय बमोजिम पहिलो ल कमिशनको गठन भएको हो। उक्त कमिशनको गठनविधि, कार्य प्रणाली, कार्यावधि आदिका सम्बन्धमा मिति २०१०।११।११ मा नेपाल गजेटमा प्रकाशित सरकारको विज्ञप्तिमा उल्लेख गरिएको थियो।","The Nepal Law Commission (NLC) was first constituted by an executive decision in 1953, immediately after the dawn of multiparty democracy. The second, third, fourth and fifth Commissions were constituted in 1960, 1963, 1972 and 1979 respectively. All those Commissions were temporary in nature. The NLC was given permanent status only in 1984. After the restoration of multiparty democracy in 1990, the NLC was restructured with the mandate commensurate to the changed context. It was again restructured in 2003 with timely changes in its mandate and composition. Now, the Commission is a statutory body under the Nepal Law Commission Act, 2007, which was promulgated on 14th January, 2007. It is to",ne-en,formal,government,government_00055,law_gov,training/data/train_clean_ne-en.jsonl
"(क) ल कमिशन, २०१०ः नेपालमा सर्वप्रथम २०१०।९।६।१ को मन्त्रिमण्डलको निर्णय बमोजिम पहिलो ल कमिशनको गठन भएको हो। उक्त कमिशनको गठनविधि, कार्य प्रणाली, कार्यावधि आदिका सम्बन्धमा मिति २०१०।११।११ मा नेपाल गजेटमा प्रकाशित सरकारको विज्ञप्तिमा उल्लेख गरिएको थियो।","The Nepal Law Commission (NLC) was first constituted by an executive decision in 1953, immediately after the dawn of multiparty democracy. The second, third, fourth and fifth Commissions were constituted in 1960, 1963, 1972 and 1979 respectively. All those Commissions were temporary in nature. The NLC was given permanent status only in 1984. After the restoration of multiparty democracy in 1990, the NLC was restructured with the mandate commensurate to the changed context. It was again restructured in 2003 with timely changes in its mandate and composition. Now, the Commission is a statutory body under the Nepal Law Commission Act, 2007, which was promulgated on 14th January, 2007. It is to",ne-en,formal,government,government_00055,law_gov,training/data/train_clean_ne-en.jsonl
"(क) ल कमिशन, २०१०ः नेपालमा सर्वप्रथम २०१०।९।६।१ को मन्त्रिमण्डलको निर्णय बमोजिम पहिलो ल कमिशनको गठन भएको हो। उक्त कमिशनको गठनविधि, कार्य प्रणाली, कार्यावधि आदिका सम्बन्धमा मिति २०१०।११।११ मा नेपाल गजेटमा प्रकाशित सरकारको विज्ञप्तिमा उल्लेख गरिएको थियो।","The Nepal Law Commission (NLC) was first constituted by an executive decision in 1953, immediately after the dawn of multiparty democracy. The second, third, fourth and fifth Commissions were constituted in 1960, 1963, 1972 and 1979 respectively. All those Commissions were temporary in nature. The NLC was given permanent status only in 1984. After the restoration of multiparty democracy in 1990, the NLC was restructured with the mandate commensurate to the changed context. It was again restructured in 2003 with timely changes in its mandate and composition. Now, the Commission is a statutory body under the Nepal Law Commission Act, 2007, which was promulgated on 14th January, 2007. It is to",ne-en,formal,government,government_00055,law_gov,training/data/train_clean_ne-en.jsonl
"(क) ल कमिशन, २०१०ः नेपालमा सर्वप्रथम २०१०।९।६।१ को मन्त्रिमण्डलको निर्णय बमोजिम पहिलो ल कमिशनको गठन भएको हो। उक्त कमिशनको गठनविधि, कार्य प्रणाली, कार्यावधि आदिका सम्बन्धमा मिति २०१०।११।११ मा नेपाल गजेटमा प्रकाशित सरकारको विज्ञप्तिमा उल्लेख गरिएको थियो।","The Nepal Law Commission (NLC) was first constituted by an executive decision in 1953, immediately after the dawn of multiparty democracy. The second, third, fourth and fifth Commissions were constituted in 1960, 1963, 1972 and 1979 respectively. All those Commissions were temporary in nature. The NLC was given permanent status only in 1984. After the restoration of multiparty democracy in 1990, the NLC was restructured with the mandate commensurate to the changed context. It was again restructured in 2003 with timely changes in its mandate and composition. Now, the Commission is a statutory body under the Nepal Law Commission Act, 2007, which was promulgated on 14th January, 2007. It is to",ne-en,formal,government,government_00055,law_gov,training/data/train_clean_ne-en.jsonl
कानून तर्जुमा,Law Drafting,ne-en,formal,government,government_00010,recovered_site_labels_and_manual_normalization,training/data/train_clean_ne-en.jsonl
कानून तर्जुमा,Law Drafting,ne-en,formal,government,government_00010,recovered_site_labels_and_manual_normalization,training/data/train_clean_ne-en.jsonl
कानून तर्जुमा,Law Drafting,ne-en,formal,government,government_00010,recovered_site_labels_and_manual_normalization,training/data/train_clean_ne-en.jsonl
कानून तर्जुमा,Law Drafting,ne-en,formal,government,government_00010,recovered_site_labels_and_manual_normalization,training/data/train_clean_ne-en.jsonl
phona arkolai deu na.,Please pass the phone.,ne-en,roman_formal,questions_requests,questions_requests_00025,assistant_curated,training/data/train_clean_ne-en.jsonl
phona arkolai deu na.,Please pass the phone.,ne-en,roman_formal,questions_requests,questions_requests_00025,assistant_curated,training/data/train_clean_ne-en.jsonl
phona arkolai deu na.,Please pass the phone.,ne-en,roman_formal,questions_requests,questions_requests_00025,assistant_curated,training/data/train_clean_ne-en.jsonl
phona arkolai deu na.,Please pass the phone.,ne-en,roman_formal,questions_requests,questions_requests_00025,assistant_curated,training/data/train_clean_ne-en.jsonl
phona arkolai deu na.,Please pass the phone.,ne-en,roman_formal,questions_requests,questions_requests_00025,assistant_curated,training/data/train_clean_ne-en.jsonl
phona arkolai deu na.,Please pass the phone.,ne-en,roman_formal,questions_requests,questions_requests_00025,assistant_curated,training/data/train_clean_ne-en.jsonl
phona arkolai deu na.,Please pass the phone.,ne-en,roman_formal,questions_requests,questions_requests_00025,assistant_curated,training/data/train_clean_ne-en.jsonl
phona arkolai deu na.,Please pass the phone.,ne-en,roman_formal,questions_requests,questions_requests_00025,assistant_curated,training/data/train_clean_ne-en.jsonl
के यो शाकाहारी हो?,Is this vegetarian?,ne-en,formal,questions_requests,questions_requests_00013,assistant_curated,training/data/train_clean_ne-en.jsonl
के यो शाकाहारी हो?,Is this vegetarian?,ne-en,formal,questions_requests,questions_requests_00013,assistant_curated,training/data/train_clean_ne-en.jsonl
के यो शाकाहारी हो?,Is this vegetarian?,ne-en,formal,questions_requests,questions_requests_00013,assistant_curated,training/data/train_clean_ne-en.jsonl
के यो शाकाहारी हो?,Is this vegetarian?,ne-en,formal,questions_requests,questions_requests_00013,assistant_curated,training/data/train_clean_ne-en.jsonl
के यो शाकाहारी हो?,Is this vegetarian?,ne-en,formal,questions_requests,questions_requests_00013,assistant_curated,training/data/train_clean_ne-en.jsonl
के यो शाकाहारी हो?,Is this vegetarian?,ne-en,formal,questions_requests,questions_requests_00013,assistant_curated,training/data/train_clean_ne-en.jsonl
के यो शाकाहारी हो?,Is this vegetarian?,ne-en,formal,questions_requests,questions_requests_00013,assistant_curated,training/data/train_clean_ne-en.jsonl
के यो शाकाहारी हो?,Is this vegetarian?,ne-en,formal,questions_requests,questions_requests_00013,assistant_curated,training/data/train_clean_ne-en.jsonl
खारेज भएका ऐन,Repealed Acts,ne-en,formal,government,government_00022,recovered_site_labels_and_manual_normalization,training/data/train_clean_ne-en.jsonl
खारेज भएका ऐन,Repealed Acts,ne-en,formal,government,government_00022,recovered_site_labels_and_manual_normalization,training/data/train_clean_ne-en.jsonl
खारेज भएका ऐन,Repealed Acts,ne-en,formal,government,government_00022,recovered_site_labels_and_manual_normalization,training/data/train_clean_ne-en.jsonl
खारेज भएका ऐन,Repealed Acts,ne-en,formal,government,government_00022,recovered_site_labels_and_manual_normalization,training/data/train_clean_ne-en.jsonl
तपाईं पहिले।,After you.,ne-en,formal,pronouns_honorifics,pronouns_honorifics_00004,hand_priority_seed,training/data/train_clean_ne-en.jsonl
तपाईं पहिले।,After you.,ne-en,formal,pronouns_honorifics,pronouns_honorifics_00004,hand_priority_seed,training/data/train_clean_ne-en.jsonl
तपाईं पहिले।,After you.,ne-en,formal,pronouns_honorifics,pronouns_honorifics_00004,hand_priority_seed,training/data/train_clean_ne-en.jsonl
तपाईं पहिले।,After you.,ne-en,formal,pronouns_honorifics,pronouns_honorifics_00004,hand_priority_seed,training/data/train_clean_ne-en.jsonl
तपाईं पहिले।,After you.,ne-en,formal,pronouns_honorifics,pronouns_honorifics_00004,hand_priority_seed,training/data/train_clean_ne-en.jsonl
तपाईं पहिले।,After you.,ne-en,formal,pronouns_honorifics,pronouns_honorifics_00004,hand_priority_seed,training/data/train_clean_ne-en.jsonl
तपाईं पहिले।,After you.,ne-en,formal,pronouns_honorifics,pronouns_honorifics_00004,hand_priority_seed,training/data/train_clean_ne-en.jsonl
तपाईं पहिले।,After you.,ne-en,formal,pronouns_honorifics,pronouns_honorifics_00004,hand_priority_seed,training/data/train_clean_ne-en.jsonl
वर्णानुक्रम अनुसारको सूची,Alphabetical List,ne-en,formal,government,government_00017,recovered_site_labels_and_manual_normalization,training/data/train_clean_ne-en.jsonl
वर्णानुक्रम अनुसारको सूची,Alphabetical List,ne-en,formal,government,government_00017,recovered_site_labels_and_manual_normalization,training/data/train_clean_ne-en.jsonl
वर्णानुक्रम अनुसारको सूची,Alphabetical List,ne-en,formal,government,government_00017,recovered_site_labels_and_manual_normalization,training/data/train_clean_ne-en.jsonl
वर्णानुक्रम अनुसारको सूची,Alphabetical List,ne-en,formal,government,government_00017,recovered_site_labels_and_manual_normalization,training/data/train_clean_ne-en.jsonl
वार्षिक प्रतिवेदन,Annual Report,ne-en,formal,government,government_00030,recovered_site_labels_and_manual_normalization,training/data/train_clean_ne-en.jsonl
वार्षिक प्रतिवेदन,Annual Report,ne-en,formal,government,government_00030,recovered_site_labels_and_manual_normalization,training/data/train_clean_ne-en.jsonl
वार्षिक प्रतिवेदन,Annual Report,ne-en,formal,government,government_00030,recovered_site_labels_and_manual_normalization,training/data/train_clean_ne-en.jsonl
वार्षिक प्रतिवेदन,Annual Report,ne-en,formal,government,government_00030,recovered_site_labels_and_manual_normalization,training/data/train_clean_ne-en.jsonl
के यहाँ वाइफाइ निःशुल्क छ?,Is Wi-Fi free here?,ne-en,formal,code_switch_names,code_switch_names_00002,hand_priority_seed,training/data/train_clean_ne-en.jsonl
के यहाँ वाइफाइ निःशुल्क छ?,Is Wi-Fi free here?,ne-en,formal,code_switch_names,code_switch_names_00002,hand_priority_seed,training/data/train_clean_ne-en.jsonl
के यहाँ वाइफाइ निःशुल्क छ?,Is Wi-Fi free here?,ne-en,formal,code_switch_names,code_switch_names_00002,hand_priority_seed,training/data/train_clean_ne-en.jsonl
के यहाँ वाइफाइ निःशुल्क छ?,Is Wi-Fi free here?,ne-en,formal,code_switch_names,code_switch_names_00002,hand_priority_seed,training/data/train_clean_ne-en.jsonl
कृपया अनुवाद जाँच गर्नुहोस्।,Please check the translation.,ne-en,formal,questions_requests,questions_requests_00028,assistant_curated,training/data/train_clean_ne-en.jsonl
कृपया अनुवाद जाँच गर्नुहोस्।,Please check the translation.,ne-en,formal,questions_requests,questions_requests_00028,assistant_curated,training/data/train_clean_ne-en.jsonl
कृपया अनुवाद जाँच गर्नुहोस्।,Please check the translation.,ne-en,formal,questions_requests,questions_requests_00028,assistant_curated,training/data/train_clean_ne-en.jsonl
कृपया अनुवाद जाँच गर्नुहोस्।,Please check the translation.,ne-en,formal,questions_requests,questions_requests_00028,assistant_curated,training/data/train_clean_ne-en.jsonl
कृपया अनुवाद जाँच गर्नुहोस्।,Please check the translation.,ne-en,formal,questions_requests,questions_requests_00028,assistant_curated,training/data/train_clean_ne-en.jsonl
कृपया अनुवाद जाँच गर्नुहोस्।,Please check the translation.,ne-en,formal,questions_requests,questions_requests_00028,assistant_curated,training/data/train_clean_ne-en.jsonl
कृपया अनुवाद जाँच गर्नुहोस्।,Please check the translation.,ne-en,formal,questions_requests,questions_requests_00028,assistant_curated,training/data/train_clean_ne-en.jsonl
कृपया अनुवाद जाँच गर्नुहोस्।,Please check the translation.,ne-en,formal,questions_requests,questions_requests_00028,assistant_curated,training/data/train_clean_ne-en.jsonl
malai jwaro aaeko chha.,I have a fever.,ne-en,roman_formal,health,health_00001,hand_priority_seed,training/data/train_clean_ne-en.jsonl
malai jwaro aaeko chha.,I have a fever.,ne-en,roman_formal,health,health_00001,hand_priority_seed,training/data/train_clean_ne-en.jsonl
malai jwaro aaeko chha.,I have a fever.,ne-en,roman_formal,health,health_00001,hand_priority_seed,training/data/train_clean_ne-en.jsonl
malai jwaro aaeko chha.,I have a fever.,ne-en,roman_formal,health,health_00001,hand_priority_seed,training/data/train_clean_ne-en.jsonl
malai jwaro aaeko chha.,I have a fever.,ne-en,roman_formal,health,health_00001,hand_priority_seed,training/data/train_clean_ne-en.jsonl
malai jwaro aaeko chha.,I have a fever.,ne-en,roman_formal,health,health_00001,hand_priority_seed,training/data/train_clean_ne-en.jsonl
malai jwaro aaeko chha.,I have a fever.,ne-en,roman_formal,health,health_00001,hand_priority_seed,training/data/train_clean_ne-en.jsonl
malai jwaro aaeko chha.,I have a fever.,ne-en,roman_formal,health,health_00001,hand_priority_seed,training/data/train_clean_ne-en.jsonl
तपाईं कहाँबाट आएको?,Where are you from?,ne-en,formal,questions_requests,questions_requests_00008,assistant_curated,training/data/train_clean_ne-en.jsonl
तपाईं कहाँबाट आएको?,Where are you from?,ne-en,formal,questions_requests,questions_requests_00008,assistant_curated,training/data/train_clean_ne-en.jsonl
तपाईं कहाँबाट आएको?,Where are you from?,ne-en,formal,questions_requests,questions_requests_00008,assistant_curated,training/data/train_clean_ne-en.jsonl
तपाईं कहाँबाट आएको?,Where are you from?,ne-en,formal,questions_requests,questions_requests_00008,assistant_curated,training/data/train_clean_ne-en.jsonl
तपाईं कहाँबाट आएको?,Where are you from?,ne-en,formal,questions_requests,questions_requests_00008,assistant_curated,training/data/train_clean_ne-en.jsonl
तपाईं कहाँबाट आएको?,Where are you from?,ne-en,formal,questions_requests,questions_requests_00008,assistant_curated,training/data/train_clean_ne-en.jsonl
तपाईं कहाँबाट आएको?,Where are you from?,ne-en,formal,questions_requests,questions_requests_00008,assistant_curated,training/data/train_clean_ne-en.jsonl
तपाईं कहाँबाट आएको?,Where are you from?,ne-en,formal,questions_requests,questions_requests_00008,assistant_curated,training/data/train_clean_ne-en.jsonl
त्यो अनुवाद सही छ।,That translation is correct.,ne-en,formal,core_grammar,core_grammar_00033,assistant_curated,training/data/train_clean_ne-en.jsonl
त्यो अनुवाद सही छ।,That translation is correct.,ne-en,formal,core_grammar,core_grammar_00033,assistant_curated,training/data/train_clean_ne-en.jsonl
त्यो अनुवाद सही छ।,That translation is correct.,ne-en,formal,core_grammar,core_grammar_00033,assistant_curated,training/data/train_clean_ne-en.jsonl
त्यो अनुवाद सही छ।,That translation is correct.,ne-en,formal,core_grammar,core_grammar_00033,assistant_curated,training/data/train_clean_ne-en.jsonl
के यहाँ दुख्छ?,Does it hurt here?,ne-en,formal,health,health_00004,hand_priority_seed,training/data/train_clean_ne-en.jsonl
के यहाँ दुख्छ?,Does it hurt here?,ne-en,formal,health,health_00004,hand_priority_seed,training/data/train_clean_ne-en.jsonl
के यहाँ दुख्छ?,Does it hurt here?,ne-en,formal,health,health_00004,hand_priority_seed,training/data/train_clean_ne-en.jsonl
के यहाँ दुख्छ?,Does it hurt here?,ne-en,formal,health,health_00004,hand_priority_seed,training/data/train_clean_ne-en.jsonl
के यहाँ दुख्छ?,Does it hurt here?,ne-en,formal,health,health_00004,hand_priority_seed,training/data/train_clean_ne-en.jsonl
के यहाँ दुख्छ?,Does it hurt here?,ne-en,formal,health,health_00004,hand_priority_seed,training/data/train_clean_ne-en.jsonl
के यहाँ दुख्छ?,Does it hurt here?,ne-en,formal,health,health_00004,hand_priority_seed,training/data/train_clean_ne-en.jsonl
के यहाँ दुख्छ?,Does it hurt here?,ne-en,formal,health,health_00004,hand_priority_seed,training/data/train_clean_ne-en.jsonl
सम्पर्क ठेगाना,Contact Address,ne-en,formal,government,government_00032,recovered_site_labels_and_manual_normalization,training/data/train_clean_ne-en.jsonl
सम्पर्क ठेगाना,Contact Address,ne-en,formal,government,government_00032,recovered_site_labels_and_manual_normalization,training/data/train_clean_ne-en.jsonl
सम्पर्क ठेगाना,Contact Address,ne-en,formal,government,government_00032,recovered_site_labels_and_manual_normalization,training/data/train_clean_ne-en.jsonl
सम्पर्क ठेगाना,Contact Address,ne-en,formal,government,government_00032,recovered_site_labels_and_manual_normalization,training/data/train_clean_ne-en.jsonl
सम्पर्क,Contact,ne-en,formal,government,government_00031,recovered_site_labels_and_manual_normalization,training/data/train_clean_ne-en.jsonl
सम्पर्क,Contact,ne-en,formal,government,government_00031,recovered_site_labels_and_manual_normalization,training/data/train_clean_ne-en.jsonl
सम्पर्क,Contact,ne-en,formal,government,government_00031,recovered_site_labels_and_manual_normalization,training/data/train_clean_ne-en.jsonl
सम्पर्क,Contact,ne-en,formal,government,government_00031,recovered_site_labels_and_manual_normalization,training/data/train_clean_ne-en.jsonl
महत्त्वपूर्ण सूचना,Important Notice,ne-en,formal,government,government_00040,recovered_site_labels_and_manual_normalization,training/data/train_clean_ne-en.jsonl
महत्त्वपूर्ण सूचना,Important Notice,ne-en,formal,government,government_00040,recovered_site_labels_and_manual_normalization,training/data/train_clean_ne-en.jsonl
महत्त्वपूर्ण सूचना,Important Notice,ne-en,formal,government,government_00040,recovered_site_labels_and_manual_normalization,training/data/train_clean_ne-en.jsonl
महत्त्वपूर्ण सूचना,Important Notice,ne-en,formal,government,government_00040,recovered_site_labels_and_manual_normalization,training/data/train_clean_ne-en.jsonl
नीति,Policies,ne-en,formal,government,government_00025,recovered_site_labels_and_manual_normalization,training/data/train_clean_ne-en.jsonl
नीति,Policies,ne-en,formal,government,government_00025,recovered_site_labels_and_manual_normalization,training/data/train_clean_ne-en.jsonl
नीति,Policies,ne-en,formal,government,government_00025,recovered_site_labels_and_manual_normalization,training/data/train_clean_ne-en.jsonl
नीति,Policies,ne-en,formal,government,government_00025,recovered_site_labels_and_manual_normalization,training/data/train_clean_ne-en.jsonl
यो मेरो परिवार हो।,This is my family.,ne-en,formal,family,family_00001,hand_priority_seed,training/data/train_clean_ne-en.jsonl
यो मेरो परिवार हो।,This is my family.,ne-en,formal,family,family_00001,hand_priority_seed,training/data/train_clean_ne-en.jsonl
यो मेरो परिवार हो।,This is my family.,ne-en,formal,family,family_00001,hand_priority_seed,training/data/train_clean_ne-en.jsonl
यो मेरो परिवार हो।,This is my family.,ne-en,formal,family,family_00001,hand_priority_seed,training/data/train_clean_ne-en.jsonl
ke tapai lekhidina saknuhunchha?,Could you write it down?,ne-en,roman_formal,questions_requests,questions_requests_00004,hand_priority_seed,training/data/train_clean_ne-en.jsonl
ke tapai lekhidina saknuhunchha?,Could you write it down?,ne-en,roman_formal,questions_requests,questions_requests_00004,hand_priority_seed,training/data/train_clean_ne-en.jsonl
ke tapai lekhidina saknuhunchha?,Could you write it down?,ne-en,roman_formal,questions_requests,questions_requests_00004,hand_priority_seed,training/data/train_clean_ne-en.jsonl
ke tapai lekhidina saknuhunchha?,Could you write it down?,ne-en,roman_formal,questions_requests,questions_requests_00004,hand_priority_seed,training/data/train_clean_ne-en.jsonl
ke tapai lekhidina saknuhunchha?,Could you write it down?,ne-en,roman_formal,questions_requests,questions_requests_00004,hand_priority_seed,training/data/train_clean_ne-en.jsonl
ke tapai lekhidina saknuhunchha?,Could you write it down?,ne-en,roman_formal,questions_requests,questions_requests_00004,hand_priority_seed,training/data/train_clean_ne-en.jsonl
ke tapai lekhidina saknuhunchha?,Could you write it down?,ne-en,roman_formal,questions_requests,questions_requests_00004,hand_priority_seed,training/data/train_clean_ne-en.jsonl
ke tapai lekhidina saknuhunchha?,Could you write it down?,ne-en,roman_formal,questions_requests,questions_requests_00004,hand_priority_seed,training/data/train_clean_ne-en.jsonl
सिधा जानुहोस्।,Go straight.,ne-en,formal,core_grammar,core_grammar_00013,assistant_curated,training/data/train_clean_ne-en.jsonl
सिधा जानुहोस्।,Go straight.,ne-en,formal,core_grammar,core_grammar_00013,assistant_curated,training/data/train_clean_ne-en.jsonl
सिधा जानुहोस्।,Go straight.,ne-en,formal,core_grammar,core_grammar_00013,assistant_curated,training/data/train_clean_ne-en.jsonl
सिधा जानुहोस्।,Go straight.,ne-en,formal,core_grammar,core_grammar_00013,assistant_curated,training/data/train_clean_ne-en.jsonl
के तिमी लेखिदिन सक्छौ?,Could you write it down?,ne-en,informal,questions_requests,questions_requests_00004,hand_priority_seed,training/data/train_clean_ne-en.jsonl
के तिमी लेखिदिन सक्छौ?,Could you write it down?,ne-en,informal,questions_requests,questions_requests_00004,hand_priority_seed,training/data/train_clean_ne-en.jsonl
के तिमी लेखिदिन सक्छौ?,Could you write it down?,ne-en,informal,questions_requests,questions_requests_00004,hand_priority_seed,training/data/train_clean_ne-en.jsonl
के तिमी लेखिदिन सक्छौ?,Could you write it down?,ne-en,informal,questions_requests,questions_requests_00004,hand_priority_seed,training/data/train_clean_ne-en.jsonl
के तिमी लेखिदिन सक्छौ?,Could you write it down?,ne-en,informal,questions_requests,questions_requests_00004,hand_priority_seed,training/data/train_clean_ne-en.jsonl
के तिमी लेखिदिन सक्छौ?,Could you write it down?,ne-en,informal,questions_requests,questions_requests_00004,hand_priority_seed,training/data/train_clean_ne-en.jsonl
के तिमी लेखिदिन सक्छौ?,Could you write it down?,ne-en,informal,questions_requests,questions_requests_00004,hand_priority_seed,training/data/train_clean_ne-en.jsonl
के तिमी लेखिदिन सक्छौ?,Could you write it down?,ne-en,informal,questions_requests,questions_requests_00004,hand_priority_seed,training/data/train_clean_ne-en.jsonl
यो कहिले आइपुग्छ?,When will it arrive?,ne-en,formal,questions_requests,questions_requests_00020,assistant_curated,training/data/train_clean_ne-en.jsonl
यो कहिले आइपुग्छ?,When will it arrive?,ne-en,formal,questions_requests,questions_requests_00020,assistant_curated,training/data/train_clean_ne-en.jsonl
यो कहिले आइपुग्छ?,When will it arrive?,ne-en,formal,questions_requests,questions_requests_00020,assistant_curated,training/data/train_clean_ne-en.jsonl
यो कहिले आइपुग्छ?,When will it arrive?,ne-en,formal,questions_requests,questions_requests_00020,assistant_curated,training/data/train_clean_ne-en.jsonl
यो कहिले आइपुग्छ?,When will it arrive?,ne-en,formal,questions_requests,questions_requests_00020,assistant_curated,training/data/train_clean_ne-en.jsonl
यो कहिले आइपुग्छ?,When will it arrive?,ne-en,formal,questions_requests,questions_requests_00020,assistant_curated,training/data/train_clean_ne-en.jsonl
यो कहिले आइपुग्छ?,When will it arrive?,ne-en,formal,questions_requests,questions_requests_00020,assistant_curated,training/data/train_clean_ne-en.jsonl
यो कहिले आइपुग्छ?,When will it arrive?,ne-en,formal,questions_requests,questions_requests_00020,assistant_curated,training/data/train_clean_ne-en.jsonl
"(च) नेपाल कानून सुधार आयोग, २०४१ः यस अघिका आयोगको आवधिक वा तदर्थ रुपमा गठन विघटन हुंदै आएकोमा श्री ५ को सरकारको मिति २०४१।८।२१ को निर्णयले नेपाल कानून सुधार आयोग नामक एक स्थायी प्रकृतिको आयोगको स्थापना गरी पदाधिकारीहरु नियुक्ति गर्ने व्यवस्था गर्यो। श्री ५ को सरकारको यो निर्णयले कानून तर्जुमाका क्षेत्रमा आयोगको स्थायी भूमिका एवं सक्रियताको अपेक्षा राख्दै संस्थागत रुपमा नै आयोगको अस्तित्व स्थापित गर्ने काम ग¥यो। आयोगको इतिहासमा यो सर्वाधिक महत्वको निर्णय थियो भन्न सकिन्छ। जस अनुसार ५ वर्षे कार्यावधि सहित गठन भएको आयोगको गठनविधि एवं काम कर्तव्यहरुको व्यवस्था गरिएको थियो। पछि श्री ५ को सरकारले मिति २०४६।८।२१ मा पदावधि समाप्त भएका उक्त आयोगका सदस्य तथा सह—सदस्यहरुलाई यथावत कायम राख्ने निर्णय गरेको थियो।","1 Initiation of tasks: The commission may initiate drafting and law reform process either on referral of the concerned ministry or on its own. It may also receive a proposal from stakeholders, i.e. individual, non-governmental organization, civil society and community organization.",ne-en,formal,government,government_00061,law_gov,training/data/train_clean_ne-en.jsonl
"(च) नेपाल कानून सुधार आयोग, २०४१ः यस अघिका आयोगको आवधिक वा तदर्थ रुपमा गठन विघटन हुंदै आएकोमा श्री ५ को सरकारको मिति २०४१।८।२१ को निर्णयले नेपाल कानून सुधार आयोग नामक एक स्थायी प्रकृतिको आयोगको स्थापना गरी पदाधिकारीहरु नियुक्ति गर्ने व्यवस्था गर्यो। श्री ५ को सरकारको यो निर्णयले कानून तर्जुमाका क्षेत्रमा आयोगको स्थायी भूमिका एवं सक्रियताको अपेक्षा राख्दै संस्थागत रुपमा नै आयोगको अस्तित्व स्थापित गर्ने काम ग¥यो। आयोगको इतिहासमा यो सर्वाधिक महत्वको निर्णय थियो भन्न सकिन्छ। जस अनुसार ५ वर्षे कार्यावधि सहित गठन भएको आयोगको गठनविधि एवं काम कर्तव्यहरुको व्यवस्था गरिएको थियो। पछि श्री ५ को सरकारले मिति २०४६।८।२१ मा पदावधि समाप्त भएका उक्त आयोगका सदस्य तथा सह—सदस्यहरुलाई यथावत कायम राख्ने निर्णय गरेको थियो।","1 Initiation of tasks: The commission may initiate drafting and law reform process either on referral of the concerned ministry or on its own. It may also receive a proposal from stakeholders, i.e. individual, non-governmental organization, civil society and community organization.",ne-en,formal,government,government_00061,law_gov,training/data/train_clean_ne-en.jsonl
"(च) नेपाल कानून सुधार आयोग, २०४१ः यस अघिका आयोगको आवधिक वा तदर्थ रुपमा गठन विघटन हुंदै आएकोमा श्री ५ को सरकारको मिति २०४१।८।२१ को निर्णयले नेपाल कानून सुधार आयोग नामक एक स्थायी प्रकृतिको आयोगको स्थापना गरी पदाधिकारीहरु नियुक्ति गर्ने व्यवस्था गर्यो। श्री ५ को सरकारको यो निर्णयले कानून तर्जुमाका क्षेत्रमा आयोगको स्थायी भूमिका एवं सक्रियताको अपेक्षा राख्दै संस्थागत रुपमा नै आयोगको अस्तित्व स्थापित गर्ने काम ग¥यो। आयोगको इतिहासमा यो सर्वाधिक महत्वको निर्णय थियो भन्न सकिन्छ। जस अनुसार ५ वर्षे कार्यावधि सहित गठन भएको आयोगको गठनविधि एवं काम कर्तव्यहरुको व्यवस्था गरिएको थियो। पछि श्री ५ को सरकारले मिति २०४६।८।२१ मा पदावधि समाप्त भएका उक्त आयोगका सदस्य तथा सह—सदस्यहरुलाई यथावत कायम राख्ने निर्णय गरेको थियो।","1 Initiation of tasks: The commission may initiate drafting and law reform process either on referral of the concerned ministry or on its own. It may also receive a proposal from stakeholders, i.e. individual, non-governmental organization, civil society and community organization.",ne-en,formal,government,government_00061,law_gov,training/data/train_clean_ne-en.jsonl
"(च) नेपाल कानून सुधार आयोग, २०४१ः यस अघिका आयोगको आवधिक वा तदर्थ रुपमा गठन विघटन हुंदै आएकोमा श्री ५ को सरकारको मिति २०४१।८।२१ को निर्णयले नेपाल कानून सुधार आयोग नामक एक स्थायी प्रकृतिको आयोगको स्थापना गरी पदाधिकारीहरु नियुक्ति गर्ने व्यवस्था गर्यो। श्री ५ को सरकारको यो निर्णयले कानून तर्जुमाका क्षेत्रमा आयोगको स्थायी भूमिका एवं सक्रियताको अपेक्षा राख्दै संस्थागत रुपमा नै आयोगको अस्तित्व स्थापित गर्ने काम ग¥यो। आयोगको इतिहासमा यो सर्वाधिक महत्वको निर्णय थियो भन्न सकिन्छ। जस अनुसार ५ वर्षे कार्यावधि सहित गठन भएको आयोगको गठनविधि एवं काम कर्तव्यहरुको व्यवस्था गरिएको थियो। पछि श्री ५ को सरकारले मिति २०४६।८।२१ मा पदावधि समाप्त भएका उक्त आयोगका सदस्य तथा सह—सदस्यहरुलाई यथावत कायम राख्ने निर्णय गरेको थियो।","1 Initiation of tasks: The commission may initiate drafting and law reform process either on referral of the concerned ministry or on its own. It may also receive a proposal from stakeholders, i.e. individual, non-governmental organization, civil society and community organization.",ne-en,formal,government,government_00061,law_gov,training/data/train_clean_ne-en.jsonl
म काठमाडौंमा बस्छु।,I live in Kathmandu.,ne-en,formal,core_grammar,core_grammar_00023,assistant_curated,training/data/train_clean_ne-en.jsonl
म काठमाडौंमा बस्छु।,I live in Kathmandu.,ne-en,formal,core_grammar,core_grammar_00023,assistant_curated,training/data/train_clean_ne-en.jsonl
म काठमाडौंमा बस्छु।,I live in Kathmandu.,ne-en,formal,core_grammar,core_grammar_00023,assistant_curated,training/data/train_clean_ne-en.jsonl
म काठमाडौंमा बस्छु।,I live in Kathmandu.,ne-en,formal,core_grammar,core_grammar_00023,assistant_curated,training/data/train_clean_ne-en.jsonl
साढे तीन बज्यो।,It is half past three.,ne-en,formal,numbers_money,numbers_money_00003,hand_priority_seed,training/data/train_clean_ne-en.jsonl
साढे तीन बज्यो।,It is half past three.,ne-en,formal,numbers_money,numbers_money_00003,hand_priority_seed,training/data/train_clean_ne-en.jsonl
साढे तीन बज्यो।,It is half past three.,ne-en,formal,numbers_money,numbers_money_00003,hand_priority_seed,training/data/train_clean_ne-en.jsonl
साढे तीन बज्यो।,It is half past three.,ne-en,formal,numbers_money,numbers_money_00003,hand_priority_seed,training/data/train_clean_ne-en.jsonl
malai rasida deu na.,Please give me a receipt.,ne-en,roman_formal,questions_requests,questions_requests_00012,assistant_curated,training/data/train_clean_ne-en.jsonl
malai rasida deu na.,Please give me a receipt.,ne-en,roman_formal,questions_requests,questions_requests_00012,assistant_curated,training/data/train_clean_ne-en.jsonl
malai rasida deu na.,Please give me a receipt.,ne-en,roman_formal,questions_requests,questions_requests_00012,assistant_curated,training/data/train_clean_ne-en.jsonl
malai rasida deu na.,Please give me a receipt.,ne-en,roman_formal,questions_requests,questions_requests_00012,assistant_curated,training/data/train_clean_ne-en.jsonl
malai rasida deu na.,Please give me a receipt.,ne-en,roman_formal,questions_requests,questions_requests_00012,assistant_curated,training/data/train_clean_ne-en.jsonl
malai rasida deu na.,Please give me a receipt.,ne-en,roman_formal,questions_requests,questions_requests_00012,assistant_curated,training/data/train_clean_ne-en.jsonl
malai rasida deu na.,Please give me a receipt.,ne-en,roman_formal,questions_requests,questions_requests_00012,assistant_curated,training/data/train_clean_ne-en.jsonl
malai rasida deu na.,Please give me a receipt.,ne-en,roman_formal,questions_requests,questions_requests_00012,assistant_curated,training/data/train_clean_ne-en.jsonl
फोन अर्कोलाई देऊ न।,Please pass the phone.,ne-en,formal,questions_requests,questions_requests_00025,assistant_curated,training/data/train_clean_ne-en.jsonl
फोन अर्कोलाई देऊ न।,Please pass the phone.,ne-en,formal,questions_requests,questions_requests_00025,assistant_curated,training/data/train_clean_ne-en.jsonl
फोन अर्कोलाई देऊ न।,Please pass the phone.,ne-en,formal,questions_requests,questions_requests_00025,assistant_curated,training/data/train_clean_ne-en.jsonl
फोन अर्कोलाई देऊ न।,Please pass the phone.,ne-en,formal,questions_requests,questions_requests_00025,assistant_curated,training/data/train_clean_ne-en.jsonl
फोन अर्कोलाई देऊ न।,Please pass the phone.,ne-en,formal,questions_requests,questions_requests_00025,assistant_curated,training/data/train_clean_ne-en.jsonl
फोन अर्कोलाई देऊ न।,Please pass the phone.,ne-en,formal,questions_requests,questions_requests_00025,assistant_curated,training/data/train_clean_ne-en.jsonl
फोन अर्कोलाई देऊ न।,Please pass the phone.,ne-en,formal,questions_requests,questions_requests_00025,assistant_curated,training/data/train_clean_ne-en.jsonl
फोन अर्कोलाई देऊ न।,Please pass the phone.,ne-en,formal,questions_requests,questions_requests_00025,assistant_curated,training/data/train_clean_ne-en.jsonl
के म कार्डले तिर्न सक्छु?,Can I pay by card?,ne-en,formal,shopping,shopping_00007,assistant_curated,training/data/train_clean_ne-en.jsonl
के म कार्डले तिर्न सक्छु?,Can I pay by card?,ne-en,formal,shopping,shopping_00007,assistant_curated,training/data/train_clean_ne-en.jsonl
के म कार्डले तिर्न सक्छु?,Can I pay by card?,ne-en,formal,shopping,shopping_00007,assistant_curated,training/data/train_clean_ne-en.jsonl
के म कार्डले तिर्न सक्छु?,Can I pay by card?,ne-en,formal,shopping,shopping_00007,assistant_curated,training/data/train_clean_ne-en.jsonl
यहाँ पर्ख न।,Please wait here.,ne-en,informal,questions_requests,questions_requests_00001,hand_priority_seed,training/data/train_clean_ne-en.jsonl
यहाँ पर्ख न।,Please wait here.,ne-en,informal,questions_requests,questions_requests_00001,hand_priority_seed,training/data/train_clean_ne-en.jsonl
यहाँ पर्ख न।,Please wait here.,ne-en,informal,questions_requests,questions_requests_00001,hand_priority_seed,training/data/train_clean_ne-en.jsonl
यहाँ पर्ख न।,Please wait here.,ne-en,informal,questions_requests,questions_requests_00001,hand_priority_seed,training/data/train_clean_ne-en.jsonl
यहाँ पर्ख न।,Please wait here.,ne-en,informal,questions_requests,questions_requests_00001,hand_priority_seed,training/data/train_clean_ne-en.jsonl
यहाँ पर्ख न।,Please wait here.,ne-en,informal,questions_requests,questions_requests_00001,hand_priority_seed,training/data/train_clean_ne-en.jsonl
यहाँ पर्ख न।,Please wait here.,ne-en,informal,questions_requests,questions_requests_00001,hand_priority_seed,training/data/train_clean_ne-en.jsonl
यहाँ पर्ख न।,Please wait here.,ne-en,informal,questions_requests,questions_requests_00001,hand_priority_seed,training/data/train_clean_ne-en.jsonl
गुगल म्याप्स खोल्नुहोस्।,Open Google Maps.,ne-en,formal,code_switch_names,code_switch_names_00005,hand_priority_seed,training/data/train_clean_ne-en.jsonl
गुगल म्याप्स खोल्नुहोस्।,Open Google Maps.,ne-en,formal,code_switch_names,code_switch_names_00005,hand_priority_seed,training/data/train_clean_ne-en.jsonl
गुगल म्याप्स खोल्नुहोस्।,Open Google Maps.,ne-en,formal,code_switch_names,code_switch_names_00005,hand_priority_seed,training/data/train_clean_ne-en.jsonl
गुगल म्याप्स खोल्नुहोस्।,Open Google Maps.,ne-en,formal,code_switch_names,code_switch_names_00005,hand_priority_seed,training/data/train_clean_ne-en.jsonl
yahan ubhiu na.,Please stand here.,ne-en,roman_formal,questions_requests,questions_requests_00019,assistant_curated,training/data/train_clean_ne-en.jsonl
yahan ubhiu na.,Please stand here.,ne-en,roman_formal,questions_requests,questions_requests_00019,assistant_curated,training/data/train_clean_ne-en.jsonl
yahan ubhiu na.,Please stand here.,ne-en,roman_formal,questions_requests,questions_requests_00019,assistant_curated,training/data/train_clean_ne-en.jsonl
yahan ubhiu na.,Please stand here.,ne-en,roman_formal,questions_requests,questions_requests_00019,assistant_curated,training/data/train_clean_ne-en.jsonl
yahan ubhiu na.,Please stand here.,ne-en,roman_formal,questions_requests,questions_requests_00019,assistant_curated,training/data/train_clean_ne-en.jsonl
yahan ubhiu na.,Please stand here.,ne-en,roman_formal,questions_requests,questions_requests_00019,assistant_curated,training/data/train_clean_ne-en.jsonl
yahan ubhiu na.,Please stand here.,ne-en,roman_formal,questions_requests,questions_requests_00019,assistant_curated,training/data/train_clean_ne-en.jsonl
yahan ubhiu na.,Please stand here.,ne-en,roman_formal,questions_requests,questions_requests_00019,assistant_curated,training/data/train_clean_ne-en.jsonl
