input,output,direction,register,surface,meaning_id,provenance,source_file
It is half past three.,साढे तीन बज्यो।,en-ne,informal,numbers_money,numbers_money_00003,hand_priority_seed,training/data/train_clean_en-ne.jsonl
It is half past three.,साढे तीन बज्यो।,en-ne,informal,numbers_money,numbers_money_00003,hand_priority_seed,training/data/train_clean_en-ne.jsonl
It is half past three.,साढे तीन बज्यो।,en-ne,informal,numbers_money,numbers_money_00003,hand_priority_seed,training/data/train_clean_en-ne.jsonl
It is half past three.,साढे तीन बज्यो।,en-ne,informal,numbers_money,numbers_money_00003,hand_priority_seed,training/data/train_clean_en-ne.jsonl
Please pass the phone.,फोन अर्को व्यक्तिलाई देऊ।,en-ne,informal,questions_requests,questions_requests_00024,assistant_curated,training/data/train_clean_en-ne.jsonl
Please pass the phone.,फोन अर्को व्यक्तिलाई देऊ।,en-ne,informal,questions_requests,questions_requests_00024,assistant_curated,training/data/train_clean_en-ne.jsonl
Please pass the phone.,फोन अर्को व्यक्तिलाई देऊ।,en-ne,informal,questions_requests,questions_requests_00024,assistant_curated,training/data/train_clean_en-ne.jsonl
Please pass the phone.,फोन अर्को व्यक्तिलाई देऊ।,en-ne,informal,questions_requests,questions_requests_00024,assistant_curated,training/data/train_clean_en-ne.jsonl
Please pass the phone.,फोन अर्को व्यक्तिलाई देऊ।,en-ne,informal,questions_requests,questions_requests_00024,assistant_curated,training/data/train_clean_en-ne.jsonl
Please pass the phone.,फोन अर्को व्यक्तिलाई देऊ।,en-ne,informal,questions_requests,questions_requests_00024,assistant_curated,training/data/train_clean_en-ne.jsonl
Please pass the phone.,फोन अर्को व्यक्तिलाई देऊ।,en-ne,informal,questions_requests,questions_requests_00024,assistant_curated,training/data/train_clean_en-ne.jsonl
Please pass the phone.,फोन अर्को व्यक्तिलाई देऊ।,en-ne,informal,questions_requests,questions_requests_00024,assistant_curated,training/data/train_clean_en-ne.jsonl
Which bus goes to Patan?,कुन बस पाटन जान्छ?,en-ne,informal,travel,travel_00005,hand_priority_seed,training/data/train_clean_en-ne.jsonl
Which bus goes to Patan?,कुन बस पाटन जान्छ?,en-ne,informal,travel,travel_00005,hand_priority_seed,training/data/train_clean_en-ne.jsonl
Which bus goes to Patan?,कुन बस पाटन जान्छ?,en-ne,informal,travel,travel_00005,hand_priority_seed,training/data/train_clean_en-ne.jsonl
Which bus goes to Patan?,कुन बस पाटन जान्छ?,en-ne,informal,travel,travel_00005,hand_priority_seed,training/data/train_clean_en-ne.jsonl
Which bus goes to Patan?,कुन बस पाटन जान्छ?,en-ne,informal,travel,travel_00005,hand_priority_seed,training/data/train_clean_en-ne.jsonl
Which bus goes to Patan?,कुन बस पाटन जान्छ?,en-ne,informal,travel,travel_00005,hand_priority_seed,training/data/train_clean_en-ne.jsonl
Which bus goes to Patan?,कुन बस पाटन जान्छ?,en-ne,informal,travel,travel_00005,hand_priority_seed,training/data/train_clean_en-ne.jsonl
Which bus goes to Patan?,कुन बस पाटन जान्छ?,en-ne,informal,travel,travel_00005,hand_priority_seed,training/data/train_clean_en-ne.jsonl
I came yesterday.,म हिजो आएको थिएँ।,en-ne,formal,core_grammar,core_grammar_00022,assistant_curated,training/data/train_clean_en-ne.jsonl
I came yesterday.,म हिजो आएको थिएँ।,en-ne,formal,core_grammar,core_grammar_00022,assistant_curated,training/data/train_clean_en-ne.jsonl
I came yesterday.,म हिजो आएको थिएँ।,en-ne,formal,core_grammar,core_grammar_00022,assistant_curated,training/data/train_clean_en-ne.jsonl
I came yesterday.,म हिजो आएको थिएँ।,en-ne,formal,core_grammar,core_grammar_00022,assistant_curated,training/data/train_clean_en-ne.jsonl
Important Notice,महत्त्वपूर्ण सूचना,en-ne,formal,government,government_00040,recovered_site_labels_and_manual_normalization,training/data/train_clean_en-ne.jsonl
Important Notice,महत्त्वपूर्ण सूचना,en-ne,formal,government,government_00040,recovered_site_labels_and_manual_normalization,training/data/train_clean_en-ne.jsonl
Important Notice,महत्त्वपूर्ण सूचना,en-ne,formal,government,government_00040,recovered_site_labels_and_manual_normalization,training/data/train_clean_en-ne.jsonl
Important Notice,महत्त्वपूर्ण सूचना,en-ne,formal,government,government_00040,recovered_site_labels_and_manual_normalization,training/data/train_clean_en-ne.jsonl
Do you have a smaller size?,के तपाईंसँग योभन्दा सानो आकार छ?,en-ne,formal,questions_requests,questions_requests_00009,assistant_curated,training/data/train_clean_en-ne.jsonl
Do you have a smaller size?,के तपाईंसँग योभन्दा सानो आकार छ?,en-ne,formal,questions_requests,questions_requests_00009,assistant_curated,training/data/train_clean_en-ne.jsonl
Do you have a smaller size?,के तपाईंसँग योभन्दा सानो आकार छ?,en-ne,formal,questions_requests,questions_requests_00009,assistant_curated,training/data/train_clean_en-ne.jsonl
Do you have a smaller size?,के तपाईंसँग योभन्दा सानो आकार छ?,en-ne,formal,questions_requests,questions_requests_00009,assistant_curated,training/data/train_clean_en-ne.jsonl
Do you have a smaller size?,के तपाईंसँग योभन्दा सानो आकार छ?,en-ne,formal,questions_requests,questions_requests_00009,assistant_curated,training/data/train_clean_en-ne.jsonl
Do you have a smaller size?,के तपाईंसँग योभन्दा सानो आकार छ?,en-ne,formal,questions_requests,questions_requests_00009,assistant_curated,training/data/train_clean_en-ne.jsonl
Do you have a smaller size?,के तपाईंसँग योभन्दा सानो आकार छ?,en-ne,formal,questions_requests,questions_requests_00009,assistant_curated,training/data/train_clean_en-ne.jsonl
Do you have a smaller size?,के तपाईंसँग योभन्दा सानो आकार छ?,en-ne,formal,questions_requests,questions_requests_00009,assistant_curated,training/data/train_clean_en-ne.jsonl
Vision and Mission,परिदृश्य र परिलक्ष्य,en-ne,informal,government,government_00004,recovered_site_labels_and_manual_normalization,training/data/train_clean_en-ne.jsonl
Vision and Mission,परिदृश्य र परिलक्ष्य,en-ne,informal,government,government_00004,recovered_site_labels_and_manual_normalization,training/data/train_clean_en-ne.jsonl
Vision and Mission,परिदृश्य र परिलक्ष्य,en-ne,informal,government,government_00004,recovered_site_labels_and_manual_normalization,training/data/train_clean_en-ne.jsonl
Vision and Mission,परिदृश्य र परिलक्ष्य,en-ne,informal,government,government_00004,recovered_site_labels_and_manual_normalization,training/data/train_clean_en-ne.jsonl
"2 Formation of Working Team: The Commission decides annual program on the basis of the priority and forms working team (WT) involving experts to work on approved area by providing clear mandate and time frame. Generally, one member of the Commission heads the WT or it is headed by any reputed personality in the relevant field.","श्री ५ को सरकारले मिति २०४७।१२।१८ को निर्णयानुसार नेपाल कानून सुधार आयोगलाई पुनर्गठन गरी कार्यविधि समेत तोकेको थियो। यो आयोगले २०४८ सालमा एक कार्यदलको गठन गरी नेपाल अधिराज्यको संविधान, २०४७ बमोजिम तर्जुमा गर्नुपर्ने ऐनहरुको मस्यौदा तयार गर्यो।",en-ne,formal,government,government_00062,law_gov,training/data/train_clean_en-ne.jsonl
"2 Formation of Working Team: The Commission decides annual program on the basis of the priority and forms working team (WT) involving experts to work on approved area by providing clear mandate and time frame. Generally, one member of the Commission heads the WT or it is headed by any reputed personality in the relevant field.","श्री ५ को सरकारले मिति २०४७।१२।१८ को निर्णयानुसार नेपाल कानून सुधार आयोगलाई पुनर्गठन गरी कार्यविधि समेत तोकेको थियो। यो आयोगले २०४८ सालमा एक कार्यदलको गठन गरी नेपाल अधिराज्यको संविधान, २०४७ बमोजिम तर्जुमा गर्नुपर्ने ऐनहरुको मस्यौदा तयार गर्यो।",en-ne,formal,government,government_00062,law_gov,training/data/train_clean_en-ne.jsonl
"2 Formation of Working Team: The Commission decides annual program on the basis of the priority and forms working team (WT) involving experts to work on approved area by providing clear mandate and time frame. Generally, one member of the Commission heads the WT or it is headed by any reputed personality in the relevant field.","श्री ५ को सरकारले मिति २०४७।१२।१८ को निर्णयानुसार नेपाल कानून सुधार आयोगलाई पुनर्गठन गरी कार्यविधि समेत तोकेको थियो। यो आयोगले २०४८ सालमा एक कार्यदलको गठन गरी नेपाल अधिराज्यको संविधान, २०४७ बमोजिम तर्जुमा गर्नुपर्ने ऐनहरुको मस्यौदा तयार गर्यो।",en-ne,formal,government,government_00062,law_gov,training/data/train_clean_en-ne.jsonl
"2 Formation of Working Team: The Commission decides annual program on the basis of the priority and forms working team (WT) involving experts to work on approved area by providing clear mandate and time frame. Generally, one member of the Commission heads the WT or it is headed by any reputed personality in the relevant field.","श्री ५ को सरकारले मिति २०४७।१२।१८ को निर्णयानुसार नेपाल कानून सुधार आयोगलाई पुनर्गठन गरी कार्यविधि समेत तोकेको थियो। यो आयोगले २०४८ सालमा एक कार्यदलको गठन गरी नेपाल अधिराज्यको संविधान, २०४७ बमोजिम तर्जुमा गर्नुपर्ने ऐनहरुको मस्यौदा तयार गर्यो।",en-ne,formal,government,government_00062,law_gov,training/data/train_clean_en-ne.jsonl
Submit,पेश गर्नुहोस्,en-ne,formal,government,government_00047,recovered_site_labels_and_manual_normalization,training/data/train_clean_en-ne.jsonl
Submit,पेश गर्नुहोस्,en-ne,formal,government,government_00047,recovered_site_labels_and_manual_normalization,training/data/train_clean_en-ne.jsonl
Submit,पेश गर्नुहोस्,en-ne,formal,government,government_00047,recovered_site_labels_and_manual_normalization,training/data/train_clean_en-ne.jsonl
Submit,पेश गर्नुहोस्,en-ne,formal,government,government_00047,recovered_site_labels_and_manual_normalization,training/data/train_clean_en-ne.jsonl
My name is Cooper.,मेरो नाम कुपर हो।,en-ne,formal,code_switch_names,code_switch_names_00003,hand_priority_seed,training/data/train_clean_en-ne.jsonl
My name is Cooper.,मेरो नाम कुपर हो।,en-ne,formal,code_switch_names,code_switch_names_00003,hand_priority_seed,training/data/train_clean_en-ne.jsonl
My name is Cooper.,मेरो नाम कुपर हो।,en-ne,formal,code_switch_names,code_switch_names_00003,hand_priority_seed,training/data/train_clean_en-ne.jsonl
My name is Cooper.,मेरो नाम कुपर हो।,en-ne,formal,code_switch_names,code_switch_names_00003,hand_priority_seed,training/data/train_clean_en-ne.jsonl
How far is it?,यो कति टाढा छ?,en-ne,informal,travel,travel_00001,hand_priority_seed,training/data/train_clean_en-ne.jsonl
How far is it?,यो कति टाढा छ?,en-ne,informal,travel,travel_00001,hand_priority_seed,training/data/train_clean_en-ne.jsonl
How far is it?,यो कति टाढा छ?,en-ne,informal,travel,travel_00001,hand_priority_seed,training/data/train_clean_en-ne.jsonl
How far is it?,यो कति टाढा छ?,en-ne,informal,travel,travel_00001,hand_priority_seed,training/data/train_clean_en-ne.jsonl
How far is it?,यो कति टाढा छ?,en-ne,informal,travel,travel_00001,hand_priority_seed,training/data/train_clean_en-ne.jsonl
How far is it?,यो कति टाढा छ?,en-ne,informal,travel,travel_00001,hand_priority_seed,training/data/train_clean_en-ne.jsonl
How far is it?,यो कति टाढा छ?,en-ne,informal,travel,travel_00001,hand_priority_seed,training/data/train_clean_en-ne.jsonl
How far is it?,यो कति टाढा छ?,en-ne,informal,travel,travel_00001,hand_priority_seed,training/data/train_clean_en-ne.jsonl
Former Chairpersons,पूर्व अध्यक्षहरू,en-ne,formal,government,government_00008,recovered_site_labels_and_manual_normalization,training/data/train_clean_en-ne.jsonl
Former Chairpersons,पूर्व अध्यक्षहरू,en-ne,formal,government,government_00008,recovered_site_labels_and_manual_normalization,training/data/train_clean_en-ne.jsonl
Former Chairpersons,पूर्व अध्यक्षहरू,en-ne,formal,government,government_00008,recovered_site_labels_and_manual_normalization,training/data/train_clean_en-ne.jsonl
Former Chairpersons,पूर्व अध्यक्षहरू,en-ne,formal,government,government_00008,recovered_site_labels_and_manual_normalization,training/data/train_clean_en-ne.jsonl
I will come tomorrow.,म भोलि आउनेछु।,en-ne,formal,core_grammar,core_grammar_00020,assistant_curated,training/data/train_clean_en-ne.jsonl
I will come tomorrow.,म भोलि आउनेछु।,en-ne,formal,core_grammar,core_grammar_00020,assistant_curated,training/data/train_clean_en-ne.jsonl
I will come tomorrow.,म भोलि आउनेछु।,en-ne,formal,core_grammar,core_grammar_00020,assistant_curated,training/data/train_clean_en-ne.jsonl
I will come tomorrow.,म भोलि आउनेछु।,en-ne,formal,core_grammar,core_grammar_00020,assistant_curated,training/data/train_clean_en-ne.jsonl
This is my passport.,यो मेरो पासपोर्ट हो।,en-ne,formal,government,government_00001,hand_priority_seed,training/data/train_clean_en-ne.jsonl
This is my passport.,यो मेरो पासपोर्ट हो।,en-ne,formal,government,government_00001,hand_priority_seed,training/data/train_clean_en-ne.jsonl
This is my passport.,यो मेरो पासपोर्ट हो।,en-ne,formal,government,government_00001,hand_priority_seed,training/data/train_clean_en-ne.jsonl
This is my passport.,यो मेरो पासपोर्ट हो।,en-ne,formal,government,government_00001,hand_priority_seed,training/data/train_clean_en-ne.jsonl
Please wait here.,यहाँ पर्ख न।,en-ne,informal,questions_requests,questions_requests_00001,hand_priority_seed,training/data/train_clean_en-ne.jsonl
Please wait here.,यहाँ पर्ख न।,en-ne,informal,questions_requests,questions_requests_00001,hand_priority_seed,training/data/train_clean_en-ne.jsonl
Please wait here.,यहाँ पर्ख न।,en-ne,informal,questions_requests,questions_requests_00001,hand_priority_seed,training/data/train_clean_en-ne.jsonl
Please wait here.,यहाँ पर्ख न।,en-ne,informal,questions_requests,questions_requests_00001,hand_priority_seed,training/data/train_clean_en-ne.jsonl
Please wait here.,यहाँ पर्ख न।,en-ne,informal,questions_requests,questions_requests_00001,hand_priority_seed,training/data/train_clean_en-ne.jsonl
Please wait here.,यहाँ पर्ख न।,en-ne,informal,questions_requests,questions_requests_00001,hand_priority_seed,training/data/train_clean_en-ne.jsonl
Please wait here.,यहाँ पर्ख न।,en-ne,informal,questions_requests,questions_requests_00001,hand_priority_seed,training/data/train_clean_en-ne.jsonl
Please wait here.,यहाँ पर्ख न।,en-ne,informal,questions_requests,questions_requests_00001,hand_priority_seed,training/data/train_clean_en-ne.jsonl
Is Wi-Fi free here?,यहाँ वाइफाइ फ्री छ?,en-ne,informal,code_switch_names,code_switch_names_00002,hand_priority_seed,training/data/train_clean_en-ne.jsonl
Is Wi-Fi free here?,यहाँ वाइफाइ फ्री छ?,en-ne,informal,code_switch_names,code_switch_names_00002,hand_priority_seed,training/data/train_clean_en-ne.jsonl
Is Wi-Fi free here?,यहाँ वाइफाइ फ्री छ?,en-ne,informal,code_switch_names,code_switch_names_00002,hand_priority_seed,training/data/train_clean_en-ne.jsonl
Is Wi-Fi free here?,यहाँ वाइफाइ फ्री छ?,en-ne,informal,code_switch_names,code_switch_names_00002,hand_priority_seed,training/data/train_clean_en-ne.jsonl
Is this vegetarian?,यो शाकाहारी हो?,en-ne,informal,questions_requests,questions_requests_00014,assistant_curated,training/data/train_clean_en-ne.jsonl
Is this vegetarian?,यो शाकाहारी हो?,en-ne,informal,questions_requests,questions_requests_00014,assistant_curated,training/data/train_clean_en-ne.jsonl
Is this vegetarian?,यो शाकाहारी हो?,en-ne,informal,questions_requests,questions_requests_00014,assistant_curated,training/data/train_clean_en-ne.jsonl
Is this vegetarian?,यो शाकाहारी हो?,en-ne,informal,questions_requests,questions_requests_00014,assistant_curated,training/data/train_clean_en-ne.jsonl
Is this vegetarian?,यो शाकाहारी हो?,en-ne,informal,questions_requests,questions_requests_00014,assistant_curated,training/data/train_clean_en-ne.jsonl
Is this vegetarian?,यो शाकाहारी हो?,en-ne,informal,questions_requests,questions_requests_00014,assistant_curated,training/data/train_clean_en-ne.jsonl
Is this vegetarian?,यो शाकाहारी हो?,en-ne,informal,questions_requests,questions_requests_00014,assistant_curated,training/data/train_clean_en-ne.jsonl
Is this vegetarian?,यो शाकाहारी हो?,en-ne,informal,questions_requests,questions_requests_00014,assistant_curated,training/data/train_clean_en-ne.jsonl
Organization Structure,सङ्गठन संरचना,en-ne,informal,government,government_00006,recovered_site_labels_and_manual_normalization,training/data/train_clean_en-ne.jsonl
Organization Structure,सङ्गठन संरचना,en-ne,informal,government,government_00006,recovered_site_labels_and_manual_normalization,training/data/train_clean_en-ne.jsonl
Organization Structure,सङ्गठन संरचना,en-ne,informal,government,government_00006,recovered_site_labels_and_manual_normalization,training/data/train_clean_en-ne.jsonl
Organization Structure,सङ्गठन संरचना,en-ne,informal,government,government_00006,recovered_site_labels_and_manual_normalization,training/data/train_clean_en-ne.jsonl
By Volume,खण्ड अनुसार,en-ne,informal,government,government_00016,recovered_site_labels_and_manual_normalization,training/data/train_clean_en-ne.jsonl
By Volume,खण्ड अनुसार,en-ne,informal,government,government_00016,recovered_site_labels_and_manual_normalization,training/data/train_clean_en-ne.jsonl
By Volume,खण्ड अनुसार,en-ne,informal,government,government_00016,recovered_site_labels_and_manual_normalization,training/data/train_clean_en-ne.jsonl
By Volume,खण्ड अनुसार,en-ne,informal,government,government_00016,recovered_site_labels_and_manual_normalization,training/data/train_clean_en-ne.jsonl
No.,होइन।,en-ne,formal,core_grammar,core_grammar_00007,assistant_curated,training/data/train_clean_en-ne.jsonl
No.,होइन।,en-ne,formal,core_grammar,core_grammar_00007,assistant_curated,training/data/train_clean_en-ne.jsonl
No.,होइन।,en-ne,formal,core_grammar,core_grammar_00007,assistant_curated,training/data/train_clean_en-ne.jsonl
No.,होइन।,en-ne,formal,core_grammar,core_grammar_00007,assistant_curated,training/data/train_clean_en-ne.jsonl
When will it arrive?,यो कहिले आइपुग्छ?,en-ne,informal,questions_requests,questions_requests_00020,assistant_curated,training/data/train_clean_en-ne.jsonl
When will it arrive?,यो कहिले आइपुग्छ?,en-ne,informal,questions_requests,questions_requests_00020,assistant_curated,training/data/train_clean_en-ne.jsonl
When will it arrive?,यो कहिले आइपुग्छ?,en-ne,informal,questions_requests,questions_requests_00020,assistant_curated,training/data/train_clean_en-ne.jsonl
When will it arrive?,यो कहिले आइपुग्छ?,en-ne,informal,questions_requests,questions_requests_00020,assistant_curated,training/data/train_clean_en-ne.jsonl
When will it arrive?,यो कहिले आइपुग्छ?,en-ne,informal,questions_requests,questions_requests_00020,assistant_curated,training/data/train_clean_en-ne.jsonl
When will it arrive?,यो कहिले आइपुग्छ?,en-ne,informal,questions_requests,questions_requests_00020,assistant_curated,training/data/train_clean_en-ne.jsonl
When will it arrive?,यो कहिले आइपुग्छ?,en-ne,informal,questions_requests,questions_requests_00020,assistant_curated,training/data/train_clean_en-ne.jsonl
When will it arrive?,यो कहिले आइपुग्छ?,en-ne,informal,questions_requests,questions_requests_00020,assistant_curated,training/data/train_clean_en-ne.jsonl
Regulations,नियमावली,en-ne,informal,government,government_00019,recovered_site_labels_and_manual_normalization,training/data/train_clean_en-ne.jsonl
Regulations,नियमावली,en-ne,informal,government,government_00019,recovered_site_labels_and_manual_normalization,training/data/train_clean_en-ne.jsonl
Regulations,नियमावली,en-ne,informal,government,government_00019,recovered_site_labels_and_manual_normalization,training/data/train_clean_en-ne.jsonl
Regulations,नियमावली,en-ne,informal,government,government_00019,recovered_site_labels_and_manual_normalization,training/data/train_clean_en-ne.jsonl
"3 Preparation of Consultation Paper: The WT carries out in-depth study of the issue under review. For this purpose, WT may invite expert, stakeholder and government official for consultation as an invitee member. The WT prepares a consultation/issue paper and it is made available to any person interested. WT can also opt appropriate methods of research for data collection.","यस आयोगले निम्न विषयमा विशेषज्ञहरुबाट कार्यक्रम तयार गर्न लगाई तत्सम्बन्धी कानूनको तर्जुमामा अध्ययन, अनुसन्धान गरेको देखिन्छ।",en-ne,formal,government,government_00063,law_gov,training/data/train_clean_en-ne.jsonl
"3 Preparation of Consultation Paper: The WT carries out in-depth study of the issue under review. For this purpose, WT may invite expert, stakeholder and government official for consultation as an invitee member. The WT prepares a consultation/issue paper and it is made available to any person interested. WT can also opt appropriate methods of research for data collection.","यस आयोगले निम्न विषयमा विशेषज्ञहरुबाट कार्यक्रम तयार गर्न लगाई तत्सम्बन्धी कानूनको तर्जुमामा अध्ययन, अनुसन्धान गरेको देखिन्छ।",en-ne,formal,government,government_00063,law_gov,training/data/train_clean_en-ne.jsonl
"3 Preparation of Consultation Paper: The WT carries out in-depth study of the issue under review. For this purpose, WT may invite expert, stakeholder and government official for consultation as an invitee member. The WT prepares a consultation/issue paper and it is made available to any person interested. WT can also opt appropriate methods of research for data collection.","यस आयोगले निम्न विषयमा विशेषज्ञहरुबाट कार्यक्रम तयार गर्न लगाई तत्सम्बन्धी कानूनको तर्जुमामा अध्ययन, अनुसन्धान गरेको देखिन्छ।",en-ne,formal,government,government_00063,law_gov,training/data/train_clean_en-ne.jsonl
"3 Preparation of Consultation Paper: The WT carries out in-depth study of the issue under review. For this purpose, WT may invite expert, stakeholder and government official for consultation as an invitee member. The WT prepares a consultation/issue paper and it is made available to any person interested. WT can also opt appropriate methods of research for data collection.","यस आयोगले निम्न विषयमा विशेषज्ञहरुबाट कार्यक्रम तयार गर्न लगाई तत्सम्बन्धी कानूनको तर्जुमामा अध्ययन, अनुसन्धान गरेको देखिन्छ।",en-ne,formal,government,government_00063,law_gov,training/data/train_clean_en-ne.jsonl
Open Google Maps.,गुगल म्याप्स खोल्नुहोस्।,en-ne,formal,code_switch_names,code_switch_names_00005,hand_priority_seed,training/data/train_clean_en-ne.jsonl
Open Google Maps.,गुगल म्याप्स खोल्नुहोस्।,en-ne,formal,code_switch_names,code_switch_names_00005,hand_priority_seed,training/data/train_clean_en-ne.jsonl
Open Google Maps.,गुगल म्याप्स खोल्नुहोस्।,en-ne,formal,code_switch_names,code_switch_names_00005,hand_priority_seed,training/data/train_clean_en-ne.jsonl
Open Google Maps.,गुगल म्याप्स खोल्नुहोस्।,en-ne,formal,code_switch_names,code_switch_names_00005,hand_priority_seed,training/data/train_clean_en-ne.jsonl
It is two hundred rupees.,दुई सय रुपैयाँ हो।,en-ne,formal,numbers_money,numbers_money_00001,hand_priority_seed,training/data/train_clean_en-ne.jsonl
It is two hundred rupees.,दुई सय रुपैयाँ हो।,en-ne,formal,numbers_money,numbers_money_00001,hand_priority_seed,training/data/train_clean_en-ne.jsonl
It is two hundred rupees.,दुई सय रुपैयाँ हो।,en-ne,formal,numbers_money,numbers_money_00001,hand_priority_seed,training/data/train_clean_en-ne.jsonl
It is two hundred rupees.,दुई सय रुपैयाँ हो।,en-ne,formal,numbers_money,numbers_money_00001,hand_priority_seed,training/data/train_clean_en-ne.jsonl
"The Commission consists of nine members including the Chairperson, Vice-chairperson and seven members.","(ख) ल कमिशन, २०१७ः श्री ५ को सरकारको मिति २०१७।६।२७।४ को निर्णय अनुसार (नेपाल राजपत्रमा प्रकाशित मिति २०१७।७।१५) देहाय बमोजिमको ७ सदस्यीय दोश्रो ल कमिशन गठन गरियो। १. सर्वोच्च अदालतका माननीय न्यायाधीश श्री नयनबहादुर खत्री — अध्यक्ष २. मध्यमाञ्चल उच्च अदालतका मुख्य न्यायाधीश — सदस्य ३. एटर्नी जनरल श्री शम्भुप्रसाद ज्ञवाली — सदस्य ४. कानून सचिव — सदस्य ५. श्री ५ को सरकारबाट मनोनित गैर—सरकारी व्यक्ति जना ३ — सदस्य",en-ne,formal,government,government_00056,law_gov,training/data/train_clean_en-ne.jsonl
"The Commission consists of nine members including the Chairperson, Vice-chairperson and seven members.","(ख) ल कमिशन, २०१७ः श्री ५ को सरकारको मिति २०१७।६।२७।४ को निर्णय अनुसार (नेपाल राजपत्रमा प्रकाशित मिति २०१७।७।१५) देहाय बमोजिमको ७ सदस्यीय दोश्रो ल कमिशन गठन गरियो। १. सर्वोच्च अदालतका माननीय न्यायाधीश श्री नयनबहादुर खत्री — अध्यक्ष २. मध्यमाञ्चल उच्च अदालतका मुख्य न्यायाधीश — सदस्य ३. एटर्नी जनरल श्री शम्भुप्रसाद ज्ञवाली — सदस्य ४. कानून सचिव — सदस्य ५. श्री ५ को सरकारबाट मनोनित गैर—सरकारी व्यक्ति जना ३ — सदस्य",en-ne,formal,government,government_00056,law_gov,training/data/train_clean_en-ne.jsonl
"The Commission consists of nine members including the Chairperson, Vice-chairperson and seven members.","(ख) ल कमिशन, २०१७ः श्री ५ को सरकारको मिति २०१७।६।२७।४ को निर्णय अनुसार (नेपाल राजपत्रमा प्रकाशित मिति २०१७।७।१५) देहाय बमोजिमको ७ सदस्यीय दोश्रो ल कमिशन गठन गरियो। १. सर्वोच्च अदालतका माननीय न्यायाधीश श्री नयनबहादुर खत्री — अध्यक्ष २. मध्यमाञ्चल उच्च अदालतका मुख्य न्यायाधीश — सदस्य ३. एटर्नी जनरल श्री शम्भुप्रसाद ज्ञवाली — सदस्य ४. कानून सचिव — सदस्य ५. श्री ५ को सरकारबाट मनोनित गैर—सरकारी व्यक्ति जना ३ — सदस्य",en-ne,formal,government,government_00056,law_gov,training/data/train_clean_en-ne.jsonl
"The Commission consists of nine members including the Chairperson, Vice-chairperson and seven members.","(ख) ल कमिशन, २०१७ः श्री ५ को सरकारको मिति २०१७।६।२७।४ को निर्णय अनुसार (नेपाल राजपत्रमा प्रकाशित मिति २०१७।७।१५) देहाय बमोजिमको ७ सदस्यीय दोश्रो ल कमिशन गठन गरियो। १. सर्वोच्च अदालतका माननीय न्यायाधीश श्री नयनबहादुर खत्री — अध्यक्ष २. मध्यमाञ्चल उच्च अदालतका मुख्य न्यायाधीश — सदस्य ३. एटर्नी जनरल श्री शम्भुप्रसाद ज्ञवाली — सदस्य ४. कानून सचिव — सदस्य ५. श्री ५ को सरकारबाट मनोनित गैर—सरकारी व्यक्ति जना ३ — सदस्य",en-ne,formal,government,government_00056,law_gov,training/data/train_clean_en-ne.jsonl
The network is not working.,नेटवर्कले काम गरिरहेको छैन।,en-ne,informal,core_grammar,core_grammar_00025,assistant_curated,training/data/train_clean_en-ne.jsonl
The network is not working.,नेटवर्कले काम गरिरहेको छैन।,en-ne,informal,core_grammar,core_grammar_00025,assistant_curated,training/data/train_clean_en-ne.jsonl
The network is not working.,नेटवर्कले काम गरिरहेको छैन।,en-ne,informal,core_grammar,core_grammar_00025,assistant_curated,training/data/train_clean_en-ne.jsonl
The network is not working.,नेटवर्कले काम गरिरहेको छैन।,en-ne,informal,core_grammar,core_grammar_00025,assistant_curated,training/data/train_clean_en-ne.jsonl
I have finished speaking.,मैले बोलिसकेँ।,en-ne,formal,core_grammar,core_grammar_00029,assistant_curated,training/data/train_clean_en-ne.jsonl
I have finished speaking.,मैले बोलिसकेँ।,en-ne,formal,core_grammar,core_grammar_00029,assistant_curated,training/data/train_clean_en-ne.jsonl
I have finished speaking.,मैले बोलिसकेँ।,en-ne,formal,core_grammar,core_grammar_00029,assistant_curated,training/data/train_clean_en-ne.jsonl
I have finished speaking.,मैले बोलिसकेँ।,en-ne,formal,core_grammar,core_grammar_00029,assistant_curated,training/data/train_clean_en-ne.jsonl
"The Secretary at the Ministry of Law, Justice and Parliamentary Affairs, Secretary (Law) at the Office of the Prime Minister and Council of Ministers, Deputy Attorney General nominated by the Attorney General of Nepal and the Secretary at the NLC, who also serves as a Member-Secretary, are ex-officio members.","(ग) कानून आयोग, २०२०ः श्री ५ को सरकारको मिति २०२०।१०।८।४ को निर्णय बमोजिम (राजपत्रमा सूचना प्रकाशित मिति २०२०।१२।१०) गठन भएको उक्त आयोगको गठनविधि यस प्रकार थियोः— १. श्री विनोदप्रसाद धिताल सह—सचिव, कानून मन्त्रालय — पदेन अध्यक्ष २. श्री नीरकुमार क्षेत्री — सदस्य ३. श्री टोप बहादुर सिंह — सदस्य ४. श्री हेरम्बराज — सदस्य ५. श्री विश्वनाथ उपाध्याय उप—सचिव, कानून मन्त्रालय —सदस्य—सचिव",en-ne,informal,government,government_00058,law_gov,training/data/train_clean_en-ne.jsonl
"The Secretary at the Ministry of Law, Justice and Parliamentary Affairs, Secretary (Law) at the Office of the Prime Minister and Council of Ministers, Deputy Attorney General nominated by the Attorney General of Nepal and the Secretary at the NLC, who also serves as a Member-Secretary, are ex-officio members.","(ग) कानून आयोग, २०२०ः श्री ५ को सरकारको मिति २०२०।१०।८।४ को निर्णय बमोजिम (राजपत्रमा सूचना प्रकाशित मिति २०२०।१२।१०) गठन भएको उक्त आयोगको गठनविधि यस प्रकार थियोः— १. श्री विनोदप्रसाद धिताल सह—सचिव, कानून मन्त्रालय — पदेन अध्यक्ष २. श्री नीरकुमार क्षेत्री — सदस्य ३. श्री टोप बहादुर सिंह — सदस्य ४. श्री हेरम्बराज — सदस्य ५. श्री विश्वनाथ उपाध्याय उप—सचिव, कानून मन्त्रालय —सदस्य—सचिव",en-ne,informal,government,government_00058,law_gov,training/data/train_clean_en-ne.jsonl
"The Secretary at the Ministry of Law, Justice and Parliamentary Affairs, Secretary (Law) at the Office of the Prime Minister and Council of Ministers, Deputy Attorney General nominated by the Attorney General of Nepal and the Secretary at the NLC, who also serves as a Member-Secretary, are ex-officio members.","(ग) कानून आयोग, २०२०ः श्री ५ को सरकारको मिति २०२०।१०।८।४ को निर्णय बमोजिम (राजपत्रमा सूचना प्रकाशित मिति २०२०।१२।१०) गठन भएको उक्त आयोगको गठनविधि यस प्रकार थियोः— १. श्री विनोदप्रसाद धिताल सह—सचिव, कानून मन्त्रालय — पदेन अध्यक्ष २. श्री नीरकुमार क्षेत्री — सदस्य ३. श्री टोप बहादुर सिंह — सदस्य ४. श्री हेरम्बराज — सदस्य ५. श्री विश्वनाथ उपाध्याय उप—सचिव, कानून मन्त्रालय —सदस्य—सचिव",en-ne,informal,government,government_00058,law_gov,training/data/train_clean_en-ne.jsonl
"The Secretary at the Ministry of Law, Justice and Parliamentary Affairs, Secretary (Law) at the Office of the Prime Minister and Council of Ministers, Deputy Attorney General nominated by the Attorney General of Nepal and the Secretary at the NLC, who also serves as a Member-Secretary, are ex-officio members.","(ग) कानून आयोग, २०२०ः श्री ५ को सरकारको मिति २०२०।१०।८।४ को निर्णय बमोजिम (राजपत्रमा सूचना प्रकाशित मिति २०२०।१२।१०) गठन भएको उक्त आयोगको गठनविधि यस प्रकार थियोः— १. श्री विनोदप्रसाद धिताल सह—सचिव, कानून मन्त्रालय — पदेन अध्यक्ष २. श्री नीरकुमार क्षेत्री — सदस्य ३. श्री टोप बहादुर सिंह — सदस्य ४. श्री हेरम्बराज — सदस्य ५. श्री विश्वनाथ उपाध्याय उप—सचिव, कानून मन्त्रालय —सदस्य—सचिव",en-ne,informal,government,government_00058,law_gov,training/data/train_clean_en-ne.jsonl
Cancel,रद्द गर्नुहोस्,en-ne,formal,government,government_00048,recovered_site_labels_and_manual_normalization,training/data/train_clean_en-ne.jsonl
Cancel,रद्द गर्नुहोस्,en-ne,formal,government,government_00048,recovered_site_labels_and_manual_normalization,training/data/train_clean_en-ne.jsonl
Cancel,रद्द गर्नुहोस्,en-ne,formal,government,government_00048,recovered_site_labels_and_manual_normalization,training/data/train_clean_en-ne.jsonl
Cancel,रद्द गर्नुहोस्,en-ne,formal,government,government_00048,recovered_site_labels_and_manual_normalization,training/data/train_clean_en-ne.jsonl
Please check the translation.,अनुवाद जाँच गर।,en-ne,informal,questions_requests,questions_requests_00028,assistant_curated,training/data/train_clean_en-ne.jsonl
Please check the translation.,अनुवाद जाँच गर।,en-ne,informal,questions_requests,questions_requests_00028,assistant_curated,training/data/train_clean_en-ne.jsonl
Please check the translation.,अनुवाद जाँच गर।,en-ne,informal,questions_requests,questions_requests_00028,assistant_curated,training/data/train_clean_en-ne.jsonl
Please check the translation.,अनुवाद जाँच गर।,en-ne,informal,questions_requests,questions_requests_00028,assistant_curated,training/data/train_clean_en-ne.jsonl
Please check the translation.,अनुवाद जाँच गर।,en-ne,informal,questions_requests,questions_requests_00028,assistant_curated,training/data/train_clean_en-ne.jsonl
Please check the translation.,अनुवाद जाँच गर।,en-ne,informal,questions_requests,questions_requests_00028,assistant_curated,training/data/train_clean_en-ne.jsonl
Please check the translation.,अनुवाद जाँच गर।,en-ne,informal,questions_requests,questions_requests_00028,assistant_curated,training/data/train_clean_en-ne.jsonl
Please check the translation.,अनुवाद जाँच गर।,en-ne,informal,questions_requests,questions_requests_00028,assistant_curated,training/data/train_clean_en-ne.jsonl
Annual Report,वार्षिक प्रतिवेदन,en-ne,formal,government,government_00030,recovered_site_labels_and_manual_normalization,training/data/train_clean_en-ne.jsonl
Annual Report,वार्षिक प्रतिवेदन,en-ne,formal,government,government_00030,recovered_site_labels_and_manual_normalization,training/data/train_clean_en-ne.jsonl
Annual Report,वार्षिक प्रतिवेदन,en-ne,formal,government,government_00030,recovered_site_labels_and_manual_normalization,training/data/train_clean_en-ne.jsonl
Annual Report,वार्षिक प्रतिवेदन,en-ne,formal,government,government_00030,recovered_site_labels_and_manual_normalization,training/data/train_clean_en-ne.jsonl
Download,डाउनलोड गर्नुहोस्,en-ne,formal,government,government_00043,recovered_site_labels_and_manual_normalization,training/data/train_clean_en-ne.jsonl
Download,डाउनलोड गर्नुहोस्,en-ne,formal,government,government_00043,recovered_site_labels_and_manual_normalization,training/data/train_clean_en-ne.jsonl
Download,डाउनलोड गर्नुहोस्,en-ne,formal,government,government_00043,recovered_site_labels_and_manual_normalization,training/data/train_clean_en-ne.jsonl
Download,डाउनलोड गर्नुहोस्,en-ne,formal,government,government_00043,recovered_site_labels_and_manual_normalization,training/data/train_clean_en-ne.jsonl
Recent Acts,हालसालैका ऐन,en-ne,informal,government,government_00015,recovered_site_labels_and_manual_normalization,training/data/train_clean_en-ne.jsonl
Recent Acts,हालसालैका ऐन,en-ne,informal,government,government_00015,recovered_site_labels_and_manual_normalization,training/data/train_clean_en-ne.jsonl
Recent Acts,हालसालैका ऐन,en-ne,informal,government,government_00015,recovered_site_labels_and_manual_normalization,training/data/train_clean_en-ne.jsonl
Recent Acts,हालसालैका ऐन,en-ne,informal,government,government_00015,recovered_site_labels_and_manual_normalization,training/data/train_clean_en-ne.jsonl
Contact,सम्पर्क,en-ne,formal,government,government_00031,recovered_site_labels_and_manual_normalization,training/data/train_clean_en-ne.jsonl
Contact,सम्पर्क,en-ne,formal,government,government_00031,recovered_site_labels_and_manual_normalization,training/data/train_clean_en-ne.jsonl
Contact,सम्पर्क,en-ne,formal,government,government_00031,recovered_site_labels_and_manual_normalization,training/data/train_clean_en-ne.jsonl
Contact,सम्पर्क,en-ne,formal,government,government_00031,recovered_site_labels_and_manual_normalization,training/data/train_clean_en-ne.jsonl
I will pay in cash.,म नगद तिर्छु।,en-ne,formal,shopping,shopping_00005,hand_priority_seed,training/data/train_clean_en-ne.jsonl
I will pay in cash.,म नगद तिर्छु।,en-ne,formal,shopping,shopping_00005,hand_priority_seed,training/data/train_clean_en-ne.jsonl
I will pay in cash.,म नगद तिर्छु।,en-ne,formal,shopping,shopping_00005,hand_priority_seed,training/data/train_clean_en-ne.jsonl
I will pay in cash.,म नगद तिर्छु।,en-ne,formal,shopping,shopping_00005,hand_priority_seed,training/data/train_clean_en-ne.jsonl
Do you have a smaller size?,साना साइज छ?,en-ne,formal,shopping,shopping_00004,hand_priority_seed,training/data/train_clean_en-ne.jsonl
Do you have a smaller size?,साना साइज छ?,en-ne,formal,shopping,shopping_00004,hand_priority_seed,training/data/train_clean_en-ne.jsonl
Do you have a smaller size?,साना साइज छ?,en-ne,formal,shopping,shopping_00004,hand_priority_seed,training/data/train_clean_en-ne.jsonl
Do you have a smaller size?,साना साइज छ?,en-ne,formal,shopping,shopping_00004,hand_priority_seed,training/data/train_clean_en-ne.jsonl
Could you write it down?,के तपाईं लेखिदिन सक्नुहुन्छ?,en-ne,formal,questions_requests,questions_requests_00004,hand_priority_seed,training/data/train_clean_en-ne.jsonl
Could you write it down?,के तपाईं लेखिदिन सक्नुहुन्छ?,en-ne,formal,questions_requests,questions_requests_00004,hand_priority_seed,training/data/train_clean_en-ne.jsonl
Could you write it down?,के तपाईं लेखिदिन सक्नुहुन्छ?,en-ne,formal,questions_requests,questions_requests_00004,hand_priority_seed,training/data/train_clean_en-ne.jsonl
Could you write it down?,के तपाईं लेखिदिन सक्नुहुन्छ?,en-ne,formal,questions_requests,questions_requests_00004,hand_priority_seed,training/data/train_clean_en-ne.jsonl
Could you write it down?,के तपाईं लेखिदिन सक्नुहुन्छ?,en-ne,formal,questions_requests,questions_requests_00004,hand_priority_seed,training/data/train_clean_en-ne.jsonl
Could you write it down?,के तपाईं लेखिदिन सक्नुहुन्छ?,en-ne,formal,questions_requests,questions_requests_00004,hand_priority_seed,training/data/train_clean_en-ne.jsonl
Could you write it down?,के तपाईं लेखिदिन सक्नुहुन्छ?,en-ne,formal,questions_requests,questions_requests_00004,hand_priority_seed,training/data/train_clean_en-ne.jsonl
Could you write it down?,के तपाईं लेखिदिन सक्नुहुन्छ?,en-ne,formal,questions_requests,questions_requests_00004,hand_priority_seed,training/data/train_clean_en-ne.jsonl
Existing Laws,मौजुदा कानून,en-ne,formal,government,government_00012,recovered_site_labels_and_manual_normalization,training/data/train_clean_en-ne.jsonl
Existing Laws,मौजुदा कानून,en-ne,formal,government,government_00012,recovered_site_labels_and_manual_normalization,training/data/train_clean_en-ne.jsonl
Existing Laws,मौजुदा कानून,en-ne,formal,government,government_00012,recovered_site_labels_and_manual_normalization,training/data/train_clean_en-ne.jsonl
Existing Laws,मौजुदा कानून,en-ne,formal,government,government_00012,recovered_site_labels_and_manual_normalization,training/data/train_clean_en-ne.jsonl
Turn left.,बायाँ मोड्नुहोस्।,en-ne,formal,core_grammar,core_grammar_00009,assistant_curated,training/data/train_clean_en-ne.jsonl
Turn left.,बायाँ मोड्नुहोस्।,en-ne,formal,core_grammar,core_grammar_00009,assistant_curated,training/data/train_clean_en-ne.jsonl
Turn left.,बायाँ मोड्नुहोस्।,en-ne,formal,core_grammar,core_grammar_00009,assistant_curated,training/data/train_clean_en-ne.jsonl
Turn left.,बायाँ मोड्नुहोस्।,en-ne,formal,core_grammar,core_grammar_00009,assistant_curated,training/data/train_clean_en-ne.jsonl
Send me a message.,मलाई सन्देश पठाउनुहोस्।,en-ne,informal,questions_requests,questions_requests_00023,assistant_curated,training/data/train_clean_en-ne.jsonl
Send me a message.,मलाई सन्देश पठाउनुहोस्।,en-ne,informal,questions_requests,questions_requests_00023,assistant_curated,training/data/train_clean_en-ne.jsonl
Send me a message.,मलाई सन्देश पठाउनुहोस्।,en-ne,informal,questions_requests,questions_requests_00023,assistant_curated,training/data/train_clean_en-ne.jsonl
Send me a message.,मलाई सन्देश पठाउनुहोस्।,en-ne,informal,questions_requests,questions_requests_00023,assistant_curated,training/data/train_clean_en-ne.jsonl
Send me a message.,मलाई सन्देश पठाउनुहोस्।,en-ne,informal,questions_requests,questions_requests_00023,assistant_curated,training/data/train_clean_en-ne.jsonl
Send me a message.,मलाई सन्देश पठाउनुहोस्।,en-ne,informal,questions_requests,questions_requests_00023,assistant_curated,training/data/train_clean_en-ne.jsonl
Send me a message.,मलाई सन्देश पठाउनुहोस्।,en-ne,informal,questions_requests,questions_requests_00023,assistant_curated,training/data/train_clean_en-ne.jsonl
Send me a message.,मलाई सन्देश पठाउनुहोस्।,en-ne,informal,questions_requests,questions_requests_00023,assistant_curated,training/data/train_clean_en-ne.jsonl
Can I try this on?,म यो लगाएर हेर्न सक्छु?,en-ne,informal,shopping,shopping_00003,hand_priority_seed,training/data/train_clean_en-ne.jsonl
Can I try this on?,म यो लगाएर हेर्न सक्छु?,en-ne,informal,shopping,shopping_00003,hand_priority_seed,training/data/train_clean_en-ne.jsonl
Can I try this on?,म यो लगाएर हेर्न सक्छु?,en-ne,informal,shopping,shopping_00003,hand_priority_seed,training/data/train_clean_en-ne.jsonl
Can I try this on?,म यो लगाएर हेर्न सक्छु?,en-ne,informal,shopping,shopping_00003,hand_priority_seed,training/data/train_clean_en-ne.jsonl
I have a fever.,मलाई ज्वरो आएको छ।,en-ne,informal,health,health_00001,hand_priority_seed,training/data/train_clean_en-ne.jsonl
I have a fever.,मलाई ज्वरो आएको छ।,en-ne,informal,health,health_00001,hand_priority_seed,training/data/train_clean_en-ne.jsonl
I have a fever.,मलाई ज्वरो आएको छ।,en-ne,informal,health,health_00001,hand_priority_seed,training/data/train_clean_en-ne.jsonl
I have a fever.,मलाई ज्वरो आएको छ।,en-ne,informal,health,health_00001,hand_priority_seed,training/data/train_clean_en-ne.jsonl
I have a fever.,मलाई ज्वरो आएको छ।,en-ne,informal,health,health_00001,hand_priority_seed,training/data/train_clean_en-ne.jsonl
I have a fever.,मलाई ज्वरो आएको छ।,en-ne,informal,health,health_00001,hand_priority_seed,training/data/train_clean_en-ne.jsonl
I have a fever.,मलाई ज्वरो आएको छ।,en-ne,informal,health,health_00001,hand_priority_seed,training/data/train_clean_en-ne.jsonl
I have a fever.,मलाई ज्वरो आएको छ।,en-ne,informal,health,health_00001,hand_priority_seed,training/data/train_clean_en-ne.jsonl
Repealed Acts,खारेज भएका ऐन,en-ne,formal,government,government_00022,recovered_site_labels_and_manual_normalization,training/data/train_clean_en-ne.jsonl
Repealed Acts,खारेज भएका ऐन,en-ne,formal,government,government_00022,recovered_site_labels_and_manual_normalization,training/data/train_clean_en-ne.jsonl
Repealed Acts,खारेज भएका ऐन,en-ne,formal,government,government_00022,recovered_site_labels_and_manual_normalization,training/data/train_clean_en-ne.jsonl
Repealed Acts,खारेज भएका ऐन,en-ne,formal,government,government_00022,recovered_site_labels_and_manual_normalization,training/data/train_clean_en-ne.jsonl
No.,होइन।,en-ne,informal,core_grammar,core_grammar_00007,assistant_curated,training/data/train_clean_en-ne.jsonl
No.,होइन।,en-ne,informal,core_grammar,core_grammar_00007,assistant_curated,training/data/train_clean_en-ne.jsonl
No.,होइन।,en-ne,informal,core_grammar,core_grammar_00007,assistant_curated,training/data/train_clean_en-ne.jsonl
No.,होइन।,en-ne,informal,core_grammar,core_grammar_00007,assistant_curated,training/data/train_clean_en-ne.jsonl
Other,अन्य,en-ne,formal,government,government_00028,recovered_site_labels_and_manual_normalization,training/data/train_clean_en-ne.jsonl
Other,अन्य,en-ne,formal,government,government_00028,recovered_site_labels_and_manual_normalization,training/data/train_clean_en-ne.jsonl
Other,अन्य,en-ne,formal,government,government_00028,recovered_site_labels_and_manual_normalization,training/data/train_clean_en-ne.jsonl
Other,अन्य,en-ne,formal,government,government_00028,recovered_site_labels_and_manual_normalization,training/data/train_clean_en-ne.jsonl
Former Chairpersons,पूर्व अध्यक्षहरू,en-ne,informal,government,government_00008,recovered_site_labels_and_manual_normalization,training/data/train_clean_en-ne.jsonl
Former Chairpersons,पूर्व अध्यक्षहरू,en-ne,informal,government,government_00008,recovered_site_labels_and_manual_normalization,training/data/train_clean_en-ne.jsonl
Former Chairpersons,पूर्व अध्यक्षहरू,en-ne,informal,government,government_00008,recovered_site_labels_and_manual_normalization,training/data/train_clean_en-ne.jsonl
Former Chairpersons,पूर्व अध्यक्षहरू,en-ne,informal,government,government_00008,recovered_site_labels_and_manual_normalization,training/data/train_clean_en-ne.jsonl
Turn right.,दायाँ मोड।,en-ne,formal,core_grammar,core_grammar_00012,assistant_curated,training/data/train_clean_en-ne.jsonl
Turn right.,दायाँ मोड।,en-ne,formal,core_grammar,core_grammar_00012,assistant_curated,training/data/train_clean_en-ne.jsonl
Turn right.,दायाँ मोड।,en-ne,formal,core_grammar,core_grammar_00012,assistant_curated,training/data/train_clean_en-ne.jsonl
Turn right.,दायाँ मोड।,en-ne,formal,core_grammar,core_grammar_00012,assistant_curated,training/data/train_clean_en-ne.jsonl
Does it hurt here?,के यहाँ दुख्छ?,en-ne,informal,health,health_00004,hand_priority_seed,training/data/train_clean_en-ne.jsonl
Does it hurt here?,के यहाँ दुख्छ?,en-ne,informal,health,health_00004,hand_priority_seed,training/data/train_clean_en-ne.jsonl
Does it hurt here?,के यहाँ दुख्छ?,en-ne,informal,health,health_00004,hand_priority_seed,training/data/train_clean_en-ne.jsonl
Does it hurt here?,के यहाँ दुख्छ?,en-ne,informal,health,health_00004,hand_priority_seed,training/data/train_clean_en-ne.jsonl
Does it hurt here?,के यहाँ दुख्छ?,en-ne,informal,health,health_00004,hand_priority_seed,training/data/train_clean_en-ne.jsonl
Does it hurt here?,के यहाँ दुख्छ?,en-ne,informal,health,health_00004,hand_priority_seed,training/data/train_clean_en-ne.jsonl
Does it hurt here?,के यहाँ दुख्छ?,en-ne,informal,health,health_00004,hand_priority_seed,training/data/train_clean_en-ne.jsonl
Does it hurt here?,के यहाँ दुख्छ?,en-ne,informal,health,health_00004,hand_priority_seed,training/data/train_clean_en-ne.jsonl
Please try again.,फेरि प्रयास गर।,en-ne,informal,questions_requests,questions_requests_00027,assistant_curated,training/data/train_clean_en-ne.jsonl
Please try again.,फेरि प्रयास गर।,en-ne,informal,questions_requests,questions_requests_00027,assistant_curated,training/data/train_clean_en-ne.jsonl
Please try again.,फेरि प्रयास गर।,en-ne,informal,questions_requests,questions_requests_00027,assistant_curated,training/data/train_clean_en-ne.jsonl
Please try again.,फेरि प्रयास गर।,en-ne,informal,questions_requests,questions_requests_00027,assistant_curated,training/data/train_clean_en-ne.jsonl
Please try again.,फेरि प्रयास गर।,en-ne,informal,questions_requests,questions_requests_00027,assistant_curated,training/data/train_clean_en-ne.jsonl
Please try again.,फेरि प्रयास गर।,en-ne,informal,questions_requests,questions_requests_00027,assistant_curated,training/data/train_clean_en-ne.jsonl
Please try again.,फेरि प्रयास गर।,en-ne,informal,questions_requests,questions_requests_00027,assistant_curated,training/data/train_clean_en-ne.jsonl
Please try again.,फेरि प्रयास गर।,en-ne,informal,questions_requests,questions_requests_00027,assistant_curated,training/data/train_clean_en-ne.jsonl
Repealed Ordinances,खारेज भएका अध्यादेश,en-ne,formal,government,government_00023,recovered_site_labels_and_manual_normalization,training/data/train_clean_en-ne.jsonl
Repealed Ordinances,खारेज भएका अध्यादेश,en-ne,formal,government,government_00023,recovered_site_labels_and_manual_normalization,training/data/train_clean_en-ne.jsonl
Repealed Ordinances,खारेज भएका अध्यादेश,en-ne,formal,government,government_00023,recovered_site_labels_and_manual_normalization,training/data/train_clean_en-ne.jsonl
Repealed Ordinances,खारेज भएका अध्यादेश,en-ne,formal,government,government_00023,recovered_site_labels_and_manual_normalization,training/data/train_clean_en-ne.jsonl
Please use formal language.,कृपया औपचारिक भाषा प्रयोग गर्नुहोस्।,en-ne,formal,government,government_00052,assistant_curated,training/data/train_clean_en-ne.jsonl
Please use formal language.,कृपया औपचारिक भाषा प्रयोग गर्नुहोस्।,en-ne,formal,government,government_00052,assistant_curated,training/data/train_clean_en-ne.jsonl
Please use formal language.,कृपया औपचारिक भाषा प्रयोग गर्नुहोस्।,en-ne,formal,government,government_00052,assistant_curated,training/data/train_clean_en-ne.jsonl
Please use formal language.,कृपया औपचारिक भाषा प्रयोग गर्नुहोस्।,en-ne,formal,government,government_00052,assistant_curated,training/data/train_clean_en-ne.jsonl
Is there a cheaper hotel nearby?,नजिकै सस्तो होटल छ?,en-ne,informal,travel,travel_00006,hand_priority_seed,training/data/train_clean_en-ne.jsonl
Is there a cheaper hotel nearby?,नजिकै सस्तो होटल छ?,en-ne,informal,travel,travel_00006,hand_priority_seed,training/data/train_clean_en-ne.jsonl
Is there a cheaper hotel nearby?,नजिकै सस्तो होटल छ?,en-ne,informal,travel,travel_00006,hand_priority_seed,training/data/train_clean_en-ne.jsonl
Is there a cheaper hotel nearby?,नजिकै सस्तो होटल छ?,en-ne,informal,travel,travel_00006,hand_priority_seed,training/data/train_clean_en-ne.jsonl
Is there a cheaper hotel nearby?,नजिकै सस्तो होटल छ?,en-ne,informal,travel,travel_00006,hand_priority_seed,training/data/train_clean_en-ne.jsonl
Is there a cheaper hotel nearby?,नजिकै सस्तो होटल छ?,en-ne,informal,travel,travel_00006,hand_priority_seed,training/data/train_clean_en-ne.jsonl
Is there a cheaper hotel nearby?,नजिकै सस्तो होटल छ?,en-ne,informal,travel,travel_00006,hand_priority_seed,training/data/train_clean_en-ne.jsonl
Is there a cheaper hotel nearby?,नजिकै सस्तो होटल छ?,en-ne,informal,travel,travel_00006,hand_priority_seed,training/data/train_clean_en-ne.jsonl
Go straight.,सिधा जा।,en-ne,informal,core_grammar,core_grammar_00013,assistant_curated,training/data/train_clean_en-ne.jsonl
Go straight.,सिधा जा।,en-ne,informal,core_grammar,core_grammar_00013,assistant_curated,training/data/train_clean_en-ne.jsonl
Go straight.,सिधा जा।,en-ne,informal,core_grammar,core_grammar_00013,assistant_curated,training/data/train_clean_en-ne.jsonl
Go straight.,सिधा जा।,en-ne,informal,core_grammar,core_grammar_00013,assistant_curated,training/data/train_clean_en-ne.jsonl
"The Commission consists of nine members including the Chairperson, Vice-chairperson and seven members.","(ख) ल कमिशन, २०१७ः श्री ५ को सरकारको मिति २०१७।६।२७।४ को निर्णय अनुसार (नेपाल राजपत्रमा प्रकाशित मिति २०१७।७।१५) देहाय बमोजिमको ७ सदस्यीय दोश्रो ल कमिशन गठन गरियो। १. सर्वोच्च अदालतका माननीय न्यायाधीश श्री नयनबहादुर खत्री — अध्यक्ष २. मध्यमाञ्चल उच्च अदालतका मुख्य न्यायाधीश — सदस्य ३. एटर्नी जनरल श्री शम्भुप्रसाद ज्ञवाली — सदस्य ४. कानून सचिव — सदस्य ५. श्री ५ को सरकारबाट मनोनित गैर—सरकारी व्यक्ति जना ३ — सदस्य",en-ne,informal,government,government_00056,law_gov,training/data/train_clean_en-ne.jsonl
"The Commission consists of nine members including the Chairperson, Vice-chairperson and seven members.","(ख) ल कमिशन, २०१७ः श्री ५ को सरकारको मिति २०१७।६।२७।४ को निर्णय अनुसार (नेपाल राजपत्रमा प्रकाशित मिति २०१७।७।१५) देहाय बमोजिमको ७ सदस्यीय दोश्रो ल कमिशन गठन गरियो। १. सर्वोच्च अदालतका माननीय न्यायाधीश श्री नयनबहादुर खत्री — अध्यक्ष २. मध्यमाञ्चल उच्च अदालतका मुख्य न्यायाधीश — सदस्य ३. एटर्नी जनरल श्री शम्भुप्रसाद ज्ञवाली — सदस्य ४. कानून सचिव — सदस्य ५. श्री ५ को सरकारबाट मनोनित गैर—सरकारी व्यक्ति जना ३ — सदस्य",en-ne,informal,government,government_00056,law_gov,training/data/train_clean_en-ne.jsonl
"The Commission consists of nine members including the Chairperson, Vice-chairperson and seven members.","(ख) ल कमिशन, २०१७ः श्री ५ को सरकारको मिति २०१७।६।२७।४ को निर्णय अनुसार (नेपाल राजपत्रमा प्रकाशित मिति २०१७।७।१५) देहाय बमोजिमको ७ सदस्यीय दोश्रो ल कमिशन गठन गरियो। १. सर्वोच्च अदालतका माननीय न्यायाधीश श्री नयनबहादुर खत्री — अध्यक्ष २. मध्यमाञ्चल उच्च अदालतका मुख्य न्यायाधीश — सदस्य ३. एटर्नी जनरल श्री शम्भुप्रसाद ज्ञवाली — सदस्य ४. कानून सचिव — सदस्य ५. श्री ५ को सरकारबाट मनोनित गैर—सरकारी व्यक्ति जना ३ — सदस्य",en-ne,informal,government,government_00056,law_gov,training/data/train_clean_en-ne.jsonl
"The Commission consists of nine members including the Chairperson, Vice-chairperson and seven members.","(ख) ल कमिशन, २०१७ः श्री ५ को सरकारको मिति २०१७।६।२७।४ को निर्णय अनुसार (नेपाल राजपत्रमा प्रकाशित मिति २०१७।७।१५) देहाय बमोजिमको ७ सदस्यीय दोश्रो ल कमिशन गठन गरियो। १. सर्वोच्च अदालतका माननीय न्यायाधीश श्री नयनबहादुर खत्री — अध्यक्ष २. मध्यमाञ्चल उच्च अदालतका मुख्य न्यायाधीश — सदस्य ३. एटर्नी जनरल श्री शम्भुप्रसाद ज्ञवाली — सदस्य ४. कानून सचिव — सदस्य ५. श्री ५ को सरकारबाट मनोनित गैर—सरकारी व्यक्ति जना ३ — सदस्य",en-ne,informal,government,government_00056,law_gov,training/data/train_clean_en-ne.jsonl
Would you like some tea?,के तिमी चिया खान्छौ?,en-ne,informal,pronouns_honorifics,pronouns_honorifics_00003,hand_priority_seed,training/data/train_clean_en-ne.jsonl
Would you like some tea?,के तिमी चिया खान्छौ?,en-ne,informal,pronouns_honorifics,pronouns_honorifics_00003,hand_priority_seed,training/data/train_clean_en-ne.jsonl
Would you like some tea?,के तिमी चिया खान्छौ?,en-ne,informal,pronouns_honorifics,pronouns_honorifics_00003,hand_priority_seed,training/data/train_clean_en-ne.jsonl
Would you like some tea?,के तिमी चिया खान्छौ?,en-ne,informal,pronouns_honorifics,pronouns_honorifics_00003,hand_priority_seed,training/data/train_clean_en-ne.jsonl
Would you like some tea?,के तिमी चिया खान्छौ?,en-ne,informal,pronouns_honorifics,pronouns_honorifics_00003,hand_priority_seed,training/data/train_clean_en-ne.jsonl
Would you like some tea?,के तिमी चिया खान्छौ?,en-ne,informal,pronouns_honorifics,pronouns_honorifics_00003,hand_priority_seed,training/data/train_clean_en-ne.jsonl
Would you like some tea?,के तिमी चिया खान्छौ?,en-ne,informal,pronouns_honorifics,pronouns_honorifics_00003,hand_priority_seed,training/data/train_clean_en-ne.jsonl
Would you like some tea?,के तिमी चिया खान्छौ?,en-ne,informal,pronouns_honorifics,pronouns_honorifics_00003,hand_priority_seed,training/data/train_clean_en-ne.jsonl
Repealed Ordinances,खारेज भएका अध्यादेश,en-ne,informal,government,government_00023,recovered_site_labels_and_manual_normalization,training/data/train_clean_en-ne.jsonl
Repealed Ordinances,खारेज भएका अध्यादेश,en-ne,informal,government,government_00023,recovered_site_labels_and_manual_normalization,training/data/train_clean_en-ne.jsonl
Repealed Ordinances,खारेज भएका अध्यादेश,en-ne,informal,government,government_00023,recovered_site_labels_and_manual_normalization,training/data/train_clean_en-ne.jsonl
Repealed Ordinances,खारेज भएका अध्यादेश,en-ne,informal,government,government_00023,recovered_site_labels_and_manual_normalization,training/data/train_clean_en-ne.jsonl
Contact Address,सम्पर्क ठेगाना,en-ne,formal,government,government_00032,recovered_site_labels_and_manual_normalization,training/data/train_clean_en-ne.jsonl
Contact Address,सम्पर्क ठेगाना,en-ne,formal,government,government_00032,recovered_site_labels_and_manual_normalization,training/data/train_clean_en-ne.jsonl
Contact Address,सम्पर्क ठेगाना,en-ne,formal,government,government_00032,recovered_site_labels_and_manual_normalization,training/data/train_clean_en-ne.jsonl
Contact Address,सम्पर्क ठेगाना,en-ne,formal,government,government_00032,recovered_site_labels_and_manual_normalization,training/data/train_clean_en-ne.jsonl
What does this mean?,यसको अर्थ के हो?,en-ne,informal,questions_requests,questions_requests_00003,hand_priority_seed,training/data/train_clean_en-ne.jsonl
What does this mean?,यसको अर्थ के हो?,en-ne,informal,questions_requests,questions_requests_00003,hand_priority_seed,training/data/train_clean_en-ne.jsonl
What does this mean?,यसको अर्थ के हो?,en-ne,informal,questions_requests,questions_requests_00003,hand_priority_seed,training/data/train_clean_en-ne.jsonl
What does this mean?,यसको अर्थ के हो?,en-ne,informal,questions_requests,questions_requests_00003,hand_priority_seed,training/data/train_clean_en-ne.jsonl
What does this mean?,यसको अर्थ के हो?,en-ne,informal,questions_requests,questions_requests_00003,hand_priority_seed,training/data/train_clean_en-ne.jsonl
What does this mean?,यसको अर्थ के हो?,en-ne,informal,questions_requests,questions_requests_00003,hand_priority_seed,training/data/train_clean_en-ne.jsonl
What does this mean?,यसको अर्थ के हो?,en-ne,informal,questions_requests,questions_requests_00003,hand_priority_seed,training/data/train_clean_en-ne.jsonl
What does this mean?,यसको अर्थ के हो?,en-ne,informal,questions_requests,questions_requests_00003,hand_priority_seed,training/data/train_clean_en-ne.jsonl
Submit,पेश गर,en-ne,informal,government,government_00047,recovered_site_labels_and_manual_normalization,training/data/train_clean_en-ne.jsonl
Submit,पेश गर,en-ne,informal,government,government_00047,recovered_site_labels_and_manual_normalization,training/data/train_clean_en-ne.jsonl
Submit,पेश गर,en-ne,informal,government,government_00047,recovered_site_labels_and_manual_normalization,training/data/train_clean_en-ne.jsonl
Submit,पेश गर,en-ne,informal,government,government_00047,recovered_site_labels_and_manual_normalization,training/data/train_clean_en-ne.jsonl
Please stand here.,यहाँ उभिऊ न।,en-ne,informal,questions_requests,questions_requests_00019,assistant_curated,training/data/train_clean_en-ne.jsonl
Please stand here.,यहाँ उभिऊ न।,en-ne,informal,questions_requests,questions_requests_00019,assistant_curated,training/data/train_clean_en-ne.jsonl
Please stand here.,यहाँ उभिऊ न।,en-ne,informal,questions_requests,questions_requests_00019,assistant_curated,training/data/train_clean_en-ne.jsonl
Please stand here.,यहाँ उभिऊ न।,en-ne,informal,questions_requests,questions_requests_00019,assistant_curated,training/data/train_clean_en-ne.jsonl
Please stand here.,यहाँ उभिऊ न।,en-ne,informal,questions_requests,questions_requests_00019,assistant_curated,training/data/train_clean_en-ne.jsonl
Please stand here.,यहाँ उभिऊ न।,en-ne,informal,questions_requests,questions_requests_00019,assistant_curated,training/data/train_clean_en-ne.jsonl
Please stand here.,यहाँ उभिऊ न।,en-ne,informal,questions_requests,questions_requests_00019,assistant_curated,training/data/train_clean_en-ne.jsonl
Please stand here.,यहाँ उभिऊ न।,en-ne,informal,questions_requests,questions_requests_00019,assistant_curated,training/data/train_clean_en-ne.jsonl
Turn right.,दायाँ मोड्नुहोस्।,en-ne,formal,core_grammar,core_grammar_00011,assistant_curated,training/data/train_clean_en-ne.jsonl
Turn right.,दायाँ मोड्नुहोस्।,en-ne,formal,core_grammar,core_grammar_00011,assistant_curated,training/data/train_clean_en-ne.jsonl
Turn right.,दायाँ मोड्नुहोस्।,en-ne,formal,core_grammar,core_grammar_00011,assistant_curated,training/data/train_clean_en-ne.jsonl
Turn right.,दायाँ मोड्नुहोस्।,en-ne,formal,core_grammar,core_grammar_00011,assistant_curated,training/data/train_clean_en-ne.jsonl
After you.,तिमी पहिले।,en-ne,informal,pronouns_honorifics,pronouns_honorifics_00004,hand_priority_seed,training/data/train_clean_en-ne.jsonl
After you.,तिमी पहिले।,en-ne,informal,pronouns_honorifics,pronouns_honorifics_00004,hand_priority_seed,training/data/train_clean_en-ne.jsonl
After you.,तिमी पहिले।,en-ne,informal,pronouns_honorifics,pronouns_honorifics_00004,hand_priority_seed,training/data/train_clean_en-ne.jsonl
After you.,तिमी पहिले।,en-ne,informal,pronouns_honorifics,pronouns_honorifics_00004,hand_priority_seed,training/data/train_clean_en-ne.jsonl
After you.,तिमी पहिले।,en-ne,informal,pronouns_honorifics,pronouns_honorifics_00004,hand_priority_seed,training/data/train_clean_en-ne.jsonl
After you.,तिमी पहिले।,en-ne,informal,pronouns_honorifics,pronouns_honorifics_00004,hand_priority_seed,training/data/train_clean_en-ne.jsonl
After you.,तिमी पहिले।,en-ne,informal,pronouns_honorifics,pronouns_honorifics_00004,hand_priority_seed,training/data/train_clean_en-ne.jsonl
After you.,तिमी पहिले।,en-ne,informal,pronouns_honorifics,pronouns_honorifics_00004,hand_priority_seed,training/data/train_clean_en-ne.jsonl
Do you have a smaller size?,के तिमीसँग योभन्दा सानो साइज छ?,en-ne,informal,questions_requests,questions_requests_00031,user_conv_seed,training/data/train_clean_en-ne.jsonl
Do you have a smaller size?,के तिमीसँग योभन्दा सानो साइज छ?,en-ne,informal,questions_requests,questions_requests_00031,user_conv_seed,training/data/train_clean_en-ne.jsonl
Do you have a smaller size?,के तिमीसँग योभन्दा सानो साइज छ?,en-ne,informal,questions_requests,questions_requests_00031,user_conv_seed,training/data/train_clean_en-ne.jsonl
Do you have a smaller size?,के तिमीसँग योभन्दा सानो साइज छ?,en-ne,informal,questions_requests,questions_requests_00031,user_conv_seed,training/data/train_clean_en-ne.jsonl
Do you have a smaller size?,के तिमीसँग योभन्दा सानो साइज छ?,en-ne,informal,questions_requests,questions_requests_00031,user_conv_seed,training/data/train_clean_en-ne.jsonl
Do you have a smaller size?,के तिमीसँग योभन्दा सानो साइज छ?,en-ne,informal,questions_requests,questions_requests_00031,user_conv_seed,training/data/train_clean_en-ne.jsonl
Do you have a smaller size?,के तिमीसँग योभन्दा सानो साइज छ?,en-ne,informal,questions_requests,questions_requests_00031,user_conv_seed,training/data/train_clean_en-ne.jsonl
Do you have a smaller size?,के तिमीसँग योभन्दा सानो साइज छ?,en-ne,informal,questions_requests,questions_requests_00031,user_conv_seed,training/data/train_clean_en-ne.jsonl
Contact Address,सम्पर्क ठेगाना,en-ne,informal,government,government_00032,recovered_site_labels_and_manual_normalization,training/data/train_clean_en-ne.jsonl
Contact Address,सम्पर्क ठेगाना,en-ne,informal,government,government_00032,recovered_site_labels_and_manual_normalization,training/data/train_clean_en-ne.jsonl
Contact Address,सम्पर्क ठेगाना,en-ne,informal,government,government_00032,recovered_site_labels_and_manual_normalization,training/data/train_clean_en-ne.jsonl
Contact Address,सम्पर्क ठेगाना,en-ne,informal,government,government_00032,recovered_site_labels_and_manual_normalization,training/data/train_clean_en-ne.jsonl
Where are you going?,तिमी कहाँ जाँदै छौ?,en-ne,informal,pronouns_honorifics,pronouns_honorifics_00001,hand_priority_seed,training/data/train_clean_en-ne.jsonl
Where are you going?,तिमी कहाँ जाँदै छौ?,en-ne,informal,pronouns_honorifics,pronouns_honorifics_00001,hand_priority_seed,training/data/train_clean_en-ne.jsonl
Where are you going?,तिमी कहाँ जाँदै छौ?,en-ne,informal,pronouns_honorifics,pronouns_honorifics_00001,hand_priority_seed,training/data/train_clean_en-ne.jsonl
Where are you going?,तिमी कहाँ जाँदै छौ?,en-ne,informal,pronouns_honorifics,pronouns_honorifics_00001,hand_priority_seed,training/data/train_clean_en-ne.jsonl
Where are you going?,तिमी कहाँ जाँदै छौ?,en-ne,informal,pronouns_honorifics,pronouns_honorifics_00001,hand_priority_seed,training/data/train_clean_en-ne.jsonl
Where are you going?,तिमी कहाँ जाँदै छौ?,en-ne,informal,pronouns_honorifics,pronouns_honorifics_00001,hand_priority_seed,training/data/train_clean_en-ne.jsonl
Where are you going?,तिमी कहाँ जाँदै छौ?,en-ne,informal,pronouns_honorifics,pronouns_honorifics_00001,hand_priority_seed,training/data/train_clean_en-ne.jsonl
Where are you going?,तिमी कहाँ जाँदै छौ?,en-ne,informal,pronouns_honorifics,pronouns_honorifics_00001,hand_priority_seed,training/data/train_clean_en-ne.jsonl
Services,सेवाहरू,en-ne,formal,government,government_00009,recovered_site_labels_and_manual_normalization,training/data/train_clean_en-ne.jsonl
Services,सेवाहरू,en-ne,formal,government,government_00009,recovered_site_labels_and_manual_normalization,training/data/train_clean_en-ne.jsonl
Services,सेवाहरू,en-ne,formal,government,government_00009,recovered_site_labels_and_manual_normalization,training/data/train_clean_en-ne.jsonl
Services,सेवाहरू,en-ne,formal,government,government_00009,recovered_site_labels_and_manual_normalization,training/data/train_clean_en-ne.jsonl
The translation is loading.,अनुवाद तयार हुँदैछ।,en-ne,informal,core_grammar,core_grammar_00030,assistant_curated,training/data/train_clean_en-ne.jsonl
The translation is loading.,अनुवाद तयार हुँदैछ।,en-ne,informal,core_grammar,core_grammar_00030,assistant_curated,training/data/train_clean_en-ne.jsonl
The translation is loading.,अनुवाद तयार हुँदैछ।,en-ne,informal,core_grammar,core_grammar_00030,assistant_curated,training/data/train_clean_en-ne.jsonl
The translation is loading.,अनुवाद तयार हुँदैछ।,en-ne,informal,core_grammar,core_grammar_00030,assistant_curated,training/data/train_clean_en-ne.jsonl
After you.,तपाईं पहिले।,en-ne,formal,pronouns_honorifics,pronouns_honorifics_00004,hand_priority_seed,training/data/train_clean_en-ne.jsonl
After you.,तपाईं पहिले।,en-ne,formal,pronouns_honorifics,pronouns_honorifics_00004,hand_priority_seed,training/data/train_clean_en-ne.jsonl
After you.,तपाईं पहिले।,en-ne,formal,pronouns_honorifics,pronouns_honorifics_00004,hand_priority_seed,training/data/train_clean_en-ne.jsonl
After you.,तपाईं पहिले।,en-ne,formal,pronouns_honorifics,pronouns_honorifics_00004,hand_priority_seed,training/data/train_clean_en-ne.jsonl
After you.,तपाईं पहिले।,en-ne,formal,pronouns_honorifics,pronouns_honorifics_00004,hand_priority_seed,training/data/train_clean_en-ne.jsonl
After you.,तपाईं पहिले।,en-ne,formal,pronouns_honorifics,pronouns_honorifics_00004,hand_priority_seed,training/data/train_clean_en-ne.jsonl
After you.,तपाईं पहिले।,en-ne,formal,pronouns_honorifics,pronouns_honorifics_00004,hand_priority_seed,training/data/train_clean_en-ne.jsonl
After you.,तपाईं पहिले।,en-ne,formal,pronouns_honorifics,pronouns_honorifics_00004,hand_priority_seed,training/data/train_clean_en-ne.jsonl
Search,खोज्नुहोस्,en-ne,formal,government,government_00039,recovered_site_labels_and_manual_normalization,training/data/train_clean_en-ne.jsonl
Search,खोज्नुहोस्,en-ne,formal,government,government_00039,recovered_site_labels_and_manual_normalization,training/data/train_clean_en-ne.jsonl
Search,खोज्नुहोस्,en-ne,formal,government,government_00039,recovered_site_labels_and_manual_normalization,training/data/train_clean_en-ne.jsonl
Search,खोज्नुहोस्,en-ne,formal,government,government_00039,recovered_site_labels_and_manual_normalization,training/data/train_clean_en-ne.jsonl
The translation is loading.,अनुवाद तयार हुँदैछ।,en-ne,formal,core_grammar,core_grammar_00030,assistant_curated,training/data/train_clean_en-ne.jsonl
The translation is loading.,अनुवाद तयार हुँदैछ।,en-ne,formal,core_grammar,core_grammar_00030,assistant_curated,training/data/train_clean_en-ne.jsonl
The translation is loading.,अनुवाद तयार हुँदैछ।,en-ne,formal,core_grammar,core_grammar_00030,assistant_curated,training/data/train_clean_en-ne.jsonl
The translation is loading.,अनुवाद तयार हुँदैछ।,en-ne,formal,core_grammar,core_grammar_00030,assistant_curated,training/data/train_clean_en-ne.jsonl
Can I try this on?,के म यो लगाएर हेर्न सक्छु?,en-ne,formal,shopping,shopping_00003,hand_priority_seed,training/data/train_clean_en-ne.jsonl
Can I try this on?,के म यो लगाएर हेर्न सक्छु?,en-ne,formal,shopping,shopping_00003,hand_priority_seed,training/data/train_clean_en-ne.jsonl
Can I try this on?,के म यो लगाएर हेर्न सक्छु?,en-ne,formal,shopping,shopping_00003,hand_priority_seed,training/data/train_clean_en-ne.jsonl
Can I try this on?,के म यो लगाएर हेर्न सक्छु?,en-ne,formal,shopping,shopping_00003,hand_priority_seed,training/data/train_clean_en-ne.jsonl
When will it arrive?,यो कहिले आइपुग्छ?,en-ne,formal,questions_requests,questions_requests_00020,assistant_curated,training/data/train_clean_en-ne.jsonl
When will it arrive?,यो कहिले आइपुग्छ?,en-ne,formal,questions_requests,questions_requests_00020,assistant_curated,training/data/train_clean_en-ne.jsonl
When will it arrive?,यो कहिले आइपुग्छ?,en-ne,formal,questions_requests,questions_requests_00020,assistant_curated,training/data/train_clean_en-ne.jsonl
When will it arrive?,यो कहिले आइपुग्छ?,en-ne,formal,questions_requests,questions_requests_00020,assistant_curated,training/data/train_clean_en-ne.jsonl
When will it arrive?,यो कहिले आइपुग्छ?,en-ne,formal,questions_requests,questions_requests_00020,assistant_curated,training/data/train_clean_en-ne.jsonl
When will it arrive?,यो कहिले आइपुग्छ?,en-ne,formal,questions_requests,questions_requests_00020,assistant_curated,training/data/train_clean_en-ne.jsonl
When will it arrive?,यो कहिले आइपुग्छ?,en-ne,formal,questions_requests,questions_requests_00020,assistant_curated,training/data/train_clean_en-ne.jsonl
When will it arrive?,यो कहिले आइपुग्छ?,en-ne,formal,questions_requests,questions_requests_00020,assistant_curated,training/data/train_clean_en-ne.jsonl
The translation is loading.,अनुवाद लोड हुँदैछ।,en-ne,informal,core_grammar,core_grammar_00031,assistant_curated,training/data/train_clean_en-ne.jsonl
The translation is loading.,अनुवाद लोड हुँदैछ।,en-ne,informal,core_grammar,core_grammar_00031,assistant_curated,training/data/train_clean_en-ne.jsonl
The translation is loading.,अनुवाद लोड हुँदैछ।,en-ne,informal,core_grammar,core_grammar_00031,assistant_curated,training/data/train_clean_en-ne.jsonl
The translation is loading.,अनुवाद लोड हुँदैछ।,en-ne,informal,core_grammar,core_grammar_00031,assistant_curated,training/data/train_clean_en-ne.jsonl
I am sick.,म बिरामी छु।,en-ne,informal,core_grammar,core_grammar_00019,assistant_curated,training/data/train_clean_en-ne.jsonl
I am sick.,म बिरामी छु।,en-ne,informal,core_grammar,core_grammar_00019,assistant_curated,training/data/train_clean_en-ne.jsonl
I am sick.,म बिरामी छु।,en-ne,informal,core_grammar,core_grammar_00019,assistant_curated,training/data/train_clean_en-ne.jsonl
I am sick.,म बिरामी छु।,en-ne,informal,core_grammar,core_grammar_00019,assistant_curated,training/data/train_clean_en-ne.jsonl
Does it hurt here?,के यहाँ दुख्छ?,en-ne,formal,health,health_00004,hand_priority_seed,training/data/train_clean_en-ne.jsonl
Does it hurt here?,के यहाँ दुख्छ?,en-ne,formal,health,health_00004,hand_priority_seed,training/data/train_clean_en-ne.jsonl
Does it hurt here?,के यहाँ दुख्छ?,en-ne,formal,health,health_00004,hand_priority_seed,training/data/train_clean_en-ne.jsonl
Does it hurt here?,के यहाँ दुख्छ?,en-ne,formal,health,health_00004,hand_priority_seed,training/data/train_clean_en-ne.jsonl
Does it hurt here?,के यहाँ दुख्छ?,en-ne,formal,health,health_00004,hand_priority_seed,training/data/train_clean_en-ne.jsonl
Does it hurt here?,के यहाँ दुख्छ?,en-ne,formal,health,health_00004,hand_priority_seed,training/data/train_clean_en-ne.jsonl
Does it hurt here?,के यहाँ दुख्छ?,en-ne,formal,health,health_00004,hand_priority_seed,training/data/train_clean_en-ne.jsonl
Does it hurt here?,के यहाँ दुख्छ?,en-ne,formal,health,health_00004,hand_priority_seed,training/data/train_clean_en-ne.jsonl
Frequently Asked Questions,बारम्बार सोधिने प्रश्न र उत्तर,en-ne,informal,government,government_00034,recovered_site_labels_and_manual_normalization,training/data/train_clean_en-ne.jsonl
Frequently Asked Questions,बारम्बार सोधिने प्रश्न र उत्तर,en-ne,informal,government,government_00034,recovered_site_labels_and_manual_normalization,training/data/train_clean_en-ne.jsonl
Frequently Asked Questions,बारम्बार सोधिने प्रश्न र उत्तर,en-ne,informal,government,government_00034,recovered_site_labels_and_manual_normalization,training/data/train_clean_en-ne.jsonl
Frequently Asked Questions,बारम्बार सोधिने प्रश्न र उत्तर,en-ne,informal,government,government_00034,recovered_site_labels_and_manual_normalization,training/data/train_clean_en-ne.jsonl
That translation is correct.,त्यो अनुवाद सही छ।,en-ne,informal,core_grammar,core_grammar_00033,assistant_curated,training/data/train_clean_en-ne.jsonl
That translation is correct.,त्यो अनुवाद सही छ।,en-ne,informal,core_grammar,core_grammar_00033,assistant_curated,training/data/train_clean_en-ne.jsonl
That translation is correct.,त्यो अनुवाद सही छ।,en-ne,informal,core_grammar,core_grammar_00033,assistant_curated,training/data/train_clean_en-ne.jsonl
That translation is correct.,त्यो अनुवाद सही छ।,en-ne,informal,core_grammar,core_grammar_00033,assistant_curated,training/data/train_clean_en-ne.jsonl
Frequently Asked Questions,बारम्बार सोधिने प्रश्न र उत्तर,en-ne,formal,government,government_00034,recovered_site_labels_and_manual_normalization,training/data/train_clean_en-ne.jsonl
Frequently Asked Questions,बारम्बार सोधिने प्रश्न र उत्तर,en-ne,formal,government,government_00034,recovered_site_labels_and_manual_normalization,training/data/train_clean_en-ne.jsonl
Frequently Asked Questions,बारम्बार सोधिने प्रश्न र उत्तर,en-ne,formal,government,government_00034,recovered_site_labels_and_manual_normalization,training/data/train_clean_en-ne.jsonl
Frequently Asked Questions,बारम्बार सोधिने प्रश्न र उत्तर,en-ne,formal,government,government_00034,recovered_site_labels_and_manual_normalization,training/data/train_clean_en-ne.jsonl
Where are you from?,तिमी कहाँबाट आउनुभएको हो?,en-ne,informal,questions_requests,questions_requests_00007,assistant_curated,training/data/train_clean_en-ne.jsonl
Where are you from?,तिमी कहाँबाट आउनुभएको हो?,en-ne,informal,questions_requests,questions_requests_00007,assistant_curated,training/data/train_clean_en-ne.jsonl
Where are you from?,तिमी कहाँबाट आउनुभएको हो?,en-ne,informal,questions_requests,questions_requests_00007,assistant_curated,training/data/train_clean_en-ne.jsonl
Where are you from?,तिमी कहाँबाट आउनुभएको हो?,en-ne,informal,questions_requests,questions_requests_00007,assistant_curated,training/data/train_clean_en-ne.jsonl
Where are you from?,तिमी कहाँबाट आउनुभएको हो?,en-ne,informal,questions_requests,questions_requests_00007,assistant_curated,training/data/train_clean_en-ne.jsonl
Where are you from?,तिमी कहाँबाट आउनुभएको हो?,en-ne,informal,questions_requests,questions_requests_00007,assistant_curated,training/data/train_clean_en-ne.jsonl
Where are you from?,तिमी कहाँबाट आउनुभएको हो?,en-ne,informal,questions_requests,questions_requests_00007,assistant_curated,training/data/train_clean_en-ne.jsonl
Where are you from?,तिमी कहाँबाट आउनुभएको हो?,en-ne,informal,questions_requests,questions_requests_00007,assistant_curated,training/data/train_clean_en-ne.jsonl
"There is a provision of a Recommendation Committee composed of the Minister for Law, Justice and Parliamentary Affairs, Chairperson of the Law, Justice and Parliamentary Committee of the House of Representatives* and Chairperson of the Nepal Bar Association to recommend to the Government for appointment in the post of Chairperson, Vice-chairperson and members of the Commission.","(घ) कानून आयोग, २०२९ः श्री ५ महाराजाधिराजबाट मिति २०२९।२।१९ मा प्रचलित नेपाल कानूनमा विशेष गरी फौजदारी, देवानी, बाणिज्य तथा प्रमाण सम्बन्धी कानूनहरुमा भइरहेको अभाव र त्रुटीहरु हटाई भरिसक्य सरल, बैज्ञानिक र व्यवहारिक रुप दिई छुटृाछुटृै ऐनहरुको तर्जुमा गर्न न्यायिक समितिका अध्यक्ष एवं सर्वोच्च अदालतका माननीय न्यायाधीश श्री नयनबहादुर खत्रीको अध्यक्षतामा ५ सदस्यीय चौथौ कानून आयोगको गठन गरिबक्सियो। उक्त आयोग गठनको सूचना अनुसूची – ४ मा राखिएको छ। उक्त आयोगमा सर्वोच्च अदालतका अस्थायी माननीय न्यायाधीश श्री विश्वनाथ उपाध्याय— १, महान्यायाधिवक्ता श्री रमानन्दप्रसाद सिंह —१, न्यायिक समितिका सदस्य श्री कृष्णप्रसाद पन्त— १ समेतलाई सदस्य तथा कानून सचिव श्री चूडामणिराज सिंहलाई सदस्य—सचिव तोकिएको थियो। यस आयोगले प्रमाण ऐन तथा अपराध संहिता मसौदा र तत्सम्बन्धी प्रतिवेदन तयार गरी श्री ५ समक्ष पेश गरेको थि",en-ne,informal,government,government_00059,law_gov,training/data/train_clean_en-ne.jsonl
"There is a provision of a Recommendation Committee composed of the Minister for Law, Justice and Parliamentary Affairs, Chairperson of the Law, Justice and Parliamentary Committee of the House of Representatives* and Chairperson of the Nepal Bar Association to recommend to the Government for appointment in the post of Chairperson, Vice-chairperson and members of the Commission.","(घ) कानून आयोग, २०२९ः श्री ५ महाराजाधिराजबाट मिति २०२९।२।१९ मा प्रचलित नेपाल कानूनमा विशेष गरी फौजदारी, देवानी, बाणिज्य तथा प्रमाण सम्बन्धी कानूनहरुमा भइरहेको अभाव र त्रुटीहरु हटाई भरिसक्य सरल, बैज्ञानिक र व्यवहारिक रुप दिई छुटृाछुटृै ऐनहरुको तर्जुमा गर्न न्यायिक समितिका अध्यक्ष एवं सर्वोच्च अदालतका माननीय न्यायाधीश श्री नयनबहादुर खत्रीको अध्यक्षतामा ५ सदस्यीय चौथौ कानून आयोगको गठन गरिबक्सियो। उक्त आयोग गठनको सूचना अनुसूची – ४ मा राखिएको छ। उक्त आयोगमा सर्वोच्च अदालतका अस्थायी माननीय न्यायाधीश श्री विश्वनाथ उपाध्याय— १, महान्यायाधिवक्ता श्री रमानन्दप्रसाद सिंह —१, न्यायिक समितिका सदस्य श्री कृष्णप्रसाद पन्त— १ समेतलाई सदस्य तथा कानून सचिव श्री चूडामणिराज सिंहलाई सदस्य—सचिव तोकिएको थियो। यस आयोगले प्रमाण ऐन तथा अपराध संहिता मसौदा र तत्सम्बन्धी प्रतिवेदन तयार गरी श्री ५ समक्ष पेश गरेको थि",en-ne,informal,government,government_00059,law_gov,training/data/train_clean_en-ne.jsonl
"There is a provision of a Recommendation Committee composed of the Minister for Law, Justice and Parliamentary Affairs, Chairperson of the Law, Justice and Parliamentary Committee of the House of Representatives* and Chairperson of the Nepal Bar Association to recommend to the Government for appointment in the post of Chairperson, Vice-chairperson and members of the Commission.","(घ) कानून आयोग, २०२९ः श्री ५ महाराजाधिराजबाट मिति २०२९।२।१९ मा प्रचलित नेपाल कानूनमा विशेष गरी फौजदारी, देवानी, बाणिज्य तथा प्रमाण सम्बन्धी कानूनहरुमा भइरहेको अभाव र त्रुटीहरु हटाई भरिसक्य सरल, बैज्ञानिक र व्यवहारिक रुप दिई छुटृाछुटृै ऐनहरुको तर्जुमा गर्न न्यायिक समितिका अध्यक्ष एवं सर्वोच्च अदालतका माननीय न्यायाधीश श्री नयनबहादुर खत्रीको अध्यक्षतामा ५ सदस्यीय चौथौ कानून आयोगको गठन गरिबक्सियो। उक्त आयोग गठनको सूचना अनुसूची – ४ मा राखिएको छ। उक्त आयोगमा सर्वोच्च अदालतका अस्थायी माननीय न्यायाधीश श्री विश्वनाथ उपाध्याय— १, महान्यायाधिवक्ता श्री रमानन्दप्रसाद सिंह —१, न्यायिक समितिका सदस्य श्री कृष्णप्रसाद पन्त— १ समेतलाई सदस्य तथा कानून सचिव श्री चूडामणिराज सिंहलाई सदस्य—सचिव तोकिएको थियो। यस आयोगले प्रमाण ऐन तथा अपराध संहिता मसौदा र तत्सम्बन्धी प्रतिवेदन तयार गरी श्री ५ समक्ष पेश गरेको थि",en-ne,informal,government,government_00059,law_gov,training/data/train_clean_en-ne.jsonl
"There is a provision of a Recommendation Committee composed of the Minister for Law, Justice and Parliamentary Affairs, Chairperson of the Law, Justice and Parliamentary Committee of the House of Representatives* and Chairperson of the Nepal Bar Association to recommend to the Government for appointment in the post of Chairperson, Vice-chairperson and members of the Commission.","(घ) कानून आयोग, २०२९ः श्री ५ महाराजाधिराजबाट मिति २०२९।२।१९ मा प्रचलित नेपाल कानूनमा विशेष गरी फौजदारी, देवानी, बाणिज्य तथा प्रमाण सम्बन्धी कानूनहरुमा भइरहेको अभाव र त्रुटीहरु हटाई भरिसक्य सरल, बैज्ञानिक र व्यवहारिक रुप दिई छुटृाछुटृै ऐनहरुको तर्जुमा गर्न न्यायिक समितिका अध्यक्ष एवं सर्वोच्च अदालतका माननीय न्यायाधीश श्री नयनबहादुर खत्रीको अध्यक्षतामा ५ सदस्यीय चौथौ कानून आयोगको गठन गरिबक्सियो। उक्त आयोग गठनको सूचना अनुसूची – ४ मा राखिएको छ। उक्त आयोगमा सर्वोच्च अदालतका अस्थायी माननीय न्यायाधीश श्री विश्वनाथ उपाध्याय— १, महान्यायाधिवक्ता श्री रमानन्दप्रसाद सिंह —१, न्यायिक समितिका सदस्य श्री कृष्णप्रसाद पन्त— १ समेतलाई सदस्य तथा कानून सचिव श्री चूडामणिराज सिंहलाई सदस्य—सचिव तोकिएको थियो। यस आयोगले प्रमाण ऐन तथा अपराध संहिता मसौदा र तत्सम्बन्धी प्रतिवेदन तयार गरी श्री ५ समक्ष पेश गरेको थि",en-ne,informal,government,government_00059,law_gov,training/data/train_clean_en-ne.jsonl
Where does it hurt?,तिमीलाई कहाँ दुखेको छ?,en-ne,informal,questions_requests,questions_requests_00015,assistant_curated,training/data/train_clean_en-ne.jsonl
Where does it hurt?,तिमीलाई कहाँ दुखेको छ?,en-ne,informal,questions_requests,questions_requests_00015,assistant_curated,training/data/train_clean_en-ne.jsonl
Where does it hurt?,तिमीलाई कहाँ दुखेको छ?,en-ne,informal,questions_requests,questions_requests_00015,assistant_curated,training/data/train_clean_en-ne.jsonl
Where does it hurt?,तिमीलाई कहाँ दुखेको छ?,en-ne,informal,questions_requests,questions_requests_00015,assistant_curated,training/data/train_clean_en-ne.jsonl
Where does it hurt?,तिमीलाई कहाँ दुखेको छ?,en-ne,informal,questions_requests,questions_requests_00015,assistant_curated,training/data/train_clean_en-ne.jsonl
Where does it hurt?,तिमीलाई कहाँ दुखेको छ?,en-ne,informal,questions_requests,questions_requests_00015,assistant_curated,training/data/train_clean_en-ne.jsonl
Where does it hurt?,तिमीलाई कहाँ दुखेको छ?,en-ne,informal,questions_requests,questions_requests_00015,assistant_curated,training/data/train_clean_en-ne.jsonl
Where does it hurt?,तिमीलाई कहाँ दुखेको छ?,en-ne,informal,questions_requests,questions_requests_00015,assistant_curated,training/data/train_clean_en-ne.jsonl
Which bus goes to Patan?,कुन बस पाटन जान्छ?,en-ne,formal,travel,travel_00005,hand_priority_seed,training/data/train_clean_en-ne.jsonl
Which bus goes to Patan?,कुन बस पाटन जान्छ?,en-ne,formal,travel,travel_00005,hand_priority_seed,training/data/train_clean_en-ne.jsonl
Which bus goes to Patan?,कुन बस पाटन जान्छ?,en-ne,formal,travel,travel_00005,hand_priority_seed,training/data/train_clean_en-ne.jsonl
Which bus goes to Patan?,कुन बस पाटन जान्छ?,en-ne,formal,travel,travel_00005,hand_priority_seed,training/data/train_clean_en-ne.jsonl
Which bus goes to Patan?,कुन बस पाटन जान्छ?,en-ne,formal,travel,travel_00005,hand_priority_seed,training/data/train_clean_en-ne.jsonl
Which bus goes to Patan?,कुन बस पाटन जान्छ?,en-ne,formal,travel,travel_00005,hand_priority_seed,training/data/train_clean_en-ne.jsonl
Which bus goes to Patan?,कुन बस पाटन जान्छ?,en-ne,formal,travel,travel_00005,hand_priority_seed,training/data/train_clean_en-ne.jsonl
Which bus goes to Patan?,कुन बस पाटन जान्छ?,en-ne,formal,travel,travel_00005,hand_priority_seed,training/data/train_clean_en-ne.jsonl
I need a taxi.,मलाई ट्याक्सी चाहियो।,en-ne,formal,travel,travel_00004,hand_priority_seed,training/data/train_clean_en-ne.jsonl
I need a taxi.,मलाई ट्याक्सी चाहियो।,en-ne,formal,travel,travel_00004,hand_priority_seed,training/data/train_clean_en-ne.jsonl
I need a taxi.,मलाई ट्याक्सी चाहियो।,en-ne,formal,travel,travel_00004,hand_priority_seed,training/data/train_clean_en-ne.jsonl
I need a taxi.,मलाई ट्याक्सी चाहियो।,en-ne,formal,travel,travel_00004,hand_priority_seed,training/data/train_clean_en-ne.jsonl
I need a taxi.,मलाई ट्याक्सी चाहियो।,en-ne,formal,travel,travel_00004,hand_priority_seed,training/data/train_clean_en-ne.jsonl
I need a taxi.,मलाई ट्याक्सी चाहियो।,en-ne,formal,travel,travel_00004,hand_priority_seed,training/data/train_clean_en-ne.jsonl
I need a taxi.,मलाई ट्याक्सी चाहियो।,en-ne,formal,travel,travel_00004,hand_priority_seed,training/data/train_clean_en-ne.jsonl
I need a taxi.,मलाई ट्याक्सी चाहियो।,en-ne,formal,travel,travel_00004,hand_priority_seed,training/data/train_clean_en-ne.jsonl
"1 Initiation of tasks: The commission may initiate drafting and law reform process either on referral of the concerned ministry or on its own. It may also receive a proposal from stakeholders, i.e. individual, non-governmental organization, civil society and community organization.","(च) नेपाल कानून सुधार आयोग, २०४१ः यस अघिका आयोगको आवधिक वा तदर्थ रुपमा गठन विघटन हुंदै आएकोमा श्री ५ को सरकारको मिति २०४१।८।२१ को निर्णयले नेपाल कानून सुधार आयोग नामक एक स्थायी प्रकृतिको आयोगको स्थापना गरी पदाधिकारीहरु नियुक्ति गर्ने व्यवस्था गर्यो। श्री ५ को सरकारको यो निर्णयले कानून तर्जुमाका क्षेत्रमा आयोगको स्थायी भूमिका एवं सक्रियताको अपेक्षा राख्दै संस्थागत रुपमा नै आयोगको अस्तित्व स्थापित गर्ने काम ग¥यो। आयोगको इतिहासमा यो सर्वाधिक महत्वको निर्णय थियो भन्न सकिन्छ। जस अनुसार ५ वर्षे कार्यावधि सहित गठन भएको आयोगको गठनविधि एवं काम कर्तव्यहरुको व्यवस्था गरिएको थियो। पछि श्री ५ को सरकारले मिति २०४६।८।२१ मा पदावधि समाप्त भएका उक्त आयोगका सदस्य तथा सह—सदस्यहरुलाई यथावत कायम राख्ने निर्णय गरेको थियो।",en-ne,formal,government,government_00061,law_gov,training/data/train_clean_en-ne.jsonl
"1 Initiation of tasks: The commission may initiate drafting and law reform process either on referral of the concerned ministry or on its own. It may also receive a proposal from stakeholders, i.e. individual, non-governmental organization, civil society and community organization.","(च) नेपाल कानून सुधार आयोग, २०४१ः यस अघिका आयोगको आवधिक वा तदर्थ रुपमा गठन विघटन हुंदै आएकोमा श्री ५ को सरकारको मिति २०४१।८।२१ को निर्णयले नेपाल कानून सुधार आयोग नामक एक स्थायी प्रकृतिको आयोगको स्थापना गरी पदाधिकारीहरु नियुक्ति गर्ने व्यवस्था गर्यो। श्री ५ को सरकारको यो निर्णयले कानून तर्जुमाका क्षेत्रमा आयोगको स्थायी भूमिका एवं सक्रियताको अपेक्षा राख्दै संस्थागत रुपमा नै आयोगको अस्तित्व स्थापित गर्ने काम ग¥यो। आयोगको इतिहासमा यो सर्वाधिक महत्वको निर्णय थियो भन्न सकिन्छ। जस अनुसार ५ वर्षे कार्यावधि सहित गठन भएको आयोगको गठनविधि एवं काम कर्तव्यहरुको व्यवस्था गरिएको थियो। पछि श्री ५ को सरकारले मिति २०४६।८।२१ मा पदावधि समाप्त भएका उक्त आयोगका सदस्य तथा सह—सदस्यहरुलाई यथावत कायम राख्ने निर्णय गरेको थियो।",en-ne,formal,government,government_00061,law_gov,training/data/train_clean_en-ne.jsonl
"1 Initiation of tasks: The commission may initiate drafting and law reform process either on referral of the concerned ministry or on its own. It may also receive a proposal from stakeholders, i.e. individual, non-governmental organization, civil society and community organization.","(च) नेपाल कानून सुधार आयोग, २०४१ः यस अघिका आयोगको आवधिक वा तदर्थ रुपमा गठन विघटन हुंदै आएकोमा श्री ५ को सरकारको मिति २०४१।८।२१ को निर्णयले नेपाल कानून सुधार आयोग नामक एक स्थायी प्रकृतिको आयोगको स्थापना गरी पदाधिकारीहरु नियुक्ति गर्ने व्यवस्था गर्यो। श्री ५ को सरकारको यो निर्णयले कानून तर्जुमाका क्षेत्रमा आयोगको स्थायी भूमिका एवं सक्रियताको अपेक्षा राख्दै संस्थागत रुपमा नै आयोगको अस्तित्व स्थापित गर्ने काम ग¥यो। आयोगको इतिहासमा यो सर्वाधिक महत्वको निर्णय थियो भन्न सकिन्छ। जस अनुसार ५ वर्षे कार्यावधि सहित गठन भएको आयोगको गठनविधि एवं काम कर्तव्यहरुको व्यवस्था गरिएको थियो। पछि श्री ५ को सरकारले मिति २०४६।८।२१ मा पदावधि समाप्त भएका उक्त आयोगका सदस्य तथा सह—सदस्यहरुलाई यथावत कायम राख्ने निर्णय गरेको थियो।",en-ne,formal,government,government_00061,law_gov,training/data/train_clean_en-ne.jsonl
"1 Initiation of tasks: The commission may initiate drafting and law reform process either on referral of the concerned ministry or on its own. It may also receive a proposal from stakeholders, i.e. individual, non-governmental organization, civil society and community organization.","(च) नेपाल कानून सुधार आयोग, २०४१ः यस अघिका आयोगको आवधिक वा तदर्थ रुपमा गठन विघटन हुंदै आएकोमा श्री ५ को सरकारको मिति २०४१।८।२१ को निर्णयले नेपाल कानून सुधार आयोग नामक एक स्थायी प्रकृतिको आयोगको स्थापना गरी पदाधिकारीहरु नियुक्ति गर्ने व्यवस्था गर्यो। श्री ५ को सरकारको यो निर्णयले कानून तर्जुमाका क्षेत्रमा आयोगको स्थायी भूमिका एवं सक्रियताको अपेक्षा राख्दै संस्थागत रुपमा नै आयोगको अस्तित्व स्थापित गर्ने काम ग¥यो। आयोगको इतिहासमा यो सर्वाधिक महत्वको निर्णय थियो भन्न सकिन्छ। जस अनुसार ५ वर्षे कार्यावधि सहित गठन भएको आयोगको गठनविधि एवं काम कर्तव्यहरुको व्यवस्था गरिएको थियो। पछि श्री ५ को सरकारले मिति २०४६।८।२१ मा पदावधि समाप्त भएका उक्त आयोगका सदस्य तथा सह—सदस्यहरुलाई यथावत कायम राख्ने निर्णय गरेको थियो।",en-ne,formal,government,government_00061,law_gov,training/data/train_clean_en-ne.jsonl
Officials and Employees,पदाधिकारी र कर्मचारी,en-ne,informal,government,government_00007,recovered_site_labels_and_manual_normalization,training/data/train_clean_en-ne.jsonl
Officials and Employees,पदाधिकारी र कर्मचारी,en-ne,informal,government,government_00007,recovered_site_labels_and_manual_normalization,training/data/train_clean_en-ne.jsonl
Officials and Employees,पदाधिकारी र कर्मचारी,en-ne,informal,government,government_00007,recovered_site_labels_and_manual_normalization,training/data/train_clean_en-ne.jsonl
Officials and Employees,पदाधिकारी र कर्मचारी,en-ne,informal,government,government_00007,recovered_site_labels_and_manual_normalization,training/data/train_clean_en-ne.jsonl
Meet me at Durbar Square.,दरबार स्क्वायरमा भेटौं।,en-ne,formal,code_switch_names,code_switch_names_00004,hand_priority_seed,training/data/train_clean_en-ne.jsonl
Meet me at Durbar Square.,दरबार स्क्वायरमा भेटौं।,en-ne,formal,code_switch_names,code_switch_names_00004,hand_priority_seed,training/data/train_clean_en-ne.jsonl
Meet me at Durbar Square.,दरबार स्क्वायरमा भेटौं।,en-ne,formal,code_switch_names,code_switch_names_00004,hand_priority_seed,training/data/train_clean_en-ne.jsonl
Meet me at Durbar Square.,दरबार स्क्वायरमा भेटौं।,en-ne,formal,code_switch_names,code_switch_names_00004,hand_priority_seed,training/data/train_clean_en-ne.jsonl
Meet me at Durbar Square.,दरबार स्क्वायरमा भेटौं।,en-ne,informal,code_switch_names,code_switch_names_00004,hand_priority_seed,training/data/train_clean_en-ne.jsonl
Meet me at Durbar Square.,दरबार स्क्वायरमा भेटौं।,en-ne,informal,code_switch_names,code_switch_names_00004,hand_priority_seed,training/data/train_clean_en-ne.jsonl
Meet me at Durbar Square.,दरबार स्क्वायरमा भेटौं।,en-ne,informal,code_switch_names,code_switch_names_00004,hand_priority_seed,training/data/train_clean_en-ne.jsonl
Meet me at Durbar Square.,दरबार स्क्वायरमा भेटौं।,en-ne,informal,code_switch_names,code_switch_names_00004,hand_priority_seed,training/data/train_clean_en-ne.jsonl
How is your mother?,तिम्री आमालाई कस्तो छ?,en-ne,informal,family,family_00002,hand_priority_seed,training/data/train_clean_en-ne.jsonl
How is your mother?,तिम्री आमालाई कस्तो छ?,en-ne,informal,family,family_00002,hand_priority_seed,training/data/train_clean_en-ne.jsonl
How is your mother?,तिम्री आमालाई कस्तो छ?,en-ne,informal,family,family_00002,hand_priority_seed,training/data/train_clean_en-ne.jsonl
How is your mother?,तिम्री आमालाई कस्तो छ?,en-ne,informal,family,family_00002,hand_priority_seed,training/data/train_clean_en-ne.jsonl
Office Hours,कार्यालय समय,en-ne,informal,government,government_00041,recovered_site_labels_and_manual_normalization,training/data/train_clean_en-ne.jsonl
Office Hours,कार्यालय समय,en-ne,informal,government,government_00041,recovered_site_labels_and_manual_normalization,training/data/train_clean_en-ne.jsonl
Office Hours,कार्यालय समय,en-ne,informal,government,government_00041,recovered_site_labels_and_manual_normalization,training/data/train_clean_en-ne.jsonl
Office Hours,कार्यालय समय,en-ne,informal,government,government_00041,recovered_site_labels_and_manual_normalization,training/data/train_clean_en-ne.jsonl
Government of Nepal,नेपाल सरकार,en-ne,formal,government,government_00035,recovered_site_labels_and_manual_normalization,training/data/train_clean_en-ne.jsonl
Government of Nepal,नेपाल सरकार,en-ne,formal,government,government_00035,recovered_site_labels_and_manual_normalization,training/data/train_clean_en-ne.jsonl
Government of Nepal,नेपाल सरकार,en-ne,formal,government,government_00035,recovered_site_labels_and_manual_normalization,training/data/train_clean_en-ne.jsonl
Government of Nepal,नेपाल सरकार,en-ne,formal,government,government_00035,recovered_site_labels_and_manual_normalization,training/data/train_clean_en-ne.jsonl
Please come with me.,मसँग आऊ न।,en-ne,informal,questions_requests,questions_requests_00017,assistant_curated,training/data/train_clean_en-ne.jsonl
Please come with me.,मसँग आऊ न।,en-ne,informal,questions_requests,questions_requests_00017,assistant_curated,training/data/train_clean_en-ne.jsonl
Please come with me.,मसँग आऊ न।,en-ne,informal,questions_requests,questions_requests_00017,assistant_curated,training/data/train_clean_en-ne.jsonl
Please come with me.,मसँग आऊ न।,en-ne,informal,questions_requests,questions_requests_00017,assistant_curated,training/data/train_clean_en-ne.jsonl
Please come with me.,मसँग आऊ न।,en-ne,informal,questions_requests,questions_requests_00017,assistant_curated,training/data/train_clean_en-ne.jsonl
Please come with me.,मसँग आऊ न।,en-ne,informal,questions_requests,questions_requests_00017,assistant_curated,training/data/train_clean_en-ne.jsonl
Please come with me.,मसँग आऊ न।,en-ne,informal,questions_requests,questions_requests_00017,assistant_curated,training/data/train_clean_en-ne.jsonl
Please come with me.,मसँग आऊ न।,en-ne,informal,questions_requests,questions_requests_00017,assistant_curated,training/data/train_clean_en-ne.jsonl
The Chairperson and the Vice-chairperson are appointed by the Government of Nepal for five years. Other three members consisting of at least one woman are nominated by the same for two years. Retired judge of the Supreme Court or one who is qualified for the same is eligible to be appointed as the Chairperson. Person retired from the post of special class of Nepal Judicial Service or a person having fifteen years of experience as a law practitioner or law teacher or working in the field of law and justice including legal drafting may be eligible for the post of Vice-chairperson or member of the commission.,मिति २०१८।७।१४ मा प्रकाशित सूचना अनुसार सर्वोच्च अदालतको न्यायाधीशलाई झिकी एटर्नी जनरललाई अध्यक्ष बनाइएको थियो। उक्त सूचना अनुसूची ३ मा राखिएको छ। कमिशनको बैठक कम्तिमा महिनाको ४ पटक वस्नुपर्ने र ४ जना सदस्यहरु उपस्थित हुनुपर्ने गरी गणपूरक संख्या तोकिएकोमा मिति २०१८।७।१४ को राजपत्रमा प्रकाशित सूचना अनुसार गणपूरक संख्या ३ बनाइएको थियो। कमिशनले आफ्नो कार्यविधि व्यवस्थित गर्न नियम बनाउन सक्ने तथा सो नियम कानून मन्त्रालयबाट स्वीकृत हुनुपर्ने व्यवस्था थियो। कानून मन्त्रालयको उप—सचिवलाई सेक्रेटरी तोकिएको उक्त कमिशनले २ वर्ष भित्रमा काम सम्पन्न गरी रिपोर्ट श्री ५ को सरकार समक्ष पेश गर्नुपर्ने थियो। २०२० सालको मुलुकी ऐन यस आयोगको सक्रियतामा बनेको हो।,en-ne,informal,government,government_00057,law_gov,training/data/train_clean_en-ne.jsonl
The Chairperson and the Vice-chairperson are appointed by the Government of Nepal for five years. Other three members consisting of at least one woman are nominated by the same for two years. Retired judge of the Supreme Court or one who is qualified for the same is eligible to be appointed as the Chairperson. Person retired from the post of special class of Nepal Judicial Service or a person having fifteen years of experience as a law practitioner or law teacher or working in the field of law and justice including legal drafting may be eligible for the post of Vice-chairperson or member of the commission.,मिति २०१८।७।१४ मा प्रकाशित सूचना अनुसार सर्वोच्च अदालतको न्यायाधीशलाई झिकी एटर्नी जनरललाई अध्यक्ष बनाइएको थियो। उक्त सूचना अनुसूची ३ मा राखिएको छ। कमिशनको बैठक कम्तिमा महिनाको ४ पटक वस्नुपर्ने र ४ जना सदस्यहरु उपस्थित हुनुपर्ने गरी गणपूरक संख्या तोकिएकोमा मिति २०१८।७।१४ को राजपत्रमा प्रकाशित सूचना अनुसार गणपूरक संख्या ३ बनाइएको थियो। कमिशनले आफ्नो कार्यविधि व्यवस्थित गर्न नियम बनाउन सक्ने तथा सो नियम कानून मन्त्रालयबाट स्वीकृत हुनुपर्ने व्यवस्था थियो। कानून मन्त्रालयको उप—सचिवलाई सेक्रेटरी तोकिएको उक्त कमिशनले २ वर्ष भित्रमा काम सम्पन्न गरी रिपोर्ट श्री ५ को सरकार समक्ष पेश गर्नुपर्ने थियो। २०२० सालको मुलुकी ऐन यस आयोगको सक्रियतामा बनेको हो।,en-ne,informal,government,government_00057,law_gov,training/data/train_clean_en-ne.jsonl
The Chairperson and the Vice-chairperson are appointed by the Government of Nepal for five years. Other three members consisting of at least one woman are nominated by the same for two years. Retired judge of the Supreme Court or one who is qualified for the same is eligible to be appointed as the Chairperson. Person retired from the post of special class of Nepal Judicial Service or a person having fifteen years of experience as a law practitioner or law teacher or working in the field of law and justice including legal drafting may be eligible for the post of Vice-chairperson or member of the commission.,मिति २०१८।७।१४ मा प्रकाशित सूचना अनुसार सर्वोच्च अदालतको न्यायाधीशलाई झिकी एटर्नी जनरललाई अध्यक्ष बनाइएको थियो। उक्त सूचना अनुसूची ३ मा राखिएको छ। कमिशनको बैठक कम्तिमा महिनाको ४ पटक वस्नुपर्ने र ४ जना सदस्यहरु उपस्थित हुनुपर्ने गरी गणपूरक संख्या तोकिएकोमा मिति २०१८।७।१४ को राजपत्रमा प्रकाशित सूचना अनुसार गणपूरक संख्या ३ बनाइएको थियो। कमिशनले आफ्नो कार्यविधि व्यवस्थित गर्न नियम बनाउन सक्ने तथा सो नियम कानून मन्त्रालयबाट स्वीकृत हुनुपर्ने व्यवस्था थियो। कानून मन्त्रालयको उप—सचिवलाई सेक्रेटरी तोकिएको उक्त कमिशनले २ वर्ष भित्रमा काम सम्पन्न गरी रिपोर्ट श्री ५ को सरकार समक्ष पेश गर्नुपर्ने थियो। २०२० सालको मुलुकी ऐन यस आयोगको सक्रियतामा बनेको हो।,en-ne,informal,government,government_00057,law_gov,training/data/train_clean_en-ne.jsonl
The Chairperson and the Vice-chairperson are appointed by the Government of Nepal for five years. Other three members consisting of at least one woman are nominated by the same for two years. Retired judge of the Supreme Court or one who is qualified for the same is eligible to be appointed as the Chairperson. Person retired from the post of special class of Nepal Judicial Service or a person having fifteen years of experience as a law practitioner or law teacher or working in the field of law and justice including legal drafting may be eligible for the post of Vice-chairperson or member of the commission.,मिति २०१८।७।१४ मा प्रकाशित सूचना अनुसार सर्वोच्च अदालतको न्यायाधीशलाई झिकी एटर्नी जनरललाई अध्यक्ष बनाइएको थियो। उक्त सूचना अनुसूची ३ मा राखिएको छ। कमिशनको बैठक कम्तिमा महिनाको ४ पटक वस्नुपर्ने र ४ जना सदस्यहरु उपस्थित हुनुपर्ने गरी गणपूरक संख्या तोकिएकोमा मिति २०१८।७।१४ को राजपत्रमा प्रकाशित सूचना अनुसार गणपूरक संख्या ३ बनाइएको थियो। कमिशनले आफ्नो कार्यविधि व्यवस्थित गर्न नियम बनाउन सक्ने तथा सो नियम कानून मन्त्रालयबाट स्वीकृत हुनुपर्ने व्यवस्था थियो। कानून मन्त्रालयको उप—सचिवलाई सेक्रेटरी तोकिएको उक्त कमिशनले २ वर्ष भित्रमा काम सम्पन्न गरी रिपोर्ट श्री ५ को सरकार समक्ष पेश गर्नुपर्ने थियो। २०२० सालको मुलुकी ऐन यस आयोगको सक्रियतामा बनेको हो।,en-ne,informal,government,government_00057,law_gov,training/data/train_clean_en-ne.jsonl
Regulations,नियमावली,en-ne,formal,government,government_00019,recovered_site_labels_and_manual_normalization,training/data/train_clean_en-ne.jsonl
Regulations,नियमावली,en-ne,formal,government,government_00019,recovered_site_labels_and_manual_normalization,training/data/train_clean_en-ne.jsonl
Regulations,नियमावली,en-ne,formal,government,government_00019,recovered_site_labels_and_manual_normalization,training/data/train_clean_en-ne.jsonl
Regulations,नियमावली,en-ne,formal,government,government_00019,recovered_site_labels_and_manual_normalization,training/data/train_clean_en-ne.jsonl
By Volume,खण्ड अनुसार,en-ne,formal,government,government_00016,recovered_site_labels_and_manual_normalization,training/data/train_clean_en-ne.jsonl
By Volume,खण्ड अनुसार,en-ne,formal,government,government_00016,recovered_site_labels_and_manual_normalization,training/data/train_clean_en-ne.jsonl
By Volume,खण्ड अनुसार,en-ne,formal,government,government_00016,recovered_site_labels_and_manual_normalization,training/data/train_clean_en-ne.jsonl
By Volume,खण्ड अनुसार,en-ne,formal,government,government_00016,recovered_site_labels_and_manual_normalization,training/data/train_clean_en-ne.jsonl
Please give me a receipt.,कृपया मलाई रसिद दिनुहोस्।,en-ne,formal,questions_requests,questions_requests_00011,assistant_curated,training/data/train_clean_en-ne.jsonl
Please give me a receipt.,कृपया मलाई रसिद दिनुहोस्।,en-ne,formal,questions_requests,questions_requests_00011,assistant_curated,training/data/train_clean_en-ne.jsonl
Please give me a receipt.,कृपया मलाई रसिद दिनुहोस्।,en-ne,formal,questions_requests,questions_requests_00011,assistant_curated,training/data/train_clean_en-ne.jsonl
Please give me a receipt.,कृपया मलाई रसिद दिनुहोस्।,en-ne,formal,questions_requests,questions_requests_00011,assistant_curated,training/data/train_clean_en-ne.jsonl
Please give me a receipt.,कृपया मलाई रसिद दिनुहोस्।,en-ne,formal,questions_requests,questions_requests_00011,assistant_curated,training/data/train_clean_en-ne.jsonl
Please give me a receipt.,कृपया मलाई रसिद दिनुहोस्।,en-ne,formal,questions_requests,questions_requests_00011,assistant_curated,training/data/train_clean_en-ne.jsonl
Please give me a receipt.,कृपया मलाई रसिद दिनुहोस्।,en-ne,formal,questions_requests,questions_requests_00011,assistant_curated,training/data/train_clean_en-ne.jsonl
Please give me a receipt.,कृपया मलाई रसिद दिनुहोस्।,en-ne,formal,questions_requests,questions_requests_00011,assistant_curated,training/data/train_clean_en-ne.jsonl
Select Language,भाषा चयन गर,en-ne,informal,government,government_00038,recovered_site_labels_and_manual_normalization,training/data/train_clean_en-ne.jsonl
Select Language,भाषा चयन गर,en-ne,informal,government,government_00038,recovered_site_labels_and_manual_normalization,training/data/train_clean_en-ne.jsonl
Select Language,भाषा चयन गर,en-ne,informal,government,government_00038,recovered_site_labels_and_manual_normalization,training/data/train_clean_en-ne.jsonl
Select Language,भाषा चयन गर,en-ne,informal,government,government_00038,recovered_site_labels_and_manual_normalization,training/data/train_clean_en-ne.jsonl
Home,गृहपृष्ठ,en-ne,informal,government,government_00042,recovered_site_labels_and_manual_normalization,training/data/train_clean_en-ne.jsonl
Home,गृहपृष्ठ,en-ne,informal,government,government_00042,recovered_site_labels_and_manual_normalization,training/data/train_clean_en-ne.jsonl
Home,गृहपृष्ठ,en-ne,informal,government,government_00042,recovered_site_labels_and_manual_normalization,training/data/train_clean_en-ne.jsonl
Home,गृहपृष्ठ,en-ne,informal,government,government_00042,recovered_site_labels_and_manual_normalization,training/data/train_clean_en-ne.jsonl
Nepal Law Commission,नेपाल कानून आयोग,en-ne,formal,government,government_00036,recovered_site_labels_and_manual_normalization,training/data/train_clean_en-ne.jsonl
Nepal Law Commission,नेपाल कानून आयोग,en-ne,formal,government,government_00036,recovered_site_labels_and_manual_normalization,training/data/train_clean_en-ne.jsonl
Nepal Law Commission,नेपाल कानून आयोग,en-ne,formal,government,government_00036,recovered_site_labels_and_manual_normalization,training/data/train_clean_en-ne.jsonl
Nepal Law Commission,नेपाल कानून आयोग,en-ne,formal,government,government_00036,recovered_site_labels_and_manual_normalization,training/data/train_clean_en-ne.jsonl
Is there a cheaper hotel nearby?,नजिकै सस्तो होटल छ?,en-ne,formal,travel,travel_00006,hand_priority_seed,training/data/train_clean_en-ne.jsonl
Is there a cheaper hotel nearby?,नजिकै सस्तो होटल छ?,en-ne,formal,travel,travel_00006,hand_priority_seed,training/data/train_clean_en-ne.jsonl
Is there a cheaper hotel nearby?,नजिकै सस्तो होटल छ?,en-ne,formal,travel,travel_00006,hand_priority_seed,training/data/train_clean_en-ne.jsonl
Is there a cheaper hotel nearby?,नजिकै सस्तो होटल छ?,en-ne,formal,travel,travel_00006,hand_priority_seed,training/data/train_clean_en-ne.jsonl
Is there a cheaper hotel nearby?,नजिकै सस्तो होटल छ?,en-ne,formal,travel,travel_00006,hand_priority_seed,training/data/train_clean_en-ne.jsonl
Is there a cheaper hotel nearby?,नजिकै सस्तो होटल छ?,en-ne,formal,travel,travel_00006,hand_priority_seed,training/data/train_clean_en-ne.jsonl
Is there a cheaper hotel nearby?,नजिकै सस्तो होटल छ?,en-ne,formal,travel,travel_00006,hand_priority_seed,training/data/train_clean_en-ne.jsonl
Is there a cheaper hotel nearby?,नजिकै सस्तो होटल छ?,en-ne,formal,travel,travel_00006,hand_priority_seed,training/data/train_clean_en-ne.jsonl
Please pass the phone.,कृपया फोन अर्को व्यक्तिलाई दिनुहोस्।,en-ne,formal,questions_requests,questions_requests_00024,assistant_curated,training/data/train_clean_en-ne.jsonl
Please pass the phone.,कृपया फोन अर्को व्यक्तिलाई दिनुहोस्।,en-ne,formal,questions_requests,questions_requests_00024,assistant_curated,training/data/train_clean_en-ne.jsonl
Please pass the phone.,कृपया फोन अर्को व्यक्तिलाई दिनुहोस्।,en-ne,formal,questions_requests,questions_requests_00024,assistant_curated,training/data/train_clean_en-ne.jsonl
Please pass the phone.,कृपया फोन अर्को व्यक्तिलाई दिनुहोस्।,en-ne,formal,questions_requests,questions_requests_00024,assistant_curated,training/data/train_clean_en-ne.jsonl
Please pass the phone.,कृपया फोन अर्को व्यक्तिलाई दिनुहोस्।,en-ne,formal,questions_requests,questions_requests_00024,assistant_curated,training/data/train_clean_en-ne.jsonl
Please pass the phone.,कृपया फोन अर्को व्यक्तिलाई दिनुहोस्।,en-ne,formal,questions_requests,questions_requests_00024,assistant_curated,training/data/train_clean_en-ne.jsonl
Please pass the phone.,कृपया फोन अर्को व्यक्तिलाई दिनुहोस्।,en-ne,formal,questions_requests,questions_requests_00024,assistant_curated,training/data/train_clean_en-ne.jsonl
Please pass the phone.,कृपया फोन अर्को व्यक्तिलाई दिनुहोस्।,en-ne,formal,questions_requests,questions_requests_00024,assistant_curated,training/data/train_clean_en-ne.jsonl
Please call me.,मलाई फोन गर न।,en-ne,formal,questions_requests,questions_requests_00022,assistant_curated,training/data/train_clean_en-ne.jsonl
Please call me.,मलाई फोन गर न।,en-ne,formal,questions_requests,questions_requests_00022,assistant_curated,training/data/train_clean_en-ne.jsonl
Please call me.,मलाई फोन गर न।,en-ne,formal,questions_requests,questions_requests_00022,assistant_curated,training/data/train_clean_en-ne.jsonl
Please call me.,मलाई फोन गर न।,en-ne,formal,questions_requests,questions_requests_00022,assistant_curated,training/data/train_clean_en-ne.jsonl
Please call me.,मलाई फोन गर न।,en-ne,formal,questions_requests,questions_requests_00022,assistant_curated,training/data/train_clean_en-ne.jsonl
Please call me.,मलाई फोन गर न।,en-ne,formal,questions_requests,questions_requests_00022,assistant_curated,training/data/train_clean_en-ne.jsonl
Please call me.,मलाई फोन गर न।,en-ne,formal,questions_requests,questions_requests_00022,assistant_curated,training/data/train_clean_en-ne.jsonl
Please call me.,मलाई फोन गर न।,en-ne,formal,questions_requests,questions_requests_00022,assistant_curated,training/data/train_clean_en-ne.jsonl
Nepal Law Commission,नेपाल कानून आयोग,en-ne,informal,government,government_00036,recovered_site_labels_and_manual_normalization,training/data/train_clean_en-ne.jsonl
Nepal Law Commission,नेपाल कानून आयोग,en-ne,informal,government,government_00036,recovered_site_labels_and_manual_normalization,training/data/train_clean_en-ne.jsonl
Nepal Law Commission,नेपाल कानून आयोग,en-ne,informal,government,government_00036,recovered_site_labels_and_manual_normalization,training/data/train_clean_en-ne.jsonl
Nepal Law Commission,नेपाल कानून आयोग,en-ne,informal,government,government_00036,recovered_site_labels_and_manual_normalization,training/data/train_clean_en-ne.jsonl
"There is a provision of a Recommendation Committee composed of the Minister for Law, Justice and Parliamentary Affairs, Chairperson of the Law, Justice and Parliamentary Committee of the House of Representatives* and Chairperson of the Nepal Bar Association to recommend to the Government for appointment in the post of Chairperson, Vice-chairperson and members of the Commission.","(घ) कानून आयोग, २०२९ः श्री ५ महाराजाधिराजबाट मिति २०२९।२।१९ मा प्रचलित नेपाल कानूनमा विशेष गरी फौजदारी, देवानी, बाणिज्य तथा प्रमाण सम्बन्धी कानूनहरुमा भइरहेको अभाव र त्रुटीहरु हटाई भरिसक्य सरल, बैज्ञानिक र व्यवहारिक रुप दिई छुटृाछुटृै ऐनहरुको तर्जुमा गर्न न्यायिक समितिका अध्यक्ष एवं सर्वोच्च अदालतका माननीय न्यायाधीश श्री नयनबहादुर खत्रीको अध्यक्षतामा ५ सदस्यीय चौथौ कानून आयोगको गठन गरिबक्सियो। उक्त आयोग गठनको सूचना अनुसूची – ४ मा राखिएको छ। उक्त आयोगमा सर्वोच्च अदालतका अस्थायी माननीय न्यायाधीश श्री विश्वनाथ उपाध्याय— १, महान्यायाधिवक्ता श्री रमानन्दप्रसाद सिंह —१, न्यायिक समितिका सदस्य श्री कृष्णप्रसाद पन्त— १ समेतलाई सदस्य तथा कानून सचिव श्री चूडामणिराज सिंहलाई सदस्य—सचिव तोकिएको थियो। यस आयोगले प्रमाण ऐन तथा अपराध संहिता मसौदा र तत्सम्बन्धी प्रतिवेदन तयार गरी श्री ५ समक्ष पेश गरेको थि",en-ne,formal,government,government_00059,law_gov,training/data/train_clean_en-ne.jsonl
"There is a provision of a Recommendation Committee composed of the Minister for Law, Justice and Parliamentary Affairs, Chairperson of the Law, Justice and Parliamentary Committee of the House of Representatives* and Chairperson of the Nepal Bar Association to recommend to the Government for appointment in the post of Chairperson, Vice-chairperson and members of the Commission.","(घ) कानून आयोग, २०२९ः श्री ५ महाराजाधिराजबाट मिति २०२९।२।१९ मा प्रचलित नेपाल कानूनमा विशेष गरी फौजदारी, देवानी, बाणिज्य तथा प्रमाण सम्बन्धी कानूनहरुमा भइरहेको अभाव र त्रुटीहरु हटाई भरिसक्य सरल, बैज्ञानिक र व्यवहारिक रुप दिई छुटृाछुटृै ऐनहरुको तर्जुमा गर्न न्यायिक समितिका अध्यक्ष एवं सर्वोच्च अदालतका माननीय न्यायाधीश श्री नयनबहादुर खत्रीको अध्यक्षतामा ५ सदस्यीय चौथौ कानून आयोगको गठन गरिबक्सियो। उक्त आयोग गठनको सूचना अनुसूची – ४ मा राखिएको छ। उक्त आयोगमा सर्वोच्च अदालतका अस्थायी माननीय न्यायाधीश श्री विश्वनाथ उपाध्याय— १, महान्यायाधिवक्ता श्री रमानन्दप्रसाद सिंह —१, न्यायिक समितिका सदस्य श्री कृष्णप्रसाद पन्त— १ समेतलाई सदस्य तथा कानून सचिव श्री चूडामणिराज सिंहलाई सदस्य—सचिव तोकिएको थियो। यस आयोगले प्रमाण ऐन तथा अपराध संहिता मसौदा र तत्सम्बन्धी प्रतिवेदन तयार गरी श्री ५ समक्ष पेश गरेको थि",en-ne,formal,government,government_00059,law_gov,training/data/train_clean_en-ne.jsonl
"There is a provision of a Recommendation Committee composed of the Minister for Law, Justice and Parliamentary Affairs, Chairperson of the Law, Justice and Parliamentary Committee of the House of Representatives* and Chairperson of the Nepal Bar Association to recommend to the Government for appointment in the post of Chairperson, Vice-chairperson and members of the Commission.","(घ) कानून आयोग, २०२९ः श्री ५ महाराजाधिराजबाट मिति २०२९।२।१९ मा प्रचलित नेपाल कानूनमा विशेष गरी फौजदारी, देवानी, बाणिज्य तथा प्रमाण सम्बन्धी कानूनहरुमा भइरहेको अभाव र त्रुटीहरु हटाई भरिसक्य सरल, बैज्ञानिक र व्यवहारिक रुप दिई छुटृाछुटृै ऐनहरुको तर्जुमा गर्न न्यायिक समितिका अध्यक्ष एवं सर्वोच्च अदालतका माननीय न्यायाधीश श्री नयनबहादुर खत्रीको अध्यक्षतामा ५ सदस्यीय चौथौ कानून आयोगको गठन गरिबक्सियो। उक्त आयोग गठनको सूचना अनुसूची – ४ मा राखिएको छ। उक्त आयोगमा सर्वोच्च अदालतका अस्थायी माननीय न्यायाधीश श्री विश्वनाथ उपाध्याय— १, महान्यायाधिवक्ता श्री रमानन्दप्रसाद सिंह —१, न्यायिक समितिका सदस्य श्री कृष्णप्रसाद पन्त— १ समेतलाई सदस्य तथा कानून सचिव श्री चूडामणिराज सिंहलाई सदस्य—सचिव तोकिएको थियो। यस आयोगले प्रमाण ऐन तथा अपराध संहिता मसौदा र तत्सम्बन्धी प्रतिवेदन तयार गरी श्री ५ समक्ष पेश गरेको थि",en-ne,formal,government,government_00059,law_gov,training/data/train_clean_en-ne.jsonl
"There is a provision of a Recommendation Committee composed of the Minister for Law, Justice and Parliamentary Affairs, Chairperson of the Law, Justice and Parliamentary Committee of the House of Representatives* and Chairperson of the Nepal Bar Association to recommend to the Government for appointment in the post of Chairperson, Vice-chairperson and members of the Commission.","(घ) कानून आयोग, २०२९ः श्री ५ महाराजाधिराजबाट मिति २०२९।२।१९ मा प्रचलित नेपाल कानूनमा विशेष गरी फौजदारी, देवानी, बाणिज्य तथा प्रमाण सम्बन्धी कानूनहरुमा भइरहेको अभाव र त्रुटीहरु हटाई भरिसक्य सरल, बैज्ञानिक र व्यवहारिक रुप दिई छुटृाछुटृै ऐनहरुको तर्जुमा गर्न न्यायिक समितिका अध्यक्ष एवं सर्वोच्च अदालतका माननीय न्यायाधीश श्री नयनबहादुर खत्रीको अध्यक्षतामा ५ सदस्यीय चौथौ कानून आयोगको गठन गरिबक्सियो। उक्त आयोग गठनको सूचना अनुसूची – ४ मा राखिएको छ। उक्त आयोगमा सर्वोच्च अदालतका अस्थायी माननीय न्यायाधीश श्री विश्वनाथ उपाध्याय— १, महान्यायाधिवक्ता श्री रमानन्दप्रसाद सिंह —१, न्यायिक समितिका सदस्य श्री कृष्णप्रसाद पन्त— १ समेतलाई सदस्य तथा कानून सचिव श्री चूडामणिराज सिंहलाई सदस्य—सचिव तोकिएको थियो। यस आयोगले प्रमाण ऐन तथा अपराध संहिता मसौदा र तत्सम्बन्धी प्रतिवेदन तयार गरी श्री ५ समक्ष पेश गरेको थि",en-ne,formal,government,government_00059,law_gov,training/data/train_clean_en-ne.jsonl
Office Hours,कार्यालय समय,en-ne,formal,government,government_00041,recovered_site_labels_and_manual_normalization,training/data/train_clean_en-ne.jsonl
Office Hours,कार्यालय समय,en-ne,formal,government,government_00041,recovered_site_labels_and_manual_normalization,training/data/train_clean_en-ne.jsonl
Office Hours,कार्यालय समय,en-ne,formal,government,government_00041,recovered_site_labels_and_manual_normalization,training/data/train_clean_en-ne.jsonl
Office Hours,कार्यालय समय,en-ne,formal,government,government_00041,recovered_site_labels_and_manual_normalization,training/data/train_clean_en-ne.jsonl
Send me a message.,मलाई सन्देश पठाऊ न।,en-ne,formal,core_grammar,core_grammar_00024,assistant_curated,training/data/train_clean_en-ne.jsonl
Send me a message.,मलाई सन्देश पठाऊ न।,en-ne,formal,core_grammar,core_grammar_00024,assistant_curated,training/data/train_clean_en-ne.jsonl
Send me a message.,मलाई सन्देश पठाऊ न।,en-ne,formal,core_grammar,core_grammar_00024,assistant_curated,training/data/train_clean_en-ne.jsonl
Send me a message.,मलाई सन्देश पठाऊ न।,en-ne,formal,core_grammar,core_grammar_00024,assistant_curated,training/data/train_clean_en-ne.jsonl
I live in Kathmandu.,म काठमाडौंमा बस्छु।,en-ne,informal,core_grammar,core_grammar_00023,assistant_curated,training/data/train_clean_en-ne.jsonl
I live in Kathmandu.,म काठमाडौंमा बस्छु।,en-ne,informal,core_grammar,core_grammar_00023,assistant_curated,training/data/train_clean_en-ne.jsonl
I live in Kathmandu.,म काठमाडौंमा बस्छु।,en-ne,informal,core_grammar,core_grammar_00023,assistant_curated,training/data/train_clean_en-ne.jsonl
I live in Kathmandu.,म काठमाडौंमा बस्छु।,en-ne,informal,core_grammar,core_grammar_00023,assistant_curated,training/data/train_clean_en-ne.jsonl
You are welcome.,हजुरलाई स्वागत छ।,en-ne,formal,family,family_00005,assistant_curated,training/data/train_clean_en-ne.jsonl
You are welcome.,हजुरलाई स्वागत छ।,en-ne,formal,family,family_00005,assistant_curated,training/data/train_clean_en-ne.jsonl
You are welcome.,हजुरलाई स्वागत छ।,en-ne,formal,family,family_00005,assistant_curated,training/data/train_clean_en-ne.jsonl
You are welcome.,हजुरलाई स्वागत छ।,en-ne,formal,family,family_00005,assistant_curated,training/data/train_clean_en-ne.jsonl
Yes.,हो।,en-ne,formal,core_grammar,core_grammar_00006,assistant_curated,training/data/train_clean_en-ne.jsonl
Yes.,हो।,en-ne,formal,core_grammar,core_grammar_00006,assistant_curated,training/data/train_clean_en-ne.jsonl
Yes.,हो।,en-ne,formal,core_grammar,core_grammar_00006,assistant_curated,training/data/train_clean_en-ne.jsonl
Yes.,हो।,en-ne,formal,core_grammar,core_grammar_00006,assistant_curated,training/data/train_clean_en-ne.jsonl
Please stand here.,यहाँ उभिऊ न।,en-ne,formal,questions_requests,questions_requests_00019,assistant_curated,training/data/train_clean_en-ne.jsonl
Please stand here.,यहाँ उभिऊ न।,en-ne,formal,questions_requests,questions_requests_00019,assistant_curated,training/data/train_clean_en-ne.jsonl
Please stand here.,यहाँ उभिऊ न।,en-ne,formal,questions_requests,questions_requests_00019,assistant_curated,training/data/train_clean_en-ne.jsonl
Please stand here.,यहाँ उभिऊ न।,en-ne,formal,questions_requests,questions_requests_00019,assistant_curated,training/data/train_clean_en-ne.jsonl
Please stand here.,यहाँ उभिऊ न।,en-ne,formal,questions_requests,questions_requests_00019,assistant_curated,training/data/train_clean_en-ne.jsonl
Please stand here.,यहाँ उभिऊ न।,en-ne,formal,questions_requests,questions_requests_00019,assistant_curated,training/data/train_clean_en-ne.jsonl
Please stand here.,यहाँ उभिऊ न।,en-ne,formal,questions_requests,questions_requests_00019,assistant_curated,training/data/train_clean_en-ne.jsonl
Please stand here.,यहाँ उभिऊ न।,en-ne,formal,questions_requests,questions_requests_00019,assistant_curated,training/data/train_clean_en-ne.jsonl
Please pass the phone.,फोन अर्कोलाई देऊ न।,en-ne,formal,questions_requests,questions_requests_00025,assistant_curated,training/data/train_clean_en-ne.jsonl
Please pass the phone.,फोन अर्कोलाई देऊ न।,en-ne,formal,questions_requests,questions_requests_00025,assistant_curated,training/data/train_clean_en-ne.jsonl
Please pass the phone.,फोन अर्कोलाई देऊ न।,en-ne,formal,questions_requests,questions_requests_00025,assistant_curated,training/data/train_clean_en-ne.jsonl
Please pass the phone.,फोन अर्कोलाई देऊ न।,en-ne,formal,questions_requests,questions_requests_00025,assistant_curated,training/data/train_clean_en-ne.jsonl
Please pass the phone.,फोन अर्कोलाई देऊ न।,en-ne,formal,questions_requests,questions_requests_00025,assistant_curated,training/data/train_clean_en-ne.jsonl
Please pass the phone.,फोन अर्कोलाई देऊ न।,en-ne,formal,questions_requests,questions_requests_00025,assistant_curated,training/data/train_clean_en-ne.jsonl
Please pass the phone.,फोन अर्कोलाई देऊ न।,en-ne,formal,questions_requests,questions_requests_00025,assistant_curated,training/data/train_clean_en-ne.jsonl
Please pass the phone.,फोन अर्कोलाई देऊ न।,en-ne,formal,questions_requests,questions_requests_00025,assistant_curated,training/data/train_clean_en-ne.jsonl
It is two hundred rupees.,दुई सय रुपैयाँ हो।,en-ne,informal,numbers_money,numbers_money_00001,hand_priority_seed,training/data/train_clean_en-ne.jsonl
It is two hundred rupees.,दुई सय रुपैयाँ हो।,en-ne,informal,numbers_money,numbers_money_00001,hand_priority_seed,training/data/train_clean_en-ne.jsonl
It is two hundred rupees.,दुई सय रुपैयाँ हो।,en-ne,informal,numbers_money,numbers_money_00001,hand_priority_seed,training/data/train_clean_en-ne.jsonl
It is two hundred rupees.,दुई सय रुपैयाँ हो।,en-ne,informal,numbers_money,numbers_money_00001,hand_priority_seed,training/data/train_clean_en-ne.jsonl
That is too expensive.,त्यो धेरै महँगो छ।,en-ne,formal,shopping,shopping_00001,hand_priority_seed,training/data/train_clean_en-ne.jsonl
That is too expensive.,त्यो धेरै महँगो छ।,en-ne,formal,shopping,shopping_00001,hand_priority_seed,training/data/train_clean_en-ne.jsonl
That is too expensive.,त्यो धेरै महँगो छ।,en-ne,formal,shopping,shopping_00001,hand_priority_seed,training/data/train_clean_en-ne.jsonl
That is too expensive.,त्यो धेरै महँगो छ।,en-ne,formal,shopping,shopping_00001,hand_priority_seed,training/data/train_clean_en-ne.jsonl
Read More,थप पढ्नुहोस्,en-ne,formal,government,government_00044,recovered_site_labels_and_manual_normalization,training/data/train_clean_en-ne.jsonl
Read More,थप पढ्नुहोस्,en-ne,formal,government,government_00044,recovered_site_labels_and_manual_normalization,training/data/train_clean_en-ne.jsonl
Read More,थप पढ्नुहोस्,en-ne,formal,government,government_00044,recovered_site_labels_and_manual_normalization,training/data/train_clean_en-ne.jsonl
Read More,थप पढ्नुहोस्,en-ne,formal,government,government_00044,recovered_site_labels_and_manual_normalization,training/data/train_clean_en-ne.jsonl
Please come with me.,मसँग आउ।,en-ne,informal,questions_requests,questions_requests_00016,assistant_curated,training/data/train_clean_en-ne.jsonl
Please come with me.,मसँग आउ।,en-ne,informal,questions_requests,questions_requests_00016,assistant_curated,training/data/train_clean_en-ne.jsonl
Please come with me.,मसँग आउ।,en-ne,informal,questions_requests,questions_requests_00016,assistant_curated,training/data/train_clean_en-ne.jsonl
Please come with me.,मसँग आउ।,en-ne,informal,questions_requests,questions_requests_00016,assistant_curated,training/data/train_clean_en-ne.jsonl
Please come with me.,मसँग आउ।,en-ne,informal,questions_requests,questions_requests_00016,assistant_curated,training/data/train_clean_en-ne.jsonl
Please come with me.,मसँग आउ।,en-ne,informal,questions_requests,questions_requests_00016,assistant_curated,training/data/train_clean_en-ne.jsonl
Please come with me.,मसँग आउ।,en-ne,informal,questions_requests,questions_requests_00016,assistant_curated,training/data/train_clean_en-ne.jsonl
Please come with me.,मसँग आउ।,en-ne,informal,questions_requests,questions_requests_00016,assistant_curated,training/data/train_clean_en-ne.jsonl
Where are you from?,तपाईं कहाँबाट आएको?,en-ne,formal,questions_requests,questions_requests_00030,user_conv_seed,training/data/train_clean_en-ne.jsonl
Where are you from?,तपाईं कहाँबाट आएको?,en-ne,formal,questions_requests,questions_requests_00030,user_conv_seed,training/data/train_clean_en-ne.jsonl
Where are you from?,तपाईं कहाँबाट आएको?,en-ne,formal,questions_requests,questions_requests_00030,user_conv_seed,training/data/train_clean_en-ne.jsonl
Where are you from?,तपाईं कहाँबाट आएको?,en-ne,formal,questions_requests,questions_requests_00030,user_conv_seed,training/data/train_clean_en-ne.jsonl
Where are you from?,तपाईं कहाँबाट आएको?,en-ne,formal,questions_requests,questions_requests_00030,user_conv_seed,training/data/train_clean_en-ne.jsonl
Where are you from?,तपाईं कहाँबाट आएको?,en-ne,formal,questions_requests,questions_requests_00030,user_conv_seed,training/data/train_clean_en-ne.jsonl
Where are you from?,तपाईं कहाँबाट आएको?,en-ne,formal,questions_requests,questions_requests_00030,user_conv_seed,training/data/train_clean_en-ne.jsonl
Where are you from?,तपाईं कहाँबाट आएको?,en-ne,formal,questions_requests,questions_requests_00030,user_conv_seed,training/data/train_clean_en-ne.jsonl
Other,अन्य,en-ne,informal,government,government_00028,recovered_site_labels_and_manual_normalization,training/data/train_clean_en-ne.jsonl
Other,अन्य,en-ne,informal,government,government_00028,recovered_site_labels_and_manual_normalization,training/data/train_clean_en-ne.jsonl
Other,अन्य,en-ne,informal,government,government_00028,recovered_site_labels_and_manual_normalization,training/data/train_clean_en-ne.jsonl
Other,अन्य,en-ne,informal,government,government_00028,recovered_site_labels_and_manual_normalization,training/data/train_clean_en-ne.jsonl
Please call me.,मलाई फोन गर न।,en-ne,informal,questions_requests,questions_requests_00022,assistant_curated,training/data/train_clean_en-ne.jsonl
Please call me.,मलाई फोन गर न।,en-ne,informal,questions_requests,questions_requests_00022,assistant_curated,training/data/train_clean_en-ne.jsonl
Please call me.,मलाई फोन गर न।,en-ne,informal,questions_requests,questions_requests_00022,assistant_curated,training/data/train_clean_en-ne.jsonl
Please call me.,मलाई फोन गर न।,en-ne,informal,questions_requests,questions_requests_00022,assistant_curated,training/data/train_clean_en-ne.jsonl
Please call me.,मलाई फोन गर न।,en-ne,informal,questions_requests,questions_requests_00022,assistant_curated,training/data/train_clean_en-ne.jsonl
Please call me.,मलाई फोन गर न।,en-ne,informal,questions_requests,questions_requests_00022,assistant_curated,training/data/train_clean_en-ne.jsonl
Please call me.,मलाई फोन गर न।,en-ne,informal,questions_requests,questions_requests_00022,assistant_curated,training/data/train_clean_en-ne.jsonl
Please call me.,मलाई फोन गर न।,en-ne,informal,questions_requests,questions_requests_00022,assistant_curated,training/data/train_clean_en-ne.jsonl
I am sorry.,म क्षमा चाहन्छु।,en-ne,formal,core_grammar,core_grammar_00005,assistant_curated,training/data/train_clean_en-ne.jsonl
I am sorry.,म क्षमा चाहन्छु।,en-ne,formal,core_grammar,core_grammar_00005,assistant_curated,training/data/train_clean_en-ne.jsonl
I am sorry.,म क्षमा चाहन्छु।,en-ne,formal,core_grammar,core_grammar_00005,assistant_curated,training/data/train_clean_en-ne.jsonl
I am sorry.,म क्षमा चाहन्छु।,en-ne,formal,core_grammar,core_grammar_00005,assistant_curated,training/data/train_clean_en-ne.jsonl
Please wait here.,कृपया यहाँ पर्खनुहोस्।,en-ne,formal,questions_requests,questions_requests_00001,hand_priority_seed,training/data/train_clean_en-ne.jsonl
Please wait here.,कृपया यहाँ पर्खनुहोस्।,en-ne,formal,questions_requests,questions_requests_00001,hand_priority_seed,training/data/train_clean_en-ne.jsonl
Please wait here.,कृपया यहाँ पर्खनुहोस्।,en-ne,formal,questions_requests,questions_requests_00001,hand_priority_seed,training/data/train_clean_en-ne.jsonl
Please wait here.,कृपया यहाँ पर्खनुहोस्।,en-ne,formal,questions_requests,questions_requests_00001,hand_priority_seed,training/data/train_clean_en-ne.jsonl
Please wait here.,कृपया यहाँ पर्खनुहोस्।,en-ne,formal,questions_requests,questions_requests_00001,hand_priority_seed,training/data/train_clean_en-ne.jsonl
Please wait here.,कृपया यहाँ पर्खनुहोस्।,en-ne,formal,questions_requests,questions_requests_00001,hand_priority_seed,training/data/train_clean_en-ne.jsonl
Please wait here.,कृपया यहाँ पर्खनुहोस्।,en-ne,formal,questions_requests,questions_requests_00001,hand_priority_seed,training/data/train_clean_en-ne.jsonl
Please wait here.,कृपया यहाँ पर्खनुहोस्।,en-ne,formal,questions_requests,questions_requests_00001,hand_priority_seed,training/data/train_clean_en-ne.jsonl
"The Secretary at the Ministry of Law, Justice and Parliamentary Affairs, Secretary (Law) at the Office of the Prime Minister and Council of Ministers, Deputy Attorney General nominated by the Attorney General of Nepal and the Secretary at the NLC, who also serves as a Member-Secretary, are ex-officio members.","(ग) कानून आयोग, २०२०ः श्री ५ को सरकारको मिति २०२०।१०।८।४ को निर्णय बमोजिम (राजपत्रमा सूचना प्रकाशित मिति २०२०।१२।१०) गठन भएको उक्त आयोगको गठनविधि यस प्रकार थियोः— १. श्री विनोदप्रसाद धिताल सह—सचिव, कानून मन्त्रालय — पदेन अध्यक्ष २. श्री नीरकुमार क्षेत्री — सदस्य ३. श्री टोप बहादुर सिंह — सदस्य ४. श्री हेरम्बराज — सदस्य ५. श्री विश्वनाथ उपाध्याय उप—सचिव, कानून मन्त्रालय —सदस्य—सचिव",en-ne,formal,government,government_00058,law_gov,training/data/train_clean_en-ne.jsonl
"The Secretary at the Ministry of Law, Justice and Parliamentary Affairs, Secretary (Law) at the Office of the Prime Minister and Council of Ministers, Deputy Attorney General nominated by the Attorney General of Nepal and the Secretary at the NLC, who also serves as a Member-Secretary, are ex-officio members.","(ग) कानून आयोग, २०२०ः श्री ५ को सरकारको मिति २०२०।१०।८।४ को निर्णय बमोजिम (राजपत्रमा सूचना प्रकाशित मिति २०२०।१२।१०) गठन भएको उक्त आयोगको गठनविधि यस प्रकार थियोः— १. श्री विनोदप्रसाद धिताल सह—सचिव, कानून मन्त्रालय — पदेन अध्यक्ष २. श्री नीरकुमार क्षेत्री — सदस्य ३. श्री टोप बहादुर सिंह — सदस्य ४. श्री हेरम्बराज — सदस्य ५. श्री विश्वनाथ उपाध्याय उप—सचिव, कानून मन्त्रालय —सदस्य—सचिव",en-ne,formal,government,government_00058,law_gov,training/data/train_clean_en-ne.jsonl
"The Secretary at the Ministry of Law, Justice and Parliamentary Affairs, Secretary (Law) at the Office of the Prime Minister and Council of Ministers, Deputy Attorney General nominated by the Attorney General of Nepal and the Secretary at the NLC, who also serves as a Member-Secretary, are ex-officio members.","(ग) कानून आयोग, २०२०ः श्री ५ को सरकारको मिति २०२०।१०।८।४ को निर्णय बमोजिम (राजपत्रमा सूचना प्रकाशित मिति २०२०।१२।१०) गठन भएको उक्त आयोगको गठनविधि यस प्रकार थियोः— १. श्री विनोदप्रसाद धिताल सह—सचिव, कानून मन्त्रालय — पदेन अध्यक्ष २. श्री नीरकुमार क्षेत्री — सदस्य ३. श्री टोप बहादुर सिंह — सदस्य ४. श्री हेरम्बराज — सदस्य ५. श्री विश्वनाथ उपाध्याय उप—सचिव, कानून मन्त्रालय —सदस्य—सचिव",en-ne,formal,government,government_00058,law_gov,training/data/train_clean_en-ne.jsonl
"The Secretary at the Ministry of Law, Justice and Parliamentary Affairs, Secretary (Law) at the Office of the Prime Minister and Council of Ministers, Deputy Attorney General nominated by the Attorney General of Nepal and the Secretary at the NLC, who also serves as a Member-Secretary, are ex-officio members.","(ग) कानून आयोग, २०२०ः श्री ५ को सरकारको मिति २०२०।१०।८।४ को निर्णय बमोजिम (राजपत्रमा सूचना प्रकाशित मिति २०२०।१२।१०) गठन भएको उक्त आयोगको गठनविधि यस प्रकार थियोः— १. श्री विनोदप्रसाद धिताल सह—सचिव, कानून मन्त्रालय — पदेन अध्यक्ष २. श्री नीरकुमार क्षेत्री — सदस्य ३. श्री टोप बहादुर सिंह — सदस्य ४. श्री हेरम्बराज — सदस्य ५. श्री विश्वनाथ उपाध्याय उप—सचिव, कानून मन्त्रालय —सदस्य—सचिव",en-ne,formal,government,government_00058,law_gov,training/data/train_clean_en-ne.jsonl
Services,सेवाहरू,en-ne,informal,government,government_00009,recovered_site_labels_and_manual_normalization,training/data/train_clean_en-ne.jsonl
Services,सेवाहरू,en-ne,informal,government,government_00009,recovered_site_labels_and_manual_normalization,training/data/train_clean_en-ne.jsonl
Services,सेवाहरू,en-ne,informal,government,government_00009,recovered_site_labels_and_manual_normalization,training/data/train_clean_en-ne.jsonl
Services,सेवाहरू,en-ne,informal,government,government_00009,recovered_site_labels_and_manual_normalization,training/data/train_clean_en-ne.jsonl
The Chairperson and the Vice-chairperson are appointed by the Government of Nepal for five years. Other three members consisting of at least one woman are nominated by the same for two years. Retired judge of the Supreme Court or one who is qualified for the same is eligible to be appointed as the Chairperson. Person retired from the post of special class of Nepal Judicial Service or a person having fifteen years of experience as a law practitioner or law teacher or working in the field of law and justice including legal drafting may be eligible for the post of Vice-chairperson or member of the commission.,मिति २०१८।७।१४ मा प्रकाशित सूचना अनुसार सर्वोच्च अदालतको न्यायाधीशलाई झिकी एटर्नी जनरललाई अध्यक्ष बनाइएको थियो। उक्त सूचना अनुसूची ३ मा राखिएको छ। कमिशनको बैठक कम्तिमा महिनाको ४ पटक वस्नुपर्ने र ४ जना सदस्यहरु उपस्थित हुनुपर्ने गरी गणपूरक संख्या तोकिएकोमा मिति २०१८।७।१४ को राजपत्रमा प्रकाशित सूचना अनुसार गणपूरक संख्या ३ बनाइएको थियो। कमिशनले आफ्नो कार्यविधि व्यवस्थित गर्न नियम बनाउन सक्ने तथा सो नियम कानून मन्त्रालयबाट स्वीकृत हुनुपर्ने व्यवस्था थियो। कानून मन्त्रालयको उप—सचिवलाई सेक्रेटरी तोकिएको उक्त कमिशनले २ वर्ष भित्रमा काम सम्पन्न गरी रिपोर्ट श्री ५ को सरकार समक्ष पेश गर्नुपर्ने थियो। २०२० सालको मुलुकी ऐन यस आयोगको सक्रियतामा बनेको हो।,en-ne,formal,government,government_00057,law_gov,training/data/train_clean_en-ne.jsonl
The Chairperson and the Vice-chairperson are appointed by the Government of Nepal for five years. Other three members consisting of at least one woman are nominated by the same for two years. Retired judge of the Supreme Court or one who is qualified for the same is eligible to be appointed as the Chairperson. Person retired from the post of special class of Nepal Judicial Service or a person having fifteen years of experience as a law practitioner or law teacher or working in the field of law and justice including legal drafting may be eligible for the post of Vice-chairperson or member of the commission.,मिति २०१८।७।१४ मा प्रकाशित सूचना अनुसार सर्वोच्च अदालतको न्यायाधीशलाई झिकी एटर्नी जनरललाई अध्यक्ष बनाइएको थियो। उक्त सूचना अनुसूची ३ मा राखिएको छ। कमिशनको बैठक कम्तिमा महिनाको ४ पटक वस्नुपर्ने र ४ जना सदस्यहरु उपस्थित हुनुपर्ने गरी गणपूरक संख्या तोकिएकोमा मिति २०१८।७।१४ को राजपत्रमा प्रकाशित सूचना अनुसार गणपूरक संख्या ३ बनाइएको थियो। कमिशनले आफ्नो कार्यविधि व्यवस्थित गर्न नियम बनाउन सक्ने तथा सो नियम कानून मन्त्रालयबाट स्वीकृत हुनुपर्ने व्यवस्था थियो। कानून मन्त्रालयको उप—सचिवलाई सेक्रेटरी तोकिएको उक्त कमिशनले २ वर्ष भित्रमा काम सम्पन्न गरी रिपोर्ट श्री ५ को सरकार समक्ष पेश गर्नुपर्ने थियो। २०२० सालको मुलुकी ऐन यस आयोगको सक्रियतामा बनेको हो।,en-ne,formal,government,government_00057,law_gov,training/data/train_clean_en-ne.jsonl
The Chairperson and the Vice-chairperson are appointed by the Government of Nepal for five years. Other three members consisting of at least one woman are nominated by the same for two years. Retired judge of the Supreme Court or one who is qualified for the same is eligible to be appointed as the Chairperson. Person retired from the post of special class of Nepal Judicial Service or a person having fifteen years of experience as a law practitioner or law teacher or working in the field of law and justice including legal drafting may be eligible for the post of Vice-chairperson or member of the commission.,मिति २०१८।७।१४ मा प्रकाशित सूचना अनुसार सर्वोच्च अदालतको न्यायाधीशलाई झिकी एटर्नी जनरललाई अध्यक्ष बनाइएको थियो। उक्त सूचना अनुसूची ३ मा राखिएको छ। कमिशनको बैठक कम्तिमा महिनाको ४ पटक वस्नुपर्ने र ४ जना सदस्यहरु उपस्थित हुनुपर्ने गरी गणपूरक संख्या तोकिएकोमा मिति २०१८।७।१४ को राजपत्रमा प्रकाशित सूचना अनुसार गणपूरक संख्या ३ बनाइएको थियो। कमिशनले आफ्नो कार्यविधि व्यवस्थित गर्न नियम बनाउन सक्ने तथा सो नियम कानून मन्त्रालयबाट स्वीकृत हुनुपर्ने व्यवस्था थियो। कानून मन्त्रालयको उप—सचिवलाई सेक्रेटरी तोकिएको उक्त कमिशनले २ वर्ष भित्रमा काम सम्पन्न गरी रिपोर्ट श्री ५ को सरकार समक्ष पेश गर्नुपर्ने थियो। २०२० सालको मुलुकी ऐन यस आयोगको सक्रियतामा बनेको हो।,en-ne,formal,government,government_00057,law_gov,training/data/train_clean_en-ne.jsonl
The Chairperson and the Vice-chairperson are appointed by the Government of Nepal for five years. Other three members consisting of at least one woman are nominated by the same for two years. Retired judge of the Supreme Court or one who is qualified for the same is eligible to be appointed as the Chairperson. Person retired from the post of special class of Nepal Judicial Service or a person having fifteen years of experience as a law practitioner or law teacher or working in the field of law and justice including legal drafting may be eligible for the post of Vice-chairperson or member of the commission.,मिति २०१८।७।१४ मा प्रकाशित सूचना अनुसार सर्वोच्च अदालतको न्यायाधीशलाई झिकी एटर्नी जनरललाई अध्यक्ष बनाइएको थियो। उक्त सूचना अनुसूची ३ मा राखिएको छ। कमिशनको बैठक कम्तिमा महिनाको ४ पटक वस्नुपर्ने र ४ जना सदस्यहरु उपस्थित हुनुपर्ने गरी गणपूरक संख्या तोकिएकोमा मिति २०१८।७।१४ को राजपत्रमा प्रकाशित सूचना अनुसार गणपूरक संख्या ३ बनाइएको थियो। कमिशनले आफ्नो कार्यविधि व्यवस्थित गर्न नियम बनाउन सक्ने तथा सो नियम कानून मन्त्रालयबाट स्वीकृत हुनुपर्ने व्यवस्था थियो। कानून मन्त्रालयको उप—सचिवलाई सेक्रेटरी तोकिएको उक्त कमिशनले २ वर्ष भित्रमा काम सम्पन्न गरी रिपोर्ट श्री ५ को सरकार समक्ष पेश गर्नुपर्ने थियो। २०२० सालको मुलुकी ऐन यस आयोगको सक्रियतामा बनेको हो।,en-ne,formal,government,government_00057,law_gov,training/data/train_clean_en-ne.jsonl
Is this vegetarian?,के यो शाकाहारी हो?,en-ne,informal,questions_requests,questions_requests_00013,assistant_curated,training/data/train_clean_en-ne.jsonl
Is this vegetarian?,के यो शाकाहारी हो?,en-ne,informal,questions_requests,questions_requests_00013,assistant_curated,training/data/train_clean_en-ne.jsonl
Is this vegetarian?,के यो शाकाहारी हो?,en-ne,informal,questions_requests,questions_requests_00013,assistant_curated,training/data/train_clean_en-ne.jsonl
Is this vegetarian?,के यो शाकाहारी हो?,en-ne,informal,questions_requests,questions_requests_00013,assistant_curated,training/data/train_clean_en-ne.jsonl
Is this vegetarian?,के यो शाकाहारी हो?,en-ne,informal,questions_requests,questions_requests_00013,assistant_curated,training/data/train_clean_en-ne.jsonl
Is this vegetarian?,के यो शाकाहारी हो?,en-ne,informal,questions_requests,questions_requests_00013,assistant_curated,training/data/train_clean_en-ne.jsonl
Is this vegetarian?,के यो शाकाहारी हो?,en-ne,informal,questions_requests,questions_requests_00013,assistant_curated,training/data/train_clean_en-ne.jsonl
Is this vegetarian?,के यो शाकाहारी हो?,en-ne,informal,questions_requests,questions_requests_00013,assistant_curated,training/data/train_clean_en-ne.jsonl
Ordinances,अध्यादेश,en-ne,formal,government,government_00018,recovered_site_labels_and_manual_normalization,training/data/train_clean_en-ne.jsonl
Ordinances,अध्यादेश,en-ne,formal,government,government_00018,recovered_site_labels_and_manual_normalization,training/data/train_clean_en-ne.jsonl
Ordinances,अध्यादेश,en-ne,formal,government,government_00018,recovered_site_labels_and_manual_normalization,training/data/train_clean_en-ne.jsonl
Ordinances,अध्यादेश,en-ne,formal,government,government_00018,recovered_site_labels_and_manual_normalization,training/data/train_clean_en-ne.jsonl
Do you have a smaller size?,के तपाईंसँग योभन्दा सानो साइज छ?,en-ne,formal,questions_requests,questions_requests_00010,assistant_curated,training/data/train_clean_en-ne.jsonl
Do you have a smaller size?,के तपाईंसँग योभन्दा सानो साइज छ?,en-ne,formal,questions_requests,questions_requests_00010,assistant_curated,training/data/train_clean_en-ne.jsonl
Do you have a smaller size?,के तपाईंसँग योभन्दा सानो साइज छ?,en-ne,formal,questions_requests,questions_requests_00010,assistant_curated,training/data/train_clean_en-ne.jsonl
Do you have a smaller size?,के तपाईंसँग योभन्दा सानो साइज छ?,en-ne,formal,questions_requests,questions_requests_00010,assistant_curated,training/data/train_clean_en-ne.jsonl
Do you have a smaller size?,के तपाईंसँग योभन्दा सानो साइज छ?,en-ne,formal,questions_requests,questions_requests_00010,assistant_curated,training/data/train_clean_en-ne.jsonl
Do you have a smaller size?,के तपाईंसँग योभन्दा सानो साइज छ?,en-ne,formal,questions_requests,questions_requests_00010,assistant_curated,training/data/train_clean_en-ne.jsonl
Do you have a smaller size?,के तपाईंसँग योभन्दा सानो साइज छ?,en-ne,formal,questions_requests,questions_requests_00010,assistant_curated,training/data/train_clean_en-ne.jsonl
Do you have a smaller size?,के तपाईंसँग योभन्दा सानो साइज छ?,en-ne,formal,questions_requests,questions_requests_00010,assistant_curated,training/data/train_clean_en-ne.jsonl
Repealed Regulations,खारेज भएका नियमावली,en-ne,formal,government,government_00024,recovered_site_labels_and_manual_normalization,training/data/train_clean_en-ne.jsonl
Repealed Regulations,खारेज भएका नियमावली,en-ne,formal,government,government_00024,recovered_site_labels_and_manual_normalization,training/data/train_clean_en-ne.jsonl
Repealed Regulations,खारेज भएका नियमावली,en-ne,formal,government,government_00024,recovered_site_labels_and_manual_normalization,training/data/train_clean_en-ne.jsonl
Repealed Regulations,खारेज भएका नियमावली,en-ne,formal,government,government_00024,recovered_site_labels_and_manual_normalization,training/data/train_clean_en-ne.jsonl
Please come in.,कृपया भित्र आउनुहोस्।,en-ne,formal,pronouns_honorifics,pronouns_honorifics_00002,hand_priority_seed,training/data/train_clean_en-ne.jsonl
Please come in.,कृपया भित्र आउनुहोस्।,en-ne,formal,pronouns_honorifics,pronouns_honorifics_00002,hand_priority_seed,training/data/train_clean_en-ne.jsonl
Please come in.,कृपया भित्र आउनुहोस्।,en-ne,formal,pronouns_honorifics,pronouns_honorifics_00002,hand_priority_seed,training/data/train_clean_en-ne.jsonl
Please come in.,कृपया भित्र आउनुहोस्।,en-ne,formal,pronouns_honorifics,pronouns_honorifics_00002,hand_priority_seed,training/data/train_clean_en-ne.jsonl
Please come in.,कृपया भित्र आउनुहोस्।,en-ne,formal,pronouns_honorifics,pronouns_honorifics_00002,hand_priority_seed,training/data/train_clean_en-ne.jsonl
Please come in.,कृपया भित्र आउनुहोस्।,en-ne,formal,pronouns_honorifics,pronouns_honorifics_00002,hand_priority_seed,training/data/train_clean_en-ne.jsonl
Please come in.,कृपया भित्र आउनुहोस्।,en-ne,formal,pronouns_honorifics,pronouns_honorifics_00002,hand_priority_seed,training/data/train_clean_en-ne.jsonl
Please come in.,कृपया भित्र आउनुहोस्।,en-ne,formal,pronouns_honorifics,pronouns_honorifics_00002,hand_priority_seed,training/data/train_clean_en-ne.jsonl
This is my brother.,यो मेरो भाइ हो।,en-ne,formal,family,family_00003,hand_priority_seed,training/data/train_clean_en-ne.jsonl
This is my brother.,यो मेरो भाइ हो।,en-ne,formal,family,family_00003,hand_priority_seed,training/data/train_clean_en-ne.jsonl
This is my brother.,यो मेरो भाइ हो।,en-ne,formal,family,family_00003,hand_priority_seed,training/data/train_clean_en-ne.jsonl
This is my brother.,यो मेरो भाइ हो।,en-ne,formal,family,family_00003,hand_priority_seed,training/data/train_clean_en-ne.jsonl
Introduction,परिचय,en-ne,formal,government,government_00003,recovered_site_labels_and_manual_normalization,training/data/train_clean_en-ne.jsonl
Introduction,परिचय,en-ne,formal,government,government_00003,recovered_site_labels_and_manual_normalization,training/data/train_clean_en-ne.jsonl
Introduction,परिचय,en-ne,formal,government,government_00003,recovered_site_labels_and_manual_normalization,training/data/train_clean_en-ne.jsonl
Introduction,परिचय,en-ne,formal,government,government_00003,recovered_site_labels_and_manual_normalization,training/data/train_clean_en-ne.jsonl
Please come in.,भित्र आ।,en-ne,informal,pronouns_honorifics,pronouns_honorifics_00002,hand_priority_seed,training/data/train_clean_en-ne.jsonl
Please come in.,भित्र आ।,en-ne,informal,pronouns_honorifics,pronouns_honorifics_00002,hand_priority_seed,training/data/train_clean_en-ne.jsonl
Please come in.,भित्र आ।,en-ne,informal,pronouns_honorifics,pronouns_honorifics_00002,hand_priority_seed,training/data/train_clean_en-ne.jsonl
Please come in.,भित्र आ।,en-ne,informal,pronouns_honorifics,pronouns_honorifics_00002,hand_priority_seed,training/data/train_clean_en-ne.jsonl
Please come in.,भित्र आ।,en-ne,informal,pronouns_honorifics,pronouns_honorifics_00002,hand_priority_seed,training/data/train_clean_en-ne.jsonl
Please come in.,भित्र आ।,en-ne,informal,pronouns_honorifics,pronouns_honorifics_00002,hand_priority_seed,training/data/train_clean_en-ne.jsonl
Please come in.,भित्र आ।,en-ne,informal,pronouns_honorifics,pronouns_honorifics_00002,hand_priority_seed,training/data/train_clean_en-ne.jsonl
Please come in.,भित्र आ।,en-ne,informal,pronouns_honorifics,pronouns_honorifics_00002,hand_priority_seed,training/data/train_clean_en-ne.jsonl
Historical Documents,ऐतिहासिक दस्तावेज,en-ne,informal,government,government_00027,recovered_site_labels_and_manual_normalization,training/data/train_clean_en-ne.jsonl
Historical Documents,ऐतिहासिक दस्तावेज,en-ne,informal,government,government_00027,recovered_site_labels_and_manual_normalization,training/data/train_clean_en-ne.jsonl
Historical Documents,ऐतिहासिक दस्तावेज,en-ne,informal,government,government_00027,recovered_site_labels_and_manual_normalization,training/data/train_clean_en-ne.jsonl
Historical Documents,ऐतिहासिक दस्तावेज,en-ne,informal,government,government_00027,recovered_site_labels_and_manual_normalization,training/data/train_clean_en-ne.jsonl
Formation Orders,गठन आदेश,en-ne,informal,government,government_00020,recovered_site_labels_and_manual_normalization,training/data/train_clean_en-ne.jsonl
Formation Orders,गठन आदेश,en-ne,informal,government,government_00020,recovered_site_labels_and_manual_normalization,training/data/train_clean_en-ne.jsonl
Formation Orders,गठन आदेश,en-ne,informal,government,government_00020,recovered_site_labels_and_manual_normalization,training/data/train_clean_en-ne.jsonl
Formation Orders,गठन आदेश,en-ne,informal,government,government_00020,recovered_site_labels_and_manual_normalization,training/data/train_clean_en-ne.jsonl
Important Notice,महत्त्वपूर्ण सूचना,en-ne,informal,government,government_00040,recovered_site_labels_and_manual_normalization,training/data/train_clean_en-ne.jsonl
Important Notice,महत्त्वपूर्ण सूचना,en-ne,informal,government,government_00040,recovered_site_labels_and_manual_normalization,training/data/train_clean_en-ne.jsonl
Important Notice,महत्त्वपूर्ण सूचना,en-ne,informal,government,government_00040,recovered_site_labels_and_manual_normalization,training/data/train_clean_en-ne.jsonl
Important Notice,महत्त्वपूर्ण सूचना,en-ne,informal,government,government_00040,recovered_site_labels_and_manual_normalization,training/data/train_clean_en-ne.jsonl
Open Google Maps.,गुगल म्याप्स खोल।,en-ne,informal,code_switch_names,code_switch_names_00005,hand_priority_seed,training/data/train_clean_en-ne.jsonl
Open Google Maps.,गुगल म्याप्स खोल।,en-ne,informal,code_switch_names,code_switch_names_00005,hand_priority_seed,training/data/train_clean_en-ne.jsonl
Open Google Maps.,गुगल म्याप्स खोल।,en-ne,informal,code_switch_names,code_switch_names_00005,hand_priority_seed,training/data/train_clean_en-ne.jsonl
Open Google Maps.,गुगल म्याप्स खोल।,en-ne,informal,code_switch_names,code_switch_names_00005,hand_priority_seed,training/data/train_clean_en-ne.jsonl
Please take me to the bus station.,कृपया मलाई बस स्टेशन लैजानुहोस्।,en-ne,formal,travel,travel_00002,hand_priority_seed,training/data/train_clean_en-ne.jsonl
Please take me to the bus station.,कृपया मलाई बस स्टेशन लैजानुहोस्।,en-ne,formal,travel,travel_00002,hand_priority_seed,training/data/train_clean_en-ne.jsonl
Please take me to the bus station.,कृपया मलाई बस स्टेशन लैजानुहोस्।,en-ne,formal,travel,travel_00002,hand_priority_seed,training/data/train_clean_en-ne.jsonl
Please take me to the bus station.,कृपया मलाई बस स्टेशन लैजानुहोस्।,en-ne,formal,travel,travel_00002,hand_priority_seed,training/data/train_clean_en-ne.jsonl
Please take me to the bus station.,कृपया मलाई बस स्टेशन लैजानुहोस्।,en-ne,formal,travel,travel_00002,hand_priority_seed,training/data/train_clean_en-ne.jsonl
Please take me to the bus station.,कृपया मलाई बस स्टेशन लैजानुहोस्।,en-ne,formal,travel,travel_00002,hand_priority_seed,training/data/train_clean_en-ne.jsonl
Please take me to the bus station.,कृपया मलाई बस स्टेशन लैजानुहोस्।,en-ne,formal,travel,travel_00002,hand_priority_seed,training/data/train_clean_en-ne.jsonl
Please take me to the bus station.,कृपया मलाई बस स्टेशन लैजानुहोस्।,en-ne,formal,travel,travel_00002,hand_priority_seed,training/data/train_clean_en-ne.jsonl
Where does it hurt?,तिमीलाई कहाँ दुखेको छ?,en-ne,informal,questions_requests,questions_requests_00032,user_conv_seed,training/data/train_clean_en-ne.jsonl
Where does it hurt?,तिमीलाई कहाँ दुखेको छ?,en-ne,informal,questions_requests,questions_requests_00032,user_conv_seed,training/data/train_clean_en-ne.jsonl
Where does it hurt?,तिमीलाई कहाँ दुखेको छ?,en-ne,informal,questions_requests,questions_requests_00032,user_conv_seed,training/data/train_clean_en-ne.jsonl
Where does it hurt?,तिमीलाई कहाँ दुखेको छ?,en-ne,informal,questions_requests,questions_requests_00032,user_conv_seed,training/data/train_clean_en-ne.jsonl
Where does it hurt?,तिमीलाई कहाँ दुखेको छ?,en-ne,informal,questions_requests,questions_requests_00032,user_conv_seed,training/data/train_clean_en-ne.jsonl
Where does it hurt?,तिमीलाई कहाँ दुखेको छ?,en-ne,informal,questions_requests,questions_requests_00032,user_conv_seed,training/data/train_clean_en-ne.jsonl
Where does it hurt?,तिमीलाई कहाँ दुखेको छ?,en-ne,informal,questions_requests,questions_requests_00032,user_conv_seed,training/data/train_clean_en-ne.jsonl
Where does it hurt?,तिमीलाई कहाँ दुखेको छ?,en-ne,informal,questions_requests,questions_requests_00032,user_conv_seed,training/data/train_clean_en-ne.jsonl
Suggestions and Complaints,सुझाव र गुनासो,en-ne,formal,government,government_00033,recovered_site_labels_and_manual_normalization,training/data/train_clean_en-ne.jsonl
Suggestions and Complaints,सुझाव र गुनासो,en-ne,formal,government,government_00033,recovered_site_labels_and_manual_normalization,training/data/train_clean_en-ne.jsonl
Suggestions and Complaints,सुझाव र गुनासो,en-ne,formal,government,government_00033,recovered_site_labels_and_manual_normalization,training/data/train_clean_en-ne.jsonl
Suggestions and Complaints,सुझाव र गुनासो,en-ne,formal,government,government_00033,recovered_site_labels_and_manual_normalization,training/data/train_clean_en-ne.jsonl
The Government may appoint up to five members as honorary members to the Commission from amongst outstanding experts in the pertinent field.,शुरुमा यसको कार्यकाल एक वर्ष तोकिएको भए तापनि पटक पटक म्याद थप भई २०२७ सालसम्म कायम भएको थियो।,en-ne,informal,government,government_00054,law_gov,training/data/train_clean_en-ne.jsonl
The Government may appoint up to five members as honorary members to the Commission from amongst outstanding experts in the pertinent field.,शुरुमा यसको कार्यकाल एक वर्ष तोकिएको भए तापनि पटक पटक म्याद थप भई २०२७ सालसम्म कायम भएको थियो।,en-ne,informal,government,government_00054,law_gov,training/data/train_clean_en-ne.jsonl
The Government may appoint up to five members as honorary members to the Commission from amongst outstanding experts in the pertinent field.,शुरुमा यसको कार्यकाल एक वर्ष तोकिएको भए तापनि पटक पटक म्याद थप भई २०२७ सालसम्म कायम भएको थियो।,en-ne,informal,government,government_00054,law_gov,training/data/train_clean_en-ne.jsonl
The Government may appoint up to five members as honorary members to the Commission from amongst outstanding experts in the pertinent field.,शुरुमा यसको कार्यकाल एक वर्ष तोकिएको भए तापनि पटक पटक म्याद थप भई २०२७ सालसम्म कायम भएको थियो।,en-ne,informal,government,government_00054,law_gov,training/data/train_clean_en-ne.jsonl
Do you understand?,के तपाईं बुझ्नुहुन्छ?,en-ne,formal,questions_requests,questions_requests_00002,hand_priority_seed,training/data/train_clean_en-ne.jsonl
Do you understand?,के तपाईं बुझ्नुहुन्छ?,en-ne,formal,questions_requests,questions_requests_00002,hand_priority_seed,training/data/train_clean_en-ne.jsonl
Do you understand?,के तपाईं बुझ्नुहुन्छ?,en-ne,formal,questions_requests,questions_requests_00002,hand_priority_seed,training/data/train_clean_en-ne.jsonl
Do you understand?,के तपाईं बुझ्नुहुन्छ?,en-ne,formal,questions_requests,questions_requests_00002,hand_priority_seed,training/data/train_clean_en-ne.jsonl
Do you understand?,के तपाईं बुझ्नुहुन्छ?,en-ne,formal,questions_requests,questions_requests_00002,hand_priority_seed,training/data/train_clean_en-ne.jsonl
Do you understand?,के तपाईं बुझ्नुहुन्छ?,en-ne,formal,questions_requests,questions_requests_00002,hand_priority_seed,training/data/train_clean_en-ne.jsonl
Do you understand?,के तपाईं बुझ्नुहुन्छ?,en-ne,formal,questions_requests,questions_requests_00002,hand_priority_seed,training/data/train_clean_en-ne.jsonl
Do you understand?,के तपाईं बुझ्नुहुन्छ?,en-ne,formal,questions_requests,questions_requests_00002,hand_priority_seed,training/data/train_clean_en-ne.jsonl
This is my passport.,यो मेरो पासपोर्ट हो।,en-ne,informal,government,government_00001,hand_priority_seed,training/data/train_clean_en-ne.jsonl
This is my passport.,यो मेरो पासपोर्ट हो।,en-ne,informal,government,government_00001,hand_priority_seed,training/data/train_clean_en-ne.jsonl
This is my passport.,यो मेरो पासपोर्ट हो।,en-ne,informal,government,government_00001,hand_priority_seed,training/data/train_clean_en-ne.jsonl
This is my passport.,यो मेरो पासपोर्ट हो।,en-ne,informal,government,government_00001,hand_priority_seed,training/data/train_clean_en-ne.jsonl
Please give me a receipt.,मलाई रसिद देऊ।,en-ne,informal,questions_requests,questions_requests_00011,assistant_curated,training/data/train_clean_en-ne.jsonl
Please give me a receipt.,मलाई रसिद देऊ।,en-ne,informal,questions_requests,questions_requests_00011,assistant_curated,training/data/train_clean_en-ne.jsonl
Please give me a receipt.,मलाई रसिद देऊ।,en-ne,informal,questions_requests,questions_requests_00011,assistant_curated,training/data/train_clean_en-ne.jsonl
Please give me a receipt.,मलाई रसिद देऊ।,en-ne,informal,questions_requests,questions_requests_00011,assistant_curated,training/data/train_clean_en-ne.jsonl
Please give me a receipt.,मलाई रसिद देऊ।,en-ne,informal,questions_requests,questions_requests_00011,assistant_curated,training/data/train_clean_en-ne.jsonl
Please give me a receipt.,मलाई रसिद देऊ।,en-ne,informal,questions_requests,questions_requests_00011,assistant_curated,training/data/train_clean_en-ne.jsonl
Please give me a receipt.,मलाई रसिद देऊ।,en-ne,informal,questions_requests,questions_requests_00011,assistant_curated,training/data/train_clean_en-ne.jsonl
Please give me a receipt.,मलाई रसिद देऊ।,en-ne,informal,questions_requests,questions_requests_00011,assistant_curated,training/data/train_clean_en-ne.jsonl
Turn left.,बायाँ मोड।,en-ne,formal,core_grammar,core_grammar_00010,assistant_curated,training/data/train_clean_en-ne.jsonl
Turn left.,बायाँ मोड।,en-ne,formal,core_grammar,core_grammar_00010,assistant_curated,training/data/train_clean_en-ne.jsonl
Turn left.,बायाँ मोड।,en-ne,formal,core_grammar,core_grammar_00010,assistant_curated,training/data/train_clean_en-ne.jsonl
Turn left.,बायाँ मोड।,en-ne,formal,core_grammar,core_grammar_00010,assistant_curated,training/data/train_clean_en-ne.jsonl
The translation is loading.,अनुवाद लोड हुँदैछ।,en-ne,formal,core_grammar,core_grammar_00031,assistant_curated,training/data/train_clean_en-ne.jsonl
The translation is loading.,अनुवाद लोड हुँदैछ।,en-ne,formal,core_grammar,core_grammar_00031,assistant_curated,training/data/train_clean_en-ne.jsonl
The translation is loading.,अनुवाद लोड हुँदैछ।,en-ne,formal,core_grammar,core_grammar_00031,assistant_curated,training/data/train_clean_en-ne.jsonl
The translation is loading.,अनुवाद लोड हुँदैछ।,en-ne,formal,core_grammar,core_grammar_00031,assistant_curated,training/data/train_clean_en-ne.jsonl
This is my brother.,यो मेरो भाइ हो।,en-ne,informal,family,family_00003,hand_priority_seed,training/data/train_clean_en-ne.jsonl
This is my brother.,यो मेरो भाइ हो।,en-ne,informal,family,family_00003,hand_priority_seed,training/data/train_clean_en-ne.jsonl
This is my brother.,यो मेरो भाइ हो।,en-ne,informal,family,family_00003,hand_priority_seed,training/data/train_clean_en-ne.jsonl
This is my brother.,यो मेरो भाइ हो।,en-ne,informal,family,family_00003,hand_priority_seed,training/data/train_clean_en-ne.jsonl
Select Language,भाषा चयन गर्नुहोस्,en-ne,formal,government,government_00038,recovered_site_labels_and_manual_normalization,training/data/train_clean_en-ne.jsonl
Select Language,भाषा चयन गर्नुहोस्,en-ne,formal,government,government_00038,recovered_site_labels_and_manual_normalization,training/data/train_clean_en-ne.jsonl
Select Language,भाषा चयन गर्नुहोस्,en-ne,formal,government,government_00038,recovered_site_labels_and_manual_normalization,training/data/train_clean_en-ne.jsonl
Select Language,भाषा चयन गर्नुहोस्,en-ne,formal,government,government_00038,recovered_site_labels_and_manual_normalization,training/data/train_clean_en-ne.jsonl
Contact,सम्पर्क,en-ne,informal,government,government_00031,recovered_site_labels_and_manual_normalization,training/data/train_clean_en-ne.jsonl
Contact,सम्पर्क,en-ne,informal,government,government_00031,recovered_site_labels_and_manual_normalization,training/data/train_clean_en-ne.jsonl
Contact,सम्पर्क,en-ne,informal,government,government_00031,recovered_site_labels_and_manual_normalization,training/data/train_clean_en-ne.jsonl
Contact,सम्पर्क,en-ne,informal,government,government_00031,recovered_site_labels_and_manual_normalization,training/data/train_clean_en-ne.jsonl
That translation is correct.,त्यो अनुवाद सही छ।,en-ne,formal,core_grammar,core_grammar_00033,assistant_curated,training/data/train_clean_en-ne.jsonl
That translation is correct.,त्यो अनुवाद सही छ।,en-ne,formal,core_grammar,core_grammar_00033,assistant_curated,training/data/train_clean_en-ne.jsonl
That translation is correct.,त्यो अनुवाद सही छ।,en-ne,formal,core_grammar,core_grammar_00033,assistant_curated,training/data/train_clean_en-ne.jsonl
That translation is correct.,त्यो अनुवाद सही छ।,en-ne,formal,core_grammar,core_grammar_00033,assistant_curated,training/data/train_clean_en-ne.jsonl
Where are you from?,तिमी कहाँबाट आएको?,en-ne,informal,questions_requests,questions_requests_00008,assistant_curated,training/data/train_clean_en-ne.jsonl
Where are you from?,तिमी कहाँबाट आएको?,en-ne,informal,questions_requests,questions_requests_00008,assistant_curated,training/data/train_clean_en-ne.jsonl
Where are you from?,तिमी कहाँबाट आएको?,en-ne,informal,questions_requests,questions_requests_00008,assistant_curated,training/data/train_clean_en-ne.jsonl
Where are you from?,तिमी कहाँबाट आएको?,en-ne,informal,questions_requests,questions_requests_00008,assistant_curated,training/data/train_clean_en-ne.jsonl
Where are you from?,तिमी कहाँबाट आएको?,en-ne,informal,questions_requests,questions_requests_00008,assistant_curated,training/data/train_clean_en-ne.jsonl
Where are you from?,तिमी कहाँबाट आएको?,en-ne,informal,questions_requests,questions_requests_00008,assistant_curated,training/data/train_clean_en-ne.jsonl
Where are you from?,तिमी कहाँबाट आएको?,en-ne,informal,questions_requests,questions_requests_00008,assistant_curated,training/data/train_clean_en-ne.jsonl
Where are you from?,तिमी कहाँबाट आएको?,en-ne,informal,questions_requests,questions_requests_00008,assistant_curated,training/data/train_clean_en-ne.jsonl
Please come with me.,कृपया मसँग आउनुहोस्।,en-ne,formal,questions_requests,questions_requests_00016,assistant_curated,training/data/train_clean_en-ne.jsonl
Please come with me.,कृपया मसँग आउनुहोस्।,en-ne,formal,questions_requests,questions_requests_00016,assistant_curated,training/data/train_clean_en-ne.jsonl
Please come with me.,कृपया मसँग आउनुहोस्।,en-ne,formal,questions_requests,questions_requests_00016,assistant_curated,training/data/train_clean_en-ne.jsonl
Please come with me.,कृपया मसँग आउनुहोस्।,en-ne,formal,questions_requests,questions_requests_00016,assistant_curated,training/data/train_clean_en-ne.jsonl
Please come with me.,कृपया मसँग आउनुहोस्।,en-ne,formal,questions_requests,questions_requests_00016,assistant_curated,training/data/train_clean_en-ne.jsonl
Please come with me.,कृपया मसँग आउनुहोस्।,en-ne,formal,questions_requests,questions_requests_00016,assistant_curated,training/data/train_clean_en-ne.jsonl
Please come with me.,कृपया मसँग आउनुहोस्।,en-ne,formal,questions_requests,questions_requests_00016,assistant_curated,training/data/train_clean_en-ne.jsonl
Please come with me.,कृपया मसँग आउनुहोस्।,en-ne,formal,questions_requests,questions_requests_00016,assistant_curated,training/data/train_clean_en-ne.jsonl
Read More,थप पढ्नुहोस्,en-ne,informal,government,government_00044,recovered_site_labels_and_manual_normalization,training/data/train_clean_en-ne.jsonl
Read More,थप पढ्नुहोस्,en-ne,informal,government,government_00044,recovered_site_labels_and_manual_normalization,training/data/train_clean_en-ne.jsonl
Read More,थप पढ्नुहोस्,en-ne,informal,government,government_00044,recovered_site_labels_and_manual_normalization,training/data/train_clean_en-ne.jsonl
Read More,थप पढ्नुहोस्,en-ne,informal,government,government_00044,recovered_site_labels_and_manual_normalization,training/data/train_clean_en-ne.jsonl
Turn right.,दायाँ मोड्नुहोस्।,en-ne,informal,core_grammar,core_grammar_00011,assistant_curated,training/data/train_clean_en-ne.jsonl
Turn right.,दायाँ मोड्नुहोस्।,en-ne,informal,core_grammar,core_grammar_00011,assistant_curated,training/data/train_clean_en-ne.jsonl
Turn right.,दायाँ मोड्नुहोस्।,en-ne,informal,core_grammar,core_grammar_00011,assistant_curated,training/data/train_clean_en-ne.jsonl
Turn right.,दायाँ मोड्नुहोस्।,en-ne,informal,core_grammar,core_grammar_00011,assistant_curated,training/data/train_clean_en-ne.jsonl
Information Center,सूचना केन्द्र,en-ne,formal,government,government_00029,recovered_site_labels_and_manual_normalization,training/data/train_clean_en-ne.jsonl
Information Center,सूचना केन्द्र,en-ne,formal,government,government_00029,recovered_site_labels_and_manual_normalization,training/data/train_clean_en-ne.jsonl
Information Center,सूचना केन्द्र,en-ne,formal,government,government_00029,recovered_site_labels_and_manual_normalization,training/data/train_clean_en-ne.jsonl
Information Center,सूचना केन्द्र,en-ne,formal,government,government_00029,recovered_site_labels_and_manual_normalization,training/data/train_clean_en-ne.jsonl
Where are you from?,तपाईं कहाँबाट आउनुभएको हो?,en-ne,formal,questions_requests,questions_requests_00007,assistant_curated,training/data/train_clean_en-ne.jsonl
Where are you from?,तपाईं कहाँबाट आउनुभएको हो?,en-ne,formal,questions_requests,questions_requests_00007,assistant_curated,training/data/train_clean_en-ne.jsonl
Where are you from?,तपाईं कहाँबाट आउनुभएको हो?,en-ne,formal,questions_requests,questions_requests_00007,assistant_curated,training/data/train_clean_en-ne.jsonl
Where are you from?,तपाईं कहाँबाट आउनुभएको हो?,en-ne,formal,questions_requests,questions_requests_00007,assistant_curated,training/data/train_clean_en-ne.jsonl
Where are you from?,तपाईं कहाँबाट आउनुभएको हो?,en-ne,formal,questions_requests,questions_requests_00007,assistant_curated,training/data/train_clean_en-ne.jsonl
Where are you from?,तपाईं कहाँबाट आउनुभएको हो?,en-ne,formal,questions_requests,questions_requests_00007,assistant_curated,training/data/train_clean_en-ne.jsonl
Where are you from?,तपाईं कहाँबाट आउनुभएको हो?,en-ne,formal,questions_requests,questions_requests_00007,assistant_curated,training/data/train_clean_en-ne.jsonl
Where are you from?,तपाईं कहाँबाट आउनुभएको हो?,en-ne,formal,questions_requests,questions_requests_00007,assistant_curated,training/data/train_clean_en-ne.jsonl
Officials and Employees,पदाधिकारी र कर्मचारी,en-ne,formal,government,government_00007,recovered_site_labels_and_manual_normalization,training/data/train_clean_en-ne.jsonl
Officials and Employees,पदाधिकारी र कर्मचारी,en-ne,formal,government,government_00007,recovered_site_labels_and_manual_normalization,training/data/train_clean_en-ne.jsonl
Officials and Employees,पदाधिकारी र कर्मचारी,en-ne,formal,government,government_00007,recovered_site_labels_and_manual_normalization,training/data/train_clean_en-ne.jsonl
Officials and Employees,पदाधिकारी र कर्मचारी,en-ne,formal,government,government_00007,recovered_site_labels_and_manual_normalization,training/data/train_clean_en-ne.jsonl
Please come with me.,मसँग आऊ न।,en-ne,formal,questions_requests,questions_requests_00017,assistant_curated,training/data/train_clean_en-ne.jsonl
Please come with me.,मसँग आऊ न।,en-ne,formal,questions_requests,questions_requests_00017,assistant_curated,training/data/train_clean_en-ne.jsonl
Please come with me.,मसँग आऊ न।,en-ne,formal,questions_requests,questions_requests_00017,assistant_curated,training/data/train_clean_en-ne.jsonl
Please come with me.,मसँग आऊ न।,en-ne,formal,questions_requests,questions_requests_00017,assistant_curated,training/data/train_clean_en-ne.jsonl
Please come with me.,मसँग आऊ न।,en-ne,formal,questions_requests,questions_requests_00017,assistant_curated,training/data/train_clean_en-ne.jsonl
Please come with me.,मसँग आऊ न।,en-ne,formal,questions_requests,questions_requests_00017,assistant_curated,training/data/train_clean_en-ne.jsonl
Please come with me.,मसँग आऊ न।,en-ne,formal,questions_requests,questions_requests_00017,assistant_curated,training/data/train_clean_en-ne.jsonl
Please come with me.,मसँग आऊ न।,en-ne,formal,questions_requests,questions_requests_00017,assistant_curated,training/data/train_clean_en-ne.jsonl
Do you have a smaller size?,के तिमीसँग योभन्दा सानो साइज छ?,en-ne,informal,questions_requests,questions_requests_00010,assistant_curated,training/data/train_clean_en-ne.jsonl
Do you have a smaller size?,के तिमीसँग योभन्दा सानो साइज छ?,en-ne,informal,questions_requests,questions_requests_00010,assistant_curated,training/data/train_clean_en-ne.jsonl
Do you have a smaller size?,के तिमीसँग योभन्दा सानो साइज छ?,en-ne,informal,questions_requests,questions_requests_00010,assistant_curated,training/data/train_clean_en-ne.jsonl
Do you have a smaller size?,के तिमीसँग योभन्दा सानो साइज छ?,en-ne,informal,questions_requests,questions_requests_00010,assistant_curated,training/data/train_clean_en-ne.jsonl
Do you have a smaller size?,के तिमीसँग योभन्दा सानो साइज छ?,en-ne,informal,questions_requests,questions_requests_00010,assistant_curated,training/data/train_clean_en-ne.jsonl
Do you have a smaller size?,के तिमीसँग योभन्दा सानो साइज छ?,en-ne,informal,questions_requests,questions_requests_00010,assistant_curated,training/data/train_clean_en-ne.jsonl
Do you have a smaller size?,के तिमीसँग योभन्दा सानो साइज छ?,en-ne,informal,questions_requests,questions_requests_00010,assistant_curated,training/data/train_clean_en-ne.jsonl
Do you have a smaller size?,के तिमीसँग योभन्दा सानो साइज छ?,en-ne,informal,questions_requests,questions_requests_00010,assistant_curated,training/data/train_clean_en-ne.jsonl
Do you have a smaller size?,के तिमीसँग योभन्दा सानो आकार छ?,en-ne,informal,questions_requests,questions_requests_00009,assistant_curated,training/data/train_clean_en-ne.jsonl
Do you have a smaller size?,के तिमीसँग योभन्दा सानो आकार छ?,en-ne,informal,questions_requests,questions_requests_00009,assistant_curated,training/data/train_clean_en-ne.jsonl
Do you have a smaller size?,के तिमीसँग योभन्दा सानो आकार छ?,en-ne,informal,questions_requests,questions_requests_00009,assistant_curated,training/data/train_clean_en-ne.jsonl
Do you have a smaller size?,के तिमीसँग योभन्दा सानो आकार छ?,en-ne,informal,questions_requests,questions_requests_00009,assistant_curated,training/data/train_clean_en-ne.jsonl
Do you have a smaller size?,के तिमीसँग योभन्दा सानो आकार छ?,en-ne,informal,questions_requests,questions_requests_00009,assistant_curated,training/data/train_clean_en-ne.jsonl
Do you have a smaller size?,के तिमीसँग योभन्दा सानो आकार छ?,en-ne,informal,questions_requests,questions_requests_00009,assistant_curated,training/data/train_clean_en-ne.jsonl
Do you have a smaller size?,के तिमीसँग योभन्दा सानो आकार छ?,en-ne,informal,questions_requests,questions_requests_00009,assistant_curated,training/data/train_clean_en-ne.jsonl
Do you have a smaller size?,के तिमीसँग योभन्दा सानो आकार छ?,en-ne,informal,questions_requests,questions_requests_00009,assistant_curated,training/data/train_clean_en-ne.jsonl
Formation Orders,गठन आदेश,en-ne,formal,government,government_00020,recovered_site_labels_and_manual_normalization,training/data/train_clean_en-ne.jsonl
Formation Orders,गठन आदेश,en-ne,formal,government,government_00020,recovered_site_labels_and_manual_normalization,training/data/train_clean_en-ne.jsonl
Formation Orders,गठन आदेश,en-ne,formal,government,government_00020,recovered_site_labels_and_manual_normalization,training/data/train_clean_en-ne.jsonl
Formation Orders,गठन आदेश,en-ne,formal,government,government_00020,recovered_site_labels_and_manual_normalization,training/data/train_clean_en-ne.jsonl
It is half past three.,साढे तीन बज्यो।,en-ne,formal,numbers_money,numbers_money_00003,hand_priority_seed,training/data/train_clean_en-ne.jsonl
It is half past three.,साढे तीन बज्यो।,en-ne,formal,numbers_money,numbers_money_00003,hand_priority_seed,training/data/train_clean_en-ne.jsonl
It is half past three.,साढे तीन बज्यो।,en-ne,formal,numbers_money,numbers_money_00003,hand_priority_seed,training/data/train_clean_en-ne.jsonl
It is half past three.,साढे तीन बज्यो।,en-ne,formal,numbers_money,numbers_money_00003,hand_priority_seed,training/data/train_clean_en-ne.jsonl
Send me a message.,मलाई सन्देश पठाऊ न।,en-ne,informal,core_grammar,core_grammar_00024,assistant_curated,training/data/train_clean_en-ne.jsonl
Send me a message.,मलाई सन्देश पठाऊ न।,en-ne,informal,core_grammar,core_grammar_00024,assistant_curated,training/data/train_clean_en-ne.jsonl
Send me a message.,मलाई सन्देश पठाऊ न।,en-ne,informal,core_grammar,core_grammar_00024,assistant_curated,training/data/train_clean_en-ne.jsonl
Send me a message.,मलाई सन्देश पठाऊ न।,en-ne,informal,core_grammar,core_grammar_00024,assistant_curated,training/data/train_clean_en-ne.jsonl
Can I pay by card?,के म कार्डले तिर्न सक्छु?,en-ne,formal,shopping,shopping_00007,assistant_curated,training/data/train_clean_en-ne.jsonl
Can I pay by card?,के म कार्डले तिर्न सक्छु?,en-ne,formal,shopping,shopping_00007,assistant_curated,training/data/train_clean_en-ne.jsonl
Can I pay by card?,के म कार्डले तिर्न सक्छु?,en-ne,formal,shopping,shopping_00007,assistant_curated,training/data/train_clean_en-ne.jsonl
Can I pay by card?,के म कार्डले तिर्न सक्छु?,en-ne,formal,shopping,shopping_00007,assistant_curated,training/data/train_clean_en-ne.jsonl
My phone has no battery.,मेरो फोनको ब्याट्री सकियो।,en-ne,informal,core_grammar,core_grammar_00028,assistant_curated,training/data/train_clean_en-ne.jsonl
My phone has no battery.,मेरो फोनको ब्याट्री सकियो।,en-ne,informal,core_grammar,core_grammar_00028,assistant_curated,training/data/train_clean_en-ne.jsonl
My phone has no battery.,मेरो फोनको ब्याट्री सकियो।,en-ne,informal,core_grammar,core_grammar_00028,assistant_curated,training/data/train_clean_en-ne.jsonl
My phone has no battery.,मेरो फोनको ब्याट्री सकियो।,en-ne,informal,core_grammar,core_grammar_00028,assistant_curated,training/data/train_clean_en-ne.jsonl
I came yesterday.,म हिजो आएको थिएँ।,en-ne,informal,core_grammar,core_grammar_00022,assistant_curated,training/data/train_clean_en-ne.jsonl
I came yesterday.,म हिजो आएको थिएँ।,en-ne,informal,core_grammar,core_grammar_00022,assistant_curated,training/data/train_clean_en-ne.jsonl
I came yesterday.,म हिजो आएको थिएँ।,en-ne,informal,core_grammar,core_grammar_00022,assistant_curated,training/data/train_clean_en-ne.jsonl
I came yesterday.,म हिजो आएको थिएँ।,en-ne,informal,core_grammar,core_grammar_00022,assistant_curated,training/data/train_clean_en-ne.jsonl
Duties and Powers,"काम, कर्तव्य र अधिकार",en-ne,formal,government,government_00005,recovered_site_labels_and_manual_normalization,training/data/train_clean_en-ne.jsonl
Duties and Powers,"काम, कर्तव्य र अधिकार",en-ne,formal,government,government_00005,recovered_site_labels_and_manual_normalization,training/data/train_clean_en-ne.jsonl
Duties and Powers,"काम, कर्तव्य र अधिकार",en-ne,formal,government,government_00005,recovered_site_labels_and_manual_normalization,training/data/train_clean_en-ne.jsonl
Duties and Powers,"काम, कर्तव्य र अधिकार",en-ne,formal,government,government_00005,recovered_site_labels_and_manual_normalization,training/data/train_clean_en-ne.jsonl
Please use formal language.,औपचारिक भाषा प्रयोग गर।,en-ne,formal,government,government_00053,assistant_curated,training/data/train_clean_en-ne.jsonl
Please use formal language.,औपचारिक भाषा प्रयोग गर।,en-ne,formal,government,government_00053,assistant_curated,training/data/train_clean_en-ne.jsonl
Please use formal language.,औपचारिक भाषा प्रयोग गर।,en-ne,formal,government,government_00053,assistant_curated,training/data/train_clean_en-ne.jsonl
Please use formal language.,औपचारिक भाषा प्रयोग गर।,en-ne,formal,government,government_00053,assistant_curated,training/data/train_clean_en-ne.jsonl
"3 Preparation of Consultation Paper: The WT carries out in-depth study of the issue under review. For this purpose, WT may invite expert, stakeholder and government official for consultation as an invitee member. The WT prepares a consultation/issue paper and it is made available to any person interested. WT can also opt appropriate methods of research for data collection.","यस आयोगले निम्न विषयमा विशेषज्ञहरुबाट कार्यक्रम तयार गर्न लगाई तत्सम्बन्धी कानूनको तर्जुमामा अध्ययन, अनुसन्धान गरेको देखिन्छ।",en-ne,informal,government,government_00063,law_gov,training/data/train_clean_en-ne.jsonl
"3 Preparation of Consultation Paper: The WT carries out in-depth study of the issue under review. For this purpose, WT may invite expert, stakeholder and government official for consultation as an invitee member. The WT prepares a consultation/issue paper and it is made available to any person interested. WT can also opt appropriate methods of research for data collection.","यस आयोगले निम्न विषयमा विशेषज्ञहरुबाट कार्यक्रम तयार गर्न लगाई तत्सम्बन्धी कानूनको तर्जुमामा अध्ययन, अनुसन्धान गरेको देखिन्छ।",en-ne,informal,government,government_00063,law_gov,training/data/train_clean_en-ne.jsonl
"3 Preparation of Consultation Paper: The WT carries out in-depth study of the issue under review. For this purpose, WT may invite expert, stakeholder and government official for consultation as an invitee member. The WT prepares a consultation/issue paper and it is made available to any person interested. WT can also opt appropriate methods of research for data collection.","यस आयोगले निम्न विषयमा विशेषज्ञहरुबाट कार्यक्रम तयार गर्न लगाई तत्सम्बन्धी कानूनको तर्जुमामा अध्ययन, अनुसन्धान गरेको देखिन्छ।",en-ne,informal,government,government_00063,law_gov,training/data/train_clean_en-ne.jsonl
"3 Preparation of Consultation Paper: The WT carries out in-depth study of the issue under review. For this purpose, WT may invite expert, stakeholder and government official for consultation as an invitee member. The WT prepares a consultation/issue paper and it is made available to any person interested. WT can also opt appropriate methods of research for data collection.","यस आयोगले निम्न विषयमा विशेषज्ञहरुबाट कार्यक्रम तयार गर्न लगाई तत्सम्बन्धी कानूनको तर्जुमामा अध्ययन, अनुसन्धान गरेको देखिन्छ।",en-ne,informal,government,government_00063,law_gov,training/data/train_clean_en-ne.jsonl
Please give me a receipt.,मलाई रसिद देऊ न।,en-ne,informal,questions_requests,questions_requests_00012,assistant_curated,training/data/train_clean_en-ne.jsonl
Please give me a receipt.,मलाई रसिद देऊ न।,en-ne,informal,questions_requests,questions_requests_00012,assistant_curated,training/data/train_clean_en-ne.jsonl
Please give me a receipt.,मलाई रसिद देऊ न।,en-ne,informal,questions_requests,questions_requests_00012,assistant_curated,training/data/train_clean_en-ne.jsonl
Please give me a receipt.,मलाई रसिद देऊ न।,en-ne,informal,questions_requests,questions_requests_00012,assistant_curated,training/data/train_clean_en-ne.jsonl
Please give me a receipt.,मलाई रसिद देऊ न।,en-ne,informal,questions_requests,questions_requests_00012,assistant_curated,training/data/train_clean_en-ne.jsonl
Please give me a receipt.,मलाई रसिद देऊ न।,en-ne,informal,questions_requests,questions_requests_00012,assistant_curated,training/data/train_clean_en-ne.jsonl
Please give me a receipt.,मलाई रसिद देऊ न।,en-ne,informal,questions_requests,questions_requests_00012,assistant_curated,training/data/train_clean_en-ne.jsonl
Please give me a receipt.,मलाई रसिद देऊ न।,en-ne,informal,questions_requests,questions_requests_00012,assistant_curated,training/data/train_clean_en-ne.jsonl
Recent Acts,हालसालैका ऐन,en-ne,formal,government,government_00015,recovered_site_labels_and_manual_normalization,training/data/train_clean_en-ne.jsonl
Recent Acts,हालसालैका ऐन,en-ne,formal,government,government_00015,recovered_site_labels_and_manual_normalization,training/data/train_clean_en-ne.jsonl
Recent Acts,हालसालैका ऐन,en-ne,formal,government,government_00015,recovered_site_labels_and_manual_normalization,training/data/train_clean_en-ne.jsonl
Recent Acts,हालसालैका ऐन,en-ne,formal,government,government_00015,recovered_site_labels_and_manual_normalization,training/data/train_clean_en-ne.jsonl
Please.,कृपया।,en-ne,informal,questions_requests,questions_requests_00006,assistant_curated,training/data/train_clean_en-ne.jsonl
Please.,कृपया।,en-ne,informal,questions_requests,questions_requests_00006,assistant_curated,training/data/train_clean_en-ne.jsonl
Please.,कृपया।,en-ne,informal,questions_requests,questions_requests_00006,assistant_curated,training/data/train_clean_en-ne.jsonl
Please.,कृपया।,en-ne,informal,questions_requests,questions_requests_00006,assistant_curated,training/data/train_clean_en-ne.jsonl
Please.,कृपया।,en-ne,informal,questions_requests,questions_requests_00006,assistant_curated,training/data/train_clean_en-ne.jsonl
Please.,कृपया।,en-ne,informal,questions_requests,questions_requests_00006,assistant_curated,training/data/train_clean_en-ne.jsonl
Please.,कृपया।,en-ne,informal,questions_requests,questions_requests_00006,assistant_curated,training/data/train_clean_en-ne.jsonl
Please.,कृपया।,en-ne,informal,questions_requests,questions_requests_00006,assistant_curated,training/data/train_clean_en-ne.jsonl
Constitution,संविधान,en-ne,informal,government,government_00013,recovered_site_labels_and_manual_normalization,training/data/train_clean_en-ne.jsonl
Constitution,संविधान,en-ne,informal,government,government_00013,recovered_site_labels_and_manual_normalization,training/data/train_clean_en-ne.jsonl
Constitution,संविधान,en-ne,informal,government,government_00013,recovered_site_labels_and_manual_normalization,training/data/train_clean_en-ne.jsonl
Constitution,संविधान,en-ne,informal,government,government_00013,recovered_site_labels_and_manual_normalization,training/data/train_clean_en-ne.jsonl
Duties and Powers,"काम, कर्तव्य र अधिकार",en-ne,informal,government,government_00005,recovered_site_labels_and_manual_normalization,training/data/train_clean_en-ne.jsonl
Duties and Powers,"काम, कर्तव्य र अधिकार",en-ne,informal,government,government_00005,recovered_site_labels_and_manual_normalization,training/data/train_clean_en-ne.jsonl
Duties and Powers,"काम, कर्तव्य र अधिकार",en-ne,informal,government,government_00005,recovered_site_labels_and_manual_normalization,training/data/train_clean_en-ne.jsonl
Duties and Powers,"काम, कर्तव्य र अधिकार",en-ne,informal,government,government_00005,recovered_site_labels_and_manual_normalization,training/data/train_clean_en-ne.jsonl
Organization Structure,सङ्गठन संरचना,en-ne,formal,government,government_00006,recovered_site_labels_and_manual_normalization,training/data/train_clean_en-ne.jsonl
Organization Structure,सङ्गठन संरचना,en-ne,formal,government,government_00006,recovered_site_labels_and_manual_normalization,training/data/train_clean_en-ne.jsonl
Organization Structure,सङ्गठन संरचना,en-ne,formal,government,government_00006,recovered_site_labels_and_manual_normalization,training/data/train_clean_en-ne.jsonl
Organization Structure,सङ्गठन संरचना,en-ne,formal,government,government_00006,recovered_site_labels_and_manual_normalization,training/data/train_clean_en-ne.jsonl
Where can I buy a SIM card?,सिम कार्ड कहाँ किन्न सकिन्छ?,en-ne,formal,travel,travel_00007,hand_priority_seed,training/data/train_clean_en-ne.jsonl
Where can I buy a SIM card?,सिम कार्ड कहाँ किन्न सकिन्छ?,en-ne,formal,travel,travel_00007,hand_priority_seed,training/data/train_clean_en-ne.jsonl
Where can I buy a SIM card?,सिम कार्ड कहाँ किन्न सकिन्छ?,en-ne,formal,travel,travel_00007,hand_priority_seed,training/data/train_clean_en-ne.jsonl
Where can I buy a SIM card?,सिम कार्ड कहाँ किन्न सकिन्छ?,en-ne,formal,travel,travel_00007,hand_priority_seed,training/data/train_clean_en-ne.jsonl
Where can I buy a SIM card?,सिम कार्ड कहाँ किन्न सकिन्छ?,en-ne,formal,travel,travel_00007,hand_priority_seed,training/data/train_clean_en-ne.jsonl
Where can I buy a SIM card?,सिम कार्ड कहाँ किन्न सकिन्छ?,en-ne,formal,travel,travel_00007,hand_priority_seed,training/data/train_clean_en-ne.jsonl
Where can I buy a SIM card?,सिम कार्ड कहाँ किन्न सकिन्छ?,en-ne,formal,travel,travel_00007,hand_priority_seed,training/data/train_clean_en-ne.jsonl
Where can I buy a SIM card?,सिम कार्ड कहाँ किन्न सकिन्छ?,en-ne,formal,travel,travel_00007,hand_priority_seed,training/data/train_clean_en-ne.jsonl
Historical Documents,ऐतिहासिक दस्तावेज,en-ne,formal,government,government_00027,recovered_site_labels_and_manual_normalization,training/data/train_clean_en-ne.jsonl
Historical Documents,ऐतिहासिक दस्तावेज,en-ne,formal,government,government_00027,recovered_site_labels_and_manual_normalization,training/data/train_clean_en-ne.jsonl
Historical Documents,ऐतिहासिक दस्तावेज,en-ne,formal,government,government_00027,recovered_site_labels_and_manual_normalization,training/data/train_clean_en-ne.jsonl
Historical Documents,ऐतिहासिक दस्तावेज,en-ne,formal,government,government_00027,recovered_site_labels_and_manual_normalization,training/data/train_clean_en-ne.jsonl
I need medicine for a headache.,मलाई टाउको दुखाइको औषधि चाहियो।,en-ne,formal,health,health_00003,hand_priority_seed,training/data/train_clean_en-ne.jsonl
I need medicine for a headache.,मलाई टाउको दुखाइको औषधि चाहियो।,en-ne,formal,health,health_00003,hand_priority_seed,training/data/train_clean_en-ne.jsonl
I need medicine for a headache.,मलाई टाउको दुखाइको औषधि चाहियो।,en-ne,formal,health,health_00003,hand_priority_seed,training/data/train_clean_en-ne.jsonl
I need medicine for a headache.,मलाई टाउको दुखाइको औषधि चाहियो।,en-ne,formal,health,health_00003,hand_priority_seed,training/data/train_clean_en-ne.jsonl
I need medicine for a headache.,मलाई टाउको दुखाइको औषधि चाहियो।,en-ne,formal,health,health_00003,hand_priority_seed,training/data/train_clean_en-ne.jsonl
I need medicine for a headache.,मलाई टाउको दुखाइको औषधि चाहियो।,en-ne,formal,health,health_00003,hand_priority_seed,training/data/train_clean_en-ne.jsonl
I need medicine for a headache.,मलाई टाउको दुखाइको औषधि चाहियो।,en-ne,formal,health,health_00003,hand_priority_seed,training/data/train_clean_en-ne.jsonl
I need medicine for a headache.,मलाई टाउको दुखाइको औषधि चाहियो।,en-ne,formal,health,health_00003,hand_priority_seed,training/data/train_clean_en-ne.jsonl
Vision and Mission,परिदृश्य र परिलक्ष्य,en-ne,formal,government,government_00004,recovered_site_labels_and_manual_normalization,training/data/train_clean_en-ne.jsonl
Vision and Mission,परिदृश्य र परिलक्ष्य,en-ne,formal,government,government_00004,recovered_site_labels_and_manual_normalization,training/data/train_clean_en-ne.jsonl
Vision and Mission,परिदृश्य र परिलक्ष्य,en-ne,formal,government,government_00004,recovered_site_labels_and_manual_normalization,training/data/train_clean_en-ne.jsonl
Vision and Mission,परिदृश्य र परिलक्ष्य,en-ne,formal,government,government_00004,recovered_site_labels_and_manual_normalization,training/data/train_clean_en-ne.jsonl
That is too expensive.,त्यो धेरै महँगो छ।,en-ne,informal,shopping,shopping_00001,hand_priority_seed,training/data/train_clean_en-ne.jsonl
That is too expensive.,त्यो धेरै महँगो छ।,en-ne,informal,shopping,shopping_00001,hand_priority_seed,training/data/train_clean_en-ne.jsonl
That is too expensive.,त्यो धेरै महँगो छ।,en-ne,informal,shopping,shopping_00001,hand_priority_seed,training/data/train_clean_en-ne.jsonl
That is too expensive.,त्यो धेरै महँगो छ।,en-ne,informal,shopping,shopping_00001,hand_priority_seed,training/data/train_clean_en-ne.jsonl
That is not right.,त्यो ठिक होइन।,en-ne,informal,core_grammar,core_grammar_00002,hand_priority_seed,training/data/train_clean_en-ne.jsonl
That is not right.,त्यो ठिक होइन।,en-ne,informal,core_grammar,core_grammar_00002,hand_priority_seed,training/data/train_clean_en-ne.jsonl
That is not right.,त्यो ठिक होइन।,en-ne,informal,core_grammar,core_grammar_00002,hand_priority_seed,training/data/train_clean_en-ne.jsonl
That is not right.,त्यो ठिक होइन।,en-ne,informal,core_grammar,core_grammar_00002,hand_priority_seed,training/data/train_clean_en-ne.jsonl
I do not eat meat.,म मासु खाँदिनँ।,en-ne,formal,core_grammar,core_grammar_00017,assistant_curated,training/data/train_clean_en-ne.jsonl
I do not eat meat.,म मासु खाँदिनँ।,en-ne,formal,core_grammar,core_grammar_00017,assistant_curated,training/data/train_clean_en-ne.jsonl
I do not eat meat.,म मासु खाँदिनँ।,en-ne,formal,core_grammar,core_grammar_00017,assistant_curated,training/data/train_clean_en-ne.jsonl
I do not eat meat.,म मासु खाँदिनँ।,en-ne,formal,core_grammar,core_grammar_00017,assistant_curated,training/data/train_clean_en-ne.jsonl
Back,पछाडि,en-ne,formal,government,government_00050,recovered_site_labels_and_manual_normalization,training/data/train_clean_en-ne.jsonl
Back,पछाडि,en-ne,formal,government,government_00050,recovered_site_labels_and_manual_normalization,training/data/train_clean_en-ne.jsonl
Back,पछाडि,en-ne,formal,government,government_00050,recovered_site_labels_and_manual_normalization,training/data/train_clean_en-ne.jsonl
Back,पछाडि,en-ne,formal,government,government_00050,recovered_site_labels_and_manual_normalization,training/data/train_clean_en-ne.jsonl
How far is it?,यो कति टाढा छ?,en-ne,formal,travel,travel_00001,hand_priority_seed,training/data/train_clean_en-ne.jsonl
How far is it?,यो कति टाढा छ?,en-ne,formal,travel,travel_00001,hand_priority_seed,training/data/train_clean_en-ne.jsonl
How far is it?,यो कति टाढा छ?,en-ne,formal,travel,travel_00001,hand_priority_seed,training/data/train_clean_en-ne.jsonl
How far is it?,यो कति टाढा छ?,en-ne,formal,travel,travel_00001,hand_priority_seed,training/data/train_clean_en-ne.jsonl
How far is it?,यो कति टाढा छ?,en-ne,formal,travel,travel_00001,hand_priority_seed,training/data/train_clean_en-ne.jsonl
How far is it?,यो कति टाढा छ?,en-ne,formal,travel,travel_00001,hand_priority_seed,training/data/train_clean_en-ne.jsonl
How far is it?,यो कति टाढा छ?,en-ne,formal,travel,travel_00001,hand_priority_seed,training/data/train_clean_en-ne.jsonl
How far is it?,यो कति टाढा छ?,en-ne,formal,travel,travel_00001,hand_priority_seed,training/data/train_clean_en-ne.jsonl
Please give me a receipt.,मलाई रसिद देऊ न।,en-ne,formal,questions_requests,questions_requests_00012,assistant_curated,training/data/train_clean_en-ne.jsonl
Please give me a receipt.,मलाई रसिद देऊ न।,en-ne,formal,questions_requests,questions_requests_00012,assistant_curated,training/data/train_clean_en-ne.jsonl
Please give me a receipt.,मलाई रसिद देऊ न।,en-ne,formal,questions_requests,questions_requests_00012,assistant_curated,training/data/train_clean_en-ne.jsonl
Please give me a receipt.,मलाई रसिद देऊ न।,en-ne,formal,questions_requests,questions_requests_00012,assistant_curated,training/data/train_clean_en-ne.jsonl
Please give me a receipt.,मलाई रसिद देऊ न।,en-ne,formal,questions_requests,questions_requests_00012,assistant_curated,training/data/train_clean_en-ne.jsonl
Please give me a receipt.,मलाई रसिद देऊ न।,en-ne,formal,questions_requests,questions_requests_00012,assistant_curated,training/data/train_clean_en-ne.jsonl
Please give me a receipt.,मलाई रसिद देऊ न।,en-ne,formal,questions_requests,questions_requests_00012,assistant_curated,training/data/train_clean_en-ne.jsonl
Please give me a receipt.,मलाई रसिद देऊ न।,en-ne,formal,questions_requests,questions_requests_00012,assistant_curated,training/data/train_clean_en-ne.jsonl
Please pass the phone.,फोन अर्कोलाई देऊ न।,en-ne,informal,questions_requests,questions_requests_00025,assistant_curated,training/data/train_clean_en-ne.jsonl
Please pass the phone.,फोन अर्कोलाई देऊ न।,en-ne,informal,questions_requests,questions_requests_00025,assistant_curated,training/data/train_clean_en-ne.jsonl
Please pass the phone.,फोन अर्कोलाई देऊ न।,en-ne,informal,questions_requests,questions_requests_00025,assistant_curated,training/data/train_clean_en-ne.jsonl
Please pass the phone.,फोन अर्कोलाई देऊ न।,en-ne,informal,questions_requests,questions_requests_00025,assistant_curated,training/data/train_clean_en-ne.jsonl
Please pass the phone.,फोन अर्कोलाई देऊ न।,en-ne,informal,questions_requests,questions_requests_00025,assistant_curated,training/data/train_clean_en-ne.jsonl
Please pass the phone.,फोन अर्कोलाई देऊ न।,en-ne,informal,questions_requests,questions_requests_00025,assistant_curated,training/data/train_clean_en-ne.jsonl
Please pass the phone.,फोन अर्कोलाई देऊ न।,en-ne,informal,questions_requests,questions_requests_00025,assistant_curated,training/data/train_clean_en-ne.jsonl
Please pass the phone.,फोन अर्कोलाई देऊ न।,en-ne,informal,questions_requests,questions_requests_00025,assistant_curated,training/data/train_clean_en-ne.jsonl
One thousand rupees.,एक हजार रुपैयाँ।,en-ne,informal,numbers_money,numbers_money_00004,hand_priority_seed,training/data/train_clean_en-ne.jsonl
One thousand rupees.,एक हजार रुपैयाँ।,en-ne,informal,numbers_money,numbers_money_00004,hand_priority_seed,training/data/train_clean_en-ne.jsonl
One thousand rupees.,एक हजार रुपैयाँ।,en-ne,informal,numbers_money,numbers_money_00004,hand_priority_seed,training/data/train_clean_en-ne.jsonl
One thousand rupees.,एक हजार रुपैयाँ।,en-ne,informal,numbers_money,numbers_money_00004,hand_priority_seed,training/data/train_clean_en-ne.jsonl
Alphabetical List,वर्णानुक्रम अनुसारको सूची,en-ne,informal,government,government_00017,recovered_site_labels_and_manual_normalization,training/data/train_clean_en-ne.jsonl
Alphabetical List,वर्णानुक्रम अनुसारको सूची,en-ne,informal,government,government_00017,recovered_site_labels_and_manual_normalization,training/data/train_clean_en-ne.jsonl
Alphabetical List,वर्णानुक्रम अनुसारको सूची,en-ne,informal,government,government_00017,recovered_site_labels_and_manual_normalization,training/data/train_clean_en-ne.jsonl
Alphabetical List,वर्णानुक्रम अनुसारको सूची,en-ne,informal,government,government_00017,recovered_site_labels_and_manual_normalization,training/data/train_clean_en-ne.jsonl
Where are you from?,तपाईं कहाँबाट आएको?,en-ne,formal,questions_requests,questions_requests_00008,assistant_curated,training/data/train_clean_en-ne.jsonl
Where are you from?,तपाईं कहाँबाट आएको?,en-ne,formal,questions_requests,questions_requests_00008,assistant_curated,training/data/train_clean_en-ne.jsonl
Where are you from?,तपाईं कहाँबाट आएको?,en-ne,formal,questions_requests,questions_requests_00008,assistant_curated,training/data/train_clean_en-ne.jsonl
Where are you from?,तपाईं कहाँबाट आएको?,en-ne,formal,questions_requests,questions_requests_00008,assistant_curated,training/data/train_clean_en-ne.jsonl
Where are you from?,तपाईं कहाँबाट आएको?,en-ne,formal,questions_requests,questions_requests_00008,assistant_curated,training/data/train_clean_en-ne.jsonl
Where are you from?,तपाईं कहाँबाट आएको?,en-ne,formal,questions_requests,questions_requests_00008,assistant_curated,training/data/train_clean_en-ne.jsonl
Where are you from?,तपाईं कहाँबाट आएको?,en-ne,formal,questions_requests,questions_requests_00008,assistant_curated,training/data/train_clean_en-ne.jsonl
Where are you from?,तपाईं कहाँबाट आएको?,en-ne,formal,questions_requests,questions_requests_00008,assistant_curated,training/data/train_clean_en-ne.jsonl
Is this vegetarian?,यो शाकाहारी हो?,en-ne,formal,questions_requests,questions_requests_00014,assistant_curated,training/data/train_clean_en-ne.jsonl
Is this vegetarian?,यो शाकाहारी हो?,en-ne,formal,questions_requests,questions_requests_00014,assistant_curated,training/data/train_clean_en-ne.jsonl
Is this vegetarian?,यो शाकाहारी हो?,en-ne,formal,questions_requests,questions_requests_00014,assistant_curated,training/data/train_clean_en-ne.jsonl
Is this vegetarian?,यो शाकाहारी हो?,en-ne,formal,questions_requests,questions_requests_00014,assistant_curated,training/data/train_clean_en-ne.jsonl
Is this vegetarian?,यो शाकाहारी हो?,en-ne,formal,questions_requests,questions_requests_00014,assistant_curated,training/data/train_clean_en-ne.jsonl
Is this vegetarian?,यो शाकाहारी हो?,en-ne,formal,questions_requests,questions_requests_00014,assistant_curated,training/data/train_clean_en-ne.jsonl
Is this vegetarian?,यो शाकाहारी हो?,en-ne,formal,questions_requests,questions_requests_00014,assistant_curated,training/data/train_clean_en-ne.jsonl
Is this vegetarian?,यो शाकाहारी हो?,en-ne,formal,questions_requests,questions_requests_00014,assistant_curated,training/data/train_clean_en-ne.jsonl
I have a fever.,मलाई ज्वरो आएको छ।,en-ne,formal,health,health_00001,hand_priority_seed,training/data/train_clean_en-ne.jsonl
I have a fever.,मलाई ज्वरो आएको छ।,en-ne,formal,health,health_00001,hand_priority_seed,training/data/train_clean_en-ne.jsonl
I have a fever.,मलाई ज्वरो आएको छ।,en-ne,formal,health,health_00001,hand_priority_seed,training/data/train_clean_en-ne.jsonl
I have a fever.,मलाई ज्वरो आएको छ।,en-ne,formal,health,health_00001,hand_priority_seed,training/data/train_clean_en-ne.jsonl
I have a fever.,मलाई ज्वरो आएको छ।,en-ne,formal,health,health_00001,hand_priority_seed,training/data/train_clean_en-ne.jsonl
I have a fever.,मलाई ज्वरो आएको छ।,en-ne,formal,health,health_00001,hand_priority_seed,training/data/train_clean_en-ne.jsonl
I have a fever.,मलाई ज्वरो आएको छ।,en-ne,formal,health,health_00001,hand_priority_seed,training/data/train_clean_en-ne.jsonl
I have a fever.,मलाई ज्वरो आएको छ।,en-ne,formal,health,health_00001,hand_priority_seed,training/data/train_clean_en-ne.jsonl
Do you have a smaller size?,साना साइज छ?,en-ne,informal,shopping,shopping_00004,hand_priority_seed,training/data/train_clean_en-ne.jsonl
Do you have a smaller size?,साना साइज छ?,en-ne,informal,shopping,shopping_00004,hand_priority_seed,training/data/train_clean_en-ne.jsonl
Do you have a smaller size?,साना साइज छ?,en-ne,informal,shopping,shopping_00004,hand_priority_seed,training/data/train_clean_en-ne.jsonl
Do you have a smaller size?,साना साइज छ?,en-ne,informal,shopping,shopping_00004,hand_priority_seed,training/data/train_clean_en-ne.jsonl
Please check the translation.,कृपया अनुवाद जाँच गर्नुहोस्।,en-ne,formal,questions_requests,questions_requests_00028,assistant_curated,training/data/train_clean_en-ne.jsonl
Please check the translation.,कृपया अनुवाद जाँच गर्नुहोस्।,en-ne,formal,questions_requests,questions_requests_00028,assistant_curated,training/data/train_clean_en-ne.jsonl
Please check the translation.,कृपया अनुवाद जाँच गर्नुहोस्।,en-ne,formal,questions_requests,questions_requests_00028,assistant_curated,training/data/train_clean_en-ne.jsonl
Please check the translation.,कृपया अनुवाद जाँच गर्नुहोस्।,en-ne,formal,questions_requests,questions_requests_00028,assistant_curated,training/data/train_clean_en-ne.jsonl
Please check the translation.,कृपया अनुवाद जाँच गर्नुहोस्।,en-ne,formal,questions_requests,questions_requests_00028,assistant_curated,training/data/train_clean_en-ne.jsonl
Please check the translation.,कृपया अनुवाद जाँच गर्नुहोस्।,en-ne,formal,questions_requests,questions_requests_00028,assistant_curated,training/data/train_clean_en-ne.jsonl
Please check the translation.,कृपया अनुवाद जाँच गर्नुहोस्।,en-ne,formal,questions_requests,questions_requests_00028,assistant_curated,training/data/train_clean_en-ne.jsonl
Please check the translation.,कृपया अनुवाद जाँच गर्नुहोस्।,en-ne,formal,questions_requests,questions_requests_00028,assistant_curated,training/data/train_clean_en-ne.jsonl
Next,अर्को,en-ne,formal,government,government_00046,recovered_site_labels_and_manual_normalization,training/data/train_clean_en-ne.jsonl
Next,अर्को,en-ne,formal,government,government_00046,recovered_site_labels_and_manual_normalization,training/data/train_clean_en-ne.jsonl
Next,अर्को,en-ne,formal,government,government_00046,recovered_site_labels_and_manual_normalization,training/data/train_clean_en-ne.jsonl
Next,अर्को,en-ne,formal,government,government_00046,recovered_site_labels_and_manual_normalization,training/data/train_clean_en-ne.jsonl
Constitution,संविधान,en-ne,formal,government,government_00013,recovered_site_labels_and_manual_normalization,training/data/train_clean_en-ne.jsonl
Constitution,संविधान,en-ne,formal,government,government_00013,recovered_site_labels_and_manual_normalization,training/data/train_clean_en-ne.jsonl
Constitution,संविधान,en-ne,formal,government,government_00013,recovered_site_labels_and_manual_normalization,training/data/train_clean_en-ne.jsonl
Constitution,संविधान,en-ne,formal,government,government_00013,recovered_site_labels_and_manual_normalization,training/data/train_clean_en-ne.jsonl
Ordinances,अध्यादेश,en-ne,informal,government,government_00018,recovered_site_labels_and_manual_normalization,training/data/train_clean_en-ne.jsonl
Ordinances,अध्यादेश,en-ne,informal,government,government_00018,recovered_site_labels_and_manual_normalization,training/data/train_clean_en-ne.jsonl
Ordinances,अध्यादेश,en-ne,informal,government,government_00018,recovered_site_labels_and_manual_normalization,training/data/train_clean_en-ne.jsonl
Ordinances,अध्यादेश,en-ne,informal,government,government_00018,recovered_site_labels_and_manual_normalization,training/data/train_clean_en-ne.jsonl
"The Nepal Law Commission (NLC) was first constituted by an executive decision in 1953, immediately after the dawn of multiparty democracy. The second, third, fourth and fifth Commissions were constituted in 1960, 1963, 1972 and 1979 respectively. All those Commissions were temporary in nature. The NLC was given permanent status only in 1984. After the restoration of multiparty democracy in 1990, the NLC was restructured with the mandate commensurate to the changed context. It was again restructured in 2003 with timely changes in its mandate and composition. Now, the Commission is a statutory body under the Nepal Law Commission Act, 2007, which was promulgated on 14th January, 2007. It is to","(क) ल कमिशन, २०१०ः नेपालमा सर्वप्रथम २०१०।९।६।१ को मन्त्रिमण्डलको निर्णय बमोजिम पहिलो ल कमिशनको गठन भएको हो। उक्त कमिशनको गठनविधि, कार्य प्रणाली, कार्यावधि आदिका सम्बन्धमा मिति २०१०।११।११ मा नेपाल गजेटमा प्रकाशित सरकारको विज्ञप्तिमा उल्लेख गरिएको थियो।",en-ne,formal,government,government_00055,law_gov,training/data/train_clean_en-ne.jsonl
"The Nepal Law Commission (NLC) was first constituted by an executive decision in 1953, immediately after the dawn of multiparty democracy. The second, third, fourth and fifth Commissions were constituted in 1960, 1963, 1972 and 1979 respectively. All those Commissions were temporary in nature. The NLC was given permanent status only in 1984. After the restoration of multiparty democracy in 1990, the NLC was restructured with the mandate commensurate to the changed context. It was again restructured in 2003 with timely changes in its mandate and composition. Now, the Commission is a statutory body under the Nepal Law Commission Act, 2007, which was promulgated on 14th January, 2007. It is to","(क) ल कमिशन, २०१०ः नेपालमा सर्वप्रथम २०१०।९।६।१ को मन्त्रिमण्डलको निर्णय बमोजिम पहिलो ल कमिशनको गठन भएको हो। उक्त कमिशनको गठनविधि, कार्य प्रणाली, कार्यावधि आदिका सम्बन्धमा मिति २०१०।११।११ मा नेपाल गजेटमा प्रकाशित सरकारको विज्ञप्तिमा उल्लेख गरिएको थियो।",en-ne,formal,government,government_00055,law_gov,training/data/train_clean_en-ne.jsonl
"The Nepal Law Commission (NLC) was first constituted by an executive decision in 1953, immediately after the dawn of multiparty democracy. The second, third, fourth and fifth Commissions were constituted in 1960, 1963, 1972 and 1979 respectively. All those Commissions were temporary in nature. The NLC was given permanent status only in 1984. After the restoration of multiparty democracy in 1990, the NLC was restructured with the mandate commensurate to the changed context. It was again restructured in 2003 with timely changes in its mandate and composition. Now, the Commission is a statutory body under the Nepal Law Commission Act, 2007, which was promulgated on 14th January, 2007. It is to","(क) ल कमिशन, २०१०ः नेपालमा सर्वप्रथम २०१०।९।६।१ को मन्त्रिमण्डलको निर्णय बमोजिम पहिलो ल कमिशनको गठन भएको हो। उक्त कमिशनको गठनविधि, कार्य प्रणाली, कार्यावधि आदिका सम्बन्धमा मिति २०१०।११।११ मा नेपाल गजेटमा प्रकाशित सरकारको विज्ञप्तिमा उल्लेख गरिएको थियो।",en-ne,formal,government,government_00055,law_gov,training/data/train_clean_en-ne.jsonl
"The Nepal Law Commission (NLC) was first constituted by an executive decision in 1953, immediately after the dawn of multiparty democracy. The second, third, fourth and fifth Commissions were constituted in 1960, 1963, 1972 and 1979 respectively. All those Commissions were temporary in nature. The NLC was given permanent status only in 1984. After the restoration of multiparty democracy in 1990, the NLC was restructured with the mandate commensurate to the changed context. It was again restructured in 2003 with timely changes in its mandate and composition. Now, the Commission is a statutory body under the Nepal Law Commission Act, 2007, which was promulgated on 14th January, 2007. It is to","(क) ल कमिशन, २०१०ः नेपालमा सर्वप्रथम २०१०।९।६।१ को मन्त्रिमण्डलको निर्णय बमोजिम पहिलो ल कमिशनको गठन भएको हो। उक्त कमिशनको गठनविधि, कार्य प्रणाली, कार्यावधि आदिका सम्बन्धमा मिति २०१०।११।११ मा नेपाल गजेटमा प्रकाशित सरकारको विज्ञप्तिमा उल्लेख गरिएको थियो।",en-ne,formal,government,government_00055,law_gov,training/data/train_clean_en-ne.jsonl
I want this one.,म यो चाहन्छु।,en-ne,informal,shopping,shopping_00002,hand_priority_seed,training/data/train_clean_en-ne.jsonl
I want this one.,म यो चाहन्छु।,en-ne,informal,shopping,shopping_00002,hand_priority_seed,training/data/train_clean_en-ne.jsonl
I want this one.,म यो चाहन्छु।,en-ne,informal,shopping,shopping_00002,hand_priority_seed,training/data/train_clean_en-ne.jsonl
I want this one.,म यो चाहन्छु।,en-ne,informal,shopping,shopping_00002,hand_priority_seed,training/data/train_clean_en-ne.jsonl
"The Nepal Law Commission (NLC) was first constituted by an executive decision in 1953, immediately after the dawn of multiparty democracy. The second, third, fourth and fifth Commissions were constituted in 1960, 1963, 1972 and 1979 respectively. All those Commissions were temporary in nature. The NLC was given permanent status only in 1984. After the restoration of multiparty democracy in 1990, the NLC was restructured with the mandate commensurate to the changed context. It was again restructured in 2003 with timely changes in its mandate and composition. Now, the Commission is a statutory body under the Nepal Law Commission Act, 2007, which was promulgated on 14th January, 2007. It is to","(क) ल कमिशन, २०१०ः नेपालमा सर्वप्रथम २०१०।९।६।१ को मन्त्रिमण्डलको निर्णय बमोजिम पहिलो ल कमिशनको गठन भएको हो। उक्त कमिशनको गठनविधि, कार्य प्रणाली, कार्यावधि आदिका सम्बन्धमा मिति २०१०।११।११ मा नेपाल गजेटमा प्रकाशित सरकारको विज्ञप्तिमा उल्लेख गरिएको थियो।",en-ne,informal,government,government_00055,law_gov,training/data/train_clean_en-ne.jsonl
"The Nepal Law Commission (NLC) was first constituted by an executive decision in 1953, immediately after the dawn of multiparty democracy. The second, third, fourth and fifth Commissions were constituted in 1960, 1963, 1972 and 1979 respectively. All those Commissions were temporary in nature. The NLC was given permanent status only in 1984. After the restoration of multiparty democracy in 1990, the NLC was restructured with the mandate commensurate to the changed context. It was again restructured in 2003 with timely changes in its mandate and composition. Now, the Commission is a statutory body under the Nepal Law Commission Act, 2007, which was promulgated on 14th January, 2007. It is to","(क) ल कमिशन, २०१०ः नेपालमा सर्वप्रथम २०१०।९।६।१ को मन्त्रिमण्डलको निर्णय बमोजिम पहिलो ल कमिशनको गठन भएको हो। उक्त कमिशनको गठनविधि, कार्य प्रणाली, कार्यावधि आदिका सम्बन्धमा मिति २०१०।११।११ मा नेपाल गजेटमा प्रकाशित सरकारको विज्ञप्तिमा उल्लेख गरिएको थियो।",en-ne,informal,government,government_00055,law_gov,training/data/train_clean_en-ne.jsonl
"The Nepal Law Commission (NLC) was first constituted by an executive decision in 1953, immediately after the dawn of multiparty democracy. The second, third, fourth and fifth Commissions were constituted in 1960, 1963, 1972 and 1979 respectively. All those Commissions were temporary in nature. The NLC was given permanent status only in 1984. After the restoration of multiparty democracy in 1990, the NLC was restructured with the mandate commensurate to the changed context. It was again restructured in 2003 with timely changes in its mandate and composition. Now, the Commission is a statutory body under the Nepal Law Commission Act, 2007, which was promulgated on 14th January, 2007. It is to","(क) ल कमिशन, २०१०ः नेपालमा सर्वप्रथम २०१०।९।६।१ को मन्त्रिमण्डलको निर्णय बमोजिम पहिलो ल कमिशनको गठन भएको हो। उक्त कमिशनको गठनविधि, कार्य प्रणाली, कार्यावधि आदिका सम्बन्धमा मिति २०१०।११।११ मा नेपाल गजेटमा प्रकाशित सरकारको विज्ञप्तिमा उल्लेख गरिएको थियो।",en-ne,informal,government,government_00055,law_gov,training/data/train_clean_en-ne.jsonl
"The Nepal Law Commission (NLC) was first constituted by an executive decision in 1953, immediately after the dawn of multiparty democracy. The second, third, fourth and fifth Commissions were constituted in 1960, 1963, 1972 and 1979 respectively. All those Commissions were temporary in nature. The NLC was given permanent status only in 1984. After the restoration of multiparty democracy in 1990, the NLC was restructured with the mandate commensurate to the changed context. It was again restructured in 2003 with timely changes in its mandate and composition. Now, the Commission is a statutory body under the Nepal Law Commission Act, 2007, which was promulgated on 14th January, 2007. It is to","(क) ल कमिशन, २०१०ः नेपालमा सर्वप्रथम २०१०।९।६।१ को मन्त्रिमण्डलको निर्णय बमोजिम पहिलो ल कमिशनको गठन भएको हो। उक्त कमिशनको गठनविधि, कार्य प्रणाली, कार्यावधि आदिका सम्बन्धमा मिति २०१०।११।११ मा नेपाल गजेटमा प्रकाशित सरकारको विज्ञप्तिमा उल्लेख गरिएको थियो।",en-ne,informal,government,government_00055,law_gov,training/data/train_clean_en-ne.jsonl
Could you write it down?,के तिमी लेखिदिन सक्छौ?,en-ne,informal,questions_requests,questions_requests_00004,hand_priority_seed,training/data/train_clean_en-ne.jsonl
Could you write it down?,के तिमी लेखिदिन सक्छौ?,en-ne,informal,questions_requests,questions_requests_00004,hand_priority_seed,training/data/train_clean_en-ne.jsonl
Could you write it down?,के तिमी लेखिदिन सक्छौ?,en-ne,informal,questions_requests,questions_requests_00004,hand_priority_seed,training/data/train_clean_en-ne.jsonl
Could you write it down?,के तिमी लेखिदिन सक्छौ?,en-ne,informal,questions_requests,questions_requests_00004,hand_priority_seed,training/data/train_clean_en-ne.jsonl
Could you write it down?,के तिमी लेखिदिन सक्छौ?,en-ne,informal,questions_requests,questions_requests_00004,hand_priority_seed,training/data/train_clean_en-ne.jsonl
Could you write it down?,के तिमी लेखिदिन सक्छौ?,en-ne,informal,questions_requests,questions_requests_00004,hand_priority_seed,training/data/train_clean_en-ne.jsonl
Could you write it down?,के तिमी लेखिदिन सक्छौ?,en-ne,informal,questions_requests,questions_requests_00004,hand_priority_seed,training/data/train_clean_en-ne.jsonl
Could you write it down?,के तिमी लेखिदिन सक्छौ?,en-ne,informal,questions_requests,questions_requests_00004,hand_priority_seed,training/data/train_clean_en-ne.jsonl
Cancel,रद्द गर,en-ne,informal,government,government_00048,recovered_site_labels_and_manual_normalization,training/data/train_clean_en-ne.jsonl
Cancel,रद्द गर,en-ne,informal,government,government_00048,recovered_site_labels_and_manual_normalization,training/data/train_clean_en-ne.jsonl
Cancel,रद्द गर,en-ne,informal,government,government_00048,recovered_site_labels_and_manual_normalization,training/data/train_clean_en-ne.jsonl
Cancel,रद्द गर,en-ne,informal,government,government_00048,recovered_site_labels_and_manual_normalization,training/data/train_clean_en-ne.jsonl
Can I pay by card?,के म कार्डले तिर्न सक्छु?,en-ne,informal,shopping,shopping_00007,assistant_curated,training/data/train_clean_en-ne.jsonl
Can I pay by card?,के म कार्डले तिर्न सक्छु?,en-ne,informal,shopping,shopping_00007,assistant_curated,training/data/train_clean_en-ne.jsonl
Can I pay by card?,के म कार्डले तिर्न सक्छु?,en-ne,informal,shopping,shopping_00007,assistant_curated,training/data/train_clean_en-ne.jsonl
Can I pay by card?,के म कार्डले तिर्न सक्छु?,en-ne,informal,shopping,shopping_00007,assistant_curated,training/data/train_clean_en-ne.jsonl
Would you like some tea?,के तपाईं चिया खानुहुन्छ?,en-ne,formal,pronouns_honorifics,pronouns_honorifics_00003,hand_priority_seed,training/data/train_clean_en-ne.jsonl
Would you like some tea?,के तपाईं चिया खानुहुन्छ?,en-ne,formal,pronouns_honorifics,pronouns_honorifics_00003,hand_priority_seed,training/data/train_clean_en-ne.jsonl
Would you like some tea?,के तपाईं चिया खानुहुन्छ?,en-ne,formal,pronouns_honorifics,pronouns_honorifics_00003,hand_priority_seed,training/data/train_clean_en-ne.jsonl
Would you like some tea?,के तपाईं चिया खानुहुन्छ?,en-ne,formal,pronouns_honorifics,pronouns_honorifics_00003,hand_priority_seed,training/data/train_clean_en-ne.jsonl
Would you like some tea?,के तपाईं चिया खानुहुन्छ?,en-ne,formal,pronouns_honorifics,pronouns_honorifics_00003,hand_priority_seed,training/data/train_clean_en-ne.jsonl
Would you like some tea?,के तपाईं चिया खानुहुन्छ?,en-ne,formal,pronouns_honorifics,pronouns_honorifics_00003,hand_priority_seed,training/data/train_clean_en-ne.jsonl
Would you like some tea?,के तपाईं चिया खानुहुन्छ?,en-ne,formal,pronouns_honorifics,pronouns_honorifics_00003,hand_priority_seed,training/data/train_clean_en-ne.jsonl
Would you like some tea?,के तपाईं चिया खानुहुन्छ?,en-ne,formal,pronouns_honorifics,pronouns_honorifics_00003,hand_priority_seed,training/data/train_clean_en-ne.jsonl
I have an allergy.,मलाई एलर्जी छ।,en-ne,informal,core_grammar,core_grammar_00018,assistant_curated,training/data/train_clean_en-ne.jsonl
I have an allergy.,मलाई एलर्जी छ।,en-ne,informal,core_grammar,core_grammar_00018,assistant_curated,training/data/train_clean_en-ne.jsonl
I have an allergy.,मलाई एलर्जी छ।,en-ne,informal,core_grammar,core_grammar_00018,assistant_curated,training/data/train_clean_en-ne.jsonl
I have an allergy.,मलाई एलर्जी छ।,en-ne,informal,core_grammar,core_grammar_00018,assistant_curated,training/data/train_clean_en-ne.jsonl
Where can I buy a SIM card?,सिम कार्ड कहाँ किन्न सकिन्छ?,en-ne,informal,travel,travel_00007,hand_priority_seed,training/data/train_clean_en-ne.jsonl
Where can I buy a SIM card?,सिम कार्ड कहाँ किन्न सकिन्छ?,en-ne,informal,travel,travel_00007,hand_priority_seed,training/data/train_clean_en-ne.jsonl
Where can I buy a SIM card?,सिम कार्ड कहाँ किन्न सकिन्छ?,en-ne,informal,travel,travel_00007,hand_priority_seed,training/data/train_clean_en-ne.jsonl
Where can I buy a SIM card?,सिम कार्ड कहाँ किन्न सकिन्छ?,en-ne,informal,travel,travel_00007,hand_priority_seed,training/data/train_clean_en-ne.jsonl
Where can I buy a SIM card?,सिम कार्ड कहाँ किन्न सकिन्छ?,en-ne,informal,travel,travel_00007,hand_priority_seed,training/data/train_clean_en-ne.jsonl
Where can I buy a SIM card?,सिम कार्ड कहाँ किन्न सकिन्छ?,en-ne,informal,travel,travel_00007,hand_priority_seed,training/data/train_clean_en-ne.jsonl
Where can I buy a SIM card?,सिम कार्ड कहाँ किन्न सकिन्छ?,en-ne,informal,travel,travel_00007,hand_priority_seed,training/data/train_clean_en-ne.jsonl
Where can I buy a SIM card?,सिम कार्ड कहाँ किन्न सकिन्छ?,en-ne,informal,travel,travel_00007,hand_priority_seed,training/data/train_clean_en-ne.jsonl
Alphabetical List,वर्णानुक्रम अनुसारको सूची,en-ne,formal,government,government_00017,recovered_site_labels_and_manual_normalization,training/data/train_clean_en-ne.jsonl
Alphabetical List,वर्णानुक्रम अनुसारको सूची,en-ne,formal,government,government_00017,recovered_site_labels_and_manual_normalization,training/data/train_clean_en-ne.jsonl
Alphabetical List,वर्णानुक्रम अनुसारको सूची,en-ne,formal,government,government_00017,recovered_site_labels_and_manual_normalization,training/data/train_clean_en-ne.jsonl
Alphabetical List,वर्णानुक्रम अनुसारको सूची,en-ne,formal,government,government_00017,recovered_site_labels_and_manual_normalization,training/data/train_clean_en-ne.jsonl
That translation is wrong.,त्यो अनुवाद गलत छ।,en-ne,informal,core_grammar,core_grammar_00032,assistant_curated,training/data/train_clean_en-ne.jsonl
That translation is wrong.,त्यो अनुवाद गलत छ।,en-ne,informal,core_grammar,core_grammar_00032,assistant_curated,training/data/train_clean_en-ne.jsonl
That translation is wrong.,त्यो अनुवाद गलत छ।,en-ne,informal,core_grammar,core_grammar_00032,assistant_curated,training/data/train_clean_en-ne.jsonl
That translation is wrong.,त्यो अनुवाद गलत छ।,en-ne,informal,core_grammar,core_grammar_00032,assistant_curated,training/data/train_clean_en-ne.jsonl
I feel dizzy.,मलाई टाउको घुमेको छ।,en-ne,formal,health,health_00002,hand_priority_seed,training/data/train_clean_en-ne.jsonl
I feel dizzy.,मलाई टाउको घुमेको छ।,en-ne,formal,health,health_00002,hand_priority_seed,training/data/train_clean_en-ne.jsonl
I feel dizzy.,मलाई टाउको घुमेको छ।,en-ne,formal,health,health_00002,hand_priority_seed,training/data/train_clean_en-ne.jsonl
I feel dizzy.,मलाई टाउको घुमेको छ।,en-ne,formal,health,health_00002,hand_priority_seed,training/data/train_clean_en-ne.jsonl
I feel dizzy.,मलाई टाउको घुमेको छ।,en-ne,formal,health,health_00002,hand_priority_seed,training/data/train_clean_en-ne.jsonl
I feel dizzy.,मलाई टाउको घुमेको छ।,en-ne,formal,health,health_00002,hand_priority_seed,training/data/train_clean_en-ne.jsonl
I feel dizzy.,मलाई टाउको घुमेको छ।,en-ne,formal,health,health_00002,hand_priority_seed,training/data/train_clean_en-ne.jsonl
I feel dizzy.,मलाई टाउको घुमेको छ।,en-ne,formal,health,health_00002,hand_priority_seed,training/data/train_clean_en-ne.jsonl
Is this the way to Thamel?,के यो ठमेल जाने बाटो हो?,en-ne,informal,travel,travel_00003,hand_priority_seed,training/data/train_clean_en-ne.jsonl
Is this the way to Thamel?,के यो ठमेल जाने बाटो हो?,en-ne,informal,travel,travel_00003,hand_priority_seed,training/data/train_clean_en-ne.jsonl
Is this the way to Thamel?,के यो ठमेल जाने बाटो हो?,en-ne,informal,travel,travel_00003,hand_priority_seed,training/data/train_clean_en-ne.jsonl
Is this the way to Thamel?,के यो ठमेल जाने बाटो हो?,en-ne,informal,travel,travel_00003,hand_priority_seed,training/data/train_clean_en-ne.jsonl
Is this the way to Thamel?,के यो ठमेल जाने बाटो हो?,en-ne,informal,travel,travel_00003,hand_priority_seed,training/data/train_clean_en-ne.jsonl
Is this the way to Thamel?,के यो ठमेल जाने बाटो हो?,en-ne,informal,travel,travel_00003,hand_priority_seed,training/data/train_clean_en-ne.jsonl
Is this the way to Thamel?,के यो ठमेल जाने बाटो हो?,en-ne,informal,travel,travel_00003,hand_priority_seed,training/data/train_clean_en-ne.jsonl
Is this the way to Thamel?,के यो ठमेल जाने बाटो हो?,en-ne,informal,travel,travel_00003,hand_priority_seed,training/data/train_clean_en-ne.jsonl
Annual Report,वार्षिक प्रतिवेदन,en-ne,informal,government,government_00030,recovered_site_labels_and_manual_normalization,training/data/train_clean_en-ne.jsonl
Annual Report,वार्षिक प्रतिवेदन,en-ne,informal,government,government_00030,recovered_site_labels_and_manual_normalization,training/data/train_clean_en-ne.jsonl
Annual Report,वार्षिक प्रतिवेदन,en-ne,informal,government,government_00030,recovered_site_labels_and_manual_normalization,training/data/train_clean_en-ne.jsonl
Annual Report,वार्षिक प्रतिवेदन,en-ne,informal,government,government_00030,recovered_site_labels_and_manual_normalization,training/data/train_clean_en-ne.jsonl
Repealed Acts,खारेज भएका ऐन,en-ne,informal,government,government_00022,recovered_site_labels_and_manual_normalization,training/data/train_clean_en-ne.jsonl
Repealed Acts,खारेज भएका ऐन,en-ne,informal,government,government_00022,recovered_site_labels_and_manual_normalization,training/data/train_clean_en-ne.jsonl
Repealed Acts,खारेज भएका ऐन,en-ne,informal,government,government_00022,recovered_site_labels_and_manual_normalization,training/data/train_clean_en-ne.jsonl
Repealed Acts,खारेज भएका ऐन,en-ne,informal,government,government_00022,recovered_site_labels_and_manual_normalization,training/data/train_clean_en-ne.jsonl
"New Baneshwor, Kathmandu","नयाँ बानेश्वर, काठमाडौं",en-ne,formal,government,government_00037,recovered_site_labels_and_manual_normalization,training/data/train_clean_en-ne.jsonl
"New Baneshwor, Kathmandu","नयाँ बानेश्वर, काठमाडौं",en-ne,formal,government,government_00037,recovered_site_labels_and_manual_normalization,training/data/train_clean_en-ne.jsonl
"New Baneshwor, Kathmandu","नयाँ बानेश्वर, काठमाडौं",en-ne,formal,government,government_00037,recovered_site_labels_and_manual_normalization,training/data/train_clean_en-ne.jsonl
"New Baneshwor, Kathmandu","नयाँ बानेश्वर, काठमाडौं",en-ne,formal,government,government_00037,recovered_site_labels_and_manual_normalization,training/data/train_clean_en-ne.jsonl
One thousand rupees.,एक हजार रुपैयाँ।,en-ne,formal,numbers_money,numbers_money_00004,hand_priority_seed,training/data/train_clean_en-ne.jsonl
One thousand rupees.,एक हजार रुपैयाँ।,en-ne,formal,numbers_money,numbers_money_00004,hand_priority_seed,training/data/train_clean_en-ne.jsonl
One thousand rupees.,एक हजार रुपैयाँ।,en-ne,formal,numbers_money,numbers_money_00004,hand_priority_seed,training/data/train_clean_en-ne.jsonl
One thousand rupees.,एक हजार रुपैयाँ।,en-ne,formal,numbers_money,numbers_money_00004,hand_priority_seed,training/data/train_clean_en-ne.jsonl
Do you understand?,के तिमी बुझ्छौ?,en-ne,informal,questions_requests,questions_requests_00002,hand_priority_seed,training/data/train_clean_en-ne.jsonl
Do you understand?,के तिमी बुझ्छौ?,en-ne,informal,questions_requests,questions_requests_00002,hand_priority_seed,training/data/train_clean_en-ne.jsonl
Do you understand?,के तिमी बुझ्छौ?,en-ne,informal,questions_requests,questions_requests_00002,hand_priority_seed,training/data/train_clean_en-ne.jsonl
Do you understand?,के तिमी बुझ्छौ?,en-ne,informal,questions_requests,questions_requests_00002,hand_priority_seed,training/data/train_clean_en-ne.jsonl
Do you understand?,के तिमी बुझ्छौ?,en-ne,informal,questions_requests,questions_requests_00002,hand_priority_seed,training/data/train_clean_en-ne.jsonl
Do you understand?,के तिमी बुझ्छौ?,en-ne,informal,questions_requests,questions_requests_00002,hand_priority_seed,training/data/train_clean_en-ne.jsonl
Do you understand?,के तिमी बुझ्छौ?,en-ne,informal,questions_requests,questions_requests_00002,hand_priority_seed,training/data/train_clean_en-ne.jsonl
Do you understand?,के तिमी बुझ्छौ?,en-ne,informal,questions_requests,questions_requests_00002,hand_priority_seed,training/data/train_clean_en-ne.jsonl
That translation is wrong.,त्यो अनुवाद गलत छ।,en-ne,formal,core_grammar,core_grammar_00032,assistant_curated,training/data/train_clean_en-ne.jsonl
That translation is wrong.,त्यो अनुवाद गलत छ।,en-ne,formal,core_grammar,core_grammar_00032,assistant_curated,training/data/train_clean_en-ne.jsonl
That translation is wrong.,त्यो अनुवाद गलत छ।,en-ne,formal,core_grammar,core_grammar_00032,assistant_curated,training/data/train_clean_en-ne.jsonl
That translation is wrong.,त्यो अनुवाद गलत छ।,en-ne,formal,core_grammar,core_grammar_00032,assistant_curated,training/data/train_clean_en-ne.jsonl
I am pregnant.,म गर्भवती छु।,en-ne,informal,health,health_00005,hand_priority_seed,training/data/train_clean_en-ne.jsonl
I am pregnant.,म गर्भवती छु।,en-ne,informal,health,health_00005,hand_priority_seed,training/data/train_clean_en-ne.jsonl
I am pregnant.,म गर्भवती छु।,en-ne,informal,health,health_00005,hand_priority_seed,training/data/train_clean_en-ne.jsonl
I am pregnant.,म गर्भवती छु।,en-ne,informal,health,health_00005,hand_priority_seed,training/data/train_clean_en-ne.jsonl
I am pregnant.,म गर्भवती छु।,en-ne,informal,health,health_00005,hand_priority_seed,training/data/train_clean_en-ne.jsonl
I am pregnant.,म गर्भवती छु।,en-ne,informal,health,health_00005,hand_priority_seed,training/data/train_clean_en-ne.jsonl
I am pregnant.,म गर्भवती छु।,en-ne,informal,health,health_00005,hand_priority_seed,training/data/train_clean_en-ne.jsonl
I am pregnant.,म गर्भवती छु।,en-ne,informal,health,health_00005,hand_priority_seed,training/data/train_clean_en-ne.jsonl
Suggestions and Complaints,सुझाव र गुनासो,en-ne,informal,government,government_00033,recovered_site_labels_and_manual_normalization,training/data/train_clean_en-ne.jsonl
Suggestions and Complaints,सुझाव र गुनासो,en-ne,informal,government,government_00033,recovered_site_labels_and_manual_normalization,training/data/train_clean_en-ne.jsonl
Suggestions and Complaints,सुझाव र गुनासो,en-ne,informal,government,government_00033,recovered_site_labels_and_manual_normalization,training/data/train_clean_en-ne.jsonl
Suggestions and Complaints,सुझाव र गुनासो,en-ne,informal,government,government_00033,recovered_site_labels_and_manual_normalization,training/data/train_clean_en-ne.jsonl
This is good.,यो राम्रो छ।,en-ne,informal,core_grammar,core_grammar_00001,hand_priority_seed,training/data/train_clean_en-ne.jsonl
This is good.,यो राम्रो छ।,en-ne,informal,core_grammar,core_grammar_00001,hand_priority_seed,training/data/train_clean_en-ne.jsonl
This is good.,यो राम्रो छ।,en-ne,informal,core_grammar,core_grammar_00001,hand_priority_seed,training/data/train_clean_en-ne.jsonl
This is good.,यो राम्रो छ।,en-ne,informal,core_grammar,core_grammar_00001,hand_priority_seed,training/data/train_clean_en-ne.jsonl
This is my family.,यो मेरो परिवार हो।,en-ne,formal,family,family_00001,hand_priority_seed,training/data/train_clean_en-ne.jsonl
This is my family.,यो मेरो परिवार हो।,en-ne,formal,family,family_00001,hand_priority_seed,training/data/train_clean_en-ne.jsonl
This is my family.,यो मेरो परिवार हो।,en-ne,formal,family,family_00001,hand_priority_seed,training/data/train_clean_en-ne.jsonl
This is my family.,यो मेरो परिवार हो।,en-ne,formal,family,family_00001,hand_priority_seed,training/data/train_clean_en-ne.jsonl
Please try again.,कृपया फेरि प्रयास गर्नुहोस्।,en-ne,formal,questions_requests,questions_requests_00026,assistant_curated,training/data/train_clean_en-ne.jsonl
Please try again.,कृपया फेरि प्रयास गर्नुहोस्।,en-ne,formal,questions_requests,questions_requests_00026,assistant_curated,training/data/train_clean_en-ne.jsonl
Please try again.,कृपया फेरि प्रयास गर्नुहोस्।,en-ne,formal,questions_requests,questions_requests_00026,assistant_curated,training/data/train_clean_en-ne.jsonl
Please try again.,कृपया फेरि प्रयास गर्नुहोस्।,en-ne,formal,questions_requests,questions_requests_00026,assistant_curated,training/data/train_clean_en-ne.jsonl
Please try again.,कृपया फेरि प्रयास गर्नुहोस्।,en-ne,formal,questions_requests,questions_requests_00026,assistant_curated,training/data/train_clean_en-ne.jsonl
Please try again.,कृपया फेरि प्रयास गर्नुहोस्।,en-ne,formal,questions_requests,questions_requests_00026,assistant_curated,training/data/train_clean_en-ne.jsonl
Please try again.,कृपया फेरि प्रयास गर्नुहोस्।,en-ne,formal,questions_requests,questions_requests_00026,assistant_curated,training/data/train_clean_en-ne.jsonl
Please try again.,कृपया फेरि प्रयास गर्नुहोस्।,en-ne,formal,questions_requests,questions_requests_00026,assistant_curated,training/data/train_clean_en-ne.jsonl
Previous,अघिल्लो,en-ne,informal,government,government_00045,recovered_site_labels_and_manual_normalization,training/data/train_clean_en-ne.jsonl
Previous,अघिल्लो,en-ne,informal,government,government_00045,recovered_site_labels_and_manual_normalization,training/data/train_clean_en-ne.jsonl
Previous,अघिल्लो,en-ne,informal,government,government_00045,recovered_site_labels_and_manual_normalization,training/data/train_clean_en-ne.jsonl
Previous,अघिल्लो,en-ne,informal,government,government_00045,recovered_site_labels_and_manual_normalization,training/data/train_clean_en-ne.jsonl
Home,गृहपृष्ठ,en-ne,formal,government,government_00042,recovered_site_labels_and_manual_normalization,training/data/train_clean_en-ne.jsonl
Home,गृहपृष्ठ,en-ne,formal,government,government_00042,recovered_site_labels_and_manual_normalization,training/data/train_clean_en-ne.jsonl
Home,गृहपृष्ठ,en-ne,formal,government,government_00042,recovered_site_labels_and_manual_normalization,training/data/train_clean_en-ne.jsonl
Home,गृहपृष्ठ,en-ne,formal,government,government_00042,recovered_site_labels_and_manual_normalization,training/data/train_clean_en-ne.jsonl
Where are you going?,तपाईं कहाँ जाँदै हुनुहुन्छ?,en-ne,formal,pronouns_honorifics,pronouns_honorifics_00001,hand_priority_seed,training/data/train_clean_en-ne.jsonl
Where are you going?,तपाईं कहाँ जाँदै हुनुहुन्छ?,en-ne,formal,pronouns_honorifics,pronouns_honorifics_00001,hand_priority_seed,training/data/train_clean_en-ne.jsonl
Where are you going?,तपाईं कहाँ जाँदै हुनुहुन्छ?,en-ne,formal,pronouns_honorifics,pronouns_honorifics_00001,hand_priority_seed,training/data/train_clean_en-ne.jsonl
Where are you going?,तपाईं कहाँ जाँदै हुनुहुन्छ?,en-ne,formal,pronouns_honorifics,pronouns_honorifics_00001,hand_priority_seed,training/data/train_clean_en-ne.jsonl
Where are you going?,तपाईं कहाँ जाँदै हुनुहुन्छ?,en-ne,formal,pronouns_honorifics,pronouns_honorifics_00001,hand_priority_seed,training/data/train_clean_en-ne.jsonl
Where are you going?,तपाईं कहाँ जाँदै हुनुहुन्छ?,en-ne,formal,pronouns_honorifics,pronouns_honorifics_00001,hand_priority_seed,training/data/train_clean_en-ne.jsonl
Where are you going?,तपाईं कहाँ जाँदै हुनुहुन्छ?,en-ne,formal,pronouns_honorifics,pronouns_honorifics_00001,hand_priority_seed,training/data/train_clean_en-ne.jsonl
Where are you going?,तपाईं कहाँ जाँदै हुनुहुन्छ?,en-ne,formal,pronouns_honorifics,pronouns_honorifics_00001,hand_priority_seed,training/data/train_clean_en-ne.jsonl
I will come tomorrow.,म भोलि आउनेछु।,en-ne,informal,core_grammar,core_grammar_00020,assistant_curated,training/data/train_clean_en-ne.jsonl
I will come tomorrow.,म भोलि आउनेछु।,en-ne,informal,core_grammar,core_grammar_00020,assistant_curated,training/data/train_clean_en-ne.jsonl
I will come tomorrow.,म भोलि आउनेछु।,en-ne,informal,core_grammar,core_grammar_00020,assistant_curated,training/data/train_clean_en-ne.jsonl
I will come tomorrow.,म भोलि आउनेछु।,en-ne,informal,core_grammar,core_grammar_00020,assistant_curated,training/data/train_clean_en-ne.jsonl
I am sorry.,म क्षमा चाहन्छु।,en-ne,informal,core_grammar,core_grammar_00005,assistant_curated,training/data/train_clean_en-ne.jsonl
I am sorry.,म क्षमा चाहन्छु।,en-ne,informal,core_grammar,core_grammar_00005,assistant_curated,training/data/train_clean_en-ne.jsonl
I am sorry.,म क्षमा चाहन्छु।,en-ne,informal,core_grammar,core_grammar_00005,assistant_curated,training/data/train_clean_en-ne.jsonl
I am sorry.,म क्षमा चाहन्छु।,en-ne,informal,core_grammar,core_grammar_00005,assistant_curated,training/data/train_clean_en-ne.jsonl
Previous,अघिल्लो,en-ne,formal,government,government_00045,recovered_site_labels_and_manual_normalization,training/data/train_clean_en-ne.jsonl
Previous,अघिल्लो,en-ne,formal,government,government_00045,recovered_site_labels_and_manual_normalization,training/data/train_clean_en-ne.jsonl
Previous,अघिल्लो,en-ne,formal,government,government_00045,recovered_site_labels_and_manual_normalization,training/data/train_clean_en-ne.jsonl
Previous,अघिल्लो,en-ne,formal,government,government_00045,recovered_site_labels_and_manual_normalization,training/data/train_clean_en-ne.jsonl
Research and Study,खोज तथा अध्ययन,en-ne,formal,government,government_00011,recovered_site_labels_and_manual_normalization,training/data/train_clean_en-ne.jsonl
Research and Study,खोज तथा अध्ययन,en-ne,formal,government,government_00011,recovered_site_labels_and_manual_normalization,training/data/train_clean_en-ne.jsonl
Research and Study,खोज तथा अध्ययन,en-ne,formal,government,government_00011,recovered_site_labels_and_manual_normalization,training/data/train_clean_en-ne.jsonl
Research and Study,खोज तथा अध्ययन,en-ne,formal,government,government_00011,recovered_site_labels_and_manual_normalization,training/data/train_clean_en-ne.jsonl
Turn right.,दायाँ मोड।,en-ne,informal,core_grammar,core_grammar_00012,assistant_curated,training/data/train_clean_en-ne.jsonl
Turn right.,दायाँ मोड।,en-ne,informal,core_grammar,core_grammar_00012,assistant_curated,training/data/train_clean_en-ne.jsonl
Turn right.,दायाँ मोड।,en-ne,informal,core_grammar,core_grammar_00012,assistant_curated,training/data/train_clean_en-ne.jsonl
Turn right.,दायाँ मोड।,en-ne,informal,core_grammar,core_grammar_00012,assistant_curated,training/data/train_clean_en-ne.jsonl
"New Baneshwor, Kathmandu","नयाँ बानेश्वर, काठमाडौं",en-ne,informal,government,government_00037,recovered_site_labels_and_manual_normalization,training/data/train_clean_en-ne.jsonl
"New Baneshwor, Kathmandu","नयाँ बानेश्वर, काठमाडौं",en-ne,informal,government,government_00037,recovered_site_labels_and_manual_normalization,training/data/train_clean_en-ne.jsonl
"New Baneshwor, Kathmandu","नयाँ बानेश्वर, काठमाडौं",en-ne,informal,government,government_00037,recovered_site_labels_and_manual_normalization,training/data/train_clean_en-ne.jsonl
"New Baneshwor, Kathmandu","नयाँ बानेश्वर, काठमाडौं",en-ne,informal,government,government_00037,recovered_site_labels_and_manual_normalization,training/data/train_clean_en-ne.jsonl
This is my family.,यो मेरो परिवार हो।,en-ne,informal,family,family_00001,hand_priority_seed,training/data/train_clean_en-ne.jsonl
This is my family.,यो मेरो परिवार हो।,en-ne,informal,family,family_00001,hand_priority_seed,training/data/train_clean_en-ne.jsonl
This is my family.,यो मेरो परिवार हो।,en-ne,informal,family,family_00001,hand_priority_seed,training/data/train_clean_en-ne.jsonl
This is my family.,यो मेरो परिवार हो।,en-ne,informal,family,family_00001,hand_priority_seed,training/data/train_clean_en-ne.jsonl
I do not eat meat.,म मासु खाँदिनँ।,en-ne,informal,core_grammar,core_grammar_00017,assistant_curated,training/data/train_clean_en-ne.jsonl
I do not eat meat.,म मासु खाँदिनँ।,en-ne,informal,core_grammar,core_grammar_00017,assistant_curated,training/data/train_clean_en-ne.jsonl
I do not eat meat.,म मासु खाँदिनँ।,en-ne,informal,core_grammar,core_grammar_00017,assistant_curated,training/data/train_clean_en-ne.jsonl
I do not eat meat.,म मासु खाँदिनँ।,en-ne,informal,core_grammar,core_grammar_00017,assistant_curated,training/data/train_clean_en-ne.jsonl
Government of Nepal,नेपाल सरकार,en-ne,informal,government,government_00035,recovered_site_labels_and_manual_normalization,training/data/train_clean_en-ne.jsonl
Government of Nepal,नेपाल सरकार,en-ne,informal,government,government_00035,recovered_site_labels_and_manual_normalization,training/data/train_clean_en-ne.jsonl
Government of Nepal,नेपाल सरकार,en-ne,informal,government,government_00035,recovered_site_labels_and_manual_normalization,training/data/train_clean_en-ne.jsonl
Government of Nepal,नेपाल सरकार,en-ne,informal,government,government_00035,recovered_site_labels_and_manual_normalization,training/data/train_clean_en-ne.jsonl
Next,अर्को,en-ne,informal,government,government_00046,recovered_site_labels_and_manual_normalization,training/data/train_clean_en-ne.jsonl
Next,अर्को,en-ne,informal,government,government_00046,recovered_site_labels_and_manual_normalization,training/data/train_clean_en-ne.jsonl
Next,अर्को,en-ne,informal,government,government_00046,recovered_site_labels_and_manual_normalization,training/data/train_clean_en-ne.jsonl
Next,अर्को,en-ne,informal,government,government_00046,recovered_site_labels_and_manual_normalization,training/data/train_clean_en-ne.jsonl
I have finished speaking.,मैले बोलिसकेँ।,en-ne,informal,core_grammar,core_grammar_00029,assistant_curated,training/data/train_clean_en-ne.jsonl
I have finished speaking.,मैले बोलिसकेँ।,en-ne,informal,core_grammar,core_grammar_00029,assistant_curated,training/data/train_clean_en-ne.jsonl
I have finished speaking.,मैले बोलिसकेँ।,en-ne,informal,core_grammar,core_grammar_00029,assistant_curated,training/data/train_clean_en-ne.jsonl
I have finished speaking.,मैले बोलिसकेँ।,en-ne,informal,core_grammar,core_grammar_00029,assistant_curated,training/data/train_clean_en-ne.jsonl
Where does it hurt?,तपाईंलाई कहाँ दुखेको छ?,en-ne,formal,questions_requests,questions_requests_00032,user_conv_seed,training/data/train_clean_en-ne.jsonl
Where does it hurt?,तपाईंलाई कहाँ दुखेको छ?,en-ne,formal,questions_requests,questions_requests_00032,user_conv_seed,training/data/train_clean_en-ne.jsonl
Where does it hurt?,तपाईंलाई कहाँ दुखेको छ?,en-ne,formal,questions_requests,questions_requests_00032,user_conv_seed,training/data/train_clean_en-ne.jsonl
Where does it hurt?,तपाईंलाई कहाँ दुखेको छ?,en-ne,formal,questions_requests,questions_requests_00032,user_conv_seed,training/data/train_clean_en-ne.jsonl
Where does it hurt?,तपाईंलाई कहाँ दुखेको छ?,en-ne,formal,questions_requests,questions_requests_00032,user_conv_seed,training/data/train_clean_en-ne.jsonl
Where does it hurt?,तपाईंलाई कहाँ दुखेको छ?,en-ne,formal,questions_requests,questions_requests_00032,user_conv_seed,training/data/train_clean_en-ne.jsonl
Where does it hurt?,तपाईंलाई कहाँ दुखेको छ?,en-ne,formal,questions_requests,questions_requests_00032,user_conv_seed,training/data/train_clean_en-ne.jsonl
Where does it hurt?,तपाईंलाई कहाँ दुखेको छ?,en-ne,formal,questions_requests,questions_requests_00032,user_conv_seed,training/data/train_clean_en-ne.jsonl
I live in Kathmandu.,म काठमाडौंमा बस्छु।,en-ne,formal,core_grammar,core_grammar_00023,assistant_curated,training/data/train_clean_en-ne.jsonl
I live in Kathmandu.,म काठमाडौंमा बस्छु।,en-ne,formal,core_grammar,core_grammar_00023,assistant_curated,training/data/train_clean_en-ne.jsonl
I live in Kathmandu.,म काठमाडौंमा बस्छु।,en-ne,formal,core_grammar,core_grammar_00023,assistant_curated,training/data/train_clean_en-ne.jsonl
I live in Kathmandu.,म काठमाडौंमा बस्छु।,en-ne,formal,core_grammar,core_grammar_00023,assistant_curated,training/data/train_clean_en-ne.jsonl
The Government may appoint up to five members as honorary members to the Commission from amongst outstanding experts in the pertinent field.,शुरुमा यसको कार्यकाल एक वर्ष तोकिएको भए तापनि पटक पटक म्याद थप भई २०२७ सालसम्म कायम भएको थियो।,en-ne,formal,government,government_00054,law_gov,training/data/train_clean_en-ne.jsonl
The Government may appoint up to five members as honorary members to the Commission from amongst outstanding experts in the pertinent field.,शुरुमा यसको कार्यकाल एक वर्ष तोकिएको भए तापनि पटक पटक म्याद थप भई २०२७ सालसम्म कायम भएको थियो।,en-ne,formal,government,government_00054,law_gov,training/data/train_clean_en-ne.jsonl
The Government may appoint up to five members as honorary members to the Commission from amongst outstanding experts in the pertinent field.,शुरुमा यसको कार्यकाल एक वर्ष तोकिएको भए तापनि पटक पटक म्याद थप भई २०२७ सालसम्म कायम भएको थियो।,en-ne,formal,government,government_00054,law_gov,training/data/train_clean_en-ne.jsonl
The Government may appoint up to five members as honorary members to the Commission from amongst outstanding experts in the pertinent field.,शुरुमा यसको कार्यकाल एक वर्ष तोकिएको भए तापनि पटक पटक म्याद थप भई २०२७ सालसम्म कायम भएको थियो।,en-ne,formal,government,government_00054,law_gov,training/data/train_clean_en-ne.jsonl
Policies,नीति,en-ne,formal,government,government_00025,recovered_site_labels_and_manual_normalization,training/data/train_clean_en-ne.jsonl
Policies,नीति,en-ne,formal,government,government_00025,recovered_site_labels_and_manual_normalization,training/data/train_clean_en-ne.jsonl
Policies,नीति,en-ne,formal,government,government_00025,recovered_site_labels_and_manual_normalization,training/data/train_clean_en-ne.jsonl
Policies,नीति,en-ne,formal,government,government_00025,recovered_site_labels_and_manual_normalization,training/data/train_clean_en-ne.jsonl
Please try again.,फेरि प्रयास गर।,en-ne,informal,questions_requests,questions_requests_00026,assistant_curated,training/data/train_clean_en-ne.jsonl
Please try again.,फेरि प्रयास गर।,en-ne,informal,questions_requests,questions_requests_00026,assistant_curated,training/data/train_clean_en-ne.jsonl
Please try again.,फेरि प्रयास गर।,en-ne,informal,questions_requests,questions_requests_00026,assistant_curated,training/data/train_clean_en-ne.jsonl
Please try again.,फेरि प्रयास गर।,en-ne,informal,questions_requests,questions_requests_00026,assistant_curated,training/data/train_clean_en-ne.jsonl
Please try again.,फेरि प्रयास गर।,en-ne,informal,questions_requests,questions_requests_00026,assistant_curated,training/data/train_clean_en-ne.jsonl
Please try again.,फेरि प्रयास गर।,en-ne,informal,questions_requests,questions_requests_00026,assistant_curated,training/data/train_clean_en-ne.jsonl
Please try again.,फेरि प्रयास गर।,en-ne,informal,questions_requests,questions_requests_00026,assistant_curated,training/data/train_clean_en-ne.jsonl
Please try again.,फेरि प्रयास गर।,en-ne,informal,questions_requests,questions_requests_00026,assistant_curated,training/data/train_clean_en-ne.jsonl
Go straight.,सिधा जाऊ।,en-ne,formal,core_grammar,core_grammar_00014,assistant_curated,training/data/train_clean_en-ne.jsonl
Go straight.,सिधा जाऊ।,en-ne,formal,core_grammar,core_grammar_00014,assistant_curated,training/data/train_clean_en-ne.jsonl
Go straight.,सिधा जाऊ।,en-ne,formal,core_grammar,core_grammar_00014,assistant_curated,training/data/train_clean_en-ne.jsonl
Go straight.,सिधा जाऊ।,en-ne,formal,core_grammar,core_grammar_00014,assistant_curated,training/data/train_clean_en-ne.jsonl
I will come tomorrow.,म भोलि आउँछु।,en-ne,informal,core_grammar,core_grammar_00021,assistant_curated,training/data/train_clean_en-ne.jsonl
I will come tomorrow.,म भोलि आउँछु।,en-ne,informal,core_grammar,core_grammar_00021,assistant_curated,training/data/train_clean_en-ne.jsonl
I will come tomorrow.,म भोलि आउँछु।,en-ne,informal,core_grammar,core_grammar_00021,assistant_curated,training/data/train_clean_en-ne.jsonl
I will come tomorrow.,म भोलि आउँछु।,en-ne,informal,core_grammar,core_grammar_00021,assistant_curated,training/data/train_clean_en-ne.jsonl
Law Drafting,कानून तर्जुमा,en-ne,formal,government,government_00010,recovered_site_labels_and_manual_normalization,training/data/train_clean_en-ne.jsonl
Law Drafting,कानून तर्जुमा,en-ne,formal,government,government_00010,recovered_site_labels_and_manual_normalization,training/data/train_clean_en-ne.jsonl
Law Drafting,कानून तर्जुमा,en-ne,formal,government,government_00010,recovered_site_labels_and_manual_normalization,training/data/train_clean_en-ne.jsonl
Law Drafting,कानून तर्जुमा,en-ne,formal,government,government_00010,recovered_site_labels_and_manual_normalization,training/data/train_clean_en-ne.jsonl
Research and Study,खोज तथा अध्ययन,en-ne,informal,government,government_00011,recovered_site_labels_and_manual_normalization,training/data/train_clean_en-ne.jsonl
Research and Study,खोज तथा अध्ययन,en-ne,informal,government,government_00011,recovered_site_labels_and_manual_normalization,training/data/train_clean_en-ne.jsonl
Research and Study,खोज तथा अध्ययन,en-ne,informal,government,government_00011,recovered_site_labels_and_manual_normalization,training/data/train_clean_en-ne.jsonl
Research and Study,खोज तथा अध्ययन,en-ne,informal,government,government_00011,recovered_site_labels_and_manual_normalization,training/data/train_clean_en-ne.jsonl
Go straight.,सिधा जानुहोस्।,en-ne,formal,core_grammar,core_grammar_00013,assistant_curated,training/data/train_clean_en-ne.jsonl
Go straight.,सिधा जानुहोस्।,en-ne,formal,core_grammar,core_grammar_00013,assistant_curated,training/data/train_clean_en-ne.jsonl
Go straight.,सिधा जानुहोस्।,en-ne,formal,core_grammar,core_grammar_00013,assistant_curated,training/data/train_clean_en-ne.jsonl
Go straight.,सिधा जानुहोस्।,en-ne,formal,core_grammar,core_grammar_00013,assistant_curated,training/data/train_clean_en-ne.jsonl
Please take me to the bus station.,मलाई बस स्टेशन लगिदे।,en-ne,informal,travel,travel_00002,hand_priority_seed,training/data/train_clean_en-ne.jsonl
Please take me to the bus station.,मलाई बस स्टेशन लगिदे।,en-ne,informal,travel,travel_00002,hand_priority_seed,training/data/train_clean_en-ne.jsonl
Please take me to the bus station.,मलाई बस स्टेशन लगिदे।,en-ne,informal,travel,travel_00002,hand_priority_seed,training/data/train_clean_en-ne.jsonl
Please take me to the bus station.,मलाई बस स्टेशन लगिदे।,en-ne,informal,travel,travel_00002,hand_priority_seed,training/data/train_clean_en-ne.jsonl
Please take me to the bus station.,मलाई बस स्टेशन लगिदे।,en-ne,informal,travel,travel_00002,hand_priority_seed,training/data/train_clean_en-ne.jsonl
Please take me to the bus station.,मलाई बस स्टेशन लगिदे।,en-ne,informal,travel,travel_00002,hand_priority_seed,training/data/train_clean_en-ne.jsonl
Please take me to the bus station.,मलाई बस स्टेशन लगिदे।,en-ne,informal,travel,travel_00002,hand_priority_seed,training/data/train_clean_en-ne.jsonl
Please take me to the bus station.,मलाई बस स्टेशन लगिदे।,en-ne,informal,travel,travel_00002,hand_priority_seed,training/data/train_clean_en-ne.jsonl
Please try again.,फेरि प्रयास गर।,en-ne,formal,questions_requests,questions_requests_00027,assistant_curated,training/data/train_clean_en-ne.jsonl
Please try again.,फेरि प्रयास गर।,en-ne,formal,questions_requests,questions_requests_00027,assistant_curated,training/data/train_clean_en-ne.jsonl
Please try again.,फेरि प्रयास गर।,en-ne,formal,questions_requests,questions_requests_00027,assistant_curated,training/data/train_clean_en-ne.jsonl
Please try again.,फेरि प्रयास गर।,en-ne,formal,questions_requests,questions_requests_00027,assistant_curated,training/data/train_clean_en-ne.jsonl
Please try again.,फेरि प्रयास गर।,en-ne,formal,questions_requests,questions_requests_00027,assistant_curated,training/data/train_clean_en-ne.jsonl
Please try again.,फेरि प्रयास गर।,en-ne,formal,questions_requests,questions_requests_00027,assistant_curated,training/data/train_clean_en-ne.jsonl
Please try again.,फेरि प्रयास गर।,en-ne,formal,questions_requests,questions_requests_00027,assistant_curated,training/data/train_clean_en-ne.jsonl
Please try again.,फेरि प्रयास गर।,en-ne,formal,questions_requests,questions_requests_00027,assistant_curated,training/data/train_clean_en-ne.jsonl
"2 Formation of Working Team: The Commission decides annual program on the basis of the priority and forms working team (WT) involving experts to work on approved area by providing clear mandate and time frame. Generally, one member of the Commission heads the WT or it is headed by any reputed personality in the relevant field.","श्री ५ को सरकारले मिति २०४७।१२।१८ को निर्णयानुसार नेपाल कानून सुधार आयोगलाई पुनर्गठन गरी कार्यविधि समेत तोकेको थियो। यो आयोगले २०४८ सालमा एक कार्यदलको गठन गरी नेपाल अधिराज्यको संविधान, २०४७ बमोजिम तर्जुमा गर्नुपर्ने ऐनहरुको मस्यौदा तयार गर्यो।",en-ne,informal,government,government_00062,law_gov,training/data/train_clean_en-ne.jsonl
"2 Formation of Working Team: The Commission decides annual program on the basis of the priority and forms working team (WT) involving experts to work on approved area by providing clear mandate and time frame. Generally, one member of the Commission heads the WT or it is headed by any reputed personality in the relevant field.","श्री ५ को सरकारले मिति २०४७।१२।१८ को निर्णयानुसार नेपाल कानून सुधार आयोगलाई पुनर्गठन गरी कार्यविधि समेत तोकेको थियो। यो आयोगले २०४८ सालमा एक कार्यदलको गठन गरी नेपाल अधिराज्यको संविधान, २०४७ बमोजिम तर्जुमा गर्नुपर्ने ऐनहरुको मस्यौदा तयार गर्यो।",en-ne,informal,government,government_00062,law_gov,training/data/train_clean_en-ne.jsonl
"2 Formation of Working Team: The Commission decides annual program on the basis of the priority and forms working team (WT) involving experts to work on approved area by providing clear mandate and time frame. Generally, one member of the Commission heads the WT or it is headed by any reputed personality in the relevant field.","श्री ५ को सरकारले मिति २०४७।१२।१८ को निर्णयानुसार नेपाल कानून सुधार आयोगलाई पुनर्गठन गरी कार्यविधि समेत तोकेको थियो। यो आयोगले २०४८ सालमा एक कार्यदलको गठन गरी नेपाल अधिराज्यको संविधान, २०४७ बमोजिम तर्जुमा गर्नुपर्ने ऐनहरुको मस्यौदा तयार गर्यो।",en-ne,informal,government,government_00062,law_gov,training/data/train_clean_en-ne.jsonl
"2 Formation of Working Team: The Commission decides annual program on the basis of the priority and forms working team (WT) involving experts to work on approved area by providing clear mandate and time frame. Generally, one member of the Commission heads the WT or it is headed by any reputed personality in the relevant field.","श्री ५ को सरकारले मिति २०४७।१२।१८ को निर्णयानुसार नेपाल कानून सुधार आयोगलाई पुनर्गठन गरी कार्यविधि समेत तोकेको थियो। यो आयोगले २०४८ सालमा एक कार्यदलको गठन गरी नेपाल अधिराज्यको संविधान, २०४७ बमोजिम तर्जुमा गर्नुपर्ने ऐनहरुको मस्यौदा तयार गर्यो।",en-ne,informal,government,government_00062,law_gov,training/data/train_clean_en-ne.jsonl
Where are you from?,तिमी कहाँबाट आएको?,en-ne,informal,questions_requests,questions_requests_00030,user_conv_seed,training/data/train_clean_en-ne.jsonl
Where are you from?,तिमी कहाँबाट आएको?,en-ne,informal,questions_requests,questions_requests_00030,user_conv_seed,training/data/train_clean_en-ne.jsonl
Where are you from?,तिमी कहाँबाट आएको?,en-ne,informal,questions_requests,questions_requests_00030,user_conv_seed,training/data/train_clean_en-ne.jsonl
Where are you from?,तिमी कहाँबाट आएको?,en-ne,informal,questions_requests,questions_requests_00030,user_conv_seed,training/data/train_clean_en-ne.jsonl
Where are you from?,तिमी कहाँबाट आएको?,en-ne,informal,questions_requests,questions_requests_00030,user_conv_seed,training/data/train_clean_en-ne.jsonl
Where are you from?,तिमी कहाँबाट आएको?,en-ne,informal,questions_requests,questions_requests_00030,user_conv_seed,training/data/train_clean_en-ne.jsonl
Where are you from?,तिमी कहाँबाट आएको?,en-ne,informal,questions_requests,questions_requests_00030,user_conv_seed,training/data/train_clean_en-ne.jsonl
Where are you from?,तिमी कहाँबाट आएको?,en-ne,informal,questions_requests,questions_requests_00030,user_conv_seed,training/data/train_clean_en-ne.jsonl
How is your mother?,तपाईंकी आमालाई कस्तो छ?,en-ne,formal,family,family_00002,hand_priority_seed,training/data/train_clean_en-ne.jsonl
How is your mother?,तपाईंकी आमालाई कस्तो छ?,en-ne,formal,family,family_00002,hand_priority_seed,training/data/train_clean_en-ne.jsonl
How is your mother?,तपाईंकी आमालाई कस्तो छ?,en-ne,formal,family,family_00002,hand_priority_seed,training/data/train_clean_en-ne.jsonl
How is your mother?,तपाईंकी आमालाई कस्तो छ?,en-ne,formal,family,family_00002,hand_priority_seed,training/data/train_clean_en-ne.jsonl
I will come tomorrow.,म भोलि आउँछु।,en-ne,formal,core_grammar,core_grammar_00021,assistant_curated,training/data/train_clean_en-ne.jsonl
I will come tomorrow.,म भोलि आउँछु।,en-ne,formal,core_grammar,core_grammar_00021,assistant_curated,training/data/train_clean_en-ne.jsonl
I will come tomorrow.,म भोलि आउँछु।,en-ne,formal,core_grammar,core_grammar_00021,assistant_curated,training/data/train_clean_en-ne.jsonl
I will come tomorrow.,म भोलि आउँछु।,en-ne,formal,core_grammar,core_grammar_00021,assistant_curated,training/data/train_clean_en-ne.jsonl
Please.,कृपया।,en-ne,formal,questions_requests,questions_requests_00006,assistant_curated,training/data/train_clean_en-ne.jsonl
Please.,कृपया।,en-ne,formal,questions_requests,questions_requests_00006,assistant_curated,training/data/train_clean_en-ne.jsonl
Please.,कृपया।,en-ne,formal,questions_requests,questions_requests_00006,assistant_curated,training/data/train_clean_en-ne.jsonl
Please.,कृपया।,en-ne,formal,questions_requests,questions_requests_00006,assistant_curated,training/data/train_clean_en-ne.jsonl
Please.,कृपया।,en-ne,formal,questions_requests,questions_requests_00006,assistant_curated,training/data/train_clean_en-ne.jsonl
Please.,कृपया।,en-ne,formal,questions_requests,questions_requests_00006,assistant_curated,training/data/train_clean_en-ne.jsonl
Please.,कृपया।,en-ne,formal,questions_requests,questions_requests_00006,assistant_curated,training/data/train_clean_en-ne.jsonl
Please.,कृपया।,en-ne,formal,questions_requests,questions_requests_00006,assistant_curated,training/data/train_clean_en-ne.jsonl
Repealed Regulations,खारेज भएका नियमावली,en-ne,informal,government,government_00024,recovered_site_labels_and_manual_normalization,training/data/train_clean_en-ne.jsonl
Repealed Regulations,खारेज भएका नियमावली,en-ne,informal,government,government_00024,recovered_site_labels_and_manual_normalization,training/data/train_clean_en-ne.jsonl
Repealed Regulations,खारेज भएका नियमावली,en-ne,informal,government,government_00024,recovered_site_labels_and_manual_normalization,training/data/train_clean_en-ne.jsonl
Repealed Regulations,खारेज भएका नियमावली,en-ne,informal,government,government_00024,recovered_site_labels_and_manual_normalization,training/data/train_clean_en-ne.jsonl
My phone has no battery.,मेरो फोनको ब्याट्री सकियो।,en-ne,formal,core_grammar,core_grammar_00028,assistant_curated,training/data/train_clean_en-ne.jsonl
My phone has no battery.,मेरो फोनको ब्याट्री सकियो।,en-ne,formal,core_grammar,core_grammar_00028,assistant_curated,training/data/train_clean_en-ne.jsonl
My phone has no battery.,मेरो फोनको ब्याट्री सकियो।,en-ne,formal,core_grammar,core_grammar_00028,assistant_curated,training/data/train_clean_en-ne.jsonl
My phone has no battery.,मेरो फोनको ब्याट्री सकियो।,en-ne,formal,core_grammar,core_grammar_00028,assistant_curated,training/data/train_clean_en-ne.jsonl
"1 Initiation of tasks: The commission may initiate drafting and law reform process either on referral of the concerned ministry or on its own. It may also receive a proposal from stakeholders, i.e. individual, non-governmental organization, civil society and community organization.","(च) नेपाल कानून सुधार आयोग, २०४१ः यस अघिका आयोगको आवधिक वा तदर्थ रुपमा गठन विघटन हुंदै आएकोमा श्री ५ को सरकारको मिति २०४१।८।२१ को निर्णयले नेपाल कानून सुधार आयोग नामक एक स्थायी प्रकृतिको आयोगको स्थापना गरी पदाधिकारीहरु नियुक्ति गर्ने व्यवस्था गर्यो। श्री ५ को सरकारको यो निर्णयले कानून तर्जुमाका क्षेत्रमा आयोगको स्थायी भूमिका एवं सक्रियताको अपेक्षा राख्दै संस्थागत रुपमा नै आयोगको अस्तित्व स्थापित गर्ने काम ग¥यो। आयोगको इतिहासमा यो सर्वाधिक महत्वको निर्णय थियो भन्न सकिन्छ। जस अनुसार ५ वर्षे कार्यावधि सहित गठन भएको आयोगको गठनविधि एवं काम कर्तव्यहरुको व्यवस्था गरिएको थियो। पछि श्री ५ को सरकारले मिति २०४६।८।२१ मा पदावधि समाप्त भएका उक्त आयोगका सदस्य तथा सह—सदस्यहरुलाई यथावत कायम राख्ने निर्णय गरेको थियो।",en-ne,informal,government,government_00061,law_gov,training/data/train_clean_en-ne.jsonl
"1 Initiation of tasks: The commission may initiate drafting and law reform process either on referral of the concerned ministry or on its own. It may also receive a proposal from stakeholders, i.e. individual, non-governmental organization, civil society and community organization.","(च) नेपाल कानून सुधार आयोग, २०४१ः यस अघिका आयोगको आवधिक वा तदर्थ रुपमा गठन विघटन हुंदै आएकोमा श्री ५ को सरकारको मिति २०४१।८।२१ को निर्णयले नेपाल कानून सुधार आयोग नामक एक स्थायी प्रकृतिको आयोगको स्थापना गरी पदाधिकारीहरु नियुक्ति गर्ने व्यवस्था गर्यो। श्री ५ को सरकारको यो निर्णयले कानून तर्जुमाका क्षेत्रमा आयोगको स्थायी भूमिका एवं सक्रियताको अपेक्षा राख्दै संस्थागत रुपमा नै आयोगको अस्तित्व स्थापित गर्ने काम ग¥यो। आयोगको इतिहासमा यो सर्वाधिक महत्वको निर्णय थियो भन्न सकिन्छ। जस अनुसार ५ वर्षे कार्यावधि सहित गठन भएको आयोगको गठनविधि एवं काम कर्तव्यहरुको व्यवस्था गरिएको थियो। पछि श्री ५ को सरकारले मिति २०४६।८।२१ मा पदावधि समाप्त भएका उक्त आयोगका सदस्य तथा सह—सदस्यहरुलाई यथावत कायम राख्ने निर्णय गरेको थियो।",en-ne,informal,government,government_00061,law_gov,training/data/train_clean_en-ne.jsonl
"1 Initiation of tasks: The commission may initiate drafting and law reform process either on referral of the concerned ministry or on its own. It may also receive a proposal from stakeholders, i.e. individual, non-governmental organization, civil society and community organization.","(च) नेपाल कानून सुधार आयोग, २०४१ः यस अघिका आयोगको आवधिक वा तदर्थ रुपमा गठन विघटन हुंदै आएकोमा श्री ५ को सरकारको मिति २०४१।८।२१ को निर्णयले नेपाल कानून सुधार आयोग नामक एक स्थायी प्रकृतिको आयोगको स्थापना गरी पदाधिकारीहरु नियुक्ति गर्ने व्यवस्था गर्यो। श्री ५ को सरकारको यो निर्णयले कानून तर्जुमाका क्षेत्रमा आयोगको स्थायी भूमिका एवं सक्रियताको अपेक्षा राख्दै संस्थागत रुपमा नै आयोगको अस्तित्व स्थापित गर्ने काम ग¥यो। आयोगको इतिहासमा यो सर्वाधिक महत्वको निर्णय थियो भन्न सकिन्छ। जस अनुसार ५ वर्षे कार्यावधि सहित गठन भएको आयोगको गठनविधि एवं काम कर्तव्यहरुको व्यवस्था गरिएको थियो। पछि श्री ५ को सरकारले मिति २०४६।८।२१ मा पदावधि समाप्त भएका उक्त आयोगका सदस्य तथा सह—सदस्यहरुलाई यथावत कायम राख्ने निर्णय गरेको थियो।",en-ne,informal,government,government_00061,law_gov,training/data/train_clean_en-ne.jsonl
"1 Initiation of tasks: The commission may initiate drafting and law reform process either on referral of the concerned ministry or on its own. It may also receive a proposal from stakeholders, i.e. individual, non-governmental organization, civil society and community organization.","(च) नेपाल कानून सुधार आयोग, २०४१ः यस अघिका आयोगको आवधिक वा तदर्थ रुपमा गठन विघटन हुंदै आएकोमा श्री ५ को सरकारको मिति २०४१।८।२१ को निर्णयले नेपाल कानून सुधार आयोग नामक एक स्थायी प्रकृतिको आयोगको स्थापना गरी पदाधिकारीहरु नियुक्ति गर्ने व्यवस्था गर्यो। श्री ५ को सरकारको यो निर्णयले कानून तर्जुमाका क्षेत्रमा आयोगको स्थायी भूमिका एवं सक्रियताको अपेक्षा राख्दै संस्थागत रुपमा नै आयोगको अस्तित्व स्थापित गर्ने काम ग¥यो। आयोगको इतिहासमा यो सर्वाधिक महत्वको निर्णय थियो भन्न सकिन्छ। जस अनुसार ५ वर्षे कार्यावधि सहित गठन भएको आयोगको गठनविधि एवं काम कर्तव्यहरुको व्यवस्था गरिएको थियो। पछि श्री ५ को सरकारले मिति २०४६।८।२१ मा पदावधि समाप्त भएका उक्त आयोगका सदस्य तथा सह—सदस्यहरुलाई यथावत कायम राख्ने निर्णय गरेको थियो।",en-ne,informal,government,government_00061,law_gov,training/data/train_clean_en-ne.jsonl
You are welcome.,हजुरलाई स्वागत छ।,en-ne,informal,family,family_00005,assistant_curated,training/data/train_clean_en-ne.jsonl
You are welcome.,हजुरलाई स्वागत छ।,en-ne,informal,family,family_00005,assistant_curated,training/data/train_clean_en-ne.jsonl
You are welcome.,हजुरलाई स्वागत छ।,en-ne,informal,family,family_00005,assistant_curated,training/data/train_clean_en-ne.jsonl
You are welcome.,हजुरलाई स्वागत छ।,en-ne,informal,family,family_00005,assistant_curated,training/data/train_clean_en-ne.jsonl
Acts,ऐन,en-ne,formal,government,government_00014,recovered_site_labels_and_manual_normalization,training/data/train_clean_en-ne.jsonl
Acts,ऐन,en-ne,formal,government,government_00014,recovered_site_labels_and_manual_normalization,training/data/train_clean_en-ne.jsonl
Acts,ऐन,en-ne,formal,government,government_00014,recovered_site_labels_and_manual_normalization,training/data/train_clean_en-ne.jsonl
Acts,ऐन,en-ne,formal,government,government_00014,recovered_site_labels_and_manual_normalization,training/data/train_clean_en-ne.jsonl
The flight is delayed.,उडान ढिलो भयो।,en-ne,formal,travel,travel_00008,hand_priority_seed,training/data/train_clean_en-ne.jsonl
The flight is delayed.,उडान ढिलो भयो।,en-ne,formal,travel,travel_00008,hand_priority_seed,training/data/train_clean_en-ne.jsonl
The flight is delayed.,उडान ढिलो भयो।,en-ne,formal,travel,travel_00008,hand_priority_seed,training/data/train_clean_en-ne.jsonl
The flight is delayed.,उडान ढिलो भयो।,en-ne,formal,travel,travel_00008,hand_priority_seed,training/data/train_clean_en-ne.jsonl
The flight is delayed.,उडान ढिलो भयो।,en-ne,formal,travel,travel_00008,hand_priority_seed,training/data/train_clean_en-ne.jsonl
The flight is delayed.,उडान ढिलो भयो।,en-ne,formal,travel,travel_00008,hand_priority_seed,training/data/train_clean_en-ne.jsonl
The flight is delayed.,उडान ढिलो भयो।,en-ne,formal,travel,travel_00008,hand_priority_seed,training/data/train_clean_en-ne.jsonl
The flight is delayed.,उडान ढिलो भयो।,en-ne,formal,travel,travel_00008,hand_priority_seed,training/data/train_clean_en-ne.jsonl
Turn left.,बायाँ मोड्नुहोस्।,en-ne,informal,core_grammar,core_grammar_00009,assistant_curated,training/data/train_clean_en-ne.jsonl
Turn left.,बायाँ मोड्नुहोस्।,en-ne,informal,core_grammar,core_grammar_00009,assistant_curated,training/data/train_clean_en-ne.jsonl
Turn left.,बायाँ मोड्नुहोस्।,en-ne,informal,core_grammar,core_grammar_00009,assistant_curated,training/data/train_clean_en-ne.jsonl
Turn left.,बायाँ मोड्नुहोस्।,en-ne,informal,core_grammar,core_grammar_00009,assistant_curated,training/data/train_clean_en-ne.jsonl
I do not want this.,मलाई यो चाहिँदैन।,en-ne,formal,core_grammar,core_grammar_00016,assistant_curated,training/data/train_clean_en-ne.jsonl
I do not want this.,मलाई यो चाहिँदैन।,en-ne,formal,core_grammar,core_grammar_00016,assistant_curated,training/data/train_clean_en-ne.jsonl
I do not want this.,मलाई यो चाहिँदैन।,en-ne,formal,core_grammar,core_grammar_00016,assistant_curated,training/data/train_clean_en-ne.jsonl
I do not want this.,मलाई यो चाहिँदैन।,en-ne,formal,core_grammar,core_grammar_00016,assistant_curated,training/data/train_clean_en-ne.jsonl
That is not right.,त्यो ठिक होइन।,en-ne,formal,core_grammar,core_grammar_00002,hand_priority_seed,training/data/train_clean_en-ne.jsonl
That is not right.,त्यो ठिक होइन।,en-ne,formal,core_grammar,core_grammar_00002,hand_priority_seed,training/data/train_clean_en-ne.jsonl
That is not right.,त्यो ठिक होइन।,en-ne,formal,core_grammar,core_grammar_00002,hand_priority_seed,training/data/train_clean_en-ne.jsonl
That is not right.,त्यो ठिक होइन।,en-ne,formal,core_grammar,core_grammar_00002,hand_priority_seed,training/data/train_clean_en-ne.jsonl
Please use formal language.,औपचारिक भाषा प्रयोग गर।,en-ne,informal,government,government_00053,assistant_curated,training/data/train_clean_en-ne.jsonl
Please use formal language.,औपचारिक भाषा प्रयोग गर।,en-ne,informal,government,government_00053,assistant_curated,training/data/train_clean_en-ne.jsonl
Please use formal language.,औपचारिक भाषा प्रयोग गर।,en-ne,informal,government,government_00053,assistant_curated,training/data/train_clean_en-ne.jsonl
Please use formal language.,औपचारिक भाषा प्रयोग गर।,en-ne,informal,government,government_00053,assistant_curated,training/data/train_clean_en-ne.jsonl
I am pregnant.,म गर्भवती छु।,en-ne,formal,health,health_00005,hand_priority_seed,training/data/train_clean_en-ne.jsonl
I am pregnant.,म गर्भवती छु।,en-ne,formal,health,health_00005,hand_priority_seed,training/data/train_clean_en-ne.jsonl
I am pregnant.,म गर्भवती छु।,en-ne,formal,health,health_00005,hand_priority_seed,training/data/train_clean_en-ne.jsonl
I am pregnant.,म गर्भवती छु।,en-ne,formal,health,health_00005,hand_priority_seed,training/data/train_clean_en-ne.jsonl
I am pregnant.,म गर्भवती छु।,en-ne,formal,health,health_00005,hand_priority_seed,training/data/train_clean_en-ne.jsonl
I am pregnant.,म गर्भवती छु।,en-ne,formal,health,health_00005,hand_priority_seed,training/data/train_clean_en-ne.jsonl
I am pregnant.,म गर्भवती छु।,en-ne,formal,health,health_00005,hand_priority_seed,training/data/train_clean_en-ne.jsonl
I am pregnant.,म गर्भवती छु।,en-ne,formal,health,health_00005,hand_priority_seed,training/data/train_clean_en-ne.jsonl
I will pay in cash.,म नगद तिर्छु।,en-ne,informal,shopping,shopping_00005,hand_priority_seed,training/data/train_clean_en-ne.jsonl
I will pay in cash.,म नगद तिर्छु।,en-ne,informal,shopping,shopping_00005,hand_priority_seed,training/data/train_clean_en-ne.jsonl
I will pay in cash.,म नगद तिर्छु।,en-ne,informal,shopping,shopping_00005,hand_priority_seed,training/data/train_clean_en-ne.jsonl
I will pay in cash.,म नगद तिर्छु।,en-ne,informal,shopping,shopping_00005,hand_priority_seed,training/data/train_clean_en-ne.jsonl
Yes.,हो।,en-ne,informal,core_grammar,core_grammar_00006,assistant_curated,training/data/train_clean_en-ne.jsonl
Yes.,हो।,en-ne,informal,core_grammar,core_grammar_00006,assistant_curated,training/data/train_clean_en-ne.jsonl
Yes.,हो।,en-ne,informal,core_grammar,core_grammar_00006,assistant_curated,training/data/train_clean_en-ne.jsonl
Yes.,हो।,en-ne,informal,core_grammar,core_grammar_00006,assistant_curated,training/data/train_clean_en-ne.jsonl
Go straight.,सिधा जाऊ।,en-ne,informal,core_grammar,core_grammar_00014,assistant_curated,training/data/train_clean_en-ne.jsonl
Go straight.,सिधा जाऊ।,en-ne,informal,core_grammar,core_grammar_00014,assistant_curated,training/data/train_clean_en-ne.jsonl
Go straight.,सिधा जाऊ।,en-ne,informal,core_grammar,core_grammar_00014,assistant_curated,training/data/train_clean_en-ne.jsonl
Go straight.,सिधा जाऊ।,en-ne,informal,core_grammar,core_grammar_00014,assistant_curated,training/data/train_clean_en-ne.jsonl
What does this mean?,यसको अर्थ के हो?,en-ne,formal,questions_requests,questions_requests_00003,hand_priority_seed,training/data/train_clean_en-ne.jsonl
What does this mean?,यसको अर्थ के हो?,en-ne,formal,questions_requests,questions_requests_00003,hand_priority_seed,training/data/train_clean_en-ne.jsonl
What does this mean?,यसको अर्थ के हो?,en-ne,formal,questions_requests,questions_requests_00003,hand_priority_seed,training/data/train_clean_en-ne.jsonl
What does this mean?,यसको अर्थ के हो?,en-ne,formal,questions_requests,questions_requests_00003,hand_priority_seed,training/data/train_clean_en-ne.jsonl
What does this mean?,यसको अर्थ के हो?,en-ne,formal,questions_requests,questions_requests_00003,hand_priority_seed,training/data/train_clean_en-ne.jsonl
What does this mean?,यसको अर्थ के हो?,en-ne,formal,questions_requests,questions_requests_00003,hand_priority_seed,training/data/train_clean_en-ne.jsonl
What does this mean?,यसको अर्थ के हो?,en-ne,formal,questions_requests,questions_requests_00003,hand_priority_seed,training/data/train_clean_en-ne.jsonl
What does this mean?,यसको अर्थ के हो?,en-ne,formal,questions_requests,questions_requests_00003,hand_priority_seed,training/data/train_clean_en-ne.jsonl
The network is not working.,नेटवर्कले काम गरिरहेको छैन।,en-ne,formal,core_grammar,core_grammar_00025,assistant_curated,training/data/train_clean_en-ne.jsonl
The network is not working.,नेटवर्कले काम गरिरहेको छैन।,en-ne,formal,core_grammar,core_grammar_00025,assistant_curated,training/data/train_clean_en-ne.jsonl
The network is not working.,नेटवर्कले काम गरिरहेको छैन।,en-ne,formal,core_grammar,core_grammar_00025,assistant_curated,training/data/train_clean_en-ne.jsonl
The network is not working.,नेटवर्कले काम गरिरहेको छैन।,en-ne,formal,core_grammar,core_grammar_00025,assistant_curated,training/data/train_clean_en-ne.jsonl
The flight is delayed.,उडान ढिलो भयो।,en-ne,informal,travel,travel_00008,hand_priority_seed,training/data/train_clean_en-ne.jsonl
The flight is delayed.,उडान ढिलो भयो।,en-ne,informal,travel,travel_00008,hand_priority_seed,training/data/train_clean_en-ne.jsonl
The flight is delayed.,उडान ढिलो भयो।,en-ne,informal,travel,travel_00008,hand_priority_seed,training/data/train_clean_en-ne.jsonl
The flight is delayed.,उडान ढिलो भयो।,en-ne,informal,travel,travel_00008,hand_priority_seed,training/data/train_clean_en-ne.jsonl
The flight is delayed.,उडान ढिलो भयो।,en-ne,informal,travel,travel_00008,hand_priority_seed,training/data/train_clean_en-ne.jsonl
The flight is delayed.,उडान ढिलो भयो।,en-ne,informal,travel,travel_00008,hand_priority_seed,training/data/train_clean_en-ne.jsonl
The flight is delayed.,उडान ढिलो भयो।,en-ne,informal,travel,travel_00008,hand_priority_seed,training/data/train_clean_en-ne.jsonl
The flight is delayed.,उडान ढिलो भयो।,en-ne,informal,travel,travel_00008,hand_priority_seed,training/data/train_clean_en-ne.jsonl
Do you have a smaller size?,के तपाईंसँग योभन्दा सानो साइज छ?,en-ne,formal,questions_requests,questions_requests_00031,user_conv_seed,training/data/train_clean_en-ne.jsonl
Do you have a smaller size?,के तपाईंसँग योभन्दा सानो साइज छ?,en-ne,formal,questions_requests,questions_requests_00031,user_conv_seed,training/data/train_clean_en-ne.jsonl
Do you have a smaller size?,के तपाईंसँग योभन्दा सानो साइज छ?,en-ne,formal,questions_requests,questions_requests_00031,user_conv_seed,training/data/train_clean_en-ne.jsonl
Do you have a smaller size?,के तपाईंसँग योभन्दा सानो साइज छ?,en-ne,formal,questions_requests,questions_requests_00031,user_conv_seed,training/data/train_clean_en-ne.jsonl
Do you have a smaller size?,के तपाईंसँग योभन्दा सानो साइज छ?,en-ne,formal,questions_requests,questions_requests_00031,user_conv_seed,training/data/train_clean_en-ne.jsonl
Do you have a smaller size?,के तपाईंसँग योभन्दा सानो साइज छ?,en-ne,formal,questions_requests,questions_requests_00031,user_conv_seed,training/data/train_clean_en-ne.jsonl
Do you have a smaller size?,के तपाईंसँग योभन्दा सानो साइज छ?,en-ne,formal,questions_requests,questions_requests_00031,user_conv_seed,training/data/train_clean_en-ne.jsonl
Do you have a smaller size?,के तपाईंसँग योभन्दा सानो साइज छ?,en-ne,formal,questions_requests,questions_requests_00031,user_conv_seed,training/data/train_clean_en-ne.jsonl
Send me a message.,कृपया मलाई सन्देश पठाउनुहोस्।,en-ne,formal,questions_requests,questions_requests_00023,assistant_curated,training/data/train_clean_en-ne.jsonl
Send me a message.,कृपया मलाई सन्देश पठाउनुहोस्।,en-ne,formal,questions_requests,questions_requests_00023,assistant_curated,training/data/train_clean_en-ne.jsonl
Send me a message.,कृपया मलाई सन्देश पठाउनुहोस्।,en-ne,formal,questions_requests,questions_requests_00023,assistant_curated,training/data/train_clean_en-ne.jsonl
Send me a message.,कृपया मलाई सन्देश पठाउनुहोस्।,en-ne,formal,questions_requests,questions_requests_00023,assistant_curated,training/data/train_clean_en-ne.jsonl
Send me a message.,कृपया मलाई सन्देश पठाउनुहोस्।,en-ne,formal,questions_requests,questions_requests_00023,assistant_curated,training/data/train_clean_en-ne.jsonl
Send me a message.,कृपया मलाई सन्देश पठाउनुहोस्।,en-ne,formal,questions_requests,questions_requests_00023,assistant_curated,training/data/train_clean_en-ne.jsonl
Send me a message.,कृपया मलाई सन्देश पठाउनुहोस्।,en-ne,formal,questions_requests,questions_requests_00023,assistant_curated,training/data/train_clean_en-ne.jsonl
Send me a message.,कृपया मलाई सन्देश पठाउनुहोस्।,en-ne,formal,questions_requests,questions_requests_00023,assistant_curated,training/data/train_clean_en-ne.jsonl
Acts,ऐन,en-ne,informal,government,government_00014,recovered_site_labels_and_manual_normalization,training/data/train_clean_en-ne.jsonl
Acts,ऐन,en-ne,informal,government,government_00014,recovered_site_labels_and_manual_normalization,training/data/train_clean_en-ne.jsonl
Acts,ऐन,en-ne,informal,government,government_00014,recovered_site_labels_and_manual_normalization,training/data/train_clean_en-ne.jsonl
Acts,ऐन,en-ne,informal,government,government_00014,recovered_site_labels_and_manual_normalization,training/data/train_clean_en-ne.jsonl
Policies,नीति,en-ne,informal,government,government_00025,recovered_site_labels_and_manual_normalization,training/data/train_clean_en-ne.jsonl
Policies,नीति,en-ne,informal,government,government_00025,recovered_site_labels_and_manual_normalization,training/data/train_clean_en-ne.jsonl
Policies,नीति,en-ne,informal,government,government_00025,recovered_site_labels_and_manual_normalization,training/data/train_clean_en-ne.jsonl
Policies,नीति,en-ne,informal,government,government_00025,recovered_site_labels_and_manual_normalization,training/data/train_clean_en-ne.jsonl
I need medicine for a headache.,मलाई टाउको दुखाइको औषधि चाहियो।,en-ne,informal,health,health_00003,hand_priority_seed,training/data/train_clean_en-ne.jsonl
I need medicine for a headache.,मलाई टाउको दुखाइको औषधि चाहियो।,en-ne,informal,health,health_00003,hand_priority_seed,training/data/train_clean_en-ne.jsonl
I need medicine for a headache.,मलाई टाउको दुखाइको औषधि चाहियो।,en-ne,informal,health,health_00003,hand_priority_seed,training/data/train_clean_en-ne.jsonl
I need medicine for a headache.,मलाई टाउको दुखाइको औषधि चाहियो।,en-ne,informal,health,health_00003,hand_priority_seed,training/data/train_clean_en-ne.jsonl
I need medicine for a headache.,मलाई टाउको दुखाइको औषधि चाहियो।,en-ne,informal,health,health_00003,hand_priority_seed,training/data/train_clean_en-ne.jsonl
I need medicine for a headache.,मलाई टाउको दुखाइको औषधि चाहियो।,en-ne,informal,health,health_00003,hand_priority_seed,training/data/train_clean_en-ne.jsonl
I need medicine for a headache.,मलाई टाउको दुखाइको औषधि चाहियो।,en-ne,informal,health,health_00003,hand_priority_seed,training/data/train_clean_en-ne.jsonl
I need medicine for a headache.,मलाई टाउको दुखाइको औषधि चाहियो।,en-ne,informal,health,health_00003,hand_priority_seed,training/data/train_clean_en-ne.jsonl
Please help me.,कृपया मलाई मद्दत गर्नुहोस्।,en-ne,formal,asr_noise,asr_noise_00001,hand_priority_seed,training/data/train_clean_en-ne.jsonl
Please help me.,कृपया मलाई मद्दत गर्नुहोस्।,en-ne,formal,asr_noise,asr_noise_00001,hand_priority_seed,training/data/train_clean_en-ne.jsonl
Please help me.,कृपया मलाई मद्दत गर्नुहोस्।,en-ne,formal,asr_noise,asr_noise_00001,hand_priority_seed,training/data/train_clean_en-ne.jsonl
Please help me.,कृपया मलाई मद्दत गर्नुहोस्।,en-ne,formal,asr_noise,asr_noise_00001,hand_priority_seed,training/data/train_clean_en-ne.jsonl
Introduction,परिचय,en-ne,informal,government,government_00003,recovered_site_labels_and_manual_normalization,training/data/train_clean_en-ne.jsonl
Introduction,परिचय,en-ne,informal,government,government_00003,recovered_site_labels_and_manual_normalization,training/data/train_clean_en-ne.jsonl
Introduction,परिचय,en-ne,informal,government,government_00003,recovered_site_labels_and_manual_normalization,training/data/train_clean_en-ne.jsonl
Introduction,परिचय,en-ne,informal,government,government_00003,recovered_site_labels_and_manual_normalization,training/data/train_clean_en-ne.jsonl
Back,पछाडि,en-ne,informal,government,government_00050,recovered_site_labels_and_manual_normalization,training/data/train_clean_en-ne.jsonl
Back,पछाडि,en-ne,informal,government,government_00050,recovered_site_labels_and_manual_normalization,training/data/train_clean_en-ne.jsonl
Back,पछाडि,en-ne,informal,government,government_00050,recovered_site_labels_and_manual_normalization,training/data/train_clean_en-ne.jsonl
Back,पछाडि,en-ne,informal,government,government_00050,recovered_site_labels_and_manual_normalization,training/data/train_clean_en-ne.jsonl
Is this the way to Thamel?,के यो ठमेल जाने बाटो हो?,en-ne,formal,travel,travel_00003,hand_priority_seed,training/data/train_clean_en-ne.jsonl
Is this the way to Thamel?,के यो ठमेल जाने बाटो हो?,en-ne,formal,travel,travel_00003,hand_priority_seed,training/data/train_clean_en-ne.jsonl
Is this the way to Thamel?,के यो ठमेल जाने बाटो हो?,en-ne,formal,travel,travel_00003,hand_priority_seed,training/data/train_clean_en-ne.jsonl
Is this the way to Thamel?,के यो ठमेल जाने बाटो हो?,en-ne,formal,travel,travel_00003,hand_priority_seed,training/data/train_clean_en-ne.jsonl
Is this the way to Thamel?,के यो ठमेल जाने बाटो हो?,en-ne,formal,travel,travel_00003,hand_priority_seed,training/data/train_clean_en-ne.jsonl
Is this the way to Thamel?,के यो ठमेल जाने बाटो हो?,en-ne,formal,travel,travel_00003,hand_priority_seed,training/data/train_clean_en-ne.jsonl
Is this the way to Thamel?,के यो ठमेल जाने बाटो हो?,en-ne,formal,travel,travel_00003,hand_priority_seed,training/data/train_clean_en-ne.jsonl
Is this the way to Thamel?,के यो ठमेल जाने बाटो हो?,en-ne,formal,travel,travel_00003,hand_priority_seed,training/data/train_clean_en-ne.jsonl
Existing Laws,मौजुदा कानून,en-ne,informal,government,government_00012,recovered_site_labels_and_manual_normalization,training/data/train_clean_en-ne.jsonl
Existing Laws,मौजुदा कानून,en-ne,informal,government,government_00012,recovered_site_labels_and_manual_normalization,training/data/train_clean_en-ne.jsonl
Existing Laws,मौजुदा कानून,en-ne,informal,government,government_00012,recovered_site_labels_and_manual_normalization,training/data/train_clean_en-ne.jsonl
Existing Laws,मौजुदा कानून,en-ne,informal,government,government_00012,recovered_site_labels_and_manual_normalization,training/data/train_clean_en-ne.jsonl
The network is not working.,नेटवर्क चलेको छैन।,en-ne,informal,core_grammar,core_grammar_00026,assistant_curated,training/data/train_clean_en-ne.jsonl
The network is not working.,नेटवर्क चलेको छैन।,en-ne,informal,core_grammar,core_grammar_00026,assistant_curated,training/data/train_clean_en-ne.jsonl
The network is not working.,नेटवर्क चलेको छैन।,en-ne,informal,core_grammar,core_grammar_00026,assistant_curated,training/data/train_clean_en-ne.jsonl
The network is not working.,नेटवर्क चलेको छैन।,en-ne,informal,core_grammar,core_grammar_00026,assistant_curated,training/data/train_clean_en-ne.jsonl
The network is not working.,नेटवर्क चलेको छैन।,en-ne,formal,core_grammar,core_grammar_00026,assistant_curated,training/data/train_clean_en-ne.jsonl
The network is not working.,नेटवर्क चलेको छैन।,en-ne,formal,core_grammar,core_grammar_00026,assistant_curated,training/data/train_clean_en-ne.jsonl
The network is not working.,नेटवर्क चलेको छैन।,en-ne,formal,core_grammar,core_grammar_00026,assistant_curated,training/data/train_clean_en-ne.jsonl
The network is not working.,नेटवर्क चलेको छैन।,en-ne,formal,core_grammar,core_grammar_00026,assistant_curated,training/data/train_clean_en-ne.jsonl
I feel dizzy.,मलाई टाउको घुमेको छ।,en-ne,informal,health,health_00002,hand_priority_seed,training/data/train_clean_en-ne.jsonl
I feel dizzy.,मलाई टाउको घुमेको छ।,en-ne,informal,health,health_00002,hand_priority_seed,training/data/train_clean_en-ne.jsonl
I feel dizzy.,मलाई टाउको घुमेको छ।,en-ne,informal,health,health_00002,hand_priority_seed,training/data/train_clean_en-ne.jsonl
I feel dizzy.,मलाई टाउको घुमेको छ।,en-ne,informal,health,health_00002,hand_priority_seed,training/data/train_clean_en-ne.jsonl
I feel dizzy.,मलाई टाउको घुमेको छ।,en-ne,informal,health,health_00002,hand_priority_seed,training/data/train_clean_en-ne.jsonl
I feel dizzy.,मलाई टाउको घुमेको छ।,en-ne,informal,health,health_00002,hand_priority_seed,training/data/train_clean_en-ne.jsonl
I feel dizzy.,मलाई टाउको घुमेको छ।,en-ne,informal,health,health_00002,hand_priority_seed,training/data/train_clean_en-ne.jsonl
I feel dizzy.,मलाई टाउको घुमेको छ।,en-ne,informal,health,health_00002,hand_priority_seed,training/data/train_clean_en-ne.jsonl
I do not want this.,मलाई यो चाहिँदैन।,en-ne,informal,core_grammar,core_grammar_00016,assistant_curated,training/data/train_clean_en-ne.jsonl
I do not want this.,मलाई यो चाहिँदैन।,en-ne,informal,core_grammar,core_grammar_00016,assistant_curated,training/data/train_clean_en-ne.jsonl
I do not want this.,मलाई यो चाहिँदैन।,en-ne,informal,core_grammar,core_grammar_00016,assistant_curated,training/data/train_clean_en-ne.jsonl
I do not want this.,मलाई यो चाहिँदैन।,en-ne,informal,core_grammar,core_grammar_00016,assistant_curated,training/data/train_clean_en-ne.jsonl
I need a taxi.,मलाई ट्याक्सी चाहियो।,en-ne,informal,travel,travel_00004,hand_priority_seed,training/data/train_clean_en-ne.jsonl
I need a taxi.,मलाई ट्याक्सी चाहियो।,en-ne,informal,travel,travel_00004,hand_priority_seed,training/data/train_clean_en-ne.jsonl
I need a taxi.,मलाई ट्याक्सी चाहियो।,en-ne,informal,travel,travel_00004,hand_priority_seed,training/data/train_clean_en-ne.jsonl
I need a taxi.,मलाई ट्याक्सी चाहियो।,en-ne,informal,travel,travel_00004,hand_priority_seed,training/data/train_clean_en-ne.jsonl
I need a taxi.,मलाई ट्याक्सी चाहियो।,en-ne,informal,travel,travel_00004,hand_priority_seed,training/data/train_clean_en-ne.jsonl
I need a taxi.,मलाई ट्याक्सी चाहियो।,en-ne,informal,travel,travel_00004,hand_priority_seed,training/data/train_clean_en-ne.jsonl
I need a taxi.,मलाई ट्याक्सी चाहियो।,en-ne,informal,travel,travel_00004,hand_priority_seed,training/data/train_clean_en-ne.jsonl
I need a taxi.,मलाई ट्याक्सी चाहियो।,en-ne,informal,travel,travel_00004,hand_priority_seed,training/data/train_clean_en-ne.jsonl
I am sick.,म बिरामी छु।,en-ne,formal,core_grammar,core_grammar_00019,assistant_curated,training/data/train_clean_en-ne.jsonl
I am sick.,म बिरामी छु।,en-ne,formal,core_grammar,core_grammar_00019,assistant_curated,training/data/train_clean_en-ne.jsonl
I am sick.,म बिरामी छु।,en-ne,formal,core_grammar,core_grammar_00019,assistant_curated,training/data/train_clean_en-ne.jsonl
I am sick.,म बिरामी छु।,en-ne,formal,core_grammar,core_grammar_00019,assistant_curated,training/data/train_clean_en-ne.jsonl
I have an allergy.,मलाई एलर्जी छ।,en-ne,formal,core_grammar,core_grammar_00018,assistant_curated,training/data/train_clean_en-ne.jsonl
I have an allergy.,मलाई एलर्जी छ।,en-ne,formal,core_grammar,core_grammar_00018,assistant_curated,training/data/train_clean_en-ne.jsonl
I have an allergy.,मलाई एलर्जी छ।,en-ne,formal,core_grammar,core_grammar_00018,assistant_curated,training/data/train_clean_en-ne.jsonl
I have an allergy.,मलाई एलर्जी छ।,en-ne,formal,core_grammar,core_grammar_00018,assistant_curated,training/data/train_clean_en-ne.jsonl
I want this one.,म यो चाहन्छु।,en-ne,formal,shopping,shopping_00002,hand_priority_seed,training/data/train_clean_en-ne.jsonl
I want this one.,म यो चाहन्छु।,en-ne,formal,shopping,shopping_00002,hand_priority_seed,training/data/train_clean_en-ne.jsonl
I want this one.,म यो चाहन्छु।,en-ne,formal,shopping,shopping_00002,hand_priority_seed,training/data/train_clean_en-ne.jsonl
I want this one.,म यो चाहन्छु।,en-ne,formal,shopping,shopping_00002,hand_priority_seed,training/data/train_clean_en-ne.jsonl
Is Wi-Fi free here?,के यहाँ वाइफाइ निःशुल्क छ?,en-ne,formal,code_switch_names,code_switch_names_00002,hand_priority_seed,training/data/train_clean_en-ne.jsonl
Is Wi-Fi free here?,के यहाँ वाइफाइ निःशुल्क छ?,en-ne,formal,code_switch_names,code_switch_names_00002,hand_priority_seed,training/data/train_clean_en-ne.jsonl
Is Wi-Fi free here?,के यहाँ वाइफाइ निःशुल्क छ?,en-ne,formal,code_switch_names,code_switch_names_00002,hand_priority_seed,training/data/train_clean_en-ne.jsonl
Is Wi-Fi free here?,के यहाँ वाइफाइ निःशुल्क छ?,en-ne,formal,code_switch_names,code_switch_names_00002,hand_priority_seed,training/data/train_clean_en-ne.jsonl
Is this vegetarian?,के यो शाकाहारी हो?,en-ne,formal,questions_requests,questions_requests_00013,assistant_curated,training/data/train_clean_en-ne.jsonl
Is this vegetarian?,के यो शाकाहारी हो?,en-ne,formal,questions_requests,questions_requests_00013,assistant_curated,training/data/train_clean_en-ne.jsonl
Is this vegetarian?,के यो शाकाहारी हो?,en-ne,formal,questions_requests,questions_requests_00013,assistant_curated,training/data/train_clean_en-ne.jsonl
Is this vegetarian?,के यो शाकाहारी हो?,en-ne,formal,questions_requests,questions_requests_00013,assistant_curated,training/data/train_clean_en-ne.jsonl
Is this vegetarian?,के यो शाकाहारी हो?,en-ne,formal,questions_requests,questions_requests_00013,assistant_curated,training/data/train_clean_en-ne.jsonl
Is this vegetarian?,के यो शाकाहारी हो?,en-ne,formal,questions_requests,questions_requests_00013,assistant_curated,training/data/train_clean_en-ne.jsonl
Is this vegetarian?,के यो शाकाहारी हो?,en-ne,formal,questions_requests,questions_requests_00013,assistant_curated,training/data/train_clean_en-ne.jsonl
Is this vegetarian?,के यो शाकाहारी हो?,en-ne,formal,questions_requests,questions_requests_00013,assistant_curated,training/data/train_clean_en-ne.jsonl
Search,खोज्नुहोस्,en-ne,informal,government,government_00039,recovered_site_labels_and_manual_normalization,training/data/train_clean_en-ne.jsonl
Search,खोज्नुहोस्,en-ne,informal,government,government_00039,recovered_site_labels_and_manual_normalization,training/data/train_clean_en-ne.jsonl
Search,खोज्नुहोस्,en-ne,informal,government,government_00039,recovered_site_labels_and_manual_normalization,training/data/train_clean_en-ne.jsonl
Search,खोज्नुहोस्,en-ne,informal,government,government_00039,recovered_site_labels_and_manual_normalization,training/data/train_clean_en-ne.jsonl
Download,डाउनलोड गर,en-ne,informal,government,government_00043,recovered_site_labels_and_manual_normalization,training/data/train_clean_en-ne.jsonl
Download,डाउनलोड गर,en-ne,informal,government,government_00043,recovered_site_labels_and_manual_normalization,training/data/train_clean_en-ne.jsonl
Download,डाउनलोड गर,en-ne,informal,government,government_00043,recovered_site_labels_and_manual_normalization,training/data/train_clean_en-ne.jsonl
Download,डाउनलोड गर,en-ne,informal,government,government_00043,recovered_site_labels_and_manual_normalization,training/data/train_clean_en-ne.jsonl
Please use formal language.,औपचारिक भाषा प्रयोग गर।,en-ne,informal,government,government_00052,assistant_curated,training/data/train_clean_en-ne.jsonl
Please use formal language.,औपचारिक भाषा प्रयोग गर।,en-ne,informal,government,government_00052,assistant_curated,training/data/train_clean_en-ne.jsonl
Please use formal language.,औपचारिक भाषा प्रयोग गर।,en-ne,informal,government,government_00052,assistant_curated,training/data/train_clean_en-ne.jsonl
Please use formal language.,औपचारिक भाषा प्रयोग गर।,en-ne,informal,government,government_00052,assistant_curated,training/data/train_clean_en-ne.jsonl
Turn left.,बायाँ मोड।,en-ne,informal,core_grammar,core_grammar_00010,assistant_curated,training/data/train_clean_en-ne.jsonl
Turn left.,बायाँ मोड।,en-ne,informal,core_grammar,core_grammar_00010,assistant_curated,training/data/train_clean_en-ne.jsonl
Turn left.,बायाँ मोड।,en-ne,informal,core_grammar,core_grammar_00010,assistant_curated,training/data/train_clean_en-ne.jsonl
Turn left.,बायाँ मोड।,en-ne,informal,core_grammar,core_grammar_00010,assistant_curated,training/data/train_clean_en-ne.jsonl
Law Drafting,कानून तर्जुमा,en-ne,informal,government,government_00010,recovered_site_labels_and_manual_normalization,training/data/train_clean_en-ne.jsonl
Law Drafting,कानून तर्जुमा,en-ne,informal,government,government_00010,recovered_site_labels_and_manual_normalization,training/data/train_clean_en-ne.jsonl
Law Drafting,कानून तर्जुमा,en-ne,informal,government,government_00010,recovered_site_labels_and_manual_normalization,training/data/train_clean_en-ne.jsonl
Law Drafting,कानून तर्जुमा,en-ne,informal,government,government_00010,recovered_site_labels_and_manual_normalization,training/data/train_clean_en-ne.jsonl
This is good.,यो राम्रो छ।,en-ne,formal,core_grammar,core_grammar_00001,hand_priority_seed,training/data/train_clean_en-ne.jsonl
This is good.,यो राम्रो छ।,en-ne,formal,core_grammar,core_grammar_00001,hand_priority_seed,training/data/train_clean_en-ne.jsonl
This is good.,यो राम्रो छ।,en-ne,formal,core_grammar,core_grammar_00001,hand_priority_seed,training/data/train_clean_en-ne.jsonl
This is good.,यो राम्रो छ।,en-ne,formal,core_grammar,core_grammar_00001,hand_priority_seed,training/data/train_clean_en-ne.jsonl
Where does it hurt?,तपाईंलाई कहाँ दुखेको छ?,en-ne,formal,questions_requests,questions_requests_00015,assistant_curated,training/data/train_clean_en-ne.jsonl
Where does it hurt?,तपाईंलाई कहाँ दुखेको छ?,en-ne,formal,questions_requests,questions_requests_00015,assistant_curated,training/data/train_clean_en-ne.jsonl
Where does it hurt?,तपाईंलाई कहाँ दुखेको छ?,en-ne,formal,questions_requests,questions_requests_00015,assistant_curated,training/data/train_clean_en-ne.jsonl
Where does it hurt?,तपाईंलाई कहाँ दुखेको छ?,en-ne,formal,questions_requests,questions_requests_00015,assistant_curated,training/data/train_clean_en-ne.jsonl
Where does it hurt?,तपाईंलाई कहाँ दुखेको छ?,en-ne,formal,questions_requests,questions_requests_00015,assistant_curated,training/data/train_clean_en-ne.jsonl
Where does it hurt?,तपाईंलाई कहाँ दुखेको छ?,en-ne,formal,questions_requests,questions_requests_00015,assistant_curated,training/data/train_clean_en-ne.jsonl
Where does it hurt?,तपाईंलाई कहाँ दुखेको छ?,en-ne,formal,questions_requests,questions_requests_00015,assistant_curated,training/data/train_clean_en-ne.jsonl
Where does it hurt?,तपाईंलाई कहाँ दुखेको छ?,en-ne,formal,questions_requests,questions_requests_00015,assistant_curated,training/data/train_clean_en-ne.jsonl
Information Center,सूचना केन्द्र,en-ne,informal,government,government_00029,recovered_site_labels_and_manual_normalization,training/data/train_clean_en-ne.jsonl
Information Center,सूचना केन्द्र,en-ne,informal,government,government_00029,recovered_site_labels_and_manual_normalization,training/data/train_clean_en-ne.jsonl
Information Center,सूचना केन्द्र,en-ne,informal,government,government_00029,recovered_site_labels_and_manual_normalization,training/data/train_clean_en-ne.jsonl
Information Center,सूचना केन्द्र,en-ne,informal,government,government_00029,recovered_site_labels_and_manual_normalization,training/data/train_clean_en-ne.jsonl
Please help me.,मलाई मद्दत गर।,en-ne,informal,asr_noise,asr_noise_00001,hand_priority_seed,training/data/train_clean_en-ne.jsonl
Please help me.,मलाई मद्दत गर।,en-ne,informal,asr_noise,asr_noise_00001,hand_priority_seed,training/data/train_clean_en-ne.jsonl
Please help me.,मलाई मद्दत गर।,en-ne,informal,asr_noise,asr_noise_00001,hand_priority_seed,training/data/train_clean_en-ne.jsonl
Please help me.,मलाई मद्दत गर।,en-ne,informal,asr_noise,asr_noise_00001,hand_priority_seed,training/data/train_clean_en-ne.jsonl
My name is Cooper.,मेरो नाम कुपर हो।,en-ne,informal,code_switch_names,code_switch_names_00003,hand_priority_seed,training/data/train_clean_en-ne.jsonl
My name is Cooper.,मेरो नाम कुपर हो।,en-ne,informal,code_switch_names,code_switch_names_00003,hand_priority_seed,training/data/train_clean_en-ne.jsonl
My name is Cooper.,मेरो नाम कुपर हो।,en-ne,informal,code_switch_names,code_switch_names_00003,hand_priority_seed,training/data/train_clean_en-ne.jsonl
My name is Cooper.,मेरो नाम कुपर हो।,en-ne,informal,code_switch_names,code_switch_names_00003,hand_priority_seed,training/data/train_clean_en-ne.jsonl
About Us,हाम्रो बारेमा,en-ne,neutral,government_ui,1,recovered_site_labels_and_manual_normalization,training/data/train_law_gov_en_ne.jsonl
Introduction,परिचय,en-ne,neutral,government_ui,2,recovered_site_labels_and_manual_normalization,training/data/train_law_gov_en_ne.jsonl
Vision and Mission,परिदृश्य र परिलक्ष्य,en-ne,neutral,government_ui,3,recovered_site_labels_and_manual_normalization,training/data/train_law_gov_en_ne.jsonl
Duties and Powers,"काम, कर्तव्य र अधिकार",en-ne,neutral,government_ui,4,recovered_site_labels_and_manual_normalization,training/data/train_law_gov_en_ne.jsonl
Organization Structure,सङ्गठन संरचना,en-ne,neutral,government_ui,5,recovered_site_labels_and_manual_normalization,training/data/train_law_gov_en_ne.jsonl
Officials and Employees,पदाधिकारी र कर्मचारी,en-ne,neutral,government_ui,6,recovered_site_labels_and_manual_normalization,training/data/train_law_gov_en_ne.jsonl
Former Chairpersons,पूर्व अध्यक्षहरू,en-ne,neutral,government_ui,7,recovered_site_labels_and_manual_normalization,training/data/train_law_gov_en_ne.jsonl
Services,सेवाहरू,en-ne,neutral,government_ui,8,recovered_site_labels_and_manual_normalization,training/data/train_law_gov_en_ne.jsonl
Law Drafting,कानून तर्जुमा,en-ne,neutral,government_ui,9,recovered_site_labels_and_manual_normalization,training/data/train_law_gov_en_ne.jsonl
Research and Study,खोज तथा अध्ययन,en-ne,neutral,government_ui,10,recovered_site_labels_and_manual_normalization,training/data/train_law_gov_en_ne.jsonl
Existing Laws,मौजुदा कानून,en-ne,neutral,government_ui,11,recovered_site_labels_and_manual_normalization,training/data/train_law_gov_en_ne.jsonl
Constitution,संविधान,en-ne,neutral,government_ui,12,recovered_site_labels_and_manual_normalization,training/data/train_law_gov_en_ne.jsonl
Acts,ऐन,en-ne,neutral,government_ui,13,recovered_site_labels_and_manual_normalization,training/data/train_law_gov_en_ne.jsonl
Recent Acts,हालसालैका ऐन,en-ne,neutral,government_ui,14,recovered_site_labels_and_manual_normalization,training/data/train_law_gov_en_ne.jsonl
By Volume,खण्ड अनुसार,en-ne,neutral,government_ui,15,recovered_site_labels_and_manual_normalization,training/data/train_law_gov_en_ne.jsonl
Alphabetical List,वर्णानुक्रम अनुसारको सूची,en-ne,neutral,government_ui,16,recovered_site_labels_and_manual_normalization,training/data/train_law_gov_en_ne.jsonl
Ordinances,अध्यादेश,en-ne,neutral,government_ui,17,recovered_site_labels_and_manual_normalization,training/data/train_law_gov_en_ne.jsonl
Regulations,नियमावली,en-ne,neutral,government_ui,18,recovered_site_labels_and_manual_normalization,training/data/train_law_gov_en_ne.jsonl
Formation Orders,गठन आदेश,en-ne,neutral,government_ui,19,recovered_site_labels_and_manual_normalization,training/data/train_law_gov_en_ne.jsonl
Repealed Laws,खारेज भएका कानून,en-ne,neutral,government_ui,20,recovered_site_labels_and_manual_normalization,training/data/train_law_gov_en_ne.jsonl
Repealed Acts,खारेज भएका ऐन,en-ne,neutral,government_ui,21,recovered_site_labels_and_manual_normalization,training/data/train_law_gov_en_ne.jsonl
Repealed Ordinances,खारेज भएका अध्यादेश,en-ne,neutral,government_ui,22,recovered_site_labels_and_manual_normalization,training/data/train_law_gov_en_ne.jsonl
Repealed Regulations,खारेज भएका नियमावली,en-ne,neutral,government_ui,23,recovered_site_labels_and_manual_normalization,training/data/train_law_gov_en_ne.jsonl
Policies,नीति,en-ne,neutral,government_ui,24,recovered_site_labels_and_manual_normalization,training/data/train_law_gov_en_ne.jsonl
International Treaties and Agreements,अन्तर्राष्ट्रिय सन्धि सम्झौता,en-ne,neutral,government_ui,25,recovered_site_labels_and_manual_normalization,training/data/train_law_gov_en_ne.jsonl
Historical Documents,ऐतिहासिक दस्तावेज,en-ne,neutral,government_ui,26,recovered_site_labels_and_manual_normalization,training/data/train_law_gov_en_ne.jsonl
Other,अन्य,en-ne,neutral,government_ui,27,recovered_site_labels_and_manual_normalization,training/data/train_law_gov_en_ne.jsonl
Information Center,सूचना केन्द्र,en-ne,neutral,government_ui,28,recovered_site_labels_and_manual_normalization,training/data/train_law_gov_en_ne.jsonl
Annual Report,वार्षिक प्रतिवेदन,en-ne,neutral,government_ui,29,recovered_site_labels_and_manual_normalization,training/data/train_law_gov_en_ne.jsonl
Contact,सम्पर्क,en-ne,neutral,government_ui,30,recovered_site_labels_and_manual_normalization,training/data/train_law_gov_en_ne.jsonl
Contact Address,सम्पर्क ठेगाना,en-ne,neutral,government_ui,31,recovered_site_labels_and_manual_normalization,training/data/train_law_gov_en_ne.jsonl
Suggestions and Complaints,सुझाव र गुनासो,en-ne,neutral,government_ui,32,recovered_site_labels_and_manual_normalization,training/data/train_law_gov_en_ne.jsonl
Frequently Asked Questions,बारम्बार सोधिने प्रश्न र उत्तर,en-ne,neutral,government_ui,33,recovered_site_labels_and_manual_normalization,training/data/train_law_gov_en_ne.jsonl
Government of Nepal,नेपाल सरकार,en-ne,neutral,government_ui,34,recovered_site_labels_and_manual_normalization,training/data/train_law_gov_en_ne.jsonl
Nepal Law Commission,नेपाल कानून आयोग,en-ne,neutral,government_ui,35,recovered_site_labels_and_manual_normalization,training/data/train_law_gov_en_ne.jsonl
"New Baneshwor, Kathmandu","नयाँ बानेश्वर, काठमाडौं",en-ne,neutral,government_ui,36,recovered_site_labels_and_manual_normalization,training/data/train_law_gov_en_ne.jsonl
Select Language,भाषा चयन गर्नुहोस्,en-ne,neutral,government_ui,37,recovered_site_labels_and_manual_normalization,training/data/train_law_gov_en_ne.jsonl
Search,खोज्नुहोस्,en-ne,neutral,government_ui,38,recovered_site_labels_and_manual_normalization,training/data/train_law_gov_en_ne.jsonl
Important Notice,महत्त्वपूर्ण सूचना,en-ne,neutral,government_ui,39,recovered_site_labels_and_manual_normalization,training/data/train_law_gov_en_ne.jsonl
Office Hours,कार्यालय समय,en-ne,neutral,government_ui,40,recovered_site_labels_and_manual_normalization,training/data/train_law_gov_en_ne.jsonl
Home,गृहपृष्ठ,en-ne,neutral,government_ui,41,recovered_site_labels_and_manual_normalization,training/data/train_law_gov_en_ne.jsonl
Download,डाउनलोड गर्नुहोस्,en-ne,neutral,government_ui,42,recovered_site_labels_and_manual_normalization,training/data/train_law_gov_en_ne.jsonl
Read More,थप पढ्नुहोस्,en-ne,neutral,government_ui,43,recovered_site_labels_and_manual_normalization,training/data/train_law_gov_en_ne.jsonl
Previous,अघिल्लो,en-ne,neutral,government_ui,44,recovered_site_labels_and_manual_normalization,training/data/train_law_gov_en_ne.jsonl
Next,अर्को,en-ne,neutral,government_ui,45,recovered_site_labels_and_manual_normalization,training/data/train_law_gov_en_ne.jsonl
Submit,पेश गर्नुहोस्,en-ne,neutral,government_ui,46,recovered_site_labels_and_manual_normalization,training/data/train_law_gov_en_ne.jsonl
Cancel,रद्द गर्नुहोस्,en-ne,neutral,government_ui,47,recovered_site_labels_and_manual_normalization,training/data/train_law_gov_en_ne.jsonl
Close,बन्द गर्नुहोस्,en-ne,neutral,government_ui,48,recovered_site_labels_and_manual_normalization,training/data/train_law_gov_en_ne.jsonl
Back,पछाडि,en-ne,neutral,government_ui,49,recovered_site_labels_and_manual_normalization,training/data/train_law_gov_en_ne.jsonl
Share,साझा गर्नुहोस्,en-ne,neutral,government_ui,50,recovered_site_labels_and_manual_normalization,training/data/train_law_gov_en_ne.jsonl
"The Nepal Law Commission (NLC) was first constituted by an executive decision in 1953, immediately after the dawn of multiparty democracy. The second, third, fourth and fifth Commissions were constituted in 1960, 1963, 1972 and 1979 respectively. All those Commissions were temporary in nature. The NLC was given permanent status only in 1984. After the restoration of multiparty democracy in 1990, the NLC was restructured with the mandate commensurate to the changed context. It was again restructured in 2003 with timely changes in its mandate and composition. Now, the Commission is a statutory body under the Nepal Law Commission Act, 2007, which was promulgated on 14th January, 2007. It is to ","(क) ल कमिशन, २०१०ः नेपालमा सर्वप्रथम २०१०।९।६।१ को मन्त्रिमण्डलको निर्णय बमोजिम पहिलो ल कमिशनको गठन भएको हो। उक्त कमिशनको गठनविधि, कार्य प्रणाली, कार्यावधि आदिका सम्बन्धमा मिति २०१०।११।११ मा नेपाल गजेटमा प्रकाशित सरकारको विज्ञप्तिमा उल्लेख गरिएको थियो।",en-ne,formal,government_law,,lawcommission_wayback,training/data/train_law_gov_en_ne.jsonl
"The Commission consists of nine members including the Chairperson, Vice-chairperson and seven members.","(ख) ल कमिशन, २०१७ः श्री ५ को सरकारको मिति २०१७।६।२७।४ को निर्णय अनुसार (नेपाल राजपत्रमा प्रकाशित मिति २०१७।७।१५) देहाय बमोजिमको ७ सदस्यीय दोश्रो ल कमिशन गठन गरियो। १. सर्वोच्च अदालतका माननीय न्यायाधीश श्री नयनबहादुर खत्री — अध्यक्ष २. मध्यमाञ्चल उच्च अदालतका मुख्य न्यायाधीश — सदस्य ३. एटर्नी जनरल श्री शम्भुप्रसाद ज्ञवाली — सदस्य ४. कानून सचिव — सदस्य ५. श्री ५ को सरकारबाट मनोनित गैर—सरकारी व्यक्ति जना ३ — सदस्य",en-ne,formal,government_law,,lawcommission_wayback,training/data/train_law_gov_en_ne.jsonl
The Chairperson and the Vice-chairperson are appointed by the Government of Nepal for five years. Other three members consisting of at least one woman are nominated by the same for two years. Retired judge of the Supreme Court or one who is qualified for the same is eligible to be appointed as the Chairperson. Person retired from the post of special class of Nepal Judicial Service or a person having fifteen years of experience as a law practitioner or law teacher or working in the field of law and justice including legal drafting may be eligible for the post of Vice-chairperson or member of the commission.,मिति २०१८।७।१४ मा प्रकाशित सूचना अनुसार सर्वोच्च अदालतको न्यायाधीशलाई झिकी एटर्नी जनरललाई अध्यक्ष बनाइएको थियो। उक्त सूचना अनुसूची ३ मा राखिएको छ। कमिशनको बैठक कम्तिमा महिनाको ४ पटक वस्नुपर्ने र ४ जना सदस्यहरु उपस्थित हुनुपर्ने गरी गणपूरक संख्या तोकिएकोमा मिति २०१८।७।१४ को राजपत्रमा प्रकाशित सूचना अनुसार गणपूरक संख्या ३ बनाइएको थियो। कमिशनले आफ्नो कार्यविधि व्यवस्थित गर्न नियम बनाउन सक्ने तथा सो नियम कानून मन्त्रालयबाट स्वीकृत हुनुपर्ने व्यवस्था थियो। कानून मन्त्रालयको उप—सचिवलाई सेक्रेटरी तोकिएको उक्त कमिशनले २ वर्ष भित्रमा काम सम्पन्न गरी रिपोर्ट श्री ५ को सरकार समक्ष पेश गर्नुपर्ने थियो। २०२० सालको मुलुकी ऐन यस आयोगको सक्रियतामा बनेको हो।,en-ne,formal,government_law,,lawcommission_wayback,training/data/train_law_gov_en_ne.jsonl
"The Secretary at the Ministry of Law, Justice and Parliamentary Affairs, Secretary (Law) at the Office of the Prime Minister and Council of Ministers, Deputy Attorney General nominated by the Attorney General of Nepal and the Secretary at the NLC, who also serves as a Member-Secretary, are ex-officio members.","(ग) कानून आयोग, २०२०ः श्री ५ को सरकारको मिति २०२०।१०।८।४ को निर्णय बमोजिम (राजपत्रमा सूचना प्रकाशित मिति २०२०।१२।१०) गठन भएको उक्त आयोगको गठनविधि यस प्रकार थियोः— १. श्री विनोदप्रसाद धिताल सह—सचिव, कानून मन्त्रालय — पदेन अध्यक्ष २. श्री नीरकुमार क्षेत्री — सदस्य ३. श्री टोप बहादुर सिंह — सदस्य ४. श्री हेरम्बराज — सदस्य ५. श्री विश्वनाथ उपाध्याय उप—सचिव, कानून मन्त्रालय —सदस्य—सचिव",en-ne,formal,government_law,,lawcommission_wayback,training/data/train_law_gov_en_ne.jsonl
The Government may appoint up to five members as honorary members to the Commission from amongst outstanding experts in the pertinent field.,शुरुमा यसको कार्यकाल एक वर्ष तोकिएको भए तापनि पटक पटक म्याद थप भई २०२७ सालसम्म कायम भएको थियो।,en-ne,formal,government_law,,lawcommission_wayback,training/data/train_law_gov_en_ne.jsonl
"There is a provision of a Recommendation Committee composed of the Minister for Law, Justice and Parliamentary Affairs, Chairperson of the Law, Justice and Parliamentary Committee of the House of Representatives* and Chairperson of the Nepal Bar Association to recommend to the Government for appointment in the post of Chairperson, Vice-chairperson and members of the Commission.","(घ) कानून आयोग, २०२९ः श्री ५ महाराजाधिराजबाट मिति २०२९।२।१९ मा प्रचलित नेपाल कानूनमा विशेष गरी फौजदारी, देवानी, बाणिज्य तथा प्रमाण सम्बन्धी कानूनहरुमा भइरहेको अभाव र त्रुटीहरु हटाई भरिसक्य सरल, बैज्ञानिक र व्यवहारिक रुप दिई छुटृाछुटृै ऐनहरुको तर्जुमा गर्न न्यायिक समितिका अध्यक्ष एवं सर्वोच्च अदालतका माननीय न्यायाधीश श्री नयनबहादुर खत्रीको अध्यक्षतामा ५ सदस्यीय चौथौ कानून आयोगको गठन गरिबक्सियो। उक्त आयोग गठनको सूचना अनुसूची – ४ मा राखिएको छ। उक्त आयोगमा सर्वोच्च अदालतका अस्थायी माननीय न्यायाधीश श्री विश्वनाथ उपाध्याय— १, महान्यायाधिवक्ता श्री रमानन्दप्रसाद सिंह —१, न्यायिक समितिका सदस्य श्री कृष्णप्रसाद पन्त— १ समेतलाई सदस्य तथा कानून सचिव श्री चूडामणिराज सिंहलाई सदस्य—सचिव तोकिएको थियो। यस आयोगले प्रमाण ऐन तथा अपराध संहिता मसौदा र तत्सम्बन्धी प्रतिवेदन तयार गरी श्री ५ समक्ष पेश गरेको थि",en-ne,formal,government_law,,lawcommission_wayback,training/data/train_law_gov_en_ne.jsonl
"To draft new legislation and amendment of the statute with explanatory notes, To codify, unify and review existing laws, To draft legislation to include treaty obligation, To exchange ideas and information with law commissions and law drafting agencies of other countries, To carry out study and research works on legal field. To make consultation with stakeholders, To obtain expert service. To prepare annual programs and annual progress report, To accomplish other functions relating to law and justice as prescribed by the Government and as deemed necessary by the Commission itself, To make necessary recommendation to the Government. Process of Discussion on Consultation Paper","(ङ) कानून सुधार आयोग, २०३६ः कानून आयोग २०२९ को सुझाव सहितको प्रतिवेदन अध्ययन गरी कार्यान्वयन गर्ने तथा तोकिए बमोजिम अन्य कामहरु गर्न पाँचौ पटक मिति २०३६।८।२६ मा कानून सुधार आयोगको गठन भयो। यसको कार्यावधि ३ वर्षको हुने र बैठक कम्तिमा हप्ताको २ पटक वस्ने गरी व्यवस्था गरिएको थियो। तोकिए बमोजिम आयोगको गठनविधि एवं काम, कर्तव्यहरु अनुसूची— ५ मा उल्लेख गरिएको छ। यो आयोगले हदम्याद सम्बन्धी कानूनको मस्यौदा, मुलुकी ऐनको संशोधन मस्यौदा एवं मध्यस्थता सम्बन्धी ऐनको मस्यौदा तयार गरी पेश गरेको थियो। आयोगको पदावधि मिति २०३९।८।२२ मा समाप्त भएपनि अर्को व्यवस्था नभएसम्मका लागि यो आयोगलाई साविक बमोजिमको जिम्मेवारी थप गरिएको थियो।",en-ne,formal,government_law,,lawcommission_wayback,training/data/train_law_gov_en_ne.jsonl
"1 Initiation of tasks: The commission may initiate drafting and law reform process either on referral of the concerned ministry or on its own. It may also receive a proposal from stakeholders, i.e. individual, non-governmental organization, civil society and community organization.","(च) नेपाल कानून सुधार आयोग, २०४१ः यस अघिका आयोगको आवधिक वा तदर्थ रुपमा गठन विघटन हुंदै आएकोमा श्री ५ को सरकारको मिति २०४१।८।२१ को निर्णयले नेपाल कानून सुधार आयोग नामक एक स्थायी प्रकृतिको आयोगको स्थापना गरी पदाधिकारीहरु नियुक्ति गर्ने व्यवस्था गर्यो। श्री ५ को सरकारको यो निर्णयले कानून तर्जुमाका क्षेत्रमा आयोगको स्थायी भूमिका एवं सक्रियताको अपेक्षा राख्दै संस्थागत रुपमा नै आयोगको अस्तित्व स्थापित गर्ने काम ग¥यो। आयोगको इतिहासमा यो सर्वाधिक महत्वको निर्णय थियो भन्न सकिन्छ। जस अनुसार ५ वर्षे कार्यावधि सहित गठन भएको आयोगको गठनविधि एवं काम कर्तव्यहरुको व्यवस्था गरिएको थियो। पछि श्री ५ को सरकारले मिति २०४६।८।२१ मा पदावधि समाप्त भएका उक्त आयोगका सदस्य तथा सह—सदस्यहरुलाई यथावत कायम राख्ने निर्णय गरेको थियो।",en-ne,formal,government_law,,lawcommission_wayback,training/data/train_law_gov_en_ne.jsonl
"2 Formation of Working Team: The Commission decides annual program on the basis of the priority and forms working team (WT) involving experts to work on approved area by providing clear mandate and time frame. Generally, one member of the Commission heads the WT or it is headed by any reputed personality in the relevant field.","श्री ५ को सरकारले मिति २०४७।१२।१८ को निर्णयानुसार नेपाल कानून सुधार आयोगलाई पुनर्गठन गरी कार्यविधि समेत तोकेको थियो। यो आयोगले २०४८ सालमा एक कार्यदलको गठन गरी नेपाल अधिराज्यको संविधान, २०४७ बमोजिम तर्जुमा गर्नुपर्ने ऐनहरुको मस्यौदा तयार गर्यो।",en-ne,formal,government_law,,lawcommission_wayback,training/data/train_law_gov_en_ne.jsonl
"3 Preparation of Consultation Paper: The WT carries out in-depth study of the issue under review. For this purpose, WT may invite expert, stakeholder and government official for consultation as an invitee member. The WT prepares a consultation/issue paper and it is made available to any person interested. WT can also opt appropriate methods of research for data collection.","यस आयोगले निम्न विषयमा विशेषज्ञहरुबाट कार्यक्रम तयार गर्न लगाई तत्सम्बन्धी कानूनको तर्जुमामा अध्ययन, अनुसन्धान गरेको देखिन्छ।",en-ne,formal,government_law,,lawcommission_wayback,training/data/train_law_gov_en_ne.jsonl
Hello.,नमस्कार।,en-ne,formal,common_conversation,51,assistant_curated,training/data/train_user_conversation_seeds.jsonl
Hello.,नमस्ते।,en-ne,informal,common_conversation,52,assistant_curated,training/data/train_user_conversation_seeds.jsonl
Thank you.,धन्यवाद।,en-ne,formal,common_conversation,53,assistant_curated,training/data/train_user_conversation_seeds.jsonl
Thank you.,धन्यवाद।,en-ne,informal,common_conversation,54,assistant_curated,training/data/train_user_conversation_seeds.jsonl
You are welcome.,हजुरलाई स्वागत छ।,en-ne,formal,common_conversation,55,assistant_curated,training/data/train_user_conversation_seeds.jsonl
You are welcome.,स्वागत छ।,en-ne,informal,common_conversation,56,assistant_curated,training/data/train_user_conversation_seeds.jsonl
Excuse me.,माफ गर्नुहोस्।,en-ne,formal,common_conversation,57,assistant_curated,training/data/train_user_conversation_seeds.jsonl
Excuse me.,माफ गर।,en-ne,informal,common_conversation,58,assistant_curated,training/data/train_user_conversation_seeds.jsonl
I am sorry.,म क्षमा चाहन्छु।,en-ne,formal,common_conversation,59,assistant_curated,training/data/train_user_conversation_seeds.jsonl
I am sorry.,माफ गर।,en-ne,informal,common_conversation,60,assistant_curated,training/data/train_user_conversation_seeds.jsonl
Yes.,हो।,en-ne,formal,common_conversation,61,assistant_curated,training/data/train_user_conversation_seeds.jsonl
Yes.,हो।,en-ne,informal,common_conversation,62,assistant_curated,training/data/train_user_conversation_seeds.jsonl
No.,होइन।,en-ne,formal,common_conversation,63,assistant_curated,training/data/train_user_conversation_seeds.jsonl
No.,होइन।,en-ne,informal,common_conversation,64,assistant_curated,training/data/train_user_conversation_seeds.jsonl
Please.,कृपया।,en-ne,formal,common_conversation,65,assistant_curated,training/data/train_user_conversation_seeds.jsonl
Please.,कृपया।,en-ne,informal,common_conversation,66,assistant_curated,training/data/train_user_conversation_seeds.jsonl
How are you?,तपाईंलाई कस्तो छ?,en-ne,formal,common_conversation,67,assistant_curated,training/data/train_user_conversation_seeds.jsonl
How are you?,तिमीलाई कस्तो छ?,en-ne,informal,common_conversation,68,assistant_curated,training/data/train_user_conversation_seeds.jsonl
I am fine.,मलाई सन्चै छ।,en-ne,formal,common_conversation,69,assistant_curated,training/data/train_user_conversation_seeds.jsonl
I am fine.,मलाई सन्चै छ।,en-ne,informal,common_conversation,70,assistant_curated,training/data/train_user_conversation_seeds.jsonl
What is your name?,तपाईंको नाम के हो?,en-ne,formal,common_conversation,71,assistant_curated,training/data/train_user_conversation_seeds.jsonl
What is your name?,तिम्रो नाम के हो?,en-ne,informal,common_conversation,72,assistant_curated,training/data/train_user_conversation_seeds.jsonl
My name is Ram.,मेरो नाम राम हो।,en-ne,formal,common_conversation,73,assistant_curated,training/data/train_user_conversation_seeds.jsonl
My name is Ram.,मेरो नाम राम हो।,en-ne,informal,common_conversation,74,assistant_curated,training/data/train_user_conversation_seeds.jsonl
Where are you from?,तपाईं कहाँबाट आउनुभएको हो?,en-ne,formal,common_conversation,75,assistant_curated,training/data/train_user_conversation_seeds.jsonl
Where are you from?,तिमी कहाँबाट आएको?,en-ne,informal,common_conversation,76,assistant_curated,training/data/train_user_conversation_seeds.jsonl
I am from Nepal.,म नेपालबाट आएको हुँ।,en-ne,formal,common_conversation,77,assistant_curated,training/data/train_user_conversation_seeds.jsonl
I am from Nepal.,म नेपालबाट आएको हुँ।,en-ne,informal,common_conversation,78,assistant_curated,training/data/train_user_conversation_seeds.jsonl
Do you speak English?,के तपाईं अङ्ग्रेजी बोल्नुहुन्छ?,en-ne,formal,common_conversation,79,assistant_curated,training/data/train_user_conversation_seeds.jsonl
Do you speak English?,के तिमी अङ्ग्रेजी बोल्छौ?,en-ne,informal,common_conversation,80,assistant_curated,training/data/train_user_conversation_seeds.jsonl
I speak a little Nepali.,म अलिकति नेपाली बोल्छु।,en-ne,formal,common_conversation,81,assistant_curated,training/data/train_user_conversation_seeds.jsonl
I speak a little Nepali.,म अलिकति नेपाली बोल्छु।,en-ne,informal,common_conversation,82,assistant_curated,training/data/train_user_conversation_seeds.jsonl
I do not understand.,मैले बुझिनँ।,en-ne,formal,common_conversation,83,assistant_curated,training/data/train_user_conversation_seeds.jsonl
I do not understand.,मैले बुझिनँ।,en-ne,informal,common_conversation,84,assistant_curated,training/data/train_user_conversation_seeds.jsonl
Please speak slowly.,कृपया बिस्तारै बोल्नुहोस्।,en-ne,formal,common_conversation,85,assistant_curated,training/data/train_user_conversation_seeds.jsonl
Please speak slowly.,बिस्तारै बोल न।,en-ne,informal,common_conversation,86,assistant_curated,training/data/train_user_conversation_seeds.jsonl
Please say that again.,कृपया फेरि भन्नुहोस्।,en-ne,formal,common_conversation,87,assistant_curated,training/data/train_user_conversation_seeds.jsonl
Please say that again.,फेरि भन न।,en-ne,informal,common_conversation,88,assistant_curated,training/data/train_user_conversation_seeds.jsonl
What does this mean?,यसको अर्थ के हो?,en-ne,formal,common_conversation,89,assistant_curated,training/data/train_user_conversation_seeds.jsonl
What does this mean?,यसको अर्थ के हो?,en-ne,informal,common_conversation,90,assistant_curated,training/data/train_user_conversation_seeds.jsonl
Can you help me?,के तपाईं मलाई मद्दत गर्न सक्नुहुन्छ?,en-ne,formal,common_conversation,91,assistant_curated,training/data/train_user_conversation_seeds.jsonl
Can you help me?,के तिमी मलाई मद्दत गर्न सक्छौ?,en-ne,informal,common_conversation,92,assistant_curated,training/data/train_user_conversation_seeds.jsonl
I need help.,मलाई मद्दत चाहिन्छ।,en-ne,formal,common_conversation,93,assistant_curated,training/data/train_user_conversation_seeds.jsonl
I need help.,मलाई मद्दत चाहिन्छ।,en-ne,informal,common_conversation,94,assistant_curated,training/data/train_user_conversation_seeds.jsonl
Where is the hospital?,अस्पताल कहाँ छ?,en-ne,formal,common_conversation,95,assistant_curated,training/data/train_user_conversation_seeds.jsonl
Where is the hospital?,अस्पताल कहाँ छ?,en-ne,informal,common_conversation,96,assistant_curated,training/data/train_user_conversation_seeds.jsonl
Call an ambulance.,एम्बुलेन्स बोलाउनुहोस्।,en-ne,formal,common_conversation,97,assistant_curated,training/data/train_user_conversation_seeds.jsonl
Call an ambulance.,एम्बुलेन्स बोलाऊ।,en-ne,informal,common_conversation,98,assistant_curated,training/data/train_user_conversation_seeds.jsonl
Call the police.,प्रहरीलाई बोलाउनुहोस्।,en-ne,formal,common_conversation,99,assistant_curated,training/data/train_user_conversation_seeds.jsonl
Call the police.,प्रहरीलाई बोलाऊ।,en-ne,informal,common_conversation,100,assistant_curated,training/data/train_user_conversation_seeds.jsonl
This is an emergency.,यो आपत्कालीन अवस्था हो।,en-ne,formal,common_conversation,101,assistant_curated,training/data/train_user_conversation_seeds.jsonl
This is an emergency.,यो आपत्कालीन अवस्था हो।,en-ne,informal,common_conversation,102,assistant_curated,training/data/train_user_conversation_seeds.jsonl
I am lost.,म बाटो बिराएँ।,en-ne,formal,common_conversation,103,assistant_curated,training/data/train_user_conversation_seeds.jsonl
I am lost.,म बाटो बिराएँ।,en-ne,informal,common_conversation,104,assistant_curated,training/data/train_user_conversation_seeds.jsonl
Where is the bus station?,बसपार्क कहाँ छ?,en-ne,formal,common_conversation,105,assistant_curated,training/data/train_user_conversation_seeds.jsonl
Where is the bus station?,बसपार्क कहाँ छ?,en-ne,informal,common_conversation,106,assistant_curated,training/data/train_user_conversation_seeds.jsonl
Where is the toilet?,शौचालय कहाँ छ?,en-ne,formal,common_conversation,107,assistant_curated,training/data/train_user_conversation_seeds.jsonl
Where is the toilet?,शौचालय कहाँ छ?,en-ne,informal,common_conversation,108,assistant_curated,training/data/train_user_conversation_seeds.jsonl
How far is it?,यो कति टाढा छ?,en-ne,formal,common_conversation,109,assistant_curated,training/data/train_user_conversation_seeds.jsonl
How far is it?,यो कति टाढा छ?,en-ne,informal,common_conversation,110,assistant_curated,training/data/train_user_conversation_seeds.jsonl
Please show me on the map.,कृपया मलाई नक्सामा देखाउनुहोस्।,en-ne,formal,common_conversation,111,assistant_curated,training/data/train_user_conversation_seeds.jsonl
Please show me on the map.,मलाई नक्सामा देखाऊ न।,en-ne,informal,common_conversation,112,assistant_curated,training/data/train_user_conversation_seeds.jsonl
Turn left.,बायाँ मोड्नुहोस्।,en-ne,formal,common_conversation,113,assistant_curated,training/data/train_user_conversation_seeds.jsonl
Turn left.,बायाँ मोड।,en-ne,informal,common_conversation,114,assistant_curated,training/data/train_user_conversation_seeds.jsonl
Turn right.,दायाँ मोड्नुहोस्।,en-ne,formal,common_conversation,115,assistant_curated,training/data/train_user_conversation_seeds.jsonl
Turn right.,दायाँ मोड।,en-ne,informal,common_conversation,116,assistant_curated,training/data/train_user_conversation_seeds.jsonl
Go straight.,सिधा जानुहोस्।,en-ne,formal,common_conversation,117,assistant_curated,training/data/train_user_conversation_seeds.jsonl
Go straight.,सिधा जाऊ।,en-ne,informal,common_conversation,118,assistant_curated,training/data/train_user_conversation_seeds.jsonl
Please stop here.,कृपया यहाँ रोक्नुहोस्।,en-ne,formal,common_conversation,119,assistant_curated,training/data/train_user_conversation_seeds.jsonl
Please stop here.,यहाँ रोक न।,en-ne,informal,common_conversation,120,assistant_curated,training/data/train_user_conversation_seeds.jsonl
How much does this cost?,यसको मूल्य कति हो?,en-ne,formal,common_conversation,121,assistant_curated,training/data/train_user_conversation_seeds.jsonl
How much does this cost?,यो कति पर्छ?,en-ne,informal,common_conversation,122,assistant_curated,training/data/train_user_conversation_seeds.jsonl
That is too expensive.,त्यो धेरै महँगो छ।,en-ne,formal,common_conversation,123,assistant_curated,training/data/train_user_conversation_seeds.jsonl
That is too expensive.,त्यो धेरै महँगो छ।,en-ne,informal,common_conversation,124,assistant_curated,training/data/train_user_conversation_seeds.jsonl
Do you have a smaller size?,के तपाईंसँग योभन्दा सानो आकार छ?,en-ne,formal,common_conversation,125,assistant_curated,training/data/train_user_conversation_seeds.jsonl
Do you have a smaller size?,के तिमीसँग योभन्दा सानो साइज छ?,en-ne,informal,common_conversation,126,assistant_curated,training/data/train_user_conversation_seeds.jsonl
I would like this.,मलाई यो चाहिन्छ।,en-ne,formal,common_conversation,127,assistant_curated,training/data/train_user_conversation_seeds.jsonl
I would like this.,मलाई यो चाहिन्छ।,en-ne,informal,common_conversation,128,assistant_curated,training/data/train_user_conversation_seeds.jsonl
I do not want this.,मलाई यो चाहिँदैन।,en-ne,formal,common_conversation,129,assistant_curated,training/data/train_user_conversation_seeds.jsonl
I do not want this.,मलाई यो चाहिँदैन।,en-ne,informal,common_conversation,130,assistant_curated,training/data/train_user_conversation_seeds.jsonl
Can I pay by card?,के म कार्डबाट भुक्तानी गर्न सक्छु?,en-ne,formal,common_conversation,131,assistant_curated,training/data/train_user_conversation_seeds.jsonl
Can I pay by card?,के म कार्डले तिर्न सक्छु?,en-ne,informal,common_conversation,132,assistant_curated,training/data/train_user_conversation_seeds.jsonl
Please give me a receipt.,कृपया मलाई रसिद दिनुहोस्।,en-ne,formal,common_conversation,133,assistant_curated,training/data/train_user_conversation_seeds.jsonl
Please give me a receipt.,मलाई रसिद देऊ न।,en-ne,informal,common_conversation,134,assistant_curated,training/data/train_user_conversation_seeds.jsonl
I am hungry.,मलाई भोक लागेको छ।,en-ne,formal,common_conversation,135,assistant_curated,training/data/train_user_conversation_seeds.jsonl
I am hungry.,मलाई भोक लागेको छ।,en-ne,informal,common_conversation,136,assistant_curated,training/data/train_user_conversation_seeds.jsonl
I am thirsty.,मलाई तिर्खा लागेको छ।,en-ne,formal,common_conversation,137,assistant_curated,training/data/train_user_conversation_seeds.jsonl
I am thirsty.,मलाई तिर्खा लागेको छ।,en-ne,informal,common_conversation,138,assistant_curated,training/data/train_user_conversation_seeds.jsonl
I do not eat meat.,म मासु खाँदिनँ।,en-ne,formal,common_conversation,139,assistant_curated,training/data/train_user_conversation_seeds.jsonl
I do not eat meat.,म मासु खाँदिनँ।,en-ne,informal,common_conversation,140,assistant_curated,training/data/train_user_conversation_seeds.jsonl
Is this vegetarian?,के यो शाकाहारी हो?,en-ne,formal,common_conversation,141,assistant_curated,training/data/train_user_conversation_seeds.jsonl
Is this vegetarian?,यो शाकाहारी हो?,en-ne,informal,common_conversation,142,assistant_curated,training/data/train_user_conversation_seeds.jsonl
Please give me water.,कृपया मलाई पानी दिनुहोस्।,en-ne,formal,common_conversation,143,assistant_curated,training/data/train_user_conversation_seeds.jsonl
Please give me water.,मलाई पानी देऊ न।,en-ne,informal,common_conversation,144,assistant_curated,training/data/train_user_conversation_seeds.jsonl
The food is delicious.,खाना स्वादिष्ट छ।,en-ne,formal,common_conversation,145,assistant_curated,training/data/train_user_conversation_seeds.jsonl
The food is delicious.,खाना मिठो छ।,en-ne,informal,common_conversation,146,assistant_curated,training/data/train_user_conversation_seeds.jsonl
I have an allergy.,मलाई एलर्जी छ।,en-ne,formal,common_conversation,147,assistant_curated,training/data/train_user_conversation_seeds.jsonl
I have an allergy.,मलाई एलर्जी छ।,en-ne,informal,common_conversation,148,assistant_curated,training/data/train_user_conversation_seeds.jsonl
I am sick.,म बिरामी छु।,en-ne,formal,common_conversation,149,assistant_curated,training/data/train_user_conversation_seeds.jsonl
I am sick.,म बिरामी छु।,en-ne,informal,common_conversation,150,assistant_curated,training/data/train_user_conversation_seeds.jsonl
I have a fever.,मलाई ज्वरो आएको छ।,en-ne,formal,common_conversation,151,assistant_curated,training/data/train_user_conversation_seeds.jsonl
I have a fever.,मलाई ज्वरो आएको छ।,en-ne,informal,common_conversation,152,assistant_curated,training/data/train_user_conversation_seeds.jsonl
My head hurts.,मेरो टाउको दुखेको छ।,en-ne,formal,common_conversation,153,assistant_curated,training/data/train_user_conversation_seeds.jsonl
My head hurts.,मेरो टाउको दुखेको छ।,en-ne,informal,common_conversation,154,assistant_curated,training/data/train_user_conversation_seeds.jsonl
Where does it hurt?,तपाईंलाई कहाँ दुखेको छ?,en-ne,formal,common_conversation,155,assistant_curated,training/data/train_user_conversation_seeds.jsonl
Where does it hurt?,तिमीलाई कहाँ दुखेको छ?,en-ne,informal,common_conversation,156,assistant_curated,training/data/train_user_conversation_seeds.jsonl
Please wait.,कृपया पर्खनुहोस्।,en-ne,formal,common_conversation,157,assistant_curated,training/data/train_user_conversation_seeds.jsonl
Please wait.,पर्ख न।,en-ne,informal,common_conversation,158,assistant_curated,training/data/train_user_conversation_seeds.jsonl
Please come with me.,कृपया मसँग आउनुहोस्।,en-ne,formal,common_conversation,159,assistant_curated,training/data/train_user_conversation_seeds.jsonl
Please come with me.,मसँग आऊ न।,en-ne,informal,common_conversation,160,assistant_curated,training/data/train_user_conversation_seeds.jsonl
Please sit down.,कृपया बस्नुहोस्।,en-ne,formal,common_conversation,161,assistant_curated,training/data/train_user_conversation_seeds.jsonl
Please sit down.,बस न।,en-ne,informal,common_conversation,162,assistant_curated,training/data/train_user_conversation_seeds.jsonl
Please stand here.,कृपया यहाँ उभिनुहोस्।,en-ne,formal,common_conversation,163,assistant_curated,training/data/train_user_conversation_seeds.jsonl
Please stand here.,यहाँ उभिऊ न।,en-ne,informal,common_conversation,164,assistant_curated,training/data/train_user_conversation_seeds.jsonl
What time is it?,अहिले कति बज्यो?,en-ne,formal,common_conversation,165,assistant_curated,training/data/train_user_conversation_seeds.jsonl
What time is it?,अहिले कति बज्यो?,en-ne,informal,common_conversation,166,assistant_curated,training/data/train_user_conversation_seeds.jsonl
When will it arrive?,यो कहिले आइपुग्छ?,en-ne,formal,common_conversation,167,assistant_curated,training/data/train_user_conversation_seeds.jsonl
When will it arrive?,यो कहिले आइपुग्छ?,en-ne,informal,common_conversation,168,assistant_curated,training/data/train_user_conversation_seeds.jsonl
I will come tomorrow.,म भोलि आउनेछु।,en-ne,formal,common_conversation,169,assistant_curated,training/data/train_user_conversation_seeds.jsonl
I will come tomorrow.,म भोलि आउँछु।,en-ne,informal,common_conversation,170,assistant_curated,training/data/train_user_conversation_seeds.jsonl
I came yesterday.,म हिजो आएको थिएँ।,en-ne,formal,common_conversation,171,assistant_curated,training/data/train_user_conversation_seeds.jsonl
I came yesterday.,म हिजो आएको थिएँ।,en-ne,informal,common_conversation,172,assistant_curated,training/data/train_user_conversation_seeds.jsonl
Where do you live?,तपाईं कहाँ बस्नुहुन्छ?,en-ne,formal,common_conversation,173,assistant_curated,training/data/train_user_conversation_seeds.jsonl
Where do you live?,तिमी कहाँ बस्छौ?,en-ne,informal,common_conversation,174,assistant_curated,training/data/train_user_conversation_seeds.jsonl
I live in Kathmandu.,म काठमाडौंमा बस्छु।,en-ne,formal,common_conversation,175,assistant_curated,training/data/train_user_conversation_seeds.jsonl
I live in Kathmandu.,म काठमाडौंमा बस्छु।,en-ne,informal,common_conversation,176,assistant_curated,training/data/train_user_conversation_seeds.jsonl
Please call me.,कृपया मलाई फोन गर्नुहोस्।,en-ne,formal,common_conversation,177,assistant_curated,training/data/train_user_conversation_seeds.jsonl
Please call me.,मलाई फोन गर न।,en-ne,informal,common_conversation,178,assistant_curated,training/data/train_user_conversation_seeds.jsonl
Send me a message.,कृपया मलाई सन्देश पठाउनुहोस्।,en-ne,formal,common_conversation,179,assistant_curated,training/data/train_user_conversation_seeds.jsonl
Send me a message.,मलाई सन्देश पठाऊ न।,en-ne,informal,common_conversation,180,assistant_curated,training/data/train_user_conversation_seeds.jsonl
The network is not working.,नेटवर्कले काम गरिरहेको छैन।,en-ne,formal,common_conversation,181,assistant_curated,training/data/train_user_conversation_seeds.jsonl
The network is not working.,नेटवर्क चलेको छैन।,en-ne,informal,common_conversation,182,assistant_curated,training/data/train_user_conversation_seeds.jsonl
My phone has no battery.,मेरो फोनको ब्याट्री सकिएको छ।,en-ne,formal,common_conversation,183,assistant_curated,training/data/train_user_conversation_seeds.jsonl
My phone has no battery.,मेरो फोनको ब्याट्री सकियो।,en-ne,informal,common_conversation,184,assistant_curated,training/data/train_user_conversation_seeds.jsonl
Please pass the phone.,कृपया फोन अर्को व्यक्तिलाई दिनुहोस्।,en-ne,formal,common_conversation,185,assistant_curated,training/data/train_user_conversation_seeds.jsonl
Please pass the phone.,फोन अर्कोलाई देऊ न।,en-ne,informal,common_conversation,186,assistant_curated,training/data/train_user_conversation_seeds.jsonl
I have finished speaking.,मैले बोलिसकेँ।,en-ne,formal,common_conversation,187,assistant_curated,training/data/train_user_conversation_seeds.jsonl
I have finished speaking.,मैले बोलिसकेँ।,en-ne,informal,common_conversation,188,assistant_curated,training/data/train_user_conversation_seeds.jsonl
Please try again.,कृपया फेरि प्रयास गर्नुहोस्।,en-ne,formal,common_conversation,189,assistant_curated,training/data/train_user_conversation_seeds.jsonl
Please try again.,फेरि प्रयास गर।,en-ne,informal,common_conversation,190,assistant_curated,training/data/train_user_conversation_seeds.jsonl
The translation is loading.,अनुवाद तयार हुँदैछ।,en-ne,formal,common_conversation,191,assistant_curated,training/data/train_user_conversation_seeds.jsonl
The translation is loading.,अनुवाद लोड हुँदैछ।,en-ne,informal,common_conversation,192,assistant_curated,training/data/train_user_conversation_seeds.jsonl
Please check the translation.,कृपया अनुवाद जाँच गर्नुहोस्।,en-ne,formal,common_conversation,193,assistant_curated,training/data/train_user_conversation_seeds.jsonl
Please check the translation.,अनुवाद जाँच गर।,en-ne,informal,common_conversation,194,assistant_curated,training/data/train_user_conversation_seeds.jsonl
That translation is wrong.,त्यो अनुवाद गलत छ।,en-ne,formal,common_conversation,195,assistant_curated,training/data/train_user_conversation_seeds.jsonl
That translation is wrong.,त्यो अनुवाद गलत छ।,en-ne,informal,common_conversation,196,assistant_curated,training/data/train_user_conversation_seeds.jsonl
That translation is correct.,त्यो अनुवाद सही छ।,en-ne,formal,common_conversation,197,assistant_curated,training/data/train_user_conversation_seeds.jsonl
That translation is correct.,त्यो अनुवाद सही छ।,en-ne,informal,common_conversation,198,assistant_curated,training/data/train_user_conversation_seeds.jsonl
Please use formal language.,कृपया औपचारिक भाषा प्रयोग गर्नुहोस्।,en-ne,formal,common_conversation,199,assistant_curated,training/data/train_user_conversation_seeds.jsonl
Please use formal language.,औपचारिक भाषा प्रयोग गर।,en-ne,informal,common_conversation,200,assistant_curated,training/data/train_user_conversation_seeds.jsonl
